Seq,Host,Starttime,JobRuntime,Send,Receive,Exitval,Signal,Command,V1,Stdout,Stderr
67,:,1737406694.000,0.000,0,88,0,0,"schlandals --timeout 600 -i /data/schlandals/pwmc_benchmarks/instances/bayesian_networks/pcnf/munin/67.cnf compile | tr '\n' ' '",/data/schlandals/pwmc_benchmarks/instances/bayesian_networks/pcnf/munin/67.cnf,"Final circuit size: 461 Estimated probability 0.08762223 (epsilon 0) found in 0 seconds ",
73,:,1737406694.000,0.000,0,88,0,0,"schlandals --timeout 600 -i /data/schlandals/pwmc_benchmarks/instances/bayesian_networks/pcnf/munin/73.cnf compile | tr '\n' ' '",/data/schlandals/pwmc_benchmarks/instances/bayesian_networks/pcnf/munin/73.cnf,"Final circuit size: 158 Estimated probability 0.00029877 (epsilon 0) found in 0 seconds ",
72,:,1737406694.000,0.000,0,88,0,0,"schlandals --timeout 600 -i /data/schlandals/pwmc_benchmarks/instances/bayesian_networks/pcnf/munin/72.cnf compile | tr '\n' ' '",/data/schlandals/pwmc_benchmarks/instances/bayesian_networks/pcnf/munin/72.cnf,"Final circuit size: 200 Estimated probability 0.00033388 (epsilon 0) found in 0 seconds ",
76,:,1737406694.000,0.000,0,87,0,0,"schlandals --timeout 600 -i /data/schlandals/pwmc_benchmarks/instances/bayesian_networks/pcnf/munin/76.cnf compile | tr '\n' ' '",/data/schlandals/pwmc_benchmarks/instances/bayesian_networks/pcnf/munin/76.cnf,"Final circuit size: 75 Estimated probability 0.00003056 (epsilon 0) found in 0 seconds ",
69,:,1737406694.000,0.000,0,88,0,0,"schlandals --timeout 600 -i /data/schlandals/pwmc_benchmarks/instances/bayesian_networks/pcnf/munin/69.cnf compile | tr '\n' ' '",/data/schlandals/pwmc_benchmarks/instances/bayesian_networks/pcnf/munin/69.cnf,"Final circuit size: 461 Estimated probability 0.42242241 (epsilon 0) found in 0 seconds ",
75,:,1737406694.000,0.000,0,88,0,0,"schlandals --timeout 600 -i /data/schlandals/pwmc_benchmarks/instances/bayesian_networks/pcnf/munin/75.cnf compile | tr '\n' ' '",/data/schlandals/pwmc_benchmarks/instances/bayesian_networks/pcnf/munin/75.cnf,"Final circuit size: 158 Estimated probability 0.00001553 (epsilon 0) found in 0 seconds ",
68,:,1737406694.000,0.000,0,88,0,0,"schlandals --timeout 600 -i /data/schlandals/pwmc_benchmarks/instances/bayesian_networks/pcnf/munin/68.cnf compile | tr '\n' ' '",/data/schlandals/pwmc_benchmarks/instances/bayesian_networks/pcnf/munin/68.cnf,"Final circuit size: 461 Estimated probability 0.41793219 (epsilon 0) found in 0 seconds ",
70,:,1737406694.000,0.000,0,88,0,0,"schlandals --timeout 600 -i /data/schlandals/pwmc_benchmarks/instances/bayesian_networks/pcnf/munin/70.cnf compile | tr '\n' ' '",/data/schlandals/pwmc_benchmarks/instances/bayesian_networks/pcnf/munin/70.cnf,"Final circuit size: 461 Estimated probability 0.07029657 (epsilon 0) found in 0 seconds ",
74,:,1737406694.000,0.000,0,88,0,0,"schlandals --timeout 600 -i /data/schlandals/pwmc_benchmarks/instances/bayesian_networks/pcnf/munin/74.cnf compile | tr '\n' ' '",/data/schlandals/pwmc_benchmarks/instances/bayesian_networks/pcnf/munin/74.cnf,"Final circuit size: 158 Estimated probability 0.00006160 (epsilon 0) found in 0 seconds ",
71,:,1737406694.000,0.000,0,88,0,0,"schlandals --timeout 600 -i /data/schlandals/pwmc_benchmarks/instances/bayesian_networks/pcnf/munin/71.cnf compile | tr '\n' ' '",/data/schlandals/pwmc_benchmarks/instances/bayesian_networks/pcnf/munin/71.cnf,"Final circuit size: 449 Estimated probability 0.00093636 (epsilon 0) found in 0 seconds ",
77,:,1737406694.000,0.000,0,87,0,0,"schlandals --timeout 600 -i /data/schlandals/pwmc_benchmarks/instances/bayesian_networks/pcnf/munin/77.cnf compile | tr '\n' ' '",/data/schlandals/pwmc_benchmarks/instances/bayesian_networks/pcnf/munin/77.cnf,"Final circuit size: 75 Estimated probability 0.00003072 (epsilon 0) found in 0 seconds ",
78,:,1737406694.000,0.000,0,87,0,0,"schlandals --timeout 600 -i /data/schlandals/pwmc_benchmarks/instances/bayesian_networks/pcnf/munin/78.cnf compile | tr '\n' ' '",/data/schlandals/pwmc_benchmarks/instances/bayesian_networks/pcnf/munin/78.cnf,"Final circuit size: 67 Estimated probability 0.00001918 (epsilon 0) found in 0 seconds ",
9,:,1737406693.000,4.000,0,115,0,0,"schlandals --timeout 600 -i /data/schlandals/pwmc_benchmarks/instances/bayesian_networks/pcnf/munin/9.cnf compile | tr '\n' ' '",/data/schlandals/pwmc_benchmarks/instances/bayesian_networks/pcnf/munin/9.cnf,"Final circuit size: 10719 Estimated probability 0.02381500 (epsilon 0.000000007429473036779655) found in 2 seconds ",
6,:,1737406693.000,4.000,0,116,0,0,"schlandals --timeout 600 -i /data/schlandals/pwmc_benchmarks/instances/bayesian_networks/pcnf/munin/6.cnf compile | tr '\n' ' '",/data/schlandals/pwmc_benchmarks/instances/bayesian_networks/pcnf/munin/6.cnf,"Final circuit size: 10849 Estimated probability 0.31840937 (epsilon 0.0000000005556775040105322) found in 2 seconds ",
3,:,1737406693.000,4.000,0,89,0,0,"schlandals --timeout 600 -i /data/schlandals/pwmc_benchmarks/instances/bayesian_networks/pcnf/munin/3.cnf compile | tr '\n' ' '",/data/schlandals/pwmc_benchmarks/instances/bayesian_networks/pcnf/munin/3.cnf,"Final circuit size: 9571 Estimated probability 0.00103195 (epsilon 0) found in 3 seconds ",
4,:,1737406693.000,5.000,0,115,0,0,"schlandals --timeout 600 -i /data/schlandals/pwmc_benchmarks/instances/bayesian_networks/pcnf/munin/4.cnf compile | tr '\n' ' '",/data/schlandals/pwmc_benchmarks/instances/bayesian_networks/pcnf/munin/4.cnf,"Final circuit size: 10574 Estimated probability 0.08404993 (epsilon 0.000000002076491867342156) found in 4 seconds ",
18,:,1737406693.000,5.000,0,114,0,0,"schlandals --timeout 600 -i /data/schlandals/pwmc_benchmarks/instances/bayesian_networks/pcnf/munin/18.cnf compile | tr '\n' ' '",/data/schlandals/pwmc_benchmarks/instances/bayesian_networks/pcnf/munin/18.cnf,"Final circuit size: 15077 Estimated probability 0.00125371 (epsilon 0.00000003454801733582258) found in 4 seconds ",
28,:,1737406693.000,6.000,0,116,0,0,"schlandals --timeout 600 -i /data/schlandals/pwmc_benchmarks/instances/bayesian_networks/pcnf/munin/28.cnf compile | tr '\n' ' '",/data/schlandals/pwmc_benchmarks/instances/bayesian_networks/pcnf/munin/28.cnf,"Final circuit size: 15269 Estimated probability 0.23581937 (epsilon 0.0000000030287752306179527) found in 4 seconds ",
30,:,1737406693.000,6.000,0,115,0,0,"schlandals --timeout 600 -i /data/schlandals/pwmc_benchmarks/instances/bayesian_networks/pcnf/munin/30.cnf compile | tr '\n' ' '",/data/schlandals/pwmc_benchmarks/instances/bayesian_networks/pcnf/munin/30.cnf,"Final circuit size: 15124 Estimated probability 0.16615402 (epsilon 0.000000004298685185588624) found in 4 seconds ",
27,:,1737406693.000,6.000,0,115,0,0,"schlandals --timeout 600 -i /data/schlandals/pwmc_benchmarks/instances/bayesian_networks/pcnf/munin/27.cnf compile | tr '\n' ' '",/data/schlandals/pwmc_benchmarks/instances/bayesian_networks/pcnf/munin/27.cnf,"Final circuit size: 15266 Estimated probability 0.13037389 (epsilon 0.000000005478427489435944) found in 4 seconds ",
24,:,1737406693.000,6.000,0,114,0,0,"schlandals --timeout 600 -i /data/schlandals/pwmc_benchmarks/instances/bayesian_networks/pcnf/munin/24.cnf compile | tr '\n' ' '",/data/schlandals/pwmc_benchmarks/instances/bayesian_networks/pcnf/munin/24.cnf,"Final circuit size: 15162 Estimated probability 0.00828520 (epsilon 0.00000008808157669903949) found in 4 seconds ",
7,:,1737406693.000,6.000,0,116,0,0,"schlandals --timeout 600 -i /data/schlandals/pwmc_benchmarks/instances/bayesian_networks/pcnf/munin/7.cnf compile | tr '\n' ' '",/data/schlandals/pwmc_benchmarks/instances/bayesian_networks/pcnf/munin/7.cnf,"Final circuit size: 10832 Estimated probability 0.10716503 (epsilon 0.0000000016510324218899086) found in 4 seconds ",
5,:,1737406693.000,6.000,0,117,0,0,"schlandals --timeout 600 -i /data/schlandals/pwmc_benchmarks/instances/bayesian_networks/pcnf/munin/5.cnf compile | tr '\n' ' '",/data/schlandals/pwmc_benchmarks/instances/bayesian_networks/pcnf/munin/5.cnf,"Final circuit size: 10566 Estimated probability 0.38245172 (epsilon 0.00000000046262815800446333) found in 4 seconds ",
8,:,1737406693.000,6.000,0,115,0,0,"schlandals --timeout 600 -i /data/schlandals/pwmc_benchmarks/instances/bayesian_networks/pcnf/munin/8.cnf compile | tr '\n' ' '",/data/schlandals/pwmc_benchmarks/instances/bayesian_networks/pcnf/munin/8.cnf,"Final circuit size: 10863 Estimated probability 0.03945769 (epsilon 0.000000004484117077652172) found in 4 seconds ",
11,:,1737406693.000,6.000,0,115,0,0,"schlandals --timeout 600 -i /data/schlandals/pwmc_benchmarks/instances/bayesian_networks/pcnf/munin/11.cnf compile | tr '\n' ' '",/data/schlandals/pwmc_benchmarks/instances/bayesian_networks/pcnf/munin/11.cnf,"Final circuit size: 10637 Estimated probability 0.01513615 (epsilon 0.000000011689426759886601) found in 4 seconds ",
12,:,1737406693.000,6.000,0,116,0,0,"schlandals --timeout 600 -i /data/schlandals/pwmc_benchmarks/instances/bayesian_networks/pcnf/munin/12.cnf compile | tr '\n' ' '",/data/schlandals/pwmc_benchmarks/instances/bayesian_networks/pcnf/munin/12.cnf,"Final circuit size: 10179 Estimated probability 0.00983748 (epsilon 0.0000000003782321122969279) found in 5 seconds ",
10,:,1737406693.000,7.000,0,115,0,0,"schlandals --timeout 600 -i /data/schlandals/pwmc_benchmarks/instances/bayesian_networks/pcnf/munin/10.cnf compile | tr '\n' ' '",/data/schlandals/pwmc_benchmarks/instances/bayesian_networks/pcnf/munin/10.cnf,"Final circuit size: 10721 Estimated probability 0.01854325 (epsilon 0.000000009541633483323153) found in 5 seconds ",
21,:,1737406693.000,9.000,0,114,0,0,"schlandals --timeout 600 -i /data/schlandals/pwmc_benchmarks/instances/bayesian_networks/pcnf/munin/21.cnf compile | tr '\n' ' '",/data/schlandals/pwmc_benchmarks/instances/bayesian_networks/pcnf/munin/21.cnf,"Final circuit size: 15213 Estimated probability 0.00154972 (epsilon 0.00000010196431077247325) found in 7 seconds ",
31,:,1737406693.000,9.000,0,115,0,0,"schlandals --timeout 600 -i /data/schlandals/pwmc_benchmarks/instances/bayesian_networks/pcnf/munin/31.cnf compile | tr '\n' ' '",/data/schlandals/pwmc_benchmarks/instances/bayesian_networks/pcnf/munin/31.cnf,"Final circuit size: 15339 Estimated probability 0.06830679 (epsilon 0.000000010456410848291853) found in 7 seconds ",
25,:,1737406693.000,9.000,0,115,0,0,"schlandals --timeout 600 -i /data/schlandals/pwmc_benchmarks/instances/bayesian_networks/pcnf/munin/25.cnf compile | tr '\n' ' '",/data/schlandals/pwmc_benchmarks/instances/bayesian_networks/pcnf/munin/25.cnf,"Final circuit size: 15416 Estimated probability 0.01946047 (epsilon 0.000000037500318850192116) found in 7 seconds ",
23,:,1737406693.000,10.000,0,114,0,0,"schlandals --timeout 600 -i /data/schlandals/pwmc_benchmarks/instances/bayesian_networks/pcnf/munin/23.cnf compile | tr '\n' ' '",/data/schlandals/pwmc_benchmarks/instances/bayesian_networks/pcnf/munin/23.cnf,"Final circuit size: 14952 Estimated probability 0.00447953 (epsilon 0.00000016291310100946532) found in 7 seconds ",
20,:,1737406693.000,10.000,0,114,0,0,"schlandals --timeout 600 -i /data/schlandals/pwmc_benchmarks/instances/bayesian_networks/pcnf/munin/20.cnf compile | tr '\n' ' '",/data/schlandals/pwmc_benchmarks/instances/bayesian_networks/pcnf/munin/20.cnf,"Final circuit size: 15151 Estimated probability 0.00141322 (epsilon 0.00000003064845865985433) found in 7 seconds ",
19,:,1737406693.000,10.000,0,114,0,0,"schlandals --timeout 600 -i /data/schlandals/pwmc_benchmarks/instances/bayesian_networks/pcnf/munin/19.cnf compile | tr '\n' ' '",/data/schlandals/pwmc_benchmarks/instances/bayesian_networks/pcnf/munin/19.cnf,"Final circuit size: 15157 Estimated probability 0.00114808 (epsilon 0.00000003772666201662389) found in 7 seconds ",
22,:,1737406693.000,10.000,0,113,0,0,"schlandals --timeout 600 -i /data/schlandals/pwmc_benchmarks/instances/bayesian_networks/pcnf/munin/22.cnf compile | tr '\n' ' '",/data/schlandals/pwmc_benchmarks/instances/bayesian_networks/pcnf/munin/22.cnf,"Final circuit size: 15185 Estimated probability 0.00226417 (epsilon 0.0000000655200906862774) found in 7 seconds ",
26,:,1737406693.000,10.000,0,114,0,0,"schlandals --timeout 600 -i /data/schlandals/pwmc_benchmarks/instances/bayesian_networks/pcnf/munin/26.cnf compile | tr '\n' ' '",/data/schlandals/pwmc_benchmarks/instances/bayesian_networks/pcnf/munin/26.cnf,"Final circuit size: 15421 Estimated probability 0.04463379 (epsilon 0.00000001635025270729784) found in 7 seconds ",
29,:,1737406693.000,10.000,0,115,0,0,"schlandals --timeout 600 -i /data/schlandals/pwmc_benchmarks/instances/bayesian_networks/pcnf/munin/29.cnf compile | tr '\n' ' '",/data/schlandals/pwmc_benchmarks/instances/bayesian_networks/pcnf/munin/29.cnf,"Final circuit size: 15289 Estimated probability 0.28201043 (epsilon 0.000000002532686060874312) found in 7 seconds ",
32,:,1737406693.000,10.000,0,115,0,0,"schlandals --timeout 600 -i /data/schlandals/pwmc_benchmarks/instances/bayesian_networks/pcnf/munin/32.cnf compile | tr '\n' ' '",/data/schlandals/pwmc_benchmarks/instances/bayesian_networks/pcnf/munin/32.cnf,"Final circuit size: 15233 Estimated probability 0.02186586 (epsilon 0.000000027419041703780067) found in 8 seconds ",
84,:,1737406694.000,13.000,0,114,0,0,"schlandals --timeout 600 -i /data/schlandals/pwmc_benchmarks/instances/bayesian_networks/pcnf/munin/84.cnf compile | tr '\n' ' '",/data/schlandals/pwmc_benchmarks/instances/bayesian_networks/pcnf/munin/84.cnf,"Final circuit size: 32656 Estimated probability 0.00132029 (epsilon 0.0000000140464839759602) found in 11 seconds ",
92,:,1737406694.000,13.000,0,118,0,0,"schlandals --timeout 600 -i /data/schlandals/pwmc_benchmarks/instances/bayesian_networks/pcnf/munin/92.cnf compile | tr '\n' ' '",/data/schlandals/pwmc_benchmarks/instances/bayesian_networks/pcnf/munin/92.cnf,"Final circuit size: 33065 Estimated probability 0.15515058 (epsilon 0.00000000036047098639357955) found in 11 seconds ",
91,:,1737406694.000,15.000,0,116,0,0,"schlandals --timeout 600 -i /data/schlandals/pwmc_benchmarks/instances/bayesian_networks/pcnf/munin/91.cnf compile | tr '\n' ' '",/data/schlandals/pwmc_benchmarks/instances/bayesian_networks/pcnf/munin/91.cnf,"Final circuit size: 33046 Estimated probability 0.05629872 (epsilon 0.000000000993403803661863) found in 13 seconds ",
86,:,1737406694.000,15.000,0,116,0,0,"schlandals --timeout 600 -i /data/schlandals/pwmc_benchmarks/instances/bayesian_networks/pcnf/munin/86.cnf compile | tr '\n' ' '",/data/schlandals/pwmc_benchmarks/instances/bayesian_networks/pcnf/munin/86.cnf,"Final circuit size: 32976 Estimated probability 0.00259630 (epsilon 0.000000025874175024753754) found in 13 seconds ",
33,:,1737406693.000,16.000,0,116,0,0,"schlandals --timeout 600 -i /data/schlandals/pwmc_benchmarks/instances/bayesian_networks/pcnf/munin/33.cnf compile | tr '\n' ' '",/data/schlandals/pwmc_benchmarks/instances/bayesian_networks/pcnf/munin/33.cnf,"Final circuit size: 70628 Estimated probability 0.02033729 (epsilon 0.000000011053399751048687) found in 14 seconds ",
35,:,1737406693.000,17.000,0,115,0,0,"schlandals --timeout 600 -i /data/schlandals/pwmc_benchmarks/instances/bayesian_networks/pcnf/munin/35.cnf compile | tr '\n' ' '",/data/schlandals/pwmc_benchmarks/instances/bayesian_networks/pcnf/munin/35.cnf,"Final circuit size: 67789 Estimated probability 0.01192781 (epsilon 0.00000004376454110222028) found in 14 seconds ",
85,:,1737406694.000,17.000,0,115,0,0,"schlandals --timeout 600 -i /data/schlandals/pwmc_benchmarks/instances/bayesian_networks/pcnf/munin/85.cnf compile | tr '\n' ' '",/data/schlandals/pwmc_benchmarks/instances/bayesian_networks/pcnf/munin/85.cnf,"Final circuit size: 32989 Estimated probability 0.00166199 (epsilon 0.00000004041965850909435) found in 14 seconds ",
38,:,1737406693.000,18.000,0,114,0,0,"schlandals --timeout 600 -i /data/schlandals/pwmc_benchmarks/instances/bayesian_networks/pcnf/munin/38.cnf compile | tr '\n' ' '",/data/schlandals/pwmc_benchmarks/instances/bayesian_networks/pcnf/munin/38.cnf,"Final circuit size: 70668 Estimated probability 0.01430648 (epsilon 0.0000000562037578699659) found in 15 seconds ",
36,:,1737406693.000,19.000,0,115,0,0,"schlandals --timeout 600 -i /data/schlandals/pwmc_benchmarks/instances/bayesian_networks/pcnf/munin/36.cnf compile | tr '\n' ' '",/data/schlandals/pwmc_benchmarks/instances/bayesian_networks/pcnf/munin/36.cnf,"Final circuit size: 69354 Estimated probability 0.01255767 (epsilon 0.00000004156944521938044) found in 16 seconds ",
37,:,1737406693.000,20.000,0,114,0,0,"schlandals --timeout 600 -i /data/schlandals/pwmc_benchmarks/instances/bayesian_networks/pcnf/munin/37.cnf compile | tr '\n' ' '",/data/schlandals/pwmc_benchmarks/instances/bayesian_networks/pcnf/munin/37.cnf,"Final circuit size: 70005 Estimated probability 0.01350985 (epsilon 0.0000000386396048490667) found in 17 seconds ",
87,:,1737406694.000,19.000,0,116,0,0,"schlandals --timeout 600 -i /data/schlandals/pwmc_benchmarks/instances/bayesian_networks/pcnf/munin/87.cnf compile | tr '\n' ' '",/data/schlandals/pwmc_benchmarks/instances/bayesian_networks/pcnf/munin/87.cnf,"Final circuit size: 33093 Estimated probability 0.00445347 (epsilon 0.000000015084214544103247) found in 16 seconds ",
89,:,1737406694.000,19.000,0,116,0,0,"schlandals --timeout 600 -i /data/schlandals/pwmc_benchmarks/instances/bayesian_networks/pcnf/munin/89.cnf compile | tr '\n' ' '",/data/schlandals/pwmc_benchmarks/instances/bayesian_networks/pcnf/munin/89.cnf,"Final circuit size: 33219 Estimated probability 0.01168167 (epsilon 0.000000005750637965817873) found in 17 seconds ",
83,:,1737406694.000,20.000,0,116,0,0,"schlandals --timeout 600 -i /data/schlandals/pwmc_benchmarks/instances/bayesian_networks/pcnf/munin/83.cnf compile | tr '\n' ' '",/data/schlandals/pwmc_benchmarks/instances/bayesian_networks/pcnf/munin/83.cnf,"Final circuit size: 32864 Estimated probability 0.00136708 (epsilon 0.000000013565772283286037) found in 17 seconds ",
82,:,1737406694.000,20.000,0,115,0,0,"schlandals --timeout 600 -i /data/schlandals/pwmc_benchmarks/instances/bayesian_networks/pcnf/munin/82.cnf compile | tr '\n' ' '",/data/schlandals/pwmc_benchmarks/instances/bayesian_networks/pcnf/munin/82.cnf,"Final circuit size: 32634 Estimated probability 0.00119915 (epsilon 0.00000001546551664510787) found in 17 seconds ",
39,:,1737406693.000,21.000,0,116,0,0,"schlandals --timeout 600 -i /data/schlandals/pwmc_benchmarks/instances/bayesian_networks/pcnf/munin/39.cnf compile | tr '\n' ' '",/data/schlandals/pwmc_benchmarks/instances/bayesian_networks/pcnf/munin/39.cnf,"Final circuit size: 70392 Estimated probability 0.01691157 (epsilon 0.000000047546021786359915) found in 18 seconds ",
34,:,1737406693.000,21.000,0,116,0,0,"schlandals --timeout 600 -i /data/schlandals/pwmc_benchmarks/instances/bayesian_networks/pcnf/munin/34.cnf compile | tr '\n' ' '",/data/schlandals/pwmc_benchmarks/instances/bayesian_networks/pcnf/munin/34.cnf,"Final circuit size: 70140 Estimated probability 0.01354208 (epsilon 0.000000016599819074869515) found in 18 seconds ",
90,:,1737406694.000,20.000,0,117,0,0,"schlandals --timeout 600 -i /data/schlandals/pwmc_benchmarks/instances/bayesian_networks/pcnf/munin/90.cnf compile | tr '\n' ' '",/data/schlandals/pwmc_benchmarks/instances/bayesian_networks/pcnf/munin/90.cnf,"Final circuit size: 33071 Estimated probability 0.01907896 (epsilon 0.0000000029313635963035267) found in 17 seconds ",
88,:,1737406694.000,20.000,0,116,0,0,"schlandals --timeout 600 -i /data/schlandals/pwmc_benchmarks/instances/bayesian_networks/pcnf/munin/88.cnf compile | tr '\n' ' '",/data/schlandals/pwmc_benchmarks/instances/bayesian_networks/pcnf/munin/88.cnf,"Final circuit size: 33026 Estimated probability 0.01034904 (epsilon 0.000000006491137849451434) found in 18 seconds ",
58,:,1737406693.000,22.000,0,116,0,0,"schlandals --timeout 600 -i /data/schlandals/pwmc_benchmarks/instances/bayesian_networks/pcnf/munin/58.cnf compile | tr '\n' ' '",/data/schlandals/pwmc_benchmarks/instances/bayesian_networks/pcnf/munin/58.cnf,"Final circuit size: 39202 Estimated probability 0.01665419 (epsilon 0.000000050149105534913474) found in 18 seconds ",
97,:,1737406698.000,17.000,0,117,0,0,"schlandals --timeout 600 -i /data/schlandals/pwmc_benchmarks/instances/bayesian_networks/pcnf/munin/97.cnf compile | tr '\n' ' '",/data/schlandals/pwmc_benchmarks/instances/bayesian_networks/pcnf/munin/97.cnf,"Final circuit size: 32567 Estimated probability 0.00848740 (epsilon 0.0000000008595963940649654) found in 15 seconds ",
95,:,1737406698.000,18.000,0,119,0,0,"schlandals --timeout 600 -i /data/schlandals/pwmc_benchmarks/instances/bayesian_networks/pcnf/munin/95.cnf compile | tr '\n' ' '",/data/schlandals/pwmc_benchmarks/instances/bayesian_networks/pcnf/munin/95.cnf,"Final circuit size: 32692 Estimated probability 0.13898204 (epsilon 0.000000000052494231184141427) found in 16 seconds ",
94,:,1737406697.000,20.000,0,119,0,0,"schlandals --timeout 600 -i /data/schlandals/pwmc_benchmarks/instances/bayesian_networks/pcnf/munin/94.cnf compile | tr '\n' ' '",/data/schlandals/pwmc_benchmarks/instances/bayesian_networks/pcnf/munin/94.cnf,"Final circuit size: 32831 Estimated probability 0.26329411 (epsilon 0.000000000027709390337804507) found in 17 seconds ",
93,:,1737406697.000,20.000,0,118,0,0,"schlandals --timeout 600 -i /data/schlandals/pwmc_benchmarks/instances/bayesian_networks/pcnf/munin/93.cnf compile | tr '\n' ' '",/data/schlandals/pwmc_benchmarks/instances/bayesian_networks/pcnf/munin/93.cnf,"Final circuit size: 33016 Estimated probability 0.27289825 (epsilon 0.00000000020493806651700197) found in 18 seconds ",
52,:,1737406693.000,26.000,0,115,0,0,"schlandals --timeout 600 -i /data/schlandals/pwmc_benchmarks/instances/bayesian_networks/pcnf/munin/52.cnf compile | tr '\n' ' '",/data/schlandals/pwmc_benchmarks/instances/bayesian_networks/pcnf/munin/52.cnf,"Final circuit size: 39307 Estimated probability 0.00464272 (epsilon 0.00000003954341498690894) found in 20 seconds ",
96,:,1737406698.000,21.000,0,117,0,0,"schlandals --timeout 600 -i /data/schlandals/pwmc_benchmarks/instances/bayesian_networks/pcnf/munin/96.cnf compile | tr '\n' ' '",/data/schlandals/pwmc_benchmarks/instances/bayesian_networks/pcnf/munin/96.cnf,"Final circuit size: 32743 Estimated probability 0.04283191 (epsilon 0.0000000001703337471070654) found in 18 seconds ",
60,:,1737406694.000,25.000,0,115,0,0,"schlandals --timeout 600 -i /data/schlandals/pwmc_benchmarks/instances/bayesian_networks/pcnf/munin/60.cnf compile | tr '\n' ' '",/data/schlandals/pwmc_benchmarks/instances/bayesian_networks/pcnf/munin/60.cnf,"Final circuit size: 39171 Estimated probability 0.03597165 (epsilon 0.00000013324981673612513) found in 20 seconds ",
54,:,1737406693.000,27.000,0,116,0,0,"schlandals --timeout 600 -i /data/schlandals/pwmc_benchmarks/instances/bayesian_networks/pcnf/munin/54.cnf compile | tr '\n' ' '",/data/schlandals/pwmc_benchmarks/instances/bayesian_networks/pcnf/munin/54.cnf,"Final circuit size: 39345 Estimated probability 0.00748879 (epsilon 0.000000042849437109637734) found in 22 seconds ",
62,:,1737406694.000,26.000,0,115,0,0,"schlandals --timeout 600 -i /data/schlandals/pwmc_benchmarks/instances/bayesian_networks/pcnf/munin/62.cnf compile | tr '\n' ' '",/data/schlandals/pwmc_benchmarks/instances/bayesian_networks/pcnf/munin/62.cnf,"Final circuit size: 39149 Estimated probability 0.27150763 (epsilon 0.00000001765407264819885) found in 21 seconds ",
2,:,1737406693.000,29.000,0,90,0,0,"schlandals --timeout 600 -i /data/schlandals/pwmc_benchmarks/instances/bayesian_networks/pcnf/munin/2.cnf compile | tr '\n' ' '",/data/schlandals/pwmc_benchmarks/instances/bayesian_networks/pcnf/munin/2.cnf,"Final circuit size: 3748 Estimated probability 0.00008431 (epsilon 0) found in 19 seconds ",
61,:,1737406694.000,28.000,0,116,0,0,"schlandals --timeout 600 -i /data/schlandals/pwmc_benchmarks/instances/bayesian_networks/pcnf/munin/61.cnf compile | tr '\n' ' '",/data/schlandals/pwmc_benchmarks/instances/bayesian_networks/pcnf/munin/61.cnf,"Final circuit size: 39051 Estimated probability 0.10531908 (epsilon 0.000000045511366675299314) found in 25 seconds ",
56,:,1737406693.000,31.000,0,115,0,0,"schlandals --timeout 600 -i /data/schlandals/pwmc_benchmarks/instances/bayesian_networks/pcnf/munin/56.cnf compile | tr '\n' ' '",/data/schlandals/pwmc_benchmarks/instances/bayesian_networks/pcnf/munin/56.cnf,"Final circuit size: 39336 Estimated probability 0.01278401 (epsilon 0.00000004021797050945963) found in 25 seconds ",
57,:,1737406693.000,32.000,0,115,0,0,"schlandals --timeout 600 -i /data/schlandals/pwmc_benchmarks/instances/bayesian_networks/pcnf/munin/57.cnf compile | tr '\n' ' '",/data/schlandals/pwmc_benchmarks/instances/bayesian_networks/pcnf/munin/57.cnf,"Final circuit size: 39361 Estimated probability 0.01573352 (epsilon 0.00000005471951136648556) found in 26 seconds ",
81,:,1737406694.000,31.000,0,116,0,0,"schlandals --timeout 600 -i /data/schlandals/pwmc_benchmarks/instances/bayesian_networks/pcnf/munin/81.cnf compile | tr '\n' ' '",/data/schlandals/pwmc_benchmarks/instances/bayesian_networks/pcnf/munin/81.cnf,"Final circuit size: 31532 Estimated probability 0.00095892 (epsilon 0.000000007608333740805051) found in 26 seconds ",
59,:,1737406693.000,33.000,0,115,0,0,"schlandals --timeout 600 -i /data/schlandals/pwmc_benchmarks/instances/bayesian_networks/pcnf/munin/59.cnf compile | tr '\n' ' '",/data/schlandals/pwmc_benchmarks/instances/bayesian_networks/pcnf/munin/59.cnf,"Final circuit size: 39394 Estimated probability 0.01892040 (epsilon 0.00000025872201625531943) found in 28 seconds ",
119,:,1737406707.000,19.000,0,116,0,0,"schlandals --timeout 600 -i /data/schlandals/pwmc_benchmarks/instances/bayesian_networks/pcnf/munin/119.cnf compile | tr '\n' ' '",/data/schlandals/pwmc_benchmarks/instances/bayesian_networks/pcnf/munin/119.cnf,"Final circuit size: 45208 Estimated probability 0.06834768 (epsilon 0.000000009382410182112721) found in 16 seconds ",
144,:,1737406720.000,7.000,0,90,0,0,"schlandals --timeout 600 -i /data/schlandals/pwmc_benchmarks/instances/bayesian_networks/pcnf/munin/144.cnf compile | tr '\n' ' '",/data/schlandals/pwmc_benchmarks/instances/bayesian_networks/pcnf/munin/144.cnf,"Final circuit size: 27543 Estimated probability 0.04079672 (epsilon 0) found in 6 seconds ",
122,:,1737406709.000,18.000,0,116,0,0,"schlandals --timeout 600 -i /data/schlandals/pwmc_benchmarks/instances/bayesian_networks/pcnf/munin/122.cnf compile | tr '\n' ' '",/data/schlandals/pwmc_benchmarks/instances/bayesian_networks/pcnf/munin/122.cnf,"Final circuit size: 44753 Estimated probability 0.01581535 (epsilon 0.000000023441974805749055) found in 15 seconds ",
55,:,1737406693.000,34.000,0,115,0,0,"schlandals --timeout 600 -i /data/schlandals/pwmc_benchmarks/instances/bayesian_networks/pcnf/munin/55.cnf compile | tr '\n' ' '",/data/schlandals/pwmc_benchmarks/instances/bayesian_networks/pcnf/munin/55.cnf,"Final circuit size: 39309 Estimated probability 0.01064748 (epsilon 0.00000004828812727453169) found in 29 seconds ",
63,:,1737406694.000,34.000,0,116,0,0,"schlandals --timeout 600 -i /data/schlandals/pwmc_benchmarks/instances/bayesian_networks/pcnf/munin/63.cnf compile | tr '\n' ' '",/data/schlandals/pwmc_benchmarks/instances/bayesian_networks/pcnf/munin/63.cnf,"Final circuit size: 38769 Estimated probability 0.29253210 (epsilon 0.000000015915908369024123) found in 29 seconds ",
53,:,1737406693.000,35.000,0,115,0,0,"schlandals --timeout 600 -i /data/schlandals/pwmc_benchmarks/instances/bayesian_networks/pcnf/munin/53.cnf compile | tr '\n' ' '",/data/schlandals/pwmc_benchmarks/instances/bayesian_networks/pcnf/munin/53.cnf,"Final circuit size: 39314 Estimated probability 0.00362507 (epsilon 0.00000005064432473389502) found in 29 seconds ",
64,:,1737406694.000,34.000,0,116,0,0,"schlandals --timeout 600 -i /data/schlandals/pwmc_benchmarks/instances/bayesian_networks/pcnf/munin/64.cnf compile | tr '\n' ' '",/data/schlandals/pwmc_benchmarks/instances/bayesian_networks/pcnf/munin/64.cnf,"Final circuit size: 38874 Estimated probability 0.14313035 (epsilon 0.000000032529187343754984) found in 30 seconds ",
117,:,1737406703.000,26.000,0,117,0,0,"schlandals --timeout 600 -i /data/schlandals/pwmc_benchmarks/instances/bayesian_networks/pcnf/munin/117.cnf compile | tr '\n' ' '",/data/schlandals/pwmc_benchmarks/instances/bayesian_networks/pcnf/munin/117.cnf,"Final circuit size: 45152 Estimated probability 0.42411168 (epsilon 0.0000000015120213969765928) found in 22 seconds ",
142,:,1737406719.000,10.000,0,90,0,0,"schlandals --timeout 600 -i /data/schlandals/pwmc_benchmarks/instances/bayesian_networks/pcnf/munin/142.cnf compile | tr '\n' ' '",/data/schlandals/pwmc_benchmarks/instances/bayesian_networks/pcnf/munin/142.cnf,"Final circuit size: 27556 Estimated probability 0.79116996 (epsilon 0) found in 9 seconds ",
143,:,1737406719.000,11.000,0,90,0,0,"schlandals --timeout 600 -i /data/schlandals/pwmc_benchmarks/instances/bayesian_networks/pcnf/munin/143.cnf compile | tr '\n' ' '",/data/schlandals/pwmc_benchmarks/instances/bayesian_networks/pcnf/munin/143.cnf,"Final circuit size: 27549 Estimated probability 0.16012185 (epsilon 0) found in 9 seconds ",
116,:,1737406703.000,27.000,0,116,0,0,"schlandals --timeout 600 -i /data/schlandals/pwmc_benchmarks/instances/bayesian_networks/pcnf/munin/116.cnf compile | tr '\n' ' '",/data/schlandals/pwmc_benchmarks/instances/bayesian_networks/pcnf/munin/116.cnf,"Final circuit size: 45059 Estimated probability 0.11019442 (epsilon 0.000000003633198852881492) found in 25 seconds ",
115,:,1737406703.000,32.000,0,115,0,0,"schlandals --timeout 600 -i /data/schlandals/pwmc_benchmarks/instances/bayesian_networks/pcnf/munin/115.cnf compile | tr '\n' ' '",/data/schlandals/pwmc_benchmarks/instances/bayesian_networks/pcnf/munin/115.cnf,"Final circuit size: 44947 Estimated probability 0.00489448 (epsilon 0.00000008179797239549202) found in 28 seconds ",
121,:,1737406709.000,26.000,0,115,0,0,"schlandals --timeout 600 -i /data/schlandals/pwmc_benchmarks/instances/bayesian_networks/pcnf/munin/121.cnf compile | tr '\n' ' '",/data/schlandals/pwmc_benchmarks/instances/bayesian_networks/pcnf/munin/121.cnf,"Final circuit size: 45079 Estimated probability 0.02373820 (epsilon 0.00000002701409362870777) found in 24 seconds ",
118,:,1737406707.000,30.000,0,117,0,0,"schlandals --timeout 600 -i /data/schlandals/pwmc_benchmarks/instances/bayesian_networks/pcnf/munin/118.cnf compile | tr '\n' ' '",/data/schlandals/pwmc_benchmarks/instances/bayesian_networks/pcnf/munin/118.cnf,"Final circuit size: 45312 Estimated probability 0.29673558 (epsilon 0.0000000021610686573581006) found in 26 seconds ",
120,:,1737406709.000,30.000,0,113,0,0,"schlandals --timeout 600 -i /data/schlandals/pwmc_benchmarks/instances/bayesian_networks/pcnf/munin/120.cnf compile | tr '\n' ' '",/data/schlandals/pwmc_benchmarks/instances/bayesian_networks/pcnf/munin/120.cnf,"Final circuit size: 44942 Estimated probability 0.02807668 (epsilon 0.000000022839809155073) found in 27 seconds ",
123,:,1737406710.000,31.000,0,115,0,0,"schlandals --timeout 600 -i /data/schlandals/pwmc_benchmarks/instances/bayesian_networks/pcnf/munin/123.cnf compile | tr '\n' ' '",/data/schlandals/pwmc_benchmarks/instances/bayesian_networks/pcnf/munin/123.cnf,"Final circuit size: 44690 Estimated probability 0.00471379 (epsilon 0.00000007865070239532201) found in 27 seconds ",
124,:,1737406711.000,31.000,0,114,0,0,"schlandals --timeout 600 -i /data/schlandals/pwmc_benchmarks/instances/bayesian_networks/pcnf/munin/124.cnf compile | tr '\n' ' '",/data/schlandals/pwmc_benchmarks/instances/bayesian_networks/pcnf/munin/124.cnf,"Final circuit size: 44678 Estimated probability 0.00311793 (epsilon 0.0000001189066278772799) found in 27 seconds ",
51,:,1737406693.000,63.000,0,116,0,0,"schlandals --timeout 600 -i /data/schlandals/pwmc_benchmarks/instances/bayesian_networks/pcnf/munin/51.cnf compile | tr '\n' ' '",/data/schlandals/pwmc_benchmarks/instances/bayesian_networks/pcnf/munin/51.cnf,"Final circuit size: 37438 Estimated probability 0.00613199 (epsilon 0.000000013320279768080923) found in 48 seconds ",
1,:,1737406693.000,67.000,0,90,0,0,"schlandals --timeout 600 -i /data/schlandals/pwmc_benchmarks/instances/bayesian_networks/pcnf/munin/1.cnf compile | tr '\n' ' '",/data/schlandals/pwmc_benchmarks/instances/bayesian_networks/pcnf/munin/1.cnf,"Final circuit size: 1343 Estimated probability 0.00001812 (epsilon 0) found in 42 seconds ",
50,:,1737406693.000,67.000,0,116,0,0,"schlandals --timeout 600 -i /data/schlandals/pwmc_benchmarks/instances/bayesian_networks/pcnf/munin/50.cnf compile | tr '\n' ' '",/data/schlandals/pwmc_benchmarks/instances/bayesian_networks/pcnf/munin/50.cnf,"Final circuit size: 35935 Estimated probability 0.00885970 (epsilon 0.000000006314211598024144) found in 50 seconds ",
65,:,1737406694.000,71.000,0,114,0,0,"schlandals --timeout 600 -i /data/schlandals/pwmc_benchmarks/instances/bayesian_networks/pcnf/munin/65.cnf compile | tr '\n' ' '",/data/schlandals/pwmc_benchmarks/instances/bayesian_networks/pcnf/munin/65.cnf,"Final circuit size: 37982 Estimated probability 0.03286542 (epsilon 0.0000001357858194772632) found in 50 seconds ",
66,:,1737406694.000,74.000,0,114,0,0,"schlandals --timeout 600 -i /data/schlandals/pwmc_benchmarks/instances/bayesian_networks/pcnf/munin/66.cnf compile | tr '\n' ' '",/data/schlandals/pwmc_benchmarks/instances/bayesian_networks/pcnf/munin/66.cnf,"Final circuit size: 37847 Estimated probability 0.00456054 (epsilon 0.0000009785368082493306) found in 54 seconds ",
125,:,1737406711.000,62.000,0,115,0,0,"schlandals --timeout 600 -i /data/schlandals/pwmc_benchmarks/instances/bayesian_networks/pcnf/munin/125.cnf compile | tr '\n' ' '",/data/schlandals/pwmc_benchmarks/instances/bayesian_networks/pcnf/munin/125.cnf,"Final circuit size: 42961 Estimated probability 0.00281456 (epsilon 0.00000004612981974183583) found in 50 seconds ",
126,:,1737406712.000,62.000,0,116,0,0,"schlandals --timeout 600 -i /data/schlandals/pwmc_benchmarks/instances/bayesian_networks/pcnf/munin/126.cnf compile | tr '\n' ' '",/data/schlandals/pwmc_benchmarks/instances/bayesian_networks/pcnf/munin/126.cnf,"Final circuit size: 43026 Estimated probability 0.00250517 (epsilon 0.000000051826907210283935) found in 51 seconds ",
128,:,1737406713.000,61.000,0,116,0,0,"schlandals --timeout 600 -i /data/schlandals/pwmc_benchmarks/instances/bayesian_networks/pcnf/munin/128.cnf compile | tr '\n' ' '",/data/schlandals/pwmc_benchmarks/instances/bayesian_networks/pcnf/munin/128.cnf,"Final circuit size: 43010 Estimated probability 0.00223875 (epsilon 0.000000057994514746084747) found in 49 seconds ",
127,:,1737406713.000,63.000,0,114,0,0,"schlandals --timeout 600 -i /data/schlandals/pwmc_benchmarks/instances/bayesian_networks/pcnf/munin/127.cnf compile | tr '\n' ' '",/data/schlandals/pwmc_benchmarks/instances/bayesian_networks/pcnf/munin/127.cnf,"Final circuit size: 43002 Estimated probability 0.00162084 (epsilon 0.0000000801033874786583) found in 52 seconds ",
147,:,1737406722.000,66.000,0,92,0,0,"schlandals --timeout 600 -i /data/schlandals/pwmc_benchmarks/instances/bayesian_networks/pcnf/munin/147.cnf compile | tr '\n' ' '",/data/schlandals/pwmc_benchmarks/instances/bayesian_networks/pcnf/munin/147.cnf,"Final circuit size: 139731 Estimated probability 0.82954369 (epsilon 0) found in 62 seconds ",
153,:,1737406727.000,74.000,0,92,0,0,"schlandals --timeout 600 -i /data/schlandals/pwmc_benchmarks/instances/bayesian_networks/pcnf/munin/153.cnf compile | tr '\n' ' '",/data/schlandals/pwmc_benchmarks/instances/bayesian_networks/pcnf/munin/153.cnf,"Final circuit size: 139093 Estimated probability 0.01142495 (epsilon 0) found in 70 seconds ",
140,:,1737406717.000,96.000,0,92,0,0,"schlandals --timeout 600 -i /data/schlandals/pwmc_benchmarks/instances/bayesian_networks/pcnf/munin/140.cnf compile | tr '\n' ' '",/data/schlandals/pwmc_benchmarks/instances/bayesian_networks/pcnf/munin/140.cnf,"Final circuit size: 191449 Estimated probability 0.14036492 (epsilon 0) found in 91 seconds ",
141,:,1737406719.000,94.000,0,92,0,0,"schlandals --timeout 600 -i /data/schlandals/pwmc_benchmarks/instances/bayesian_networks/pcnf/munin/141.cnf compile | tr '\n' ' '",/data/schlandals/pwmc_benchmarks/instances/bayesian_networks/pcnf/munin/141.cnf,"Final circuit size: 191763 Estimated probability 0.85963508 (epsilon 0) found in 90 seconds ",
146,:,1737406722.000,93.000,0,92,0,0,"schlandals --timeout 600 -i /data/schlandals/pwmc_benchmarks/instances/bayesian_networks/pcnf/munin/146.cnf compile | tr '\n' ' '",/data/schlandals/pwmc_benchmarks/instances/bayesian_networks/pcnf/munin/146.cnf,"Final circuit size: 138971 Estimated probability 0.10429586 (epsilon 0) found in 89 seconds ",
164,:,1737406735.000,81.000,0,116,0,0,"schlandals --timeout 600 -i /data/schlandals/pwmc_benchmarks/instances/bayesian_networks/pcnf/munin/164.cnf compile | tr '\n' ' '",/data/schlandals/pwmc_benchmarks/instances/bayesian_networks/pcnf/munin/164.cnf,"Final circuit size: 139729 Estimated probability 0.20969863 (epsilon 0.00000002106269358925772) found in 75 seconds ",
161,:,1737406730.000,89.000,0,116,0,0,"schlandals --timeout 600 -i /data/schlandals/pwmc_benchmarks/instances/bayesian_networks/pcnf/munin/161.cnf compile | tr '\n' ' '",/data/schlandals/pwmc_benchmarks/instances/bayesian_networks/pcnf/munin/161.cnf,"Final circuit size: 139564 Estimated probability 0.02148490 (epsilon 0.00000020557774282892183) found in 82 seconds ",
45,:,1737406693.000,132.000,0,116,0,0,"schlandals --timeout 600 -i /data/schlandals/pwmc_benchmarks/instances/bayesian_networks/pcnf/munin/45.cnf compile | tr '\n' ' '",/data/schlandals/pwmc_benchmarks/instances/bayesian_networks/pcnf/munin/45.cnf,"Final circuit size: 58159 Estimated probability 0.19218296 (epsilon 0.000000002988202796316841) found in 85 seconds ",
155,:,1737406727.000,99.000,0,115,0,0,"schlandals --timeout 600 -i /data/schlandals/pwmc_benchmarks/instances/bayesian_networks/pcnf/munin/155.cnf compile | tr '\n' ' '",/data/schlandals/pwmc_benchmarks/instances/bayesian_networks/pcnf/munin/155.cnf,"Final circuit size: 139892 Estimated probability 0.00019192 (epsilon 0.0000002229917028806483) found in 92 seconds ",
44,:,1737406693.000,153.000,0,115,0,0,"schlandals --timeout 600 -i /data/schlandals/pwmc_benchmarks/instances/bayesian_networks/pcnf/munin/44.cnf compile | tr '\n' ' '",/data/schlandals/pwmc_benchmarks/instances/bayesian_networks/pcnf/munin/44.cnf,"Final circuit size: 57570 Estimated probability 0.30707110 (epsilon 0.00000000261853982941318) found in 93 seconds ",
148,:,1737406724.000,124.000,0,93,0,0,"schlandals --timeout 600 -i /data/schlandals/pwmc_benchmarks/instances/bayesian_networks/pcnf/munin/148.cnf compile | tr '\n' ' '",/data/schlandals/pwmc_benchmarks/instances/bayesian_networks/pcnf/munin/148.cnf,"Final circuit size: 138962 Estimated probability 0.06616045 (epsilon 0) found in 118 seconds ",
149,:,1737406725.000,124.000,0,93,0,0,"schlandals --timeout 600 -i /data/schlandals/pwmc_benchmarks/instances/bayesian_networks/pcnf/munin/149.cnf compile | tr '\n' ' '",/data/schlandals/pwmc_benchmarks/instances/bayesian_networks/pcnf/munin/149.cnf,"Final circuit size: 139177 Estimated probability 0.03271564 (epsilon 0) found in 118 seconds ",
151,:,1737406726.000,125.000,0,93,0,0,"schlandals --timeout 600 -i /data/schlandals/pwmc_benchmarks/instances/bayesian_networks/pcnf/munin/151.cnf compile | tr '\n' ' '",/data/schlandals/pwmc_benchmarks/instances/bayesian_networks/pcnf/munin/151.cnf,"Final circuit size: 139462 Estimated probability 0.84375304 (epsilon 0) found in 118 seconds ",
40,:,1737406693.000,159.000,0,116,0,0,"schlandals --timeout 600 -i /data/schlandals/pwmc_benchmarks/instances/bayesian_networks/pcnf/munin/40.cnf compile | tr '\n' ' '",/data/schlandals/pwmc_benchmarks/instances/bayesian_networks/pcnf/munin/40.cnf,"Final circuit size: 58640 Estimated probability 0.02138576 (epsilon 0.000000037598745894484864) found in 99 seconds ",
150,:,1737406725.000,128.000,0,93,0,0,"schlandals --timeout 600 -i /data/schlandals/pwmc_benchmarks/instances/bayesian_networks/pcnf/munin/150.cnf compile | tr '\n' ' '",/data/schlandals/pwmc_benchmarks/instances/bayesian_networks/pcnf/munin/150.cnf,"Final circuit size: 139918 Estimated probability 0.07255318 (epsilon 0) found in 121 seconds ",
42,:,1737406693.000,162.000,0,117,0,0,"schlandals --timeout 600 -i /data/schlandals/pwmc_benchmarks/instances/bayesian_networks/pcnf/munin/42.cnf compile | tr '\n' ' '",/data/schlandals/pwmc_benchmarks/instances/bayesian_networks/pcnf/munin/42.cnf,"Final circuit size: 58163 Estimated probability 0.07648946 (epsilon 0.000000010512270609552843) found in 102 seconds ",
152,:,1737406726.000,130.000,0,93,0,0,"schlandals --timeout 600 -i /data/schlandals/pwmc_benchmarks/instances/bayesian_networks/pcnf/munin/152.cnf compile | tr '\n' ' '",/data/schlandals/pwmc_benchmarks/instances/bayesian_networks/pcnf/munin/152.cnf,"Final circuit size: 139018 Estimated probability 0.03955319 (epsilon 0) found in 122 seconds ",
154,:,1737406727.000,129.000,0,117,0,0,"schlandals --timeout 600 -i /data/schlandals/pwmc_benchmarks/instances/bayesian_networks/pcnf/munin/154.cnf compile | tr '\n' ' '",/data/schlandals/pwmc_benchmarks/instances/bayesian_networks/pcnf/munin/154.cnf,"Final circuit size: 139237 Estimated probability 0.00009749 (epsilon 0.00000043897279522475685) found in 120 seconds ",
43,:,1737406693.000,165.000,0,117,0,0,"schlandals --timeout 600 -i /data/schlandals/pwmc_benchmarks/instances/bayesian_networks/pcnf/munin/43.cnf compile | tr '\n' ' '",/data/schlandals/pwmc_benchmarks/instances/bayesian_networks/pcnf/munin/43.cnf,"Final circuit size: 58180 Estimated probability 0.21495531 (epsilon 0.000000003740675103003355) found in 103 seconds ",
178,:,1737406788.000,74.000,0,92,0,0,"schlandals --timeout 600 -i /data/schlandals/pwmc_benchmarks/instances/bayesian_networks/pcnf/munin/178.cnf compile | tr '\n' ' '",/data/schlandals/pwmc_benchmarks/instances/bayesian_networks/pcnf/munin/178.cnf,"Final circuit size: 140243 Estimated probability 0.02387444 (epsilon 0) found in 69 seconds ",
46,:,1737406693.000,169.000,0,117,0,0,"schlandals --timeout 600 -i /data/schlandals/pwmc_benchmarks/instances/bayesian_networks/pcnf/munin/46.cnf compile | tr '\n' ' '",/data/schlandals/pwmc_benchmarks/instances/bayesian_networks/pcnf/munin/46.cnf,"Final circuit size: 58266 Estimated probability 0.04982148 (epsilon 0.000000011526787968563212) found in 107 seconds ",
41,:,1737406693.000,172.000,0,117,0,0,"schlandals --timeout 600 -i /data/schlandals/pwmc_benchmarks/instances/bayesian_networks/pcnf/munin/41.cnf compile | tr '\n' ' '",/data/schlandals/pwmc_benchmarks/instances/bayesian_networks/pcnf/munin/41.cnf,"Final circuit size: 58178 Estimated probability 0.02927274 (epsilon 0.000000027468488594806217) found in 110 seconds ",
160,:,1737406729.000,137.000,0,116,0,0,"schlandals --timeout 600 -i /data/schlandals/pwmc_benchmarks/instances/bayesian_networks/pcnf/munin/160.cnf compile | tr '\n' ' '",/data/schlandals/pwmc_benchmarks/instances/bayesian_networks/pcnf/munin/160.cnf,"Final circuit size: 139395 Estimated probability 0.00716133 (epsilon 0.0000006167589821082231) found in 127 seconds ",
162,:,1737406730.000,137.000,0,117,0,0,"schlandals --timeout 600 -i /data/schlandals/pwmc_benchmarks/instances/bayesian_networks/pcnf/munin/162.cnf compile | tr '\n' ' '",/data/schlandals/pwmc_benchmarks/instances/bayesian_networks/pcnf/munin/162.cnf,"Final circuit size: 139877 Estimated probability 0.06195114 (epsilon 0.00000007129518242443567) found in 130 seconds ",
158,:,1737406728.000,140.000,0,118,0,0,"schlandals --timeout 600 -i /data/schlandals/pwmc_benchmarks/instances/bayesian_networks/pcnf/munin/158.cnf compile | tr '\n' ' '",/data/schlandals/pwmc_benchmarks/instances/bayesian_networks/pcnf/munin/158.cnf,"Final circuit size: 139567 Estimated probability 0.00153048 (epsilon 0.000000027963337423386747) found in 130 seconds ",
159,:,1737406729.000,139.000,0,116,0,0,"schlandals --timeout 600 -i /data/schlandals/pwmc_benchmarks/instances/bayesian_networks/pcnf/munin/159.cnf compile | tr '\n' ' '",/data/schlandals/pwmc_benchmarks/instances/bayesian_networks/pcnf/munin/159.cnf,"Final circuit size: 139372 Estimated probability 0.00306310 (epsilon 0.0000014419424103628842) found in 131 seconds ",
177,:,1737406776.000,96.000,0,92,0,0,"schlandals --timeout 600 -i /data/schlandals/pwmc_benchmarks/instances/bayesian_networks/pcnf/munin/177.cnf compile | tr '\n' ' '",/data/schlandals/pwmc_benchmarks/instances/bayesian_networks/pcnf/munin/177.cnf,"Final circuit size: 139943 Estimated probability 0.12173589 (epsilon 0) found in 88 seconds ",
157,:,1737406728.000,145.000,0,117,0,0,"schlandals --timeout 600 -i /data/schlandals/pwmc_benchmarks/instances/bayesian_networks/pcnf/munin/157.cnf compile | tr '\n' ' '",/data/schlandals/pwmc_benchmarks/instances/bayesian_networks/pcnf/munin/157.cnf,"Final circuit size: 140135 Estimated probability 0.00079759 (epsilon 0.00000005365836042159344) found in 136 seconds ",
156,:,1737406728.000,149.000,0,117,0,0,"schlandals --timeout 600 -i /data/schlandals/pwmc_benchmarks/instances/bayesian_networks/pcnf/munin/156.cnf compile | tr '\n' ' '",/data/schlandals/pwmc_benchmarks/instances/bayesian_networks/pcnf/munin/156.cnf,"Final circuit size: 139763 Estimated probability 0.00039056 (epsilon 0.00000010957933627153693) found in 139 seconds ",
203,:,1737406868.000,14.000,0,92,0,0,"schlandals --timeout 600 -i /data/schlandals/pwmc_benchmarks/instances/bayesian_networks/pcnf/munin/203.cnf compile | tr '\n' ' '",/data/schlandals/pwmc_benchmarks/instances/bayesian_networks/pcnf/munin/203.cnf,"Final circuit size: 109576 Estimated probability 0.86793078 (epsilon 0) found in 13 seconds ",
167,:,1737406741.000,141.000,0,118,0,0,"schlandals --timeout 600 -i /data/schlandals/pwmc_benchmarks/instances/bayesian_networks/pcnf/munin/167.cnf compile | tr '\n' ' '",/data/schlandals/pwmc_benchmarks/instances/bayesian_networks/pcnf/munin/167.cnf,"Final circuit size: 139555 Estimated probability 0.08824364 (epsilon 0.000000050052536337830134) found in 133 seconds ",
179,:,1737406801.000,84.000,0,116,0,0,"schlandals --timeout 600 -i /data/schlandals/pwmc_benchmarks/instances/bayesian_networks/pcnf/munin/179.cnf compile | tr '\n' ' '",/data/schlandals/pwmc_benchmarks/instances/bayesian_networks/pcnf/munin/179.cnf,"Final circuit size: 140159 Estimated probability 0.00144283 (epsilon 0.00000004409464615662273) found in 77 seconds ",
165,:,1737406737.000,148.000,0,117,0,0,"schlandals --timeout 600 -i /data/schlandals/pwmc_benchmarks/instances/bayesian_networks/pcnf/munin/165.cnf compile | tr '\n' ' '",/data/schlandals/pwmc_benchmarks/instances/bayesian_networks/pcnf/munin/165.cnf,"Final circuit size: 139992 Estimated probability 0.22324506 (epsilon 0.00000001978461705576251) found in 137 seconds ",
166,:,1737406739.000,146.000,0,118,0,0,"schlandals --timeout 600 -i /data/schlandals/pwmc_benchmarks/instances/bayesian_networks/pcnf/munin/166.cnf compile | tr '\n' ' '",/data/schlandals/pwmc_benchmarks/instances/bayesian_networks/pcnf/munin/166.cnf,"Final circuit size: 139504 Estimated probability 0.16510304 (epsilon 0.000000026751886927911528) found in 138 seconds ",
204,:,1737406872.000,14.000,0,92,0,0,"schlandals --timeout 600 -i /data/schlandals/pwmc_benchmarks/instances/bayesian_networks/pcnf/munin/204.cnf compile | tr '\n' ' '",/data/schlandals/pwmc_benchmarks/instances/bayesian_networks/pcnf/munin/204.cnf,"Final circuit size: 109576 Estimated probability 0.13206922 (epsilon 0) found in 13 seconds ",
168,:,1737406742.000,147.000,0,117,0,0,"schlandals --timeout 600 -i /data/schlandals/pwmc_benchmarks/instances/bayesian_networks/pcnf/munin/168.cnf compile | tr '\n' ' '",/data/schlandals/pwmc_benchmarks/instances/bayesian_networks/pcnf/munin/168.cnf,"Final circuit size: 139512 Estimated probability 0.03852775 (epsilon 0.00000011463990290394577) found in 139 seconds ",
205,:,1737406873.000,18.000,0,92,0,0,"schlandals --timeout 600 -i /data/schlandals/pwmc_benchmarks/instances/bayesian_networks/pcnf/munin/205.cnf compile | tr '\n' ' '",/data/schlandals/pwmc_benchmarks/instances/bayesian_networks/pcnf/munin/205.cnf,"Final circuit size: 109476 Estimated probability 0.94567878 (epsilon 0) found in 16 seconds ",
206,:,1737406877.000,15.000,0,92,0,0,"schlandals --timeout 600 -i /data/schlandals/pwmc_benchmarks/instances/bayesian_networks/pcnf/munin/206.cnf compile | tr '\n' ' '",/data/schlandals/pwmc_benchmarks/instances/bayesian_networks/pcnf/munin/206.cnf,"Final circuit size: 109476 Estimated probability 0.05432122 (epsilon 0) found in 13 seconds ",
163,:,1737406735.000,157.000,0,117,0,0,"schlandals --timeout 600 -i /data/schlandals/pwmc_benchmarks/instances/bayesian_networks/pcnf/munin/163.cnf compile | tr '\n' ' '",/data/schlandals/pwmc_benchmarks/instances/bayesian_networks/pcnf/munin/163.cnf,"Final circuit size: 140009 Estimated probability 0.13595678 (epsilon 0.00000003248692670432263) found in 148 seconds ",
171,:,1737406760.000,134.000,0,116,0,0,"schlandals --timeout 600 -i /data/schlandals/pwmc_benchmarks/instances/bayesian_networks/pcnf/munin/171.cnf compile | tr '\n' ' '",/data/schlandals/pwmc_benchmarks/instances/bayesian_networks/pcnf/munin/171.cnf,"Final circuit size: 138885 Estimated probability 0.00682420 (epsilon 0.0000006403666772403227) found in 125 seconds ",
180,:,1737406813.000,82.000,0,116,0,0,"schlandals --timeout 600 -i /data/schlandals/pwmc_benchmarks/instances/bayesian_networks/pcnf/munin/180.cnf compile | tr '\n' ' '",/data/schlandals/pwmc_benchmarks/instances/bayesian_networks/pcnf/munin/180.cnf,"Final circuit size: 140090 Estimated probability 0.00301415 (epsilon 0.00000002110748731354306) found in 75 seconds ",
183,:,1737406816.000,83.000,0,117,0,0,"schlandals --timeout 600 -i /data/schlandals/pwmc_benchmarks/instances/bayesian_networks/pcnf/munin/183.cnf compile | tr '\n' ' '",/data/schlandals/pwmc_benchmarks/instances/bayesian_networks/pcnf/munin/183.cnf,"Final circuit size: 139912 Estimated probability 0.07142036 (epsilon 0.000000006256717588470906) found in 77 seconds ",
170,:,1737406760.000,140.000,0,116,0,0,"schlandals --timeout 600 -i /data/schlandals/pwmc_benchmarks/instances/bayesian_networks/pcnf/munin/170.cnf compile | tr '\n' ' '",/data/schlandals/pwmc_benchmarks/instances/bayesian_networks/pcnf/munin/170.cnf,"Final circuit size: 139583 Estimated probability 0.01026809 (epsilon 0.0000004255891465909656) found in 130 seconds ",
185,:,1737406825.000,77.000,0,117,0,0,"schlandals --timeout 600 -i /data/schlandals/pwmc_benchmarks/instances/bayesian_networks/pcnf/munin/185.cnf compile | tr '\n' ' '",/data/schlandals/pwmc_benchmarks/instances/bayesian_networks/pcnf/munin/185.cnf,"Final circuit size: 139593 Estimated probability 0.25266872 (epsilon 0.000000001916174108274049) found in 71 seconds ",
169,:,1737406756.000,146.000,0,117,0,0,"schlandals --timeout 600 -i /data/schlandals/pwmc_benchmarks/instances/bayesian_networks/pcnf/munin/169.cnf compile | tr '\n' ' '",/data/schlandals/pwmc_benchmarks/instances/bayesian_networks/pcnf/munin/169.cnf,"Final circuit size: 139981 Estimated probability 0.01773038 (epsilon 0.00000024646902030411866) found in 137 seconds ",
176,:,1737406774.000,128.000,0,93,0,0,"schlandals --timeout 600 -i /data/schlandals/pwmc_benchmarks/instances/bayesian_networks/pcnf/munin/176.cnf compile | tr '\n' ' '",/data/schlandals/pwmc_benchmarks/instances/bayesian_networks/pcnf/munin/176.cnf,"Final circuit size: 139711 Estimated probability 0.78978082 (epsilon 0) found in 120 seconds ",
175,:,1737406774.000,134.000,0,93,0,0,"schlandals --timeout 600 -i /data/schlandals/pwmc_benchmarks/instances/bayesian_networks/pcnf/munin/175.cnf compile | tr '\n' ' '",/data/schlandals/pwmc_benchmarks/instances/bayesian_networks/pcnf/munin/175.cnf,"Final circuit size: 139663 Estimated probability 0.05785630 (epsilon 0) found in 129 seconds ",
174,:,1737406773.000,137.000,0,93,0,0,"schlandals --timeout 600 -i /data/schlandals/pwmc_benchmarks/instances/bayesian_networks/pcnf/munin/174.cnf compile | tr '\n' ' '",/data/schlandals/pwmc_benchmarks/instances/bayesian_networks/pcnf/munin/174.cnf,"Final circuit size: 139676 Estimated probability 0.00675256 (epsilon 0) found in 129 seconds ",
172,:,1737406765.000,147.000,0,93,0,0,"schlandals --timeout 600 -i /data/schlandals/pwmc_benchmarks/instances/bayesian_networks/pcnf/munin/172.cnf compile | tr '\n' ' '",/data/schlandals/pwmc_benchmarks/instances/bayesian_networks/pcnf/munin/172.cnf,"Final circuit size: 139986 Estimated probability 0.00463358 (epsilon 0) found in 137 seconds ",
173,:,1737406768.000,144.000,0,93,0,0,"schlandals --timeout 600 -i /data/schlandals/pwmc_benchmarks/instances/bayesian_networks/pcnf/munin/173.cnf compile | tr '\n' ' '",/data/schlandals/pwmc_benchmarks/instances/bayesian_networks/pcnf/munin/173.cnf,"Final circuit size: 139979 Estimated probability 0.00310031 (epsilon 0) found in 135 seconds ",
16,:,1737406693.000,224.000,0,116,0,0,"schlandals --timeout 600 -i /data/schlandals/pwmc_benchmarks/instances/bayesian_networks/pcnf/munin/16.cnf compile | tr '\n' ' '",/data/schlandals/pwmc_benchmarks/instances/bayesian_networks/pcnf/munin/16.cnf,"Final circuit size: 10428 Estimated probability 0.00094900 (epsilon 0.00000002927637976490871) found in 138 seconds ",
182,:,1737406815.000,118.000,0,118,0,0,"schlandals --timeout 600 -i /data/schlandals/pwmc_benchmarks/instances/bayesian_networks/pcnf/munin/182.cnf compile | tr '\n' ' '",/data/schlandals/pwmc_benchmarks/instances/bayesian_networks/pcnf/munin/182.cnf,"Final circuit size: 139952 Estimated probability 0.02144467 (epsilon 0.000000014167216733085297) found in 108 seconds ",
17,:,1737406693.000,240.000,0,117,0,0,"schlandals --timeout 600 -i /data/schlandals/pwmc_benchmarks/instances/bayesian_networks/pcnf/munin/17.cnf compile | tr '\n' ' '",/data/schlandals/pwmc_benchmarks/instances/bayesian_networks/pcnf/munin/17.cnf,"Final circuit size: 10431 Estimated probability 0.00124345 (epsilon 0.000000022343552119608034) found in 143 seconds ",
228,:,1737406917.000,18.000,0,92,0,0,"schlandals --timeout 600 -i /data/schlandals/pwmc_benchmarks/instances/bayesian_networks/pcnf/munin/228.cnf compile | tr '\n' ' '",/data/schlandals/pwmc_benchmarks/instances/bayesian_networks/pcnf/munin/228.cnf,"Final circuit size: 109530 Estimated probability 0.94533621 (epsilon 0) found in 17 seconds ",
15,:,1737406693.000,247.000,0,116,0,0,"schlandals --timeout 600 -i /data/schlandals/pwmc_benchmarks/instances/bayesian_networks/pcnf/munin/15.cnf compile | tr '\n' ' '",/data/schlandals/pwmc_benchmarks/instances/bayesian_networks/pcnf/munin/15.cnf,"Final circuit size: 10198 Estimated probability 0.00062008 (epsilon 0.00000004480588500221927) found in 143 seconds ",
197,:,1737406862.000,82.000,0,115,0,0,"schlandals --timeout 600 -i /data/schlandals/pwmc_benchmarks/instances/bayesian_networks/pcnf/munin/197.cnf compile | tr '\n' ' '",/data/schlandals/pwmc_benchmarks/instances/bayesian_networks/pcnf/munin/197.cnf,"Final circuit size: 139582 Estimated probability 0.00004452 (epsilon 0.0000007473122836110235) found in 73 seconds ",
188,:,1737406848.000,100.000,0,117,0,0,"schlandals --timeout 600 -i /data/schlandals/pwmc_benchmarks/instances/bayesian_networks/pcnf/munin/188.cnf compile | tr '\n' ' '",/data/schlandals/pwmc_benchmarks/instances/bayesian_networks/pcnf/munin/188.cnf,"Final circuit size: 139830 Estimated probability 0.05602053 (epsilon 0.000000008642497828503792) found in 93 seconds ",
196,:,1737406858.000,91.000,0,115,0,0,"schlandals --timeout 600 -i /data/schlandals/pwmc_benchmarks/instances/bayesian_networks/pcnf/munin/196.cnf compile | tr '\n' ' '",/data/schlandals/pwmc_benchmarks/instances/bayesian_networks/pcnf/munin/196.cnf,"Final circuit size: 139396 Estimated probability 0.00030628 (epsilon 0.0000005756610996776601) found in 84 seconds ",
186,:,1737406826.000,124.000,0,119,0,0,"schlandals --timeout 600 -i /data/schlandals/pwmc_benchmarks/instances/bayesian_networks/pcnf/munin/186.cnf compile | tr '\n' ' '",/data/schlandals/pwmc_benchmarks/instances/bayesian_networks/pcnf/munin/186.cnf,"Final circuit size: 140041 Estimated probability 0.23245171 (epsilon 0.0000000020828296865005314) found in 115 seconds ",
229,:,1737406933.000,18.000,0,92,0,0,"schlandals --timeout 600 -i /data/schlandals/pwmc_benchmarks/instances/bayesian_networks/pcnf/munin/229.cnf compile | tr '\n' ' '",/data/schlandals/pwmc_benchmarks/instances/bayesian_networks/pcnf/munin/229.cnf,"Final circuit size: 109530 Estimated probability 0.02256439 (epsilon 0) found in 16 seconds ",
230,:,1737406933.000,20.000,0,92,0,0,"schlandals --timeout 600 -i /data/schlandals/pwmc_benchmarks/instances/bayesian_networks/pcnf/munin/230.cnf compile | tr '\n' ' '",/data/schlandals/pwmc_benchmarks/instances/bayesian_networks/pcnf/munin/230.cnf,"Final circuit size: 109530 Estimated probability 0.01074464 (epsilon 0) found in 18 seconds ",
231,:,1737406935.000,20.000,0,92,0,0,"schlandals --timeout 600 -i /data/schlandals/pwmc_benchmarks/instances/bayesian_networks/pcnf/munin/231.cnf compile | tr '\n' ' '",/data/schlandals/pwmc_benchmarks/instances/bayesian_networks/pcnf/munin/231.cnf,"Final circuit size: 109530 Estimated probability 0.00135476 (epsilon 0) found in 18 seconds ",
232,:,1737406940.000,19.000,0,92,0,0,"schlandals --timeout 600 -i /data/schlandals/pwmc_benchmarks/instances/bayesian_networks/pcnf/munin/232.cnf compile | tr '\n' ' '",/data/schlandals/pwmc_benchmarks/instances/bayesian_networks/pcnf/munin/232.cnf,"Final circuit size: 109530 Estimated probability 0.02000000 (epsilon 0) found in 18 seconds ",
233,:,1737406944.000,16.000,0,92,0,0,"schlandals --timeout 600 -i /data/schlandals/pwmc_benchmarks/instances/bayesian_networks/pcnf/munin/233.cnf compile | tr '\n' ' '",/data/schlandals/pwmc_benchmarks/instances/bayesian_networks/pcnf/munin/233.cnf,"Final circuit size: 109459 Estimated probability 0.94884009 (epsilon 0) found in 15 seconds ",
181,:,1737406813.000,148.000,0,117,0,0,"schlandals --timeout 600 -i /data/schlandals/pwmc_benchmarks/instances/bayesian_networks/pcnf/munin/181.cnf compile | tr '\n' ' '",/data/schlandals/pwmc_benchmarks/instances/bayesian_networks/pcnf/munin/181.cnf,"Final circuit size: 140071 Estimated probability 0.00671547 (epsilon 0.00000004524051222531966) found in 139 seconds ",
184,:,1737406819.000,143.000,0,118,0,0,"schlandals --timeout 600 -i /data/schlandals/pwmc_benchmarks/instances/bayesian_networks/pcnf/munin/184.cnf compile | tr '\n' ' '",/data/schlandals/pwmc_benchmarks/instances/bayesian_networks/pcnf/munin/184.cnf,"Final circuit size: 139866 Estimated probability 0.16937996 (epsilon 0.000000002858409509087778) found in 134 seconds ",
234,:,1737406948.000,14.000,0,92,0,0,"schlandals --timeout 600 -i /data/schlandals/pwmc_benchmarks/instances/bayesian_networks/pcnf/munin/234.cnf compile | tr '\n' ' '",/data/schlandals/pwmc_benchmarks/instances/bayesian_networks/pcnf/munin/234.cnf,"Final circuit size: 109459 Estimated probability 0.02088919 (epsilon 0) found in 13 seconds ",
237,:,1737406951.000,11.000,0,92,0,0,"schlandals --timeout 600 -i /data/schlandals/pwmc_benchmarks/instances/bayesian_networks/pcnf/munin/237.cnf compile | tr '\n' ' '",/data/schlandals/pwmc_benchmarks/instances/bayesian_networks/pcnf/munin/237.cnf,"Final circuit size: 109546 Estimated probability 0.94488374 (epsilon 0) found in 11 seconds ",
235,:,1737406949.000,19.000,0,92,0,0,"schlandals --timeout 600 -i /data/schlandals/pwmc_benchmarks/instances/bayesian_networks/pcnf/munin/235.cnf compile | tr '\n' ' '",/data/schlandals/pwmc_benchmarks/instances/bayesian_networks/pcnf/munin/235.cnf,"Final circuit size: 109459 Estimated probability 0.01020889 (epsilon 0) found in 17 seconds ",
236,:,1737406950.000,18.000,0,92,0,0,"schlandals --timeout 600 -i /data/schlandals/pwmc_benchmarks/instances/bayesian_networks/pcnf/munin/236.cnf compile | tr '\n' ' '",/data/schlandals/pwmc_benchmarks/instances/bayesian_networks/pcnf/munin/236.cnf,"Final circuit size: 109459 Estimated probability 0.02006183 (epsilon 0) found in 16 seconds ",
239,:,1737406955.000,14.000,0,92,0,0,"schlandals --timeout 600 -i /data/schlandals/pwmc_benchmarks/instances/bayesian_networks/pcnf/munin/239.cnf compile | tr '\n' ' '",/data/schlandals/pwmc_benchmarks/instances/bayesian_networks/pcnf/munin/239.cnf,"Final circuit size: 109506 Estimated probability 0.01098374 (epsilon 0) found in 13 seconds ",
187,:,1737406846.000,124.000,0,119,0,0,"schlandals --timeout 600 -i /data/schlandals/pwmc_benchmarks/instances/bayesian_networks/pcnf/munin/187.cnf compile | tr '\n' ' '",/data/schlandals/pwmc_benchmarks/instances/bayesian_networks/pcnf/munin/187.cnf,"Final circuit size: 139415 Estimated probability 0.13524725 (epsilon 0.0000000035797942388171577) found in 114 seconds ",
241,:,1737406960.000,11.000,0,91,0,0,"schlandals --timeout 600 -i /data/schlandals/pwmc_benchmarks/instances/bayesian_networks/pcnf/munin/241.cnf compile | tr '\n' ' '",/data/schlandals/pwmc_benchmarks/instances/bayesian_networks/pcnf/munin/241.cnf,"Final circuit size: 109481 Estimated probability 0.02002626 (epsilon 0) found in 9 seconds ",
249,:,1737406970.000,1.000,0,89,0,0,"schlandals --timeout 600 -i /data/schlandals/pwmc_benchmarks/instances/bayesian_networks/pcnf/munin/249.cnf compile | tr '\n' ' '",/data/schlandals/pwmc_benchmarks/instances/bayesian_networks/pcnf/munin/249.cnf,"Final circuit size: 8792 Estimated probability 0.90214423 (epsilon 0) found in 0 seconds ",
238,:,1737406953.000,19.000,0,92,0,0,"schlandals --timeout 600 -i /data/schlandals/pwmc_benchmarks/instances/bayesian_networks/pcnf/munin/238.cnf compile | tr '\n' ' '",/data/schlandals/pwmc_benchmarks/instances/bayesian_networks/pcnf/munin/238.cnf,"Final circuit size: 109506 Estimated probability 0.02270172 (epsilon 0) found in 17 seconds ",
250,:,1737406971.000,1.000,0,89,0,0,"schlandals --timeout 600 -i /data/schlandals/pwmc_benchmarks/instances/bayesian_networks/pcnf/munin/250.cnf compile | tr '\n' ' '",/data/schlandals/pwmc_benchmarks/instances/bayesian_networks/pcnf/munin/250.cnf,"Final circuit size: 8792 Estimated probability 0.09785577 (epsilon 0) found in 0 seconds ",
190,:,1737406851.000,121.000,0,118,0,0,"schlandals --timeout 600 -i /data/schlandals/pwmc_benchmarks/instances/bayesian_networks/pcnf/munin/190.cnf compile | tr '\n' ' '",/data/schlandals/pwmc_benchmarks/instances/bayesian_networks/pcnf/munin/190.cnf,"Final circuit size: 140089 Estimated probability 0.01191668 (epsilon 0.000000040628521880137214) found in 115 seconds ",
252,:,1737406972.000,1.000,0,86,0,0,"schlandals --timeout 600 -i /data/schlandals/pwmc_benchmarks/instances/bayesian_networks/pcnf/munin/252.cnf compile | tr '\n' ' '",/data/schlandals/pwmc_benchmarks/instances/bayesian_networks/pcnf/munin/252.cnf,"Final circuit size: 0 Estimated probability 0.00000000 (epsilon 0) found in 1 seconds ",
251,:,1737406971.000,2.000,0,86,0,0,"schlandals --timeout 600 -i /data/schlandals/pwmc_benchmarks/instances/bayesian_networks/pcnf/munin/251.cnf compile | tr '\n' ' '",/data/schlandals/pwmc_benchmarks/instances/bayesian_networks/pcnf/munin/251.cnf,"Final circuit size: 0 Estimated probability 0.00000000 (epsilon 0) found in 1 seconds ",
253,:,1737406972.000,2.000,0,86,0,0,"schlandals --timeout 600 -i /data/schlandals/pwmc_benchmarks/instances/bayesian_networks/pcnf/munin/253.cnf compile | tr '\n' ' '",/data/schlandals/pwmc_benchmarks/instances/bayesian_networks/pcnf/munin/253.cnf,"Final circuit size: 0 Estimated probability 0.00000000 (epsilon 0) found in 1 seconds ",
254,:,1737406972.000,3.000,0,86,0,0,"schlandals --timeout 600 -i /data/schlandals/pwmc_benchmarks/instances/bayesian_networks/pcnf/munin/254.cnf compile | tr '\n' ' '",/data/schlandals/pwmc_benchmarks/instances/bayesian_networks/pcnf/munin/254.cnf,"Final circuit size: 0 Estimated probability 0.00000000 (epsilon 0) found in 1 seconds ",
189,:,1737406849.000,126.000,0,117,0,0,"schlandals --timeout 600 -i /data/schlandals/pwmc_benchmarks/instances/bayesian_networks/pcnf/munin/189.cnf compile | tr '\n' ' '",/data/schlandals/pwmc_benchmarks/instances/bayesian_networks/pcnf/munin/189.cnf,"Final circuit size: 139135 Estimated probability 0.02269975 (epsilon 0.00000002132874832305731) found in 119 seconds ",
200,:,1737406866.000,110.000,0,93,0,0,"schlandals --timeout 600 -i /data/schlandals/pwmc_benchmarks/instances/bayesian_networks/pcnf/munin/200.cnf compile | tr '\n' ' '",/data/schlandals/pwmc_benchmarks/instances/bayesian_networks/pcnf/munin/200.cnf,"Final circuit size: 139405 Estimated probability 0.15296249 (epsilon 0) found in 104 seconds ",
240,:,1737406959.000,20.000,0,92,0,0,"schlandals --timeout 600 -i /data/schlandals/pwmc_benchmarks/instances/bayesian_networks/pcnf/munin/240.cnf compile | tr '\n' ' '",/data/schlandals/pwmc_benchmarks/instances/bayesian_networks/pcnf/munin/240.cnf,"Final circuit size: 109354 Estimated probability 0.00140455 (epsilon 0) found in 18 seconds ",
194,:,1737406856.000,123.000,0,117,0,0,"schlandals --timeout 600 -i /data/schlandals/pwmc_benchmarks/instances/bayesian_networks/pcnf/munin/194.cnf compile | tr '\n' ' '",/data/schlandals/pwmc_benchmarks/instances/bayesian_networks/pcnf/munin/194.cnf,"Final circuit size: 139538 Estimated probability 0.00128656 (epsilon 0.00000032373601532853513) found in 113 seconds ",
242,:,1737406961.000,19.000,0,92,0,0,"schlandals --timeout 600 -i /data/schlandals/pwmc_benchmarks/instances/bayesian_networks/pcnf/munin/242.cnf compile | tr '\n' ' '",/data/schlandals/pwmc_benchmarks/instances/bayesian_networks/pcnf/munin/242.cnf,"Final circuit size: 109567 Estimated probability 0.94495986 (epsilon 0) found in 17 seconds ",
263,:,1737406980.000,0.000,0,89,0,0,"schlandals --timeout 600 -i /data/schlandals/pwmc_benchmarks/instances/bayesian_networks/pcnf/munin/263.cnf compile | tr '\n' ' '",/data/schlandals/pwmc_benchmarks/instances/bayesian_networks/pcnf/munin/263.cnf,"Final circuit size: 1596 Estimated probability 0.50000000 (epsilon 0) found in 0 seconds ",
243,:,1737406962.000,18.000,0,92,0,0,"schlandals --timeout 600 -i /data/schlandals/pwmc_benchmarks/instances/bayesian_networks/pcnf/munin/243.cnf compile | tr '\n' ' '",/data/schlandals/pwmc_benchmarks/instances/bayesian_networks/pcnf/munin/243.cnf,"Final circuit size: 109498 Estimated probability 0.05303328 (epsilon 0) found in 16 seconds ",
264,:,1737406980.000,0.000,0,89,0,0,"schlandals --timeout 600 -i /data/schlandals/pwmc_benchmarks/instances/bayesian_networks/pcnf/munin/264.cnf compile | tr '\n' ' '",/data/schlandals/pwmc_benchmarks/instances/bayesian_networks/pcnf/munin/264.cnf,"Final circuit size: 1596 Estimated probability 0.50000000 (epsilon 0) found in 0 seconds ",
245,:,1737406962.000,19.000,0,92,0,0,"schlandals --timeout 600 -i /data/schlandals/pwmc_benchmarks/instances/bayesian_networks/pcnf/munin/245.cnf compile | tr '\n' ' '",/data/schlandals/pwmc_benchmarks/instances/bayesian_networks/pcnf/munin/245.cnf,"Final circuit size: 101940 Estimated probability 0.00048585 (epsilon 0) found in 16 seconds ",
266,:,1737406980.000,1.000,0,89,0,0,"schlandals --timeout 600 -i /data/schlandals/pwmc_benchmarks/instances/bayesian_networks/pcnf/munin/266.cnf compile | tr '\n' ' '",/data/schlandals/pwmc_benchmarks/instances/bayesian_networks/pcnf/munin/266.cnf,"Final circuit size: 1596 Estimated probability 0.50000000 (epsilon 0) found in 0 seconds ",
265,:,1737406980.000,1.000,0,89,0,0,"schlandals --timeout 600 -i /data/schlandals/pwmc_benchmarks/instances/bayesian_networks/pcnf/munin/265.cnf compile | tr '\n' ' '",/data/schlandals/pwmc_benchmarks/instances/bayesian_networks/pcnf/munin/265.cnf,"Final circuit size: 1596 Estimated probability 0.50000000 (epsilon 0) found in 0 seconds ",
267,:,1737406981.000,0.000,0,89,0,0,"schlandals --timeout 600 -i /data/schlandals/pwmc_benchmarks/instances/bayesian_networks/pcnf/munin/267.cnf compile | tr '\n' ' '",/data/schlandals/pwmc_benchmarks/instances/bayesian_networks/pcnf/munin/267.cnf,"Final circuit size: 1596 Estimated probability 0.50000000 (epsilon 0) found in 0 seconds ",
268,:,1737406981.000,0.000,0,89,0,0,"schlandals --timeout 600 -i /data/schlandals/pwmc_benchmarks/instances/bayesian_networks/pcnf/munin/268.cnf compile | tr '\n' ' '",/data/schlandals/pwmc_benchmarks/instances/bayesian_networks/pcnf/munin/268.cnf,"Final circuit size: 1596 Estimated probability 0.50000000 (epsilon 0) found in 0 seconds ",
244,:,1737406962.000,20.000,0,92,0,0,"schlandals --timeout 600 -i /data/schlandals/pwmc_benchmarks/instances/bayesian_networks/pcnf/munin/244.cnf compile | tr '\n' ' '",/data/schlandals/pwmc_benchmarks/instances/bayesian_networks/pcnf/munin/244.cnf,"Final circuit size: 101940 Estimated probability 0.00152102 (epsilon 0) found in 17 seconds ",
246,:,1737406968.000,18.000,0,92,0,0,"schlandals --timeout 600 -i /data/schlandals/pwmc_benchmarks/instances/bayesian_networks/pcnf/munin/246.cnf compile | tr '\n' ' '",/data/schlandals/pwmc_benchmarks/instances/bayesian_networks/pcnf/munin/246.cnf,"Final circuit size: 210188 Estimated probability 0.89812571 (epsilon 0) found in 16 seconds ",
248,:,1737406969.000,18.000,0,92,0,0,"schlandals --timeout 600 -i /data/schlandals/pwmc_benchmarks/instances/bayesian_networks/pcnf/munin/248.cnf compile | tr '\n' ' '",/data/schlandals/pwmc_benchmarks/instances/bayesian_networks/pcnf/munin/248.cnf,"Final circuit size: 207667 Estimated probability 0.01702526 (epsilon 0) found in 16 seconds ",
49,:,1737406693.000,295.000,0,116,0,0,"schlandals --timeout 600 -i /data/schlandals/pwmc_benchmarks/instances/bayesian_networks/pcnf/munin/49.cnf compile | tr '\n' ' '",/data/schlandals/pwmc_benchmarks/instances/bayesian_networks/pcnf/munin/49.cnf,"Final circuit size: 32322 Estimated probability 0.00047096 (epsilon 0.00000011878380989926995) found in 195 seconds ",
198,:,1737406862.000,129.000,0,93,0,0,"schlandals --timeout 600 -i /data/schlandals/pwmc_benchmarks/instances/bayesian_networks/pcnf/munin/198.cnf compile | tr '\n' ' '",/data/schlandals/pwmc_benchmarks/instances/bayesian_networks/pcnf/munin/198.cnf,"Final circuit size: 139687 Estimated probability 0.11334880 (epsilon 0) found in 121 seconds ",
191,:,1737406852.000,139.000,0,117,0,0,"schlandals --timeout 600 -i /data/schlandals/pwmc_benchmarks/instances/bayesian_networks/pcnf/munin/191.cnf compile | tr '\n' ' '",/data/schlandals/pwmc_benchmarks/instances/bayesian_networks/pcnf/munin/191.cnf,"Final circuit size: 139476 Estimated probability 0.00702396 (epsilon 0.00000005929773005952654) found in 131 seconds ",
199,:,1737406865.000,129.000,0,93,0,0,"schlandals --timeout 600 -i /data/schlandals/pwmc_benchmarks/instances/bayesian_networks/pcnf/munin/199.cnf compile | tr '\n' ' '",/data/schlandals/pwmc_benchmarks/instances/bayesian_networks/pcnf/munin/199.cnf,"Final circuit size: 139647 Estimated probability 0.73368871 (epsilon 0) found in 121 seconds ",
247,:,1737406968.000,27.000,0,92,0,0,"schlandals --timeout 600 -i /data/schlandals/pwmc_benchmarks/instances/bayesian_networks/pcnf/munin/247.cnf compile | tr '\n' ' '",/data/schlandals/pwmc_benchmarks/instances/bayesian_networks/pcnf/munin/247.cnf,"Final circuit size: 210188 Estimated probability 0.08484903 (epsilon 0) found in 24 seconds ",
195,:,1737406856.000,139.000,0,116,0,0,"schlandals --timeout 600 -i /data/schlandals/pwmc_benchmarks/instances/bayesian_networks/pcnf/munin/195.cnf compile | tr '\n' ' '",/data/schlandals/pwmc_benchmarks/instances/bayesian_networks/pcnf/munin/195.cnf,"Final circuit size: 139528 Estimated probability 0.00068098 (epsilon 0.0000002589118410778468) found in 131 seconds ",
192,:,1737406853.000,143.000,0,117,0,0,"schlandals --timeout 600 -i /data/schlandals/pwmc_benchmarks/instances/bayesian_networks/pcnf/munin/192.cnf compile | tr '\n' ' '",/data/schlandals/pwmc_benchmarks/instances/bayesian_networks/pcnf/munin/192.cnf,"Final circuit size: 139627 Estimated probability 0.00397820 (epsilon 0.00000010469683431324484) found in 133 seconds ",
193,:,1737406855.000,144.000,0,117,0,0,"schlandals --timeout 600 -i /data/schlandals/pwmc_benchmarks/instances/bayesian_networks/pcnf/munin/193.cnf compile | tr '\n' ' '",/data/schlandals/pwmc_benchmarks/instances/bayesian_networks/pcnf/munin/193.cnf,"Final circuit size: 139755 Estimated probability 0.00225741 (epsilon 0.00000018450555061555463) found in 134 seconds ",
202,:,1737406868.000,132.000,0,93,0,0,"schlandals --timeout 600 -i /data/schlandals/pwmc_benchmarks/instances/bayesian_networks/pcnf/munin/202.cnf compile | tr '\n' ' '",/data/schlandals/pwmc_benchmarks/instances/bayesian_networks/pcnf/munin/202.cnf,"Final circuit size: 136435 Estimated probability 0.18879426 (epsilon 0) found in 125 seconds ",
201,:,1737406867.000,134.000,0,93,0,0,"schlandals --timeout 600 -i /data/schlandals/pwmc_benchmarks/instances/bayesian_networks/pcnf/munin/201.cnf compile | tr '\n' ' '",/data/schlandals/pwmc_benchmarks/instances/bayesian_networks/pcnf/munin/201.cnf,"Final circuit size: 136435 Estimated probability 0.81120574 (epsilon 0) found in 126 seconds ",
275,:,1737406988.000,41.000,0,117,0,0,"schlandals --timeout 600 -i /data/schlandals/pwmc_benchmarks/instances/bayesian_networks/pcnf/munin/275.cnf compile | tr '\n' ' '",/data/schlandals/pwmc_benchmarks/instances/bayesian_networks/pcnf/munin/275.cnf,"Final circuit size: 34520 Estimated probability 0.11213438 (epsilon 0.0000000030641487125393496) found in 29 seconds ",
259,:,1737406975.000,70.000,0,92,0,0,"schlandals --timeout 600 -i /data/schlandals/pwmc_benchmarks/instances/bayesian_networks/pcnf/munin/259.cnf compile | tr '\n' ' '",/data/schlandals/pwmc_benchmarks/instances/bayesian_networks/pcnf/munin/259.cnf,"Final circuit size: 412489 Estimated probability 0.98606773 (epsilon 0) found in 66 seconds ",
256,:,1737406973.000,74.000,0,92,0,0,"schlandals --timeout 600 -i /data/schlandals/pwmc_benchmarks/instances/bayesian_networks/pcnf/munin/256.cnf compile | tr '\n' ' '",/data/schlandals/pwmc_benchmarks/instances/bayesian_networks/pcnf/munin/256.cnf,"Final circuit size: 415627 Estimated probability 0.08169830 (epsilon 0) found in 70 seconds ",
262,:,1737406979.000,69.000,0,92,0,0,"schlandals --timeout 600 -i /data/schlandals/pwmc_benchmarks/instances/bayesian_networks/pcnf/munin/262.cnf compile | tr '\n' ' '",/data/schlandals/pwmc_benchmarks/instances/bayesian_networks/pcnf/munin/262.cnf,"Final circuit size: 412733 Estimated probability 0.13554716 (epsilon 0) found in 66 seconds ",
272,:,1737406982.000,70.000,0,115,0,0,"schlandals --timeout 600 -i /data/schlandals/pwmc_benchmarks/instances/bayesian_networks/pcnf/munin/272.cnf compile | tr '\n' ' '",/data/schlandals/pwmc_benchmarks/instances/bayesian_networks/pcnf/munin/272.cnf,"Final circuit size: 31745 Estimated probability 0.00264462 (epsilon 0.00000001845519559395825) found in 51 seconds ",
271,:,1737406981.000,73.000,0,116,0,0,"schlandals --timeout 600 -i /data/schlandals/pwmc_benchmarks/instances/bayesian_networks/pcnf/munin/271.cnf compile | tr '\n' ' '",/data/schlandals/pwmc_benchmarks/instances/bayesian_networks/pcnf/munin/271.cnf,"Final circuit size: 29726 Estimated probability 0.00204128 (epsilon 0.000000008183767663538788) found in 54 seconds ",
270,:,1737406981.000,74.000,0,116,0,0,"schlandals --timeout 600 -i /data/schlandals/pwmc_benchmarks/instances/bayesian_networks/pcnf/munin/270.cnf compile | tr '\n' ' '",/data/schlandals/pwmc_benchmarks/instances/bayesian_networks/pcnf/munin/270.cnf,"Final circuit size: 24482 Estimated probability 0.00133438 (epsilon 0.000000007321282247119143) found in 52 seconds ",
273,:,1737406986.000,70.000,0,115,0,0,"schlandals --timeout 600 -i /data/schlandals/pwmc_benchmarks/instances/bayesian_networks/pcnf/munin/273.cnf compile | tr '\n' ' '",/data/schlandals/pwmc_benchmarks/instances/bayesian_networks/pcnf/munin/273.cnf,"Final circuit size: 33989 Estimated probability 0.00875773 (epsilon 0.00000003046795149508341) found in 51 seconds ",
274,:,1737406987.000,72.000,0,115,0,0,"schlandals --timeout 600 -i /data/schlandals/pwmc_benchmarks/instances/bayesian_networks/pcnf/munin/274.cnf compile | tr '\n' ' '",/data/schlandals/pwmc_benchmarks/instances/bayesian_networks/pcnf/munin/274.cnf,"Final circuit size: 34552 Estimated probability 0.01651077 (epsilon 0.00000001616097677903383) found in 52 seconds ",
258,:,1737406975.000,85.000,0,92,0,0,"schlandals --timeout 600 -i /data/schlandals/pwmc_benchmarks/instances/bayesian_networks/pcnf/munin/258.cnf compile | tr '\n' ' '",/data/schlandals/pwmc_benchmarks/instances/bayesian_networks/pcnf/munin/258.cnf,"Final circuit size: 403874 Estimated probability 0.01433567 (epsilon 0) found in 82 seconds ",
260,:,1737406976.000,85.000,0,92,0,0,"schlandals --timeout 600 -i /data/schlandals/pwmc_benchmarks/instances/bayesian_networks/pcnf/munin/260.cnf compile | tr '\n' ' '",/data/schlandals/pwmc_benchmarks/instances/bayesian_networks/pcnf/munin/260.cnf,"Final circuit size: 412489 Estimated probability 0.01393227 (epsilon 0) found in 81 seconds ",
276,:,1737406991.000,71.000,0,117,0,0,"schlandals --timeout 600 -i /data/schlandals/pwmc_benchmarks/instances/bayesian_networks/pcnf/munin/276.cnf compile | tr '\n' ' '",/data/schlandals/pwmc_benchmarks/instances/bayesian_networks/pcnf/munin/276.cnf,"Final circuit size: 34305 Estimated probability 0.37152209 (epsilon 0.0000000009248344312595691) found in 52 seconds ",
277,:,1737406991.000,71.000,0,117,0,0,"schlandals --timeout 600 -i /data/schlandals/pwmc_benchmarks/instances/bayesian_networks/pcnf/munin/277.cnf compile | tr '\n' ' '",/data/schlandals/pwmc_benchmarks/instances/bayesian_networks/pcnf/munin/277.cnf,"Final circuit size: 33952 Estimated probability 0.32753772 (epsilon 0.0000000010490286417308425) found in 51 seconds ",
257,:,1737406974.000,89.000,0,92,0,0,"schlandals --timeout 600 -i /data/schlandals/pwmc_benchmarks/instances/bayesian_networks/pcnf/munin/257.cnf compile | tr '\n' ' '",/data/schlandals/pwmc_benchmarks/instances/bayesian_networks/pcnf/munin/257.cnf,"Final circuit size: 412785 Estimated probability 0.04404146 (epsilon 0) found in 85 seconds ",
278,:,1737406994.000,69.000,0,116,0,0,"schlandals --timeout 600 -i /data/schlandals/pwmc_benchmarks/instances/bayesian_networks/pcnf/munin/278.cnf compile | tr '\n' ' '",/data/schlandals/pwmc_benchmarks/instances/bayesian_networks/pcnf/munin/278.cnf,"Final circuit size: 34310 Estimated probability 0.12262869 (epsilon 0.000000002801925358397739) found in 51 seconds ",
261,:,1737406979.000,84.000,0,92,0,0,"schlandals --timeout 600 -i /data/schlandals/pwmc_benchmarks/instances/bayesian_networks/pcnf/munin/261.cnf compile | tr '\n' ' '",/data/schlandals/pwmc_benchmarks/instances/bayesian_networks/pcnf/munin/261.cnf,"Final circuit size: 412733 Estimated probability 0.86445284 (epsilon 0) found in 81 seconds ",
279,:,1737406995.000,70.000,0,116,0,0,"schlandals --timeout 600 -i /data/schlandals/pwmc_benchmarks/instances/bayesian_networks/pcnf/munin/279.cnf compile | tr '\n' ' '",/data/schlandals/pwmc_benchmarks/instances/bayesian_networks/pcnf/munin/279.cnf,"Final circuit size: 33501 Estimated probability 0.03047619 (epsilon 0.000000011046674019965508) found in 51 seconds ",
280,:,1737406995.000,70.000,0,115,0,0,"schlandals --timeout 600 -i /data/schlandals/pwmc_benchmarks/instances/bayesian_networks/pcnf/munin/280.cnf compile | tr '\n' ' '",/data/schlandals/pwmc_benchmarks/instances/bayesian_networks/pcnf/munin/280.cnf,"Final circuit size: 32667 Estimated probability 0.00246406 (epsilon 0.00000004342031156845394) found in 51 seconds ",
302,:,1737407065.000,2.000,0,89,0,0,"schlandals --timeout 600 -i /data/schlandals/pwmc_benchmarks/instances/bayesian_networks/pcnf/munin/302.cnf compile | tr '\n' ' '",/data/schlandals/pwmc_benchmarks/instances/bayesian_networks/pcnf/munin/302.cnf,"Final circuit size: 1214 Estimated probability 0.00009801 (epsilon 0) found in 0 seconds ",
303,:,1737407067.000,1.000,0,89,0,0,"schlandals --timeout 600 -i /data/schlandals/pwmc_benchmarks/instances/bayesian_networks/pcnf/munin/303.cnf compile | tr '\n' ' '",/data/schlandals/pwmc_benchmarks/instances/bayesian_networks/pcnf/munin/303.cnf,"Final circuit size: 1623 Estimated probability 0.00143976 (epsilon 0) found in 0 seconds ",
14,:,1737406693.000,376.000,0,114,0,0,"schlandals --timeout 600 -i /data/schlandals/pwmc_benchmarks/instances/bayesian_networks/pcnf/munin/14.cnf compile | tr '\n' ' '",/data/schlandals/pwmc_benchmarks/instances/bayesian_networks/pcnf/munin/14.cnf,"Final circuit size: 9212 Estimated probability 0.00001482 (epsilon 0.0000012220212493030402) found in 217 seconds ",
304,:,1737407068.000,2.000,0,115,0,0,"schlandals --timeout 600 -i /data/schlandals/pwmc_benchmarks/instances/bayesian_networks/pcnf/munin/304.cnf compile | tr '\n' ' '",/data/schlandals/pwmc_benchmarks/instances/bayesian_networks/pcnf/munin/304.cnf,"Final circuit size: 1770 Estimated probability 0.09409818 (epsilon 0.0000000017279311315121504) found in 1 seconds ",
301,:,1737407065.000,5.000,0,88,0,0,"schlandals --timeout 600 -i /data/schlandals/pwmc_benchmarks/instances/bayesian_networks/pcnf/munin/301.cnf compile | tr '\n' ' '",/data/schlandals/pwmc_benchmarks/instances/bayesian_networks/pcnf/munin/301.cnf,"Final circuit size: 535 Estimated probability 0.00001812 (epsilon 0) found in 3 seconds ",
305,:,1737407069.000,1.000,0,115,0,0,"schlandals --timeout 600 -i /data/schlandals/pwmc_benchmarks/instances/bayesian_networks/pcnf/munin/305.cnf compile | tr '\n' ' '",/data/schlandals/pwmc_benchmarks/instances/bayesian_networks/pcnf/munin/305.cnf,"Final circuit size: 1831 Estimated probability 0.42413788 (epsilon 0.0000000003887796751200767) found in 0 seconds ",
306,:,1737407070.000,1.000,0,115,0,0,"schlandals --timeout 600 -i /data/schlandals/pwmc_benchmarks/instances/bayesian_networks/pcnf/munin/306.cnf compile | tr '\n' ' '",/data/schlandals/pwmc_benchmarks/instances/bayesian_networks/pcnf/munin/306.cnf,"Final circuit size: 1735 Estimated probability 0.34405241 (epsilon 0.0000000004792763963479274) found in 0 seconds ",
307,:,1737407070.000,1.000,0,115,0,0,"schlandals --timeout 600 -i /data/schlandals/pwmc_benchmarks/instances/bayesian_networks/pcnf/munin/307.cnf compile | tr '\n' ' '",/data/schlandals/pwmc_benchmarks/instances/bayesian_networks/pcnf/munin/307.cnf,"Final circuit size: 1680 Estimated probability 0.10035092 (epsilon 0.0000000016431953575590796) found in 0 seconds ",
308,:,1737407070.000,1.000,0,114,0,0,"schlandals --timeout 600 -i /data/schlandals/pwmc_benchmarks/instances/bayesian_networks/pcnf/munin/308.cnf compile | tr '\n' ' '",/data/schlandals/pwmc_benchmarks/instances/bayesian_networks/pcnf/munin/308.cnf,"Final circuit size: 1773 Estimated probability 0.02302651 (epsilon 0.000000007161145232359445) found in 0 seconds ",
309,:,1737407071.000,1.000,0,114,0,0,"schlandals --timeout 600 -i /data/schlandals/pwmc_benchmarks/instances/bayesian_networks/pcnf/munin/309.cnf compile | tr '\n' ' '",/data/schlandals/pwmc_benchmarks/instances/bayesian_networks/pcnf/munin/309.cnf,"Final circuit size: 1657 Estimated probability 0.00679683 (epsilon 0.000000024260743414217245) found in 0 seconds ",
310,:,1737407071.000,2.000,0,114,0,0,"schlandals --timeout 600 -i /data/schlandals/pwmc_benchmarks/instances/bayesian_networks/pcnf/munin/310.cnf compile | tr '\n' ' '",/data/schlandals/pwmc_benchmarks/instances/bayesian_networks/pcnf/munin/310.cnf,"Final circuit size: 1524 Estimated probability 0.00342551 (epsilon 0.000000048137630548339416) found in 0 seconds ",
311,:,1737407071.000,2.000,0,113,0,0,"schlandals --timeout 600 -i /data/schlandals/pwmc_benchmarks/instances/bayesian_networks/pcnf/munin/311.cnf compile | tr '\n' ' '",/data/schlandals/pwmc_benchmarks/instances/bayesian_networks/pcnf/munin/311.cnf,"Final circuit size: 1472 Estimated probability 0.00186669 (epsilon 0.00000008833624431936471) found in 0 seconds ",
312,:,1737407072.000,2.000,0,114,0,0,"schlandals --timeout 600 -i /data/schlandals/pwmc_benchmarks/instances/bayesian_networks/pcnf/munin/312.cnf compile | tr '\n' ' '",/data/schlandals/pwmc_benchmarks/instances/bayesian_networks/pcnf/munin/312.cnf,"Final circuit size: 1360 Estimated probability 0.00068919 (epsilon 0.000000004864303848606255) found in 0 seconds ",
285,:,1737407029.000,127.000,0,116,0,0,"schlandals --timeout 600 -i /data/schlandals/pwmc_benchmarks/instances/bayesian_networks/pcnf/munin/285.cnf compile | tr '\n' ' '",/data/schlandals/pwmc_benchmarks/instances/bayesian_networks/pcnf/munin/285.cnf,"Final circuit size: 43100 Estimated probability 0.00400728 (epsilon 0.000000020549649093482003) found in 88 seconds ",
287,:,1737407047.000,136.000,0,115,0,0,"schlandals --timeout 600 -i /data/schlandals/pwmc_benchmarks/instances/bayesian_networks/pcnf/munin/287.cnf compile | tr '\n' ' '",/data/schlandals/pwmc_benchmarks/instances/bayesian_networks/pcnf/munin/287.cnf,"Final circuit size: 43269 Estimated probability 0.00271596 (epsilon 0.00000003032017836801515) found in 95 seconds ",
292,:,1737407056.000,129.000,0,115,0,0,"schlandals --timeout 600 -i /data/schlandals/pwmc_benchmarks/instances/bayesian_networks/pcnf/munin/292.cnf compile | tr '\n' ' '",/data/schlandals/pwmc_benchmarks/instances/bayesian_networks/pcnf/munin/292.cnf,"Final circuit size: 42888 Estimated probability 0.01094498 (epsilon 0.00000042950976597566637) found in 89 seconds ",
286,:,1737407045.000,141.000,0,116,0,0,"schlandals --timeout 600 -i /data/schlandals/pwmc_benchmarks/instances/bayesian_networks/pcnf/munin/286.cnf compile | tr '\n' ' '",/data/schlandals/pwmc_benchmarks/instances/bayesian_networks/pcnf/munin/286.cnf,"Final circuit size: 42852 Estimated probability 0.00343517 (epsilon 0.00000002397212361948675) found in 101 seconds ",
317,:,1737407183.000,4.000,0,114,0,0,"schlandals --timeout 600 -i /data/schlandals/pwmc_benchmarks/instances/bayesian_networks/pcnf/munin/317.cnf compile | tr '\n' ' '",/data/schlandals/pwmc_benchmarks/instances/bayesian_networks/pcnf/munin/317.cnf,"Final circuit size: 9979 Estimated probability 0.00128217 (epsilon 0.000000025691834659724577) found in 2 seconds ",
318,:,1737407185.000,5.000,0,114,0,0,"schlandals --timeout 600 -i /data/schlandals/pwmc_benchmarks/instances/bayesian_networks/pcnf/munin/318.cnf compile | tr '\n' ' '",/data/schlandals/pwmc_benchmarks/instances/bayesian_networks/pcnf/munin/318.cnf,"Final circuit size: 10101 Estimated probability 0.00124232 (epsilon 0.00000002651589992019865) found in 3 seconds ",
320,:,1737407187.000,4.000,0,114,0,0,"schlandals --timeout 600 -i /data/schlandals/pwmc_benchmarks/instances/bayesian_networks/pcnf/munin/320.cnf compile | tr '\n' ' '",/data/schlandals/pwmc_benchmarks/instances/bayesian_networks/pcnf/munin/320.cnf,"Final circuit size: 10329 Estimated probability 0.00154640 (epsilon 0.00000010388131221894525) found in 3 seconds ",
295,:,1737407061.000,131.000,0,116,0,0,"schlandals --timeout 600 -i /data/schlandals/pwmc_benchmarks/instances/bayesian_networks/pcnf/munin/295.cnf compile | tr '\n' ' '",/data/schlandals/pwmc_benchmarks/instances/bayesian_networks/pcnf/munin/295.cnf,"Final circuit size: 42951 Estimated probability 0.13757367 (epsilon 0.000000034170612783768206) found in 90 seconds ",
319,:,1737407186.000,7.000,0,113,0,0,"schlandals --timeout 600 -i /data/schlandals/pwmc_benchmarks/instances/bayesian_networks/pcnf/munin/319.cnf compile | tr '\n' ' '",/data/schlandals/pwmc_benchmarks/instances/bayesian_networks/pcnf/munin/319.cnf,"Final circuit size: 10047 Estimated probability 0.00132358 (epsilon 0.0000000374645612311042) found in 5 seconds ",
321,:,1737407190.000,5.000,0,114,0,0,"schlandals --timeout 600 -i /data/schlandals/pwmc_benchmarks/instances/bayesian_networks/pcnf/munin/321.cnf compile | tr '\n' ' '",/data/schlandals/pwmc_benchmarks/instances/bayesian_networks/pcnf/munin/321.cnf,"Final circuit size: 10125 Estimated probability 0.00194372 (epsilon 0.00000008264644635325169) found in 3 seconds ",
322,:,1737407191.000,4.000,0,114,0,0,"schlandals --timeout 600 -i /data/schlandals/pwmc_benchmarks/instances/bayesian_networks/pcnf/munin/322.cnf compile | tr '\n' ' '",/data/schlandals/pwmc_benchmarks/instances/bayesian_networks/pcnf/munin/322.cnf,"Final circuit size: 10128 Estimated probability 0.00362106 (epsilon 0.00000017058002033110142) found in 3 seconds ",
323,:,1737407192.000,5.000,0,114,0,0,"schlandals --timeout 600 -i /data/schlandals/pwmc_benchmarks/instances/bayesian_networks/pcnf/munin/323.cnf compile | tr '\n' ' '",/data/schlandals/pwmc_benchmarks/instances/bayesian_networks/pcnf/munin/323.cnf,"Final circuit size: 10276 Estimated probability 0.00715175 (epsilon 0.00000008636782444781943) found in 4 seconds ",
324,:,1737407193.000,7.000,0,114,0,0,"schlandals --timeout 600 -i /data/schlandals/pwmc_benchmarks/instances/bayesian_networks/pcnf/munin/324.cnf compile | tr '\n' ' '",/data/schlandals/pwmc_benchmarks/instances/bayesian_networks/pcnf/munin/324.cnf,"Final circuit size: 10225 Estimated probability 0.01436789 (epsilon 0.00000004299037925648008) found in 5 seconds ",
325,:,1737407195.000,6.000,0,114,0,0,"schlandals --timeout 600 -i /data/schlandals/pwmc_benchmarks/instances/bayesian_networks/pcnf/munin/325.cnf compile | tr '\n' ' '",/data/schlandals/pwmc_benchmarks/instances/bayesian_networks/pcnf/munin/325.cnf,"Final circuit size: 10194 Estimated probability 0.04287897 (epsilon 0.00000001440522323647997) found in 4 seconds ",
327,:,1737407197.000,4.000,0,116,0,0,"schlandals --timeout 600 -i /data/schlandals/pwmc_benchmarks/instances/bayesian_networks/pcnf/munin/327.cnf compile | tr '\n' ' '",/data/schlandals/pwmc_benchmarks/instances/bayesian_networks/pcnf/munin/327.cnf,"Final circuit size: 10143 Estimated probability 0.20584522 (epsilon 0.0000000029244748844803325) found in 3 seconds ",
326,:,1737407195.000,7.000,0,114,0,0,"schlandals --timeout 600 -i /data/schlandals/pwmc_benchmarks/instances/bayesian_networks/pcnf/munin/326.cnf compile | tr '\n' ' '",/data/schlandals/pwmc_benchmarks/instances/bayesian_networks/pcnf/munin/326.cnf,"Final circuit size: 10144 Estimated probability 0.10302540 (epsilon 0.00000000584311421469863) found in 5 seconds ",
329,:,1737407201.000,5.000,0,115,0,0,"schlandals --timeout 600 -i /data/schlandals/pwmc_benchmarks/instances/bayesian_networks/pcnf/munin/329.cnf compile | tr '\n' ' '",/data/schlandals/pwmc_benchmarks/instances/bayesian_networks/pcnf/munin/329.cnf,"Final circuit size: 10193 Estimated probability 0.20223135 (epsilon 0.000000002894423367649779) found in 4 seconds ",
328,:,1737407200.000,8.000,0,115,0,0,"schlandals --timeout 600 -i /data/schlandals/pwmc_benchmarks/instances/bayesian_networks/pcnf/munin/328.cnf compile | tr '\n' ' '",/data/schlandals/pwmc_benchmarks/instances/bayesian_networks/pcnf/munin/328.cnf,"Final circuit size: 10267 Estimated probability 0.24744940 (epsilon 0.000000002432776868843689) found in 6 seconds ",
330,:,1737407201.000,7.000,0,115,0,0,"schlandals --timeout 600 -i /data/schlandals/pwmc_benchmarks/instances/bayesian_networks/pcnf/munin/330.cnf compile | tr '\n' ' '",/data/schlandals/pwmc_benchmarks/instances/bayesian_networks/pcnf/munin/330.cnf,"Final circuit size: 10179 Estimated probability 0.10043013 (epsilon 0.000000005828362015236621) found in 5 seconds ",
331,:,1737407202.000,6.000,0,115,0,0,"schlandals --timeout 600 -i /data/schlandals/pwmc_benchmarks/instances/bayesian_networks/pcnf/munin/331.cnf compile | tr '\n' ' '",/data/schlandals/pwmc_benchmarks/instances/bayesian_networks/pcnf/munin/331.cnf,"Final circuit size: 10046 Estimated probability 0.04092602 (epsilon 0.000000014302470985327886) found in 5 seconds ",
332,:,1737407206.000,4.000,0,114,0,0,"schlandals --timeout 600 -i /data/schlandals/pwmc_benchmarks/instances/bayesian_networks/pcnf/munin/332.cnf compile | tr '\n' ' '",/data/schlandals/pwmc_benchmarks/instances/bayesian_networks/pcnf/munin/332.cnf,"Final circuit size: 10051 Estimated probability 0.01476974 (epsilon 0.00000003211219135046406) found in 3 seconds ",
288,:,1737407048.000,164.000,0,116,0,0,"schlandals --timeout 600 -i /data/schlandals/pwmc_benchmarks/instances/bayesian_networks/pcnf/munin/288.cnf compile | tr '\n' ' '",/data/schlandals/pwmc_benchmarks/instances/bayesian_networks/pcnf/munin/288.cnf,"Final circuit size: 42960 Estimated probability 0.00273356 (epsilon 0.00000003012492011400525) found in 119 seconds ",
335,:,1737407208.000,7.000,0,115,0,0,"schlandals --timeout 600 -i /data/schlandals/pwmc_benchmarks/instances/bayesian_networks/pcnf/munin/335.cnf compile | tr '\n' ' '",/data/schlandals/pwmc_benchmarks/instances/bayesian_networks/pcnf/munin/335.cnf,"Final circuit size: 25540 Estimated probability 0.00815897 (epsilon 0.000000029121635991558037) found in 5 seconds ",
333,:,1737407208.000,7.000,0,90,0,0,"schlandals --timeout 600 -i /data/schlandals/pwmc_benchmarks/instances/bayesian_networks/pcnf/munin/333.cnf compile | tr '\n' ' '",/data/schlandals/pwmc_benchmarks/instances/bayesian_networks/pcnf/munin/333.cnf,"Final circuit size: 25635 Estimated probability 0.01379442 (epsilon 0) found in 6 seconds ",
334,:,1737407208.000,10.000,0,115,0,0,"schlandals --timeout 600 -i /data/schlandals/pwmc_benchmarks/instances/bayesian_networks/pcnf/munin/334.cnf compile | tr '\n' ' '",/data/schlandals/pwmc_benchmarks/instances/bayesian_networks/pcnf/munin/334.cnf,"Final circuit size: 25475 Estimated probability 0.00891710 (epsilon 0.000000026645727180252265) found in 8 seconds ",
337,:,1737407212.000,6.000,0,113,0,0,"schlandals --timeout 600 -i /data/schlandals/pwmc_benchmarks/instances/bayesian_networks/pcnf/munin/337.cnf compile | tr '\n' ' '",/data/schlandals/pwmc_benchmarks/instances/bayesian_networks/pcnf/munin/337.cnf,"Final circuit size: 26635 Estimated probability 0.01040289 (epsilon 0.0000000521513907614235) found in 5 seconds ",
336,:,1737407210.000,10.000,0,114,0,0,"schlandals --timeout 600 -i /data/schlandals/pwmc_benchmarks/instances/bayesian_networks/pcnf/munin/336.cnf compile | tr '\n' ' '",/data/schlandals/pwmc_benchmarks/instances/bayesian_networks/pcnf/munin/336.cnf,"Final circuit size: 25890 Estimated probability 0.00858451 (epsilon 0.00000006319811673982656) found in 8 seconds ",
338,:,1737407215.000,8.000,0,114,0,0,"schlandals --timeout 600 -i /data/schlandals/pwmc_benchmarks/instances/bayesian_networks/pcnf/munin/338.cnf compile | tr '\n' ' '",/data/schlandals/pwmc_benchmarks/instances/bayesian_networks/pcnf/munin/338.cnf,"Final circuit size: 25702 Estimated probability 0.01419517 (epsilon 0.00000033463435156200205) found in 7 seconds ",
339,:,1737407215.000,11.000,0,114,0,0,"schlandals --timeout 600 -i /data/schlandals/pwmc_benchmarks/instances/bayesian_networks/pcnf/munin/339.cnf compile | tr '\n' ' '",/data/schlandals/pwmc_benchmarks/instances/bayesian_networks/pcnf/munin/339.cnf,"Final circuit size: 25782 Estimated probability 0.02142489 (epsilon 0.00000022171363345258044) found in 8 seconds ",
299,:,1737407063.000,173.000,0,116,0,0,"schlandals --timeout 600 -i /data/schlandals/pwmc_benchmarks/instances/bayesian_networks/pcnf/munin/299.cnf compile | tr '\n' ' '",/data/schlandals/pwmc_benchmarks/instances/bayesian_networks/pcnf/munin/299.cnf,"Final circuit size: 42310 Estimated probability 0.09296332 (epsilon 0.00000005056807728109902) found in 132 seconds ",
289,:,1737407052.000,186.000,0,116,0,0,"schlandals --timeout 600 -i /data/schlandals/pwmc_benchmarks/instances/bayesian_networks/pcnf/munin/289.cnf compile | tr '\n' ' '",/data/schlandals/pwmc_benchmarks/instances/bayesian_networks/pcnf/munin/289.cnf,"Final circuit size: 43148 Estimated probability 0.00388353 (epsilon 0.00000002120447351039445) found in 136 seconds ",
296,:,1737407062.000,183.000,0,115,0,0,"schlandals --timeout 600 -i /data/schlandals/pwmc_benchmarks/instances/bayesian_networks/pcnf/munin/296.cnf compile | tr '\n' ' '",/data/schlandals/pwmc_benchmarks/instances/bayesian_networks/pcnf/munin/296.cnf,"Final circuit size: 43526 Estimated probability 0.19968718 (epsilon 0.0000000235417045857389) found in 135 seconds ",
291,:,1737407055.000,192.000,0,115,0,0,"schlandals --timeout 600 -i /data/schlandals/pwmc_benchmarks/instances/bayesian_networks/pcnf/munin/291.cnf compile | tr '\n' ' '",/data/schlandals/pwmc_benchmarks/instances/bayesian_networks/pcnf/munin/291.cnf,"Final circuit size: 43154 Estimated probability 0.00764332 (epsilon 0.0000006150434546103867) found in 142 seconds ",
293,:,1737407059.000,190.000,0,116,0,0,"schlandals --timeout 600 -i /data/schlandals/pwmc_benchmarks/instances/bayesian_networks/pcnf/munin/293.cnf compile | tr '\n' ' '",/data/schlandals/pwmc_benchmarks/instances/bayesian_networks/pcnf/munin/293.cnf,"Final circuit size: 42758 Estimated probability 0.02568078 (epsilon 0.00000018305426041642647) found in 140 seconds ",
300,:,1737407063.000,187.000,0,116,0,0,"schlandals --timeout 600 -i /data/schlandals/pwmc_benchmarks/instances/bayesian_networks/pcnf/munin/300.cnf compile | tr '\n' ' '",/data/schlandals/pwmc_benchmarks/instances/bayesian_networks/pcnf/munin/300.cnf,"Final circuit size: 42272 Estimated probability 0.04903736 (epsilon 0.00000009586520843818391) found in 136 seconds ",
290,:,1737407054.000,196.000,0,116,0,0,"schlandals --timeout 600 -i /data/schlandals/pwmc_benchmarks/instances/bayesian_networks/pcnf/munin/290.cnf compile | tr '\n' ' '",/data/schlandals/pwmc_benchmarks/instances/bayesian_networks/pcnf/munin/290.cnf,"Final circuit size: 42925 Estimated probability 0.00581819 (epsilon 0.00000007184896766432303) found in 140 seconds ",
298,:,1737407063.000,189.000,0,117,0,0,"schlandals --timeout 600 -i /data/schlandals/pwmc_benchmarks/instances/bayesian_networks/pcnf/munin/298.cnf compile | tr '\n' ' '",/data/schlandals/pwmc_benchmarks/instances/bayesian_networks/pcnf/munin/298.cnf,"Final circuit size: 42257 Estimated probability 0.15349067 (epsilon 0.000000030627115288339724) found in 139 seconds ",
255,:,1737406973.000,281.000,0,93,0,0,"schlandals --timeout 600 -i /data/schlandals/pwmc_benchmarks/instances/bayesian_networks/pcnf/munin/255.cnf compile | tr '\n' ' '",/data/schlandals/pwmc_benchmarks/instances/bayesian_networks/pcnf/munin/255.cnf,"Final circuit size: 343409 Estimated probability 0.85992458 (epsilon 0) found in 172 seconds ",
340,:,1737407218.000,36.000,0,114,0,0,"schlandals --timeout 600 -i /data/schlandals/pwmc_benchmarks/instances/bayesian_networks/pcnf/munin/340.cnf compile | tr '\n' ' '",/data/schlandals/pwmc_benchmarks/instances/bayesian_networks/pcnf/munin/340.cnf,"Final circuit size: 20959 Estimated probability 0.05039852 (epsilon 0.0000000942526019453993) found in 25 seconds ",
297,:,1737407062.000,194.000,0,117,0,0,"schlandals --timeout 600 -i /data/schlandals/pwmc_benchmarks/instances/bayesian_networks/pcnf/munin/297.cnf compile | tr '\n' ' '",/data/schlandals/pwmc_benchmarks/instances/bayesian_networks/pcnf/munin/297.cnf,"Final circuit size: 42454 Estimated probability 0.22167404 (epsilon 0.000000021206707723209206) found in 142 seconds ",
294,:,1737407060.000,197.000,0,116,0,0,"schlandals --timeout 600 -i /data/schlandals/pwmc_benchmarks/instances/bayesian_networks/pcnf/munin/294.cnf compile | tr '\n' ' '",/data/schlandals/pwmc_benchmarks/instances/bayesian_networks/pcnf/munin/294.cnf,"Final circuit size: 43272 Estimated probability 0.06003930 (epsilon 0.00000007829831716321678) found in 145 seconds ",
353,:,1737407254.000,9.000,0,115,0,0,"schlandals --timeout 600 -i /data/schlandals/pwmc_benchmarks/instances/bayesian_networks/pcnf/munin/353.cnf compile | tr '\n' ' '",/data/schlandals/pwmc_benchmarks/instances/bayesian_networks/pcnf/munin/353.cnf,"Final circuit size: 12662 Estimated probability 0.00281626 (epsilon 0.000000024042395407875006) found in 7 seconds ",
356,:,1737407257.000,9.000,0,114,0,0,"schlandals --timeout 600 -i /data/schlandals/pwmc_benchmarks/instances/bayesian_networks/pcnf/munin/356.cnf compile | tr '\n' ' '",/data/schlandals/pwmc_benchmarks/instances/bayesian_networks/pcnf/munin/356.cnf,"Final circuit size: 12613 Estimated probability 0.00248359 (epsilon 0.00000003463237363554583) found in 7 seconds ",
344,:,1737407226.000,41.000,0,116,0,0,"schlandals --timeout 600 -i /data/schlandals/pwmc_benchmarks/instances/bayesian_networks/pcnf/munin/344.cnf compile | tr '\n' ' '",/data/schlandals/pwmc_benchmarks/instances/bayesian_networks/pcnf/munin/344.cnf,"Final circuit size: 21628 Estimated probability 0.13768642 (epsilon 0.000000034500074352905585) found in 29 seconds ",
352,:,1737407252.000,15.000,0,114,0,0,"schlandals --timeout 600 -i /data/schlandals/pwmc_benchmarks/instances/bayesian_networks/pcnf/munin/352.cnf compile | tr '\n' ' '",/data/schlandals/pwmc_benchmarks/instances/bayesian_networks/pcnf/munin/352.cnf,"Final circuit size: 12543 Estimated probability 0.00315882 (epsilon 0.0000000214350941440955) found in 13 seconds ",
354,:,1737407254.000,15.000,0,115,0,0,"schlandals --timeout 600 -i /data/schlandals/pwmc_benchmarks/instances/bayesian_networks/pcnf/munin/354.cnf compile | tr '\n' ' '",/data/schlandals/pwmc_benchmarks/instances/bayesian_networks/pcnf/munin/354.cnf,"Final circuit size: 12661 Estimated probability 0.00277121 (epsilon 0.00000003103786982983081) found in 12 seconds ",
355,:,1737407256.000,17.000,0,114,0,0,"schlandals --timeout 600 -i /data/schlandals/pwmc_benchmarks/instances/bayesian_networks/pcnf/munin/355.cnf compile | tr '\n' ' '",/data/schlandals/pwmc_benchmarks/instances/bayesian_networks/pcnf/munin/355.cnf,"Final circuit size: 12589 Estimated probability 0.00274323 (epsilon 0.0000000313545005514726) found in 14 seconds ",
357,:,1737407263.000,11.000,0,114,0,0,"schlandals --timeout 600 -i /data/schlandals/pwmc_benchmarks/instances/bayesian_networks/pcnf/munin/357.cnf compile | tr '\n' ' '",/data/schlandals/pwmc_benchmarks/instances/bayesian_networks/pcnf/munin/357.cnf,"Final circuit size: 12841 Estimated probability 0.00384536 (epsilon 0.00000013640020557481591) found in 9 seconds ",
358,:,1737407266.000,9.000,0,114,0,0,"schlandals --timeout 600 -i /data/schlandals/pwmc_benchmarks/instances/bayesian_networks/pcnf/munin/358.cnf compile | tr '\n' ' '",/data/schlandals/pwmc_benchmarks/instances/bayesian_networks/pcnf/munin/358.cnf,"Final circuit size: 12548 Estimated probability 0.00693514 (epsilon 0.00000007563049897463259) found in 7 seconds ",
341,:,1737407218.000,60.000,0,116,0,0,"schlandals --timeout 600 -i /data/schlandals/pwmc_benchmarks/instances/bayesian_networks/pcnf/munin/341.cnf compile | tr '\n' ' '",/data/schlandals/pwmc_benchmarks/instances/bayesian_networks/pcnf/munin/341.cnf,"Final circuit size: 20946 Estimated probability 0.14283209 (epsilon 0.000000033257173459588785) found in 43 seconds ",
343,:,1737407223.000,56.000,0,115,0,0,"schlandals --timeout 600 -i /data/schlandals/pwmc_benchmarks/instances/bayesian_networks/pcnf/munin/343.cnf compile | tr '\n' ' '",/data/schlandals/pwmc_benchmarks/instances/bayesian_networks/pcnf/munin/343.cnf,"Final circuit size: 20850 Estimated probability 0.27225408 (epsilon 0.00000001744764199784754) found in 40 seconds ",
342,:,1737407220.000,60.000,0,116,0,0,"schlandals --timeout 600 -i /data/schlandals/pwmc_benchmarks/instances/bayesian_networks/pcnf/munin/342.cnf compile | tr '\n' ' '",/data/schlandals/pwmc_benchmarks/instances/bayesian_networks/pcnf/munin/342.cnf,"Final circuit size: 20912 Estimated probability 0.27359280 (epsilon 0.000000017362268511789125) found in 44 seconds ",
367,:,1737407280.000,1.000,0,89,0,0,"schlandals --timeout 600 -i /data/schlandals/pwmc_benchmarks/instances/bayesian_networks/pcnf/munin/367.cnf compile | tr '\n' ' '",/data/schlandals/pwmc_benchmarks/instances/bayesian_networks/pcnf/munin/367.cnf,"Final circuit size: 3810 Estimated probability 0.09733825 (epsilon 0) found in 0 seconds ",
368,:,1737407281.000,0.000,0,89,0,0,"schlandals --timeout 600 -i /data/schlandals/pwmc_benchmarks/instances/bayesian_networks/pcnf/munin/368.cnf compile | tr '\n' ' '",/data/schlandals/pwmc_benchmarks/instances/bayesian_networks/pcnf/munin/368.cnf,"Final circuit size: 3768 Estimated probability 0.54820564 (epsilon 0) found in 0 seconds ",
369,:,1737407281.000,1.000,0,89,0,0,"schlandals --timeout 600 -i /data/schlandals/pwmc_benchmarks/instances/bayesian_networks/pcnf/munin/369.cnf compile | tr '\n' ' '",/data/schlandals/pwmc_benchmarks/instances/bayesian_networks/pcnf/munin/369.cnf,"Final circuit size: 3768 Estimated probability 0.31676146 (epsilon 0) found in 0 seconds ",
370,:,1737407282.000,1.000,0,89,0,0,"schlandals --timeout 600 -i /data/schlandals/pwmc_benchmarks/instances/bayesian_networks/pcnf/munin/370.cnf compile | tr '\n' ' '",/data/schlandals/pwmc_benchmarks/instances/bayesian_networks/pcnf/munin/370.cnf,"Final circuit size: 3878 Estimated probability 0.02552341 (epsilon 0) found in 0 seconds ",
363,:,1737407274.000,9.000,0,115,0,0,"schlandals --timeout 600 -i /data/schlandals/pwmc_benchmarks/instances/bayesian_networks/pcnf/munin/363.cnf compile | tr '\n' ' '",/data/schlandals/pwmc_benchmarks/instances/bayesian_networks/pcnf/munin/363.cnf,"Final circuit size: 12769 Estimated probability 0.28374014 (epsilon 0.000000016964293303445288) found in 7 seconds ",
359,:,1737407267.000,16.000,0,115,0,0,"schlandals --timeout 600 -i /data/schlandals/pwmc_benchmarks/instances/bayesian_networks/pcnf/munin/359.cnf compile | tr '\n' ' '",/data/schlandals/pwmc_benchmarks/instances/bayesian_networks/pcnf/munin/359.cnf,"Final circuit size: 12873 Estimated probability 0.01479920 (epsilon 0.00000032838666452761345) found in 13 seconds ",
371,:,1737407283.000,0.000,0,89,0,0,"schlandals --timeout 600 -i /data/schlandals/pwmc_benchmarks/instances/bayesian_networks/pcnf/munin/371.cnf compile | tr '\n' ' '",/data/schlandals/pwmc_benchmarks/instances/bayesian_networks/pcnf/munin/371.cnf,"Final circuit size: 3685 Estimated probability 0.00278316 (epsilon 0) found in 0 seconds ",
360,:,1737407267.000,17.000,0,115,0,0,"schlandals --timeout 600 -i /data/schlandals/pwmc_benchmarks/instances/bayesian_networks/pcnf/munin/360.cnf compile | tr '\n' ' '",/data/schlandals/pwmc_benchmarks/instances/bayesian_networks/pcnf/munin/360.cnf,"Final circuit size: 12980 Estimated probability 0.04906721 (epsilon 0.00000009847214044178543) found in 13 seconds ",
372,:,1737407283.000,1.000,0,89,0,0,"schlandals --timeout 600 -i /data/schlandals/pwmc_benchmarks/instances/bayesian_networks/pcnf/munin/372.cnf compile | tr '\n' ' '",/data/schlandals/pwmc_benchmarks/instances/bayesian_networks/pcnf/munin/372.cnf,"Final circuit size: 3679 Estimated probability 0.00304802 (epsilon 0) found in 0 seconds ",
374,:,1737407283.000,1.000,0,89,0,0,"schlandals --timeout 600 -i /data/schlandals/pwmc_benchmarks/instances/bayesian_networks/pcnf/munin/374.cnf compile | tr '\n' ' '",/data/schlandals/pwmc_benchmarks/instances/bayesian_networks/pcnf/munin/374.cnf,"Final circuit size: 2897 Estimated probability 0.00047316 (epsilon 0) found in 0 seconds ",
361,:,1737407269.000,15.000,0,116,0,0,"schlandals --timeout 600 -i /data/schlandals/pwmc_benchmarks/instances/bayesian_networks/pcnf/munin/361.cnf compile | tr '\n' ' '",/data/schlandals/pwmc_benchmarks/instances/bayesian_networks/pcnf/munin/361.cnf,"Final circuit size: 13114 Estimated probability 0.14360146 (epsilon 0.000000033646967656508764) found in 13 seconds ",
373,:,1737407283.000,1.000,0,89,0,0,"schlandals --timeout 600 -i /data/schlandals/pwmc_benchmarks/instances/bayesian_networks/pcnf/munin/373.cnf compile | tr '\n' ' '",/data/schlandals/pwmc_benchmarks/instances/bayesian_networks/pcnf/munin/373.cnf,"Final circuit size: 2979 Estimated probability 0.00244813 (epsilon 0) found in 0 seconds ",
375,:,1737407284.000,1.000,0,89,0,0,"schlandals --timeout 600 -i /data/schlandals/pwmc_benchmarks/instances/bayesian_networks/pcnf/munin/375.cnf compile | tr '\n' ' '",/data/schlandals/pwmc_benchmarks/instances/bayesian_networks/pcnf/munin/375.cnf,"Final circuit size: 2942 Estimated probability 0.00029746 (epsilon 0) found in 0 seconds ",
377,:,1737407284.000,1.000,0,89,0,0,"schlandals --timeout 600 -i /data/schlandals/pwmc_benchmarks/instances/bayesian_networks/pcnf/munin/377.cnf compile | tr '\n' ' '",/data/schlandals/pwmc_benchmarks/instances/bayesian_networks/pcnf/munin/377.cnf,"Final circuit size: 1805 Estimated probability 0.00057098 (epsilon 0) found in 0 seconds ",
376,:,1737407284.000,1.000,0,89,0,0,"schlandals --timeout 600 -i /data/schlandals/pwmc_benchmarks/instances/bayesian_networks/pcnf/munin/376.cnf compile | tr '\n' ' '",/data/schlandals/pwmc_benchmarks/instances/bayesian_networks/pcnf/munin/376.cnf,"Final circuit size: 1805 Estimated probability 0.00059118 (epsilon 0) found in 0 seconds ",
378,:,1737407284.000,2.000,0,89,0,0,"schlandals --timeout 600 -i /data/schlandals/pwmc_benchmarks/instances/bayesian_networks/pcnf/munin/378.cnf compile | tr '\n' ' '",/data/schlandals/pwmc_benchmarks/instances/bayesian_networks/pcnf/munin/378.cnf,"Final circuit size: 2936 Estimated probability 0.00195914 (epsilon 0) found in 0 seconds ",
362,:,1737407273.000,15.000,0,115,0,0,"schlandals --timeout 600 -i /data/schlandals/pwmc_benchmarks/instances/bayesian_networks/pcnf/munin/362.cnf compile | tr '\n' ' '",/data/schlandals/pwmc_benchmarks/instances/bayesian_networks/pcnf/munin/362.cnf,"Final circuit size: 12974 Estimated probability 0.29315189 (epsilon 0.00000001648208325377709) found in 13 seconds ",
345,:,1737407236.000,55.000,0,114,0,0,"schlandals --timeout 600 -i /data/schlandals/pwmc_benchmarks/instances/bayesian_networks/pcnf/munin/345.cnf compile | tr '\n' ' '",/data/schlandals/pwmc_benchmarks/instances/bayesian_networks/pcnf/munin/345.cnf,"Final circuit size: 20789 Estimated probability 0.03351345 (epsilon 0.0000001417398369785161) found in 41 seconds ",
364,:,1737407275.000,16.000,0,116,0,0,"schlandals --timeout 600 -i /data/schlandals/pwmc_benchmarks/instances/bayesian_networks/pcnf/munin/364.cnf compile | tr '\n' ' '",/data/schlandals/pwmc_benchmarks/instances/bayesian_networks/pcnf/munin/364.cnf,"Final circuit size: 12954 Estimated probability 0.13754388 (epsilon 0.000000034995747855148807) found in 14 seconds ",
365,:,1737407278.000,16.000,0,115,0,0,"schlandals --timeout 600 -i /data/schlandals/pwmc_benchmarks/instances/bayesian_networks/pcnf/munin/365.cnf compile | tr '\n' ' '",/data/schlandals/pwmc_benchmarks/instances/bayesian_networks/pcnf/munin/365.cnf,"Final circuit size: 12811 Estimated probability 0.03471644 (epsilon 0.00000013865044956595796) found in 13 seconds ",
366,:,1737407279.000,16.000,0,113,0,0,"schlandals --timeout 600 -i /data/schlandals/pwmc_benchmarks/instances/bayesian_networks/pcnf/munin/366.cnf compile | tr '\n' ' '",/data/schlandals/pwmc_benchmarks/instances/bayesian_networks/pcnf/munin/366.cnf,"Final circuit size: 12371 Estimated probability 0.00583510 (epsilon 0.000000824912546493195) found in 13 seconds ",
346,:,1737407238.000,67.000,0,114,0,0,"schlandals --timeout 600 -i /data/schlandals/pwmc_benchmarks/instances/bayesian_networks/pcnf/munin/346.cnf compile | tr '\n' ' '",/data/schlandals/pwmc_benchmarks/instances/bayesian_networks/pcnf/munin/346.cnf,"Final circuit size: 18433 Estimated probability 0.00399220 (epsilon 0.0000011290993460200127) found in 48 seconds ",
385,:,1737407291.000,25.000,0,114,0,0,"schlandals --timeout 600 -i /data/schlandals/pwmc_benchmarks/instances/bayesian_networks/pcnf/munin/385.cnf compile | tr '\n' ' '",/data/schlandals/pwmc_benchmarks/instances/bayesian_networks/pcnf/munin/385.cnf,"Final circuit size: 53154 Estimated probability 0.00324226 (epsilon 0.0000000360392604648041) found in 22 seconds ",
106,:,1737406699.000,626.000,0,110,0,0,"schlandals --timeout 600 -i /data/schlandals/pwmc_benchmarks/instances/bayesian_networks/pcnf/munin/106.cnf compile | tr '\n' ' '",/data/schlandals/pwmc_benchmarks/instances/bayesian_networks/pcnf/munin/106.cnf,"Final circuit size: 329737 Estimated probability 0.02008432 (epsilon 0.4336228160240445) found in 599 seconds ",
383,:,1737407286.000,41.000,0,116,0,0,"schlandals --timeout 600 -i /data/schlandals/pwmc_benchmarks/instances/bayesian_networks/pcnf/munin/383.cnf compile | tr '\n' ' '",/data/schlandals/pwmc_benchmarks/instances/bayesian_networks/pcnf/munin/383.cnf,"Final circuit size: 52660 Estimated probability 0.00357297 (epsilon 0.000000032703468155759197) found in 37 seconds ",
382,:,1737407285.000,43.000,0,116,0,0,"schlandals --timeout 600 -i /data/schlandals/pwmc_benchmarks/instances/bayesian_networks/pcnf/munin/382.cnf compile | tr '\n' ' '",/data/schlandals/pwmc_benchmarks/instances/bayesian_networks/pcnf/munin/382.cnf,"Final circuit size: 52302 Estimated probability 0.00328212 (epsilon 0.000000026267455321971056) found in 38 seconds ",
388,:,1737407295.000,34.000,0,116,0,0,"schlandals --timeout 600 -i /data/schlandals/pwmc_benchmarks/instances/bayesian_networks/pcnf/munin/388.cnf compile | tr '\n' ' '",/data/schlandals/pwmc_benchmarks/instances/bayesian_networks/pcnf/munin/388.cnf,"Final circuit size: 52268 Estimated probability 0.01059741 (epsilon 0.000000026828606447537595) found in 30 seconds ",
113,:,1737406703.000,626.000,0,111,0,0,"schlandals --timeout 600 -i /data/schlandals/pwmc_benchmarks/instances/bayesian_networks/pcnf/munin/113.cnf compile | tr '\n' ' '",/data/schlandals/pwmc_benchmarks/instances/bayesian_networks/pcnf/munin/113.cnf,"Final circuit size: 299152 Estimated probability 0.05233912 (epsilon 0.19308148806854653) found in 599 seconds ",
384,:,1737407288.000,42.000,0,116,0,0,"schlandals --timeout 600 -i /data/schlandals/pwmc_benchmarks/instances/bayesian_networks/pcnf/munin/384.cnf compile | tr '\n' ' '",/data/schlandals/pwmc_benchmarks/instances/bayesian_networks/pcnf/munin/384.cnf,"Final circuit size: 52861 Estimated probability 0.00366459 (epsilon 0.000000031885833307043754) found in 37 seconds ",
386,:,1737407291.000,42.000,0,115,0,0,"schlandals --timeout 600 -i /data/schlandals/pwmc_benchmarks/instances/bayesian_networks/pcnf/munin/386.cnf compile | tr '\n' ' '",/data/schlandals/pwmc_benchmarks/instances/bayesian_networks/pcnf/munin/386.cnf,"Final circuit size: 52674 Estimated probability 0.00383240 (epsilon 0.00000008001689222325581) found in 37 seconds ",
284,:,1737407001.000,332.000,0,117,0,0,"schlandals --timeout 600 -i /data/schlandals/pwmc_benchmarks/instances/bayesian_networks/pcnf/munin/284.cnf compile | tr '\n' ' '",/data/schlandals/pwmc_benchmarks/instances/bayesian_networks/pcnf/munin/284.cnf,"Final circuit size: 41004 Estimated probability 0.00410889 (epsilon 0.000000020041479142918206) found in 253 seconds ",
398,:,1737407333.000,0.000,0,88,0,0,"schlandals --timeout 600 -i /data/schlandals/pwmc_benchmarks/instances/bayesian_networks/pcnf/munin/398.cnf compile | tr '\n' ' '",/data/schlandals/pwmc_benchmarks/instances/bayesian_networks/pcnf/munin/398.cnf,"Final circuit size: 499 Estimated probability 0.02880794 (epsilon 0) found in 0 seconds ",
104,:,1737406699.000,635.000,0,109,0,0,"schlandals --timeout 600 -i /data/schlandals/pwmc_benchmarks/instances/bayesian_networks/pcnf/munin/104.cnf compile | tr '\n' ' '",/data/schlandals/pwmc_benchmarks/instances/bayesian_networks/pcnf/munin/104.cnf,"Final circuit size: 319964 Estimated probability 0.00940995 (epsilon 0.805111474885789) found in 600 seconds ",
381,:,1737407285.000,49.000,0,116,0,0,"schlandals --timeout 600 -i /data/schlandals/pwmc_benchmarks/instances/bayesian_networks/pcnf/munin/381.cnf compile | tr '\n' ' '",/data/schlandals/pwmc_benchmarks/instances/bayesian_networks/pcnf/munin/381.cnf,"Final circuit size: 51673 Estimated probability 0.00643275 (epsilon 0.000000007912595689774093) found in 43 seconds ",
399,:,1737407333.000,1.000,0,88,0,0,"schlandals --timeout 600 -i /data/schlandals/pwmc_benchmarks/instances/bayesian_networks/pcnf/munin/399.cnf compile | tr '\n' ' '",/data/schlandals/pwmc_benchmarks/instances/bayesian_networks/pcnf/munin/399.cnf,"Final circuit size: 506 Estimated probability 0.28241892 (epsilon 0) found in 0 seconds ",
400,:,1737407334.000,0.000,0,88,0,0,"schlandals --timeout 600 -i /data/schlandals/pwmc_benchmarks/instances/bayesian_networks/pcnf/munin/400.cnf compile | tr '\n' ' '",/data/schlandals/pwmc_benchmarks/instances/bayesian_networks/pcnf/munin/400.cnf,"Final circuit size: 506 Estimated probability 0.51567683 (epsilon 0) found in 0 seconds ",
401,:,1737407334.000,0.000,0,88,0,0,"schlandals --timeout 600 -i /data/schlandals/pwmc_benchmarks/instances/bayesian_networks/pcnf/munin/401.cnf compile | tr '\n' ' '",/data/schlandals/pwmc_benchmarks/instances/bayesian_networks/pcnf/munin/401.cnf,"Final circuit size: 506 Estimated probability 0.16901953 (epsilon 0) found in 0 seconds ",
402,:,1737407334.000,1.000,0,88,0,0,"schlandals --timeout 600 -i /data/schlandals/pwmc_benchmarks/instances/bayesian_networks/pcnf/munin/402.cnf compile | tr '\n' ' '",/data/schlandals/pwmc_benchmarks/instances/bayesian_networks/pcnf/munin/402.cnf,"Final circuit size: 506 Estimated probability 0.00320436 (epsilon 0) found in 0 seconds ",
112,:,1737406703.000,632.000,0,110,0,0,"schlandals --timeout 600 -i /data/schlandals/pwmc_benchmarks/instances/bayesian_networks/pcnf/munin/112.cnf compile | tr '\n' ' '",/data/schlandals/pwmc_benchmarks/instances/bayesian_networks/pcnf/munin/112.cnf,"Final circuit size: 414754 Estimated probability 0.12519037 (epsilon 0.0726158635526526) found in 600 seconds ",
403,:,1737407334.000,1.000,0,88,0,0,"schlandals --timeout 600 -i /data/schlandals/pwmc_benchmarks/instances/bayesian_networks/pcnf/munin/403.cnf compile | tr '\n' ' '",/data/schlandals/pwmc_benchmarks/instances/bayesian_networks/pcnf/munin/403.cnf,"Final circuit size: 194 Estimated probability 0.00033095 (epsilon 0) found in 0 seconds ",
105,:,1737406699.000,636.000,0,109,0,0,"schlandals --timeout 600 -i /data/schlandals/pwmc_benchmarks/instances/bayesian_networks/pcnf/munin/105.cnf compile | tr '\n' ' '",/data/schlandals/pwmc_benchmarks/instances/bayesian_networks/pcnf/munin/105.cnf,"Final circuit size: 288466 Estimated probability 0.01232997 (epsilon 0.870812423862672) found in 600 seconds ",
404,:,1737407334.000,1.000,0,88,0,0,"schlandals --timeout 600 -i /data/schlandals/pwmc_benchmarks/instances/bayesian_networks/pcnf/munin/404.cnf compile | tr '\n' ' '",/data/schlandals/pwmc_benchmarks/instances/bayesian_networks/pcnf/munin/404.cnf,"Final circuit size: 158 Estimated probability 0.00034905 (epsilon 0) found in 0 seconds ",
405,:,1737407335.000,0.000,0,88,0,0,"schlandals --timeout 600 -i /data/schlandals/pwmc_benchmarks/instances/bayesian_networks/pcnf/munin/405.cnf compile | tr '\n' ' '",/data/schlandals/pwmc_benchmarks/instances/bayesian_networks/pcnf/munin/405.cnf,"Final circuit size: 158 Estimated probability 0.00009437 (epsilon 0) found in 0 seconds ",
407,:,1737407335.000,0.000,0,87,0,0,"schlandals --timeout 600 -i /data/schlandals/pwmc_benchmarks/instances/bayesian_networks/pcnf/munin/407.cnf compile | tr '\n' ' '",/data/schlandals/pwmc_benchmarks/instances/bayesian_networks/pcnf/munin/407.cnf,"Final circuit size: 72 Estimated probability 0.00003037 (epsilon 0) found in 0 seconds ",
406,:,1737407335.000,1.000,0,88,0,0,"schlandals --timeout 600 -i /data/schlandals/pwmc_benchmarks/instances/bayesian_networks/pcnf/munin/406.cnf compile | tr '\n' ' '",/data/schlandals/pwmc_benchmarks/instances/bayesian_networks/pcnf/munin/406.cnf,"Final circuit size: 158 Estimated probability 0.00001558 (epsilon 0) found in 0 seconds ",
408,:,1737407335.000,1.000,0,87,0,0,"schlandals --timeout 600 -i /data/schlandals/pwmc_benchmarks/instances/bayesian_networks/pcnf/munin/408.cnf compile | tr '\n' ' '",/data/schlandals/pwmc_benchmarks/instances/bayesian_networks/pcnf/munin/408.cnf,"Final circuit size: 72 Estimated probability 0.00003293 (epsilon 0) found in 0 seconds ",
409,:,1737407335.000,1.000,0,87,0,0,"schlandals --timeout 600 -i /data/schlandals/pwmc_benchmarks/instances/bayesian_networks/pcnf/munin/409.cnf compile | tr '\n' ' '",/data/schlandals/pwmc_benchmarks/instances/bayesian_networks/pcnf/munin/409.cnf,"Final circuit size: 67 Estimated probability 0.00001918 (epsilon 0) found in 0 seconds ",
387,:,1737407294.000,43.000,0,116,0,0,"schlandals --timeout 600 -i /data/schlandals/pwmc_benchmarks/instances/bayesian_networks/pcnf/munin/387.cnf compile | tr '\n' ' '",/data/schlandals/pwmc_benchmarks/instances/bayesian_networks/pcnf/munin/387.cnf,"Final circuit size: 52825 Estimated probability 0.00548656 (epsilon 0.000000055892333650220394) found in 37 seconds ",
111,:,1737406703.000,635.000,0,111,0,0,"schlandals --timeout 600 -i /data/schlandals/pwmc_benchmarks/instances/bayesian_networks/pcnf/munin/111.cnf compile | tr '\n' ' '",/data/schlandals/pwmc_benchmarks/instances/bayesian_networks/pcnf/munin/111.cnf,"Final circuit size: 292751 Estimated probability 0.20609054 (epsilon 0.05343920792824197) found in 600 seconds ",
108,:,1737406702.000,636.000,0,111,0,0,"schlandals --timeout 600 -i /data/schlandals/pwmc_benchmarks/instances/bayesian_networks/pcnf/munin/108.cnf compile | tr '\n' ' '",/data/schlandals/pwmc_benchmarks/instances/bayesian_networks/pcnf/munin/108.cnf,"Final circuit size: 329926 Estimated probability 0.08289150 (epsilon 0.12058131575692221) found in 600 seconds ",
103,:,1737406699.000,639.000,0,110,0,0,"schlandals --timeout 600 -i /data/schlandals/pwmc_benchmarks/instances/bayesian_networks/pcnf/munin/103.cnf compile | tr '\n' ' '",/data/schlandals/pwmc_benchmarks/instances/bayesian_networks/pcnf/munin/103.cnf,"Final circuit size: 323762 Estimated probability 0.00709092 (epsilon 0.9992297576611258) found in 600 seconds ",
101,:,1737406699.000,639.000,0,109,0,0,"schlandals --timeout 600 -i /data/schlandals/pwmc_benchmarks/instances/bayesian_networks/pcnf/munin/101.cnf compile | tr '\n' ' '",/data/schlandals/pwmc_benchmarks/instances/bayesian_networks/pcnf/munin/101.cnf,"Final circuit size: 388364 Estimated probability 0.00388283 (epsilon 1.351856412142919) found in 600 seconds ",
102,:,1737406699.000,640.000,0,109,0,0,"schlandals --timeout 600 -i /data/schlandals/pwmc_benchmarks/instances/bayesian_networks/pcnf/munin/102.cnf compile | tr '\n' ' '",/data/schlandals/pwmc_benchmarks/instances/bayesian_networks/pcnf/munin/102.cnf,"Final circuit size: 335226 Estimated probability 0.00527256 (epsilon 1.240491535387927) found in 600 seconds ",
114,:,1737406703.000,636.000,0,110,0,0,"schlandals --timeout 600 -i /data/schlandals/pwmc_benchmarks/instances/bayesian_networks/pcnf/munin/114.cnf compile | tr '\n' ' '",/data/schlandals/pwmc_benchmarks/instances/bayesian_networks/pcnf/munin/114.cnf,"Final circuit size: 256238 Estimated probability 0.01839383 (epsilon 0.8652326102683741) found in 599 seconds ",
100,:,1737406699.000,642.000,0,110,0,0,"schlandals --timeout 600 -i /data/schlandals/pwmc_benchmarks/instances/bayesian_networks/pcnf/munin/100.cnf compile | tr '\n' ' '",/data/schlandals/pwmc_benchmarks/instances/bayesian_networks/pcnf/munin/100.cnf,"Final circuit size: 318691 Estimated probability 0.00295437 (epsilon 1.8626098525806492) found in 600 seconds ",
413,:,1737407336.000,6.000,0,115,0,0,"schlandals --timeout 600 -i /data/schlandals/pwmc_benchmarks/instances/bayesian_networks/pcnf/munin/413.cnf compile | tr '\n' ' '",/data/schlandals/pwmc_benchmarks/instances/bayesian_networks/pcnf/munin/413.cnf,"Final circuit size: 10741 Estimated probability 0.00102123 (epsilon 0.000000006621773573911582) found in 4 seconds ",
414,:,1737407336.000,6.000,0,115,0,0,"schlandals --timeout 600 -i /data/schlandals/pwmc_benchmarks/instances/bayesian_networks/pcnf/munin/414.cnf compile | tr '\n' ' '",/data/schlandals/pwmc_benchmarks/instances/bayesian_networks/pcnf/munin/414.cnf,"Final circuit size: 10616 Estimated probability 0.00126311 (epsilon 0.000000005353690601950234) found in 4 seconds ",
415,:,1737407337.000,5.000,0,115,0,0,"schlandals --timeout 600 -i /data/schlandals/pwmc_benchmarks/instances/bayesian_networks/pcnf/munin/415.cnf compile | tr '\n' ' '",/data/schlandals/pwmc_benchmarks/instances/bayesian_networks/pcnf/munin/415.cnf,"Final circuit size: 10536 Estimated probability 0.00122805 (epsilon 0.000000005506563205415205) found in 4 seconds ",
110,:,1737406702.000,640.000,0,112,0,0,"schlandals --timeout 600 -i /data/schlandals/pwmc_benchmarks/instances/bayesian_networks/pcnf/munin/110.cnf compile | tr '\n' ' '",/data/schlandals/pwmc_benchmarks/instances/bayesian_networks/pcnf/munin/110.cnf,"Final circuit size: 450695 Estimated probability 0.22377813 (epsilon 0.034360447488857915) found in 600 seconds ",
98,:,1737406699.000,644.000,0,110,0,0,"schlandals --timeout 600 -i /data/schlandals/pwmc_benchmarks/instances/bayesian_networks/pcnf/munin/98.cnf compile | tr '\n' ' '",/data/schlandals/pwmc_benchmarks/instances/bayesian_networks/pcnf/munin/98.cnf,"Final circuit size: 347555 Estimated probability 0.00753041 (epsilon 0.9481378373504639) found in 600 seconds ",
416,:,1737407338.000,6.000,0,116,0,0,"schlandals --timeout 600 -i /data/schlandals/pwmc_benchmarks/instances/bayesian_networks/pcnf/munin/416.cnf compile | tr '\n' ' '",/data/schlandals/pwmc_benchmarks/instances/bayesian_networks/pcnf/munin/416.cnf,"Final circuit size: 10790 Estimated probability 0.00137025 (epsilon 0.0000000049351109865369835) found in 4 seconds ",
418,:,1737407338.000,6.000,0,115,0,0,"schlandals --timeout 600 -i /data/schlandals/pwmc_benchmarks/instances/bayesian_networks/pcnf/munin/418.cnf compile | tr '\n' ' '",/data/schlandals/pwmc_benchmarks/instances/bayesian_networks/pcnf/munin/418.cnf,"Final circuit size: 10495 Estimated probability 0.00292253 (epsilon 0.000000050551721475500244) found in 4 seconds ",
419,:,1737407339.000,5.000,0,114,0,0,"schlandals --timeout 600 -i /data/schlandals/pwmc_benchmarks/instances/bayesian_networks/pcnf/munin/419.cnf compile | tr '\n' ' '",/data/schlandals/pwmc_benchmarks/instances/bayesian_networks/pcnf/munin/419.cnf,"Final circuit size: 10428 Estimated probability 0.00655482 (epsilon 0.00000005792860835462932) found in 4 seconds ",
417,:,1737407338.000,6.000,0,114,0,0,"schlandals --timeout 600 -i /data/schlandals/pwmc_benchmarks/instances/bayesian_networks/pcnf/munin/417.cnf compile | tr '\n' ' '",/data/schlandals/pwmc_benchmarks/instances/bayesian_networks/pcnf/munin/417.cnf,"Final circuit size: 10706 Estimated probability 0.00201705 (epsilon 0.00000007324505180150709) found in 5 seconds ",
420,:,1737407339.000,5.000,0,114,0,0,"schlandals --timeout 600 -i /data/schlandals/pwmc_benchmarks/instances/bayesian_networks/pcnf/munin/420.cnf compile | tr '\n' ' '",/data/schlandals/pwmc_benchmarks/instances/bayesian_networks/pcnf/munin/420.cnf,"Final circuit size: 10785 Estimated probability 0.00762158 (epsilon 0.00000004982060053393411) found in 4 seconds ",
389,:,1737407305.000,40.000,0,114,0,0,"schlandals --timeout 600 -i /data/schlandals/pwmc_benchmarks/instances/bayesian_networks/pcnf/munin/389.cnf compile | tr '\n' ' '",/data/schlandals/pwmc_benchmarks/instances/bayesian_networks/pcnf/munin/389.cnf,"Final circuit size: 52119 Estimated probability 0.01226605 (epsilon 0.0000003378364381578791) found in 36 seconds ",
109,:,1737406702.000,643.000,0,111,0,0,"schlandals --timeout 600 -i /data/schlandals/pwmc_benchmarks/instances/bayesian_networks/pcnf/munin/109.cnf compile | tr '\n' ' '",/data/schlandals/pwmc_benchmarks/instances/bayesian_networks/pcnf/munin/109.cnf,"Final circuit size: 331631 Estimated probability 0.16065606 (epsilon 0.06396489066726252) found in 600 seconds ",
107,:,1737406700.000,645.000,0,111,0,0,"schlandals --timeout 600 -i /data/schlandals/pwmc_benchmarks/instances/bayesian_networks/pcnf/munin/107.cnf compile | tr '\n' ' '",/data/schlandals/pwmc_benchmarks/instances/bayesian_networks/pcnf/munin/107.cnf,"Final circuit size: 431442 Estimated probability 0.03815181 (epsilon 0.20746021623787247) found in 600 seconds ",
421,:,1737407339.000,6.000,0,112,0,0,"schlandals --timeout 600 -i /data/schlandals/pwmc_benchmarks/instances/bayesian_networks/pcnf/munin/421.cnf compile | tr '\n' ' '",/data/schlandals/pwmc_benchmarks/instances/bayesian_networks/pcnf/munin/421.cnf,"Final circuit size: 10505 Estimated probability 0.00986534 (epsilon 0.000000467668969328372) found in 4 seconds ",
427,:,1737407343.000,3.000,0,114,0,0,"schlandals --timeout 600 -i /data/schlandals/pwmc_benchmarks/instances/bayesian_networks/pcnf/munin/427.cnf compile | tr '\n' ' '",/data/schlandals/pwmc_benchmarks/instances/bayesian_networks/pcnf/munin/427.cnf,"Final circuit size: 10519 Estimated probability 0.10654893 (epsilon 0.00000004330135494612364) found in 2 seconds ",
424,:,1737407342.000,4.000,0,115,0,0,"schlandals --timeout 600 -i /data/schlandals/pwmc_benchmarks/instances/bayesian_networks/pcnf/munin/424.cnf compile | tr '\n' ' '",/data/schlandals/pwmc_benchmarks/instances/bayesian_networks/pcnf/munin/424.cnf,"Final circuit size: 10614 Estimated probability 0.19754568 (epsilon 0.000000023355171574479527) found in 3 seconds ",
422,:,1737407341.000,6.000,0,114,0,0,"schlandals --timeout 600 -i /data/schlandals/pwmc_benchmarks/instances/bayesian_networks/pcnf/munin/422.cnf compile | tr '\n' ' '",/data/schlandals/pwmc_benchmarks/instances/bayesian_networks/pcnf/munin/422.cnf,"Final circuit size: 10667 Estimated probability 0.01918248 (epsilon 0.00000024051699143434746) found in 4 seconds ",
425,:,1737407342.000,5.000,0,115,0,0,"schlandals --timeout 600 -i /data/schlandals/pwmc_benchmarks/instances/bayesian_networks/pcnf/munin/425.cnf compile | tr '\n' ' '",/data/schlandals/pwmc_benchmarks/instances/bayesian_networks/pcnf/munin/425.cnf,"Final circuit size: 10683 Estimated probability 0.29720549 (epsilon 0.000000015523647700632637) found in 4 seconds ",
423,:,1737407342.000,5.000,0,114,0,0,"schlandals --timeout 600 -i /data/schlandals/pwmc_benchmarks/instances/bayesian_networks/pcnf/munin/423.cnf compile | tr '\n' ' '",/data/schlandals/pwmc_benchmarks/instances/bayesian_networks/pcnf/munin/423.cnf,"Final circuit size: 10294 Estimated probability 0.07020835 (epsilon 0.00000006571458910364925) found in 5 seconds ",
136,:,1737406715.000,633.000,0,109,0,0,"schlandals --timeout 600 -i /data/schlandals/pwmc_benchmarks/instances/bayesian_networks/pcnf/munin/136.cnf compile | tr '\n' ' '",/data/schlandals/pwmc_benchmarks/instances/bayesian_networks/pcnf/munin/136.cnf,"Final circuit size: 280873 Estimated probability 0.02825947 (epsilon 0.342818734482903) found in 600 seconds ",
426,:,1737407342.000,6.000,0,115,0,0,"schlandals --timeout 600 -i /data/schlandals/pwmc_benchmarks/instances/bayesian_networks/pcnf/munin/426.cnf compile | tr '\n' ' '",/data/schlandals/pwmc_benchmarks/instances/bayesian_networks/pcnf/munin/426.cnf,"Final circuit size: 10803 Estimated probability 0.23706221 (epsilon 0.000000019462036426887153) found in 4 seconds ",
137,:,1737406715.000,634.000,0,110,0,0,"schlandals --timeout 600 -i /data/schlandals/pwmc_benchmarks/instances/bayesian_networks/pcnf/munin/137.cnf compile | tr '\n' ' '",/data/schlandals/pwmc_benchmarks/instances/bayesian_networks/pcnf/munin/137.cnf,"Final circuit size: 241910 Estimated probability 0.00765844 (epsilon 1.6403970974488646) found in 599 seconds ",
428,:,1737407344.000,5.000,0,114,0,0,"schlandals --timeout 600 -i /data/schlandals/pwmc_benchmarks/instances/bayesian_networks/pcnf/munin/428.cnf compile | tr '\n' ' '",/data/schlandals/pwmc_benchmarks/instances/bayesian_networks/pcnf/munin/428.cnf,"Final circuit size: 10587 Estimated probability 0.03037480 (epsilon 0.00000015189277657867706) found in 4 seconds ",
99,:,1737406699.000,651.000,0,110,0,0,"schlandals --timeout 600 -i /data/schlandals/pwmc_benchmarks/instances/bayesian_networks/pcnf/munin/99.cnf compile | tr '\n' ' '",/data/schlandals/pwmc_benchmarks/instances/bayesian_networks/pcnf/munin/99.cnf,"Final circuit size: 418483 Estimated probability 0.00265690 (epsilon 1.7649118493773859) found in 600 seconds ",
135,:,1737406714.000,637.000,0,110,0,0,"schlandals --timeout 600 -i /data/schlandals/pwmc_benchmarks/instances/bayesian_networks/pcnf/munin/135.cnf compile | tr '\n' ' '",/data/schlandals/pwmc_benchmarks/instances/bayesian_networks/pcnf/munin/135.cnf,"Final circuit size: 416734 Estimated probability 0.11533936 (epsilon 0.0728988668317272) found in 600 seconds ",
138,:,1737406716.000,636.000,0,110,0,0,"schlandals --timeout 600 -i /data/schlandals/pwmc_benchmarks/instances/bayesian_networks/pcnf/munin/138.cnf compile | tr '\n' ' '",/data/schlandals/pwmc_benchmarks/instances/bayesian_networks/pcnf/munin/138.cnf,"Final circuit size: 278488 Estimated probability 0.00473655 (epsilon 1.4080637675250016) found in 600 seconds ",
390,:,1737407316.000,39.000,0,115,0,0,"schlandals --timeout 600 -i /data/schlandals/pwmc_benchmarks/instances/bayesian_networks/pcnf/munin/390.cnf compile | tr '\n' ' '",/data/schlandals/pwmc_benchmarks/instances/bayesian_networks/pcnf/munin/390.cnf,"Final circuit size: 52358 Estimated probability 0.02205092 (epsilon 0.00000018792498823749781) found in 36 seconds ",
139,:,1737406717.000,639.000,0,110,0,0,"schlandals --timeout 600 -i /data/schlandals/pwmc_benchmarks/instances/bayesian_networks/pcnf/munin/139.cnf compile | tr '\n' ' '",/data/schlandals/pwmc_benchmarks/instances/bayesian_networks/pcnf/munin/139.cnf,"Final circuit size: 315443 Estimated probability 0.00797521 (epsilon 1.2010279452492858) found in 600 seconds ",
447,:,1737407351.000,6.000,0,116,0,0,"schlandals --timeout 600 -i /data/schlandals/pwmc_benchmarks/instances/bayesian_networks/pcnf/munin/447.cnf compile | tr '\n' ' '",/data/schlandals/pwmc_benchmarks/instances/bayesian_networks/pcnf/munin/447.cnf,"Final circuit size: 13271 Estimated probability 0.49172484 (epsilon 0.0000000009965095415509495) found in 5 seconds ",
134,:,1737406714.000,646.000,0,112,0,0,"schlandals --timeout 600 -i /data/schlandals/pwmc_benchmarks/instances/bayesian_networks/pcnf/munin/134.cnf compile | tr '\n' ' '",/data/schlandals/pwmc_benchmarks/instances/bayesian_networks/pcnf/munin/134.cnf,"Final circuit size: 359190 Estimated probability 0.81511285 (epsilon 0.012799742389297375) found in 600 seconds ",
446,:,1737407350.000,11.000,0,115,0,0,"schlandals --timeout 600 -i /data/schlandals/pwmc_benchmarks/instances/bayesian_networks/pcnf/munin/446.cnf compile | tr '\n' ' '",/data/schlandals/pwmc_benchmarks/instances/bayesian_networks/pcnf/munin/446.cnf,"Final circuit size: 13282 Estimated probability 0.19799259 (epsilon 0.000000002474882965231018) found in 9 seconds ",
448,:,1737407352.000,11.000,0,115,0,0,"schlandals --timeout 600 -i /data/schlandals/pwmc_benchmarks/instances/bayesian_networks/pcnf/munin/448.cnf compile | tr '\n' ' '",/data/schlandals/pwmc_benchmarks/instances/bayesian_networks/pcnf/munin/448.cnf,"Final circuit size: 13231 Estimated probability 0.23057701 (epsilon 0.000000002125140063924391) found in 9 seconds ",
451,:,1737407357.000,6.000,0,113,0,0,"schlandals --timeout 600 -i /data/schlandals/pwmc_benchmarks/instances/bayesian_networks/pcnf/munin/451.cnf compile | tr '\n' ' '",/data/schlandals/pwmc_benchmarks/instances/bayesian_networks/pcnf/munin/451.cnf,"Final circuit size: 13232 Estimated probability 0.00334632 (epsilon 0.0000001464320942279329) found in 5 seconds ",
449,:,1737407355.000,9.000,0,115,0,0,"schlandals --timeout 600 -i /data/schlandals/pwmc_benchmarks/instances/bayesian_networks/pcnf/munin/449.cnf compile | tr '\n' ' '",/data/schlandals/pwmc_benchmarks/instances/bayesian_networks/pcnf/munin/449.cnf,"Final circuit size: 13226 Estimated probability 0.04282725 (epsilon 0.000000011441511960086359) found in 7 seconds ",
450,:,1737407356.000,11.000,0,114,0,0,"schlandals --timeout 600 -i /data/schlandals/pwmc_benchmarks/instances/bayesian_networks/pcnf/munin/450.cnf compile | tr '\n' ' '",/data/schlandals/pwmc_benchmarks/instances/bayesian_networks/pcnf/munin/450.cnf,"Final circuit size: 13315 Estimated probability 0.01145073 (epsilon 0.00000004279278242869111) found in 9 seconds ",
452,:,1737407360.000,11.000,0,114,0,0,"schlandals --timeout 600 -i /data/schlandals/pwmc_benchmarks/instances/bayesian_networks/pcnf/munin/452.cnf compile | tr '\n' ' '",/data/schlandals/pwmc_benchmarks/instances/bayesian_networks/pcnf/munin/452.cnf,"Final circuit size: 13166 Estimated probability 0.00243861 (epsilon 0.00000007475071073237416) found in 9 seconds ",
453,:,1737407361.000,10.000,0,115,0,0,"schlandals --timeout 600 -i /data/schlandals/pwmc_benchmarks/instances/bayesian_networks/pcnf/munin/453.cnf compile | tr '\n' ' '",/data/schlandals/pwmc_benchmarks/instances/bayesian_networks/pcnf/munin/453.cnf,"Final circuit size: 13028 Estimated probability 0.00210573 (epsilon 0.000000011627401930169867) found in 9 seconds ",
454,:,1737407363.000,11.000,0,114,0,0,"schlandals --timeout 600 -i /data/schlandals/pwmc_benchmarks/instances/bayesian_networks/pcnf/munin/454.cnf compile | tr '\n' ' '",/data/schlandals/pwmc_benchmarks/instances/bayesian_networks/pcnf/munin/454.cnf,"Final circuit size: 13090 Estimated probability 0.00214712 (epsilon 0.00000001140330163629244) found in 9 seconds ",
347,:,1737407245.000,251.000,0,114,0,0,"schlandals --timeout 600 -i /data/schlandals/pwmc_benchmarks/instances/bayesian_networks/pcnf/munin/347.cnf compile | tr '\n' ' '",/data/schlandals/pwmc_benchmarks/instances/bayesian_networks/pcnf/munin/347.cnf,"Final circuit size: 16328 Estimated probability 0.00025249 (epsilon 0.000016645057622222126) found in 151 seconds ",
208,:,1737406882.000,629.000,0,109,0,0,"schlandals --timeout 600 -i /data/schlandals/pwmc_benchmarks/instances/bayesian_networks/pcnf/munin/208.cnf compile | tr '\n' ' '",/data/schlandals/pwmc_benchmarks/instances/bayesian_networks/pcnf/munin/208.cnf,"Final circuit size: 359621 Estimated probability 0.00091624 (epsilon 3.847549690042017) found in 600 seconds ",
211,:,1737406885.000,631.000,0,110,0,0,"schlandals --timeout 600 -i /data/schlandals/pwmc_benchmarks/instances/bayesian_networks/pcnf/munin/211.cnf compile | tr '\n' ' '",/data/schlandals/pwmc_benchmarks/instances/bayesian_networks/pcnf/munin/211.cnf,"Final circuit size: 370606 Estimated probability 0.00136213 (epsilon 2.8761147844004706) found in 600 seconds ",
207,:,1737406882.000,639.000,0,110,0,0,"schlandals --timeout 600 -i /data/schlandals/pwmc_benchmarks/instances/bayesian_networks/pcnf/munin/207.cnf compile | tr '\n' ' '",/data/schlandals/pwmc_benchmarks/instances/bayesian_networks/pcnf/munin/207.cnf,"Final circuit size: 357255 Estimated probability 0.00753967 (epsilon 0.9456103085531791) found in 600 seconds ",
213,:,1737406889.000,634.000,0,109,0,0,"schlandals --timeout 600 -i /data/schlandals/pwmc_benchmarks/instances/bayesian_networks/pcnf/munin/213.cnf compile | tr '\n' ' '",/data/schlandals/pwmc_benchmarks/instances/bayesian_networks/pcnf/munin/213.cnf,"Final circuit size: 317456 Estimated probability 0.00240566 (epsilon 2.135971262025612) found in 600 seconds ",
210,:,1737406885.000,638.000,0,108,0,0,"schlandals --timeout 600 -i /data/schlandals/pwmc_benchmarks/instances/bayesian_networks/pcnf/munin/210.cnf compile | tr '\n' ' '",/data/schlandals/pwmc_benchmarks/instances/bayesian_networks/pcnf/munin/210.cnf,"Final circuit size: 304242 Estimated probability 0.00116291 (epsilon 3.41342436342848) found in 600 seconds ",
217,:,1737406894.000,629.000,0,109,0,0,"schlandals --timeout 600 -i /data/schlandals/pwmc_benchmarks/instances/bayesian_networks/pcnf/munin/217.cnf compile | tr '\n' ' '",/data/schlandals/pwmc_benchmarks/instances/bayesian_networks/pcnf/munin/217.cnf,"Final circuit size: 355142 Estimated probability 0.00933805 (epsilon 0.803175472415288) found in 600 seconds ",
214,:,1737406891.000,634.000,0,110,0,0,"schlandals --timeout 600 -i /data/schlandals/pwmc_benchmarks/instances/bayesian_networks/pcnf/munin/214.cnf compile | tr '\n' ' '",/data/schlandals/pwmc_benchmarks/instances/bayesian_networks/pcnf/munin/214.cnf,"Final circuit size: 412220 Estimated probability 0.00351979 (epsilon 1.4396289013218833) found in 600 seconds ",
216,:,1737406892.000,634.000,0,110,0,0,"schlandals --timeout 600 -i /data/schlandals/pwmc_benchmarks/instances/bayesian_networks/pcnf/munin/216.cnf compile | tr '\n' ' '",/data/schlandals/pwmc_benchmarks/instances/bayesian_networks/pcnf/munin/216.cnf,"Final circuit size: 405095 Estimated probability 0.00694837 (epsilon 0.8727567041402584) found in 600 seconds ",
215,:,1737406892.000,637.000,0,109,0,0,"schlandals --timeout 600 -i /data/schlandals/pwmc_benchmarks/instances/bayesian_networks/pcnf/munin/215.cnf compile | tr '\n' ' '",/data/schlandals/pwmc_benchmarks/instances/bayesian_networks/pcnf/munin/215.cnf,"Final circuit size: 355654 Estimated probability 0.00492077 (epsilon 1.297403616011338) found in 600 seconds ",
209,:,1737406885.000,648.000,0,110,0,0,"schlandals --timeout 600 -i /data/schlandals/pwmc_benchmarks/instances/bayesian_networks/pcnf/munin/209.cnf compile | tr '\n' ' '",/data/schlandals/pwmc_benchmarks/instances/bayesian_networks/pcnf/munin/209.cnf,"Final circuit size: 366155 Estimated probability 0.00104507 (epsilon 3.3110466116561206) found in 600 seconds ",
218,:,1737406895.000,638.000,0,110,0,0,"schlandals --timeout 600 -i /data/schlandals/pwmc_benchmarks/instances/bayesian_networks/pcnf/munin/218.cnf compile | tr '\n' ' '",/data/schlandals/pwmc_benchmarks/instances/bayesian_networks/pcnf/munin/218.cnf,"Final circuit size: 345641 Estimated probability 0.01283062 (epsilon 0.6283998595067244) found in 600 seconds ",
219,:,1737406899.000,638.000,0,110,0,0,"schlandals --timeout 600 -i /data/schlandals/pwmc_benchmarks/instances/bayesian_networks/pcnf/munin/219.cnf compile | tr '\n' ' '",/data/schlandals/pwmc_benchmarks/instances/bayesian_networks/pcnf/munin/219.cnf,"Final circuit size: 468517 Estimated probability 0.01973877 (epsilon 0.3203826980990845) found in 600 seconds ",
222,:,1737406902.000,640.000,0,111,0,0,"schlandals --timeout 600 -i /data/schlandals/pwmc_benchmarks/instances/bayesian_networks/pcnf/munin/222.cnf compile | tr '\n' ' '",/data/schlandals/pwmc_benchmarks/instances/bayesian_networks/pcnf/munin/222.cnf,"Final circuit size: 364352 Estimated probability 0.16013052 (epsilon 0.06020150462727214) found in 600 seconds ",
221,:,1737406902.000,640.000,0,111,0,0,"schlandals --timeout 600 -i /data/schlandals/pwmc_benchmarks/instances/bayesian_networks/pcnf/munin/221.cnf compile | tr '\n' ' '",/data/schlandals/pwmc_benchmarks/instances/bayesian_networks/pcnf/munin/221.cnf,"Final circuit size: 347895 Estimated probability 0.08161983 (epsilon 0.12233829720496625) found in 600 seconds ",
224,:,1737406909.000,634.000,0,112,0,0,"schlandals --timeout 600 -i /data/schlandals/pwmc_benchmarks/instances/bayesian_networks/pcnf/munin/224.cnf compile | tr '\n' ' '",/data/schlandals/pwmc_benchmarks/instances/bayesian_networks/pcnf/munin/224.cnf,"Final circuit size: 325369 Estimated probability 0.20733347 (epsilon 0.049995563639412266) found in 600 seconds ",
473,:,1737407537.000,6.000,0,90,0,0,"schlandals --timeout 600 -i /data/schlandals/pwmc_benchmarks/instances/bayesian_networks/pcnf/munin/473.cnf compile | tr '\n' ' '",/data/schlandals/pwmc_benchmarks/instances/bayesian_networks/pcnf/munin/473.cnf,"Final circuit size: 11400 Estimated probability 0.80882638 (epsilon 0) found in 4 seconds ",
225,:,1737406910.000,634.000,0,111,0,0,"schlandals --timeout 600 -i /data/schlandals/pwmc_benchmarks/instances/bayesian_networks/pcnf/munin/225.cnf compile | tr '\n' ' '",/data/schlandals/pwmc_benchmarks/instances/bayesian_networks/pcnf/munin/225.cnf,"Final circuit size: 384523 Estimated probability 0.12622465 (epsilon 0.06762688313655563) found in 600 seconds ",
475,:,1737407542.000,4.000,0,90,0,0,"schlandals --timeout 600 -i /data/schlandals/pwmc_benchmarks/instances/bayesian_networks/pcnf/munin/475.cnf compile | tr '\n' ' '",/data/schlandals/pwmc_benchmarks/instances/bayesian_networks/pcnf/munin/475.cnf,"Final circuit size: 11304 Estimated probability 0.03802155 (epsilon 0) found in 2 seconds ",
212,:,1737406886.000,661.000,0,110,0,0,"schlandals --timeout 600 -i /data/schlandals/pwmc_benchmarks/instances/bayesian_networks/pcnf/munin/212.cnf compile | tr '\n' ' '",/data/schlandals/pwmc_benchmarks/instances/bayesian_networks/pcnf/munin/212.cnf,"Final circuit size: 473058 Estimated probability 0.00181002 (epsilon 1.6274102194810096) found in 600 seconds ",
474,:,1737407542.000,6.000,0,90,0,0,"schlandals --timeout 600 -i /data/schlandals/pwmc_benchmarks/instances/bayesian_networks/pcnf/munin/474.cnf compile | tr '\n' ' '",/data/schlandals/pwmc_benchmarks/instances/bayesian_networks/pcnf/munin/474.cnf,"Final circuit size: 11473 Estimated probability 0.14627668 (epsilon 0) found in 4 seconds ",
226,:,1737406912.000,638.000,0,111,0,0,"schlandals --timeout 600 -i /data/schlandals/pwmc_benchmarks/instances/bayesian_networks/pcnf/munin/226.cnf compile | tr '\n' ' '",/data/schlandals/pwmc_benchmarks/instances/bayesian_networks/pcnf/munin/226.cnf,"Final circuit size: 298548 Estimated probability 0.05268033 (epsilon 0.19208535067222732) found in 600 seconds ",
223,:,1737406902.000,651.000,0,111,0,0,"schlandals --timeout 600 -i /data/schlandals/pwmc_benchmarks/instances/bayesian_networks/pcnf/munin/223.cnf compile | tr '\n' ' '",/data/schlandals/pwmc_benchmarks/instances/bayesian_networks/pcnf/munin/223.cnf,"Final circuit size: 469902 Estimated probability 0.22444267 (epsilon 0.02745195165713632) found in 600 seconds ",
220,:,1737406900.000,653.000,0,111,0,0,"schlandals --timeout 600 -i /data/schlandals/pwmc_benchmarks/instances/bayesian_networks/pcnf/munin/220.cnf compile | tr '\n' ' '",/data/schlandals/pwmc_benchmarks/instances/bayesian_networks/pcnf/munin/220.cnf,"Final circuit size: 397634 Estimated probability 0.03661555 (epsilon 0.23076566584395075) found in 600 seconds ",
227,:,1737406912.000,643.000,0,110,0,0,"schlandals --timeout 600 -i /data/schlandals/pwmc_benchmarks/instances/bayesian_networks/pcnf/munin/227.cnf compile | tr '\n' ' '",/data/schlandals/pwmc_benchmarks/instances/bayesian_networks/pcnf/munin/227.cnf,"Final circuit size: 288455 Estimated probability 0.01865701 (epsilon 0.4872627456277989) found in 600 seconds ",
479,:,1737407546.000,40.000,0,91,0,0,"schlandals --timeout 600 -i /data/schlandals/pwmc_benchmarks/instances/bayesian_networks/pcnf/munin/479.cnf compile | tr '\n' ' '",/data/schlandals/pwmc_benchmarks/instances/bayesian_networks/pcnf/munin/479.cnf,"Final circuit size: 83534 Estimated probability 0.06671054 (epsilon 0) found in 37 seconds ",
472,:,1737407533.000,60.000,0,92,0,0,"schlandals --timeout 600 -i /data/schlandals/pwmc_benchmarks/instances/bayesian_networks/pcnf/munin/472.cnf compile | tr '\n' ' '",/data/schlandals/pwmc_benchmarks/instances/bayesian_networks/pcnf/munin/472.cnf,"Final circuit size: 125252 Estimated probability 0.87239302 (epsilon 0) found in 57 seconds ",
133,:,1737406714.000,880.000,0,106,0,0,"schlandals --timeout 600 -i /data/schlandals/pwmc_benchmarks/instances/bayesian_networks/pcnf/munin/133.cnf compile | tr '\n' ' '",/data/schlandals/pwmc_benchmarks/instances/bayesian_networks/pcnf/munin/133.cnf,"Final circuit size: 156 Estimated probability 0.00301274 (epsilon 5.110936957882118) found in 599 seconds ",
471,:,1737407533.000,63.000,0,92,0,0,"schlandals --timeout 600 -i /data/schlandals/pwmc_benchmarks/instances/bayesian_networks/pcnf/munin/471.cnf compile | tr '\n' ' '",/data/schlandals/pwmc_benchmarks/instances/bayesian_networks/pcnf/munin/471.cnf,"Final circuit size: 124806 Estimated probability 0.12760698 (epsilon 0) found in 60 seconds ",
477,:,1737407543.000,73.000,0,91,0,0,"schlandals --timeout 600 -i /data/schlandals/pwmc_benchmarks/instances/bayesian_networks/pcnf/munin/477.cnf compile | tr '\n' ' '",/data/schlandals/pwmc_benchmarks/instances/bayesian_networks/pcnf/munin/477.cnf,"Final circuit size: 83442 Estimated probability 0.09629562 (epsilon 0) found in 68 seconds ",
480,:,1737407547.000,73.000,0,91,0,0,"schlandals --timeout 600 -i /data/schlandals/pwmc_benchmarks/instances/bayesian_networks/pcnf/munin/480.cnf compile | tr '\n' ' '",/data/schlandals/pwmc_benchmarks/instances/bayesian_networks/pcnf/munin/480.cnf,"Final circuit size: 80614 Estimated probability 0.02846008 (epsilon 0) found in 69 seconds ",
478,:,1737407544.000,77.000,0,91,0,0,"schlandals --timeout 600 -i /data/schlandals/pwmc_benchmarks/instances/bayesian_networks/pcnf/munin/478.cnf compile | tr '\n' ' '",/data/schlandals/pwmc_benchmarks/instances/bayesian_networks/pcnf/munin/478.cnf,"Final circuit size: 83325 Estimated probability 0.83699384 (epsilon 0) found in 72 seconds ",
483,:,1737407553.000,68.000,0,91,0,0,"schlandals --timeout 600 -i /data/schlandals/pwmc_benchmarks/instances/bayesian_networks/pcnf/munin/483.cnf compile | tr '\n' ' '",/data/schlandals/pwmc_benchmarks/instances/bayesian_networks/pcnf/munin/483.cnf,"Final circuit size: 80606 Estimated probability 0.03987446 (epsilon 0) found in 64 seconds ",
482,:,1737407550.000,75.000,0,91,0,0,"schlandals --timeout 600 -i /data/schlandals/pwmc_benchmarks/instances/bayesian_networks/pcnf/munin/482.cnf compile | tr '\n' ' '",/data/schlandals/pwmc_benchmarks/instances/bayesian_networks/pcnf/munin/482.cnf,"Final circuit size: 83996 Estimated probability 0.85501604 (epsilon 0) found in 71 seconds ",
481,:,1737407548.000,77.000,0,91,0,0,"schlandals --timeout 600 -i /data/schlandals/pwmc_benchmarks/instances/bayesian_networks/pcnf/munin/481.cnf compile | tr '\n' ' '",/data/schlandals/pwmc_benchmarks/instances/bayesian_networks/pcnf/munin/481.cnf,"Final circuit size: 83783 Estimated probability 0.06523714 (epsilon 0) found in 73 seconds ",
484,:,1737407553.000,77.000,0,91,0,0,"schlandals --timeout 600 -i /data/schlandals/pwmc_benchmarks/instances/bayesian_networks/pcnf/munin/484.cnf compile | tr '\n' ' '",/data/schlandals/pwmc_benchmarks/instances/bayesian_networks/pcnf/munin/484.cnf,"Final circuit size: 82359 Estimated probability 0.01141228 (epsilon 0) found in 72 seconds ",
48,:,1737406693.000,954.000,0,106,0,0,"schlandals --timeout 600 -i /data/schlandals/pwmc_benchmarks/instances/bayesian_networks/pcnf/munin/48.cnf compile | tr '\n' ' '",/data/schlandals/pwmc_benchmarks/instances/bayesian_networks/pcnf/munin/48.cnf,"Final circuit size: 621 Estimated probability 0.00477273 (epsilon 3.892622522019299) found in 599 seconds ",
488,:,1737407594.000,53.000,0,116,0,0,"schlandals --timeout 600 -i /data/schlandals/pwmc_benchmarks/instances/bayesian_networks/pcnf/munin/488.cnf compile | tr '\n' ' '",/data/schlandals/pwmc_benchmarks/instances/bayesian_networks/pcnf/munin/488.cnf,"Final circuit size: 85820 Estimated probability 0.00079686 (epsilon 0.000000053472825722877815) found in 49 seconds ",
485,:,1737407555.000,99.000,0,115,0,0,"schlandals --timeout 600 -i /data/schlandals/pwmc_benchmarks/instances/bayesian_networks/pcnf/munin/485.cnf compile | tr '\n' ' '",/data/schlandals/pwmc_benchmarks/instances/bayesian_networks/pcnf/munin/485.cnf,"Final circuit size: 87382 Estimated probability 0.00009748 (epsilon 0.00000043710681563169373) found in 93 seconds ",
316,:,1737407156.000,501.000,0,115,0,0,"schlandals --timeout 600 -i /data/schlandals/pwmc_benchmarks/instances/bayesian_networks/pcnf/munin/316.cnf compile | tr '\n' ' '",/data/schlandals/pwmc_benchmarks/instances/bayesian_networks/pcnf/munin/316.cnf,"Final circuit size: 7726 Estimated probability 0.00106859 (epsilon 0.00000001614209921285692) found in 273 seconds ",
486,:,1737407586.000,99.000,0,115,0,0,"schlandals --timeout 600 -i /data/schlandals/pwmc_benchmarks/instances/bayesian_networks/pcnf/munin/486.cnf compile | tr '\n' ' '",/data/schlandals/pwmc_benchmarks/instances/bayesian_networks/pcnf/munin/486.cnf,"Final circuit size: 86067 Estimated probability 0.00019187 (epsilon 0.00000022208455674466165) found in 93 seconds ",
487,:,1737407593.000,96.000,0,115,0,0,"schlandals --timeout 600 -i /data/schlandals/pwmc_benchmarks/instances/bayesian_networks/pcnf/munin/487.cnf compile | tr '\n' ' '",/data/schlandals/pwmc_benchmarks/instances/bayesian_networks/pcnf/munin/487.cnf,"Final circuit size: 86289 Estimated probability 0.00039033 (epsilon 0.00000010916567227958751) found in 90 seconds ",
489,:,1737407596.000,98.000,0,114,0,0,"schlandals --timeout 600 -i /data/schlandals/pwmc_benchmarks/instances/bayesian_networks/pcnf/munin/489.cnf compile | tr '\n' ' '",/data/schlandals/pwmc_benchmarks/instances/bayesian_networks/pcnf/munin/489.cnf,"Final circuit size: 87035 Estimated probability 0.00152862 (epsilon 0.0000000278752303461971) found in 91 seconds ",
132,:,1737406714.000,984.000,0,107,0,0,"schlandals --timeout 600 -i /data/schlandals/pwmc_benchmarks/instances/bayesian_networks/pcnf/munin/132.cnf compile | tr '\n' ' '",/data/schlandals/pwmc_benchmarks/instances/bayesian_networks/pcnf/munin/132.cnf,"Final circuit size: 13032 Estimated probability 0.00018247 (epsilon 8.21397043965477) found in 599 seconds ",
498,:,1737407647.000,56.000,0,116,0,0,"schlandals --timeout 600 -i /data/schlandals/pwmc_benchmarks/instances/bayesian_networks/pcnf/munin/498.cnf compile | tr '\n' ' '",/data/schlandals/pwmc_benchmarks/instances/bayesian_networks/pcnf/munin/498.cnf,"Final circuit size: 87595 Estimated probability 0.08716659 (epsilon 0.000000051403882261880085) found in 51 seconds ",
497,:,1737407647.000,57.000,0,116,0,0,"schlandals --timeout 600 -i /data/schlandals/pwmc_benchmarks/instances/bayesian_networks/pcnf/munin/497.cnf compile | tr '\n' ' '",/data/schlandals/pwmc_benchmarks/instances/bayesian_networks/pcnf/munin/497.cnf,"Final circuit size: 86755 Estimated probability 0.16550497 (epsilon 0.000000027072910802061756) found in 52 seconds ",
79,:,1737406694.000,1011.000,0,105,0,0,"schlandals --timeout 600 -i /data/schlandals/pwmc_benchmarks/instances/bayesian_networks/pcnf/munin/79.cnf compile | tr '\n' ' '",/data/schlandals/pwmc_benchmarks/instances/bayesian_networks/pcnf/munin/79.cnf,"Final circuit size: 145 Estimated probability 0.00242182 (epsilon 9.87562117433701) found in 599 seconds ",
490,:,1737407616.000,92.000,0,114,0,0,"schlandals --timeout 600 -i /data/schlandals/pwmc_benchmarks/instances/bayesian_networks/pcnf/munin/490.cnf compile | tr '\n' ' '",/data/schlandals/pwmc_benchmarks/instances/bayesian_networks/pcnf/munin/490.cnf,"Final circuit size: 85523 Estimated probability 0.00306481 (epsilon 0.0000014619831800732896) found in 87 seconds ",
500,:,1737407657.000,55.000,0,114,0,0,"schlandals --timeout 600 -i /data/schlandals/pwmc_benchmarks/instances/bayesian_networks/pcnf/munin/500.cnf compile | tr '\n' ' '",/data/schlandals/pwmc_benchmarks/instances/bayesian_networks/pcnf/munin/500.cnf,"Final circuit size: 86095 Estimated probability 0.01608914 (epsilon 0.0000002755860484260353) found in 51 seconds ",
493,:,1737407621.000,94.000,0,114,0,0,"schlandals --timeout 600 -i /data/schlandals/pwmc_benchmarks/instances/bayesian_networks/pcnf/munin/493.cnf compile | tr '\n' ' '",/data/schlandals/pwmc_benchmarks/instances/bayesian_networks/pcnf/munin/493.cnf,"Final circuit size: 86125 Estimated probability 0.06265256 (epsilon 0.0000000715166545983692) found in 89 seconds ",
491,:,1737407620.000,97.000,0,114,0,0,"schlandals --timeout 600 -i /data/schlandals/pwmc_benchmarks/instances/bayesian_networks/pcnf/munin/491.cnf compile | tr '\n' ' '",/data/schlandals/pwmc_benchmarks/instances/bayesian_networks/pcnf/munin/491.cnf,"Final circuit size: 86553 Estimated probability 0.00719580 (epsilon 0.0000006226826207988978) found in 91 seconds ",
13,:,1737406693.000,1025.000,0,106,0,0,"schlandals --timeout 600 -i /data/schlandals/pwmc_benchmarks/instances/bayesian_networks/pcnf/munin/13.cnf compile | tr '\n' ' '",/data/schlandals/pwmc_benchmarks/instances/bayesian_networks/pcnf/munin/13.cnf,"Final circuit size: 554 Estimated probability 0.00505396 (epsilon 2.504039670587702) found in 599 seconds ",
80,:,1737406694.000,1024.000,0,109,0,0,"schlandals --timeout 600 -i /data/schlandals/pwmc_benchmarks/instances/bayesian_networks/pcnf/munin/80.cnf compile | tr '\n' ' '",/data/schlandals/pwmc_benchmarks/instances/bayesian_networks/pcnf/munin/80.cnf,"Final circuit size: 23331 Estimated probability 0.00015070 (epsilon 0.9264202786673592) found in 599 seconds ",
492,:,1737407621.000,97.000,0,113,0,0,"schlandals --timeout 600 -i /data/schlandals/pwmc_benchmarks/instances/bayesian_networks/pcnf/munin/492.cnf compile | tr '\n' ' '",/data/schlandals/pwmc_benchmarks/instances/bayesian_networks/pcnf/munin/492.cnf,"Final circuit size: 86577 Estimated probability 0.02168615 (epsilon 0.000000206615776265906) found in 92 seconds ",
495,:,1737407625.000,98.000,0,116,0,0,"schlandals --timeout 600 -i /data/schlandals/pwmc_benchmarks/instances/bayesian_networks/pcnf/munin/495.cnf compile | tr '\n' ' '",/data/schlandals/pwmc_benchmarks/instances/bayesian_networks/pcnf/munin/495.cnf,"Final circuit size: 86021 Estimated probability 0.21194662 (epsilon 0.000000021140707406885895) found in 92 seconds ",
494,:,1737407625.000,102.000,0,116,0,0,"schlandals --timeout 600 -i /data/schlandals/pwmc_benchmarks/instances/bayesian_networks/pcnf/munin/494.cnf compile | tr '\n' ' '",/data/schlandals/pwmc_benchmarks/instances/bayesian_networks/pcnf/munin/494.cnf,"Final circuit size: 88954 Estimated probability 0.13753040 (epsilon 0.000000032579715814051724) found in 95 seconds ",
496,:,1737407630.000,97.000,0,116,0,0,"schlandals --timeout 600 -i /data/schlandals/pwmc_benchmarks/instances/bayesian_networks/pcnf/munin/496.cnf compile | tr '\n' ' '",/data/schlandals/pwmc_benchmarks/instances/bayesian_networks/pcnf/munin/496.cnf,"Final circuit size: 85757 Estimated probability 0.22510135 (epsilon 0.000000019905262105268662) found in 91 seconds ",
351,:,1737407250.000,485.000,0,117,0,0,"schlandals --timeout 600 -i /data/schlandals/pwmc_benchmarks/instances/bayesian_networks/pcnf/munin/351.cnf compile | tr '\n' ' '",/data/schlandals/pwmc_benchmarks/instances/bayesian_networks/pcnf/munin/351.cnf,"Final circuit size: 10780 Estimated probability 0.00283555 (epsilon 0.000000013967021317284889) found in 286 seconds ",
350,:,1737407250.000,488.000,0,117,0,0,"schlandals --timeout 600 -i /data/schlandals/pwmc_benchmarks/instances/bayesian_networks/pcnf/munin/350.cnf compile | tr '\n' ' '",/data/schlandals/pwmc_benchmarks/instances/bayesian_networks/pcnf/munin/350.cnf,"Final circuit size: 10531 Estimated probability 0.00162324 (epsilon 0.000000024398198350539246) found in 310 seconds ",
130,:,1737406714.000,1025.000,0,108,0,0,"schlandals --timeout 600 -i /data/schlandals/pwmc_benchmarks/instances/bayesian_networks/pcnf/munin/130.cnf compile | tr '\n' ' '",/data/schlandals/pwmc_benchmarks/instances/bayesian_networks/pcnf/munin/130.cnf,"Final circuit size: 13571 Estimated probability 0.00023814 (epsilon 6.999670564003649) found in 599 seconds ",
499,:,1737407654.000,99.000,0,115,0,0,"schlandals --timeout 600 -i /data/schlandals/pwmc_benchmarks/instances/bayesian_networks/pcnf/munin/499.cnf compile | tr '\n' ' '",/data/schlandals/pwmc_benchmarks/instances/bayesian_networks/pcnf/munin/499.cnf,"Final circuit size: 87671 Estimated probability 0.03677872 (epsilon 0.00000012182862940690597) found in 93 seconds ",
507,:,1737407705.000,63.000,0,91,0,0,"schlandals --timeout 600 -i /data/schlandals/pwmc_benchmarks/instances/bayesian_networks/pcnf/munin/507.cnf compile | tr '\n' ' '",/data/schlandals/pwmc_benchmarks/instances/bayesian_networks/pcnf/munin/507.cnf,"Final circuit size: 82512 Estimated probability 0.79866221 (epsilon 0) found in 59 seconds ",
508,:,1737407708.000,63.000,0,91,0,0,"schlandals --timeout 600 -i /data/schlandals/pwmc_benchmarks/instances/bayesian_networks/pcnf/munin/508.cnf compile | tr '\n' ' '",/data/schlandals/pwmc_benchmarks/instances/bayesian_networks/pcnf/munin/508.cnf,"Final circuit size: 83536 Estimated probability 0.11467941 (epsilon 0) found in 58 seconds ",
513,:,1737407718.000,53.000,0,115,0,0,"schlandals --timeout 600 -i /data/schlandals/pwmc_benchmarks/instances/bayesian_networks/pcnf/munin/513.cnf compile | tr '\n' ' '",/data/schlandals/pwmc_benchmarks/instances/bayesian_networks/pcnf/munin/513.cnf,"Final circuit size: 86379 Estimated probability 0.02165268 (epsilon 0.00000001204543931265789) found in 49 seconds ",
505,:,1737407703.000,74.000,0,91,0,0,"schlandals --timeout 600 -i /data/schlandals/pwmc_benchmarks/instances/bayesian_networks/pcnf/munin/505.cnf compile | tr '\n' ' '",/data/schlandals/pwmc_benchmarks/instances/bayesian_networks/pcnf/munin/505.cnf,"Final circuit size: 82827 Estimated probability 0.00674321 (epsilon 0) found in 69 seconds ",
506,:,1737407704.000,74.000,0,91,0,0,"schlandals --timeout 600 -i /data/schlandals/pwmc_benchmarks/instances/bayesian_networks/pcnf/munin/506.cnf compile | tr '\n' ' '",/data/schlandals/pwmc_benchmarks/instances/bayesian_networks/pcnf/munin/506.cnf,"Final circuit size: 83728 Estimated probability 0.05836838 (epsilon 0) found in 70 seconds ",
503,:,1737407694.000,85.000,0,91,0,0,"schlandals --timeout 600 -i /data/schlandals/pwmc_benchmarks/instances/bayesian_networks/pcnf/munin/503.cnf compile | tr '\n' ' '",/data/schlandals/pwmc_benchmarks/instances/bayesian_networks/pcnf/munin/503.cnf,"Final circuit size: 83856 Estimated probability 0.00422436 (epsilon 0) found in 80 seconds ",
129,:,1737406713.000,1069.000,0,108,0,0,"schlandals --timeout 600 -i /data/schlandals/pwmc_benchmarks/instances/bayesian_networks/pcnf/munin/129.cnf compile | tr '\n' ' '",/data/schlandals/pwmc_benchmarks/instances/bayesian_networks/pcnf/munin/129.cnf,"Final circuit size: 17116 Estimated probability 0.00172370 (epsilon 1.121537461445718) found in 599 seconds ",
502,:,1737407689.000,93.000,0,114,0,0,"schlandals --timeout 600 -i /data/schlandals/pwmc_benchmarks/instances/bayesian_networks/pcnf/munin/502.cnf compile | tr '\n' ' '",/data/schlandals/pwmc_benchmarks/instances/bayesian_networks/pcnf/munin/502.cnf,"Final circuit size: 87271 Estimated probability 0.00609418 (epsilon 0.0000007275700208975167) found in 87 seconds ",
349,:,1737407249.000,535.000,0,116,0,0,"schlandals --timeout 600 -i /data/schlandals/pwmc_benchmarks/instances/bayesian_networks/pcnf/munin/349.cnf compile | tr '\n' ' '",/data/schlandals/pwmc_benchmarks/instances/bayesian_networks/pcnf/munin/349.cnf,"Final circuit size: 10466 Estimated probability 0.00009333 (epsilon 0.00000042433433367072837) found in 321 seconds ",
501,:,1737407685.000,99.000,0,114,0,0,"schlandals --timeout 600 -i /data/schlandals/pwmc_benchmarks/instances/bayesian_networks/pcnf/munin/501.cnf compile | tr '\n' ' '",/data/schlandals/pwmc_benchmarks/instances/bayesian_networks/pcnf/munin/501.cnf,"Final circuit size: 87034 Estimated probability 0.00908071 (epsilon 0.0000004882816588835936) found in 93 seconds ",
504,:,1737407698.000,87.000,0,91,0,0,"schlandals --timeout 600 -i /data/schlandals/pwmc_benchmarks/instances/bayesian_networks/pcnf/munin/504.cnf compile | tr '\n' ' '",/data/schlandals/pwmc_benchmarks/instances/bayesian_networks/pcnf/munin/504.cnf,"Final circuit size: 84742 Estimated probability 0.00287846 (epsilon 0) found in 81 seconds ",
509,:,1737407712.000,78.000,0,91,0,0,"schlandals --timeout 600 -i /data/schlandals/pwmc_benchmarks/instances/bayesian_networks/pcnf/munin/509.cnf compile | tr '\n' ' '",/data/schlandals/pwmc_benchmarks/instances/bayesian_networks/pcnf/munin/509.cnf,"Final circuit size: 81418 Estimated probability 0.02154680 (epsilon 0) found in 73 seconds ",
131,:,1737406714.000,1078.000,0,109,0,0,"schlandals --timeout 600 -i /data/schlandals/pwmc_benchmarks/instances/bayesian_networks/pcnf/munin/131.cnf compile | tr '\n' ' '",/data/schlandals/pwmc_benchmarks/instances/bayesian_networks/pcnf/munin/131.cnf,"Final circuit size: 13666 Estimated probability 0.00021100 (epsilon 7.4907938553541555) found in 599 seconds ",
534,:,1737407792.000,4.000,0,90,0,0,"schlandals --timeout 600 -i /data/schlandals/pwmc_benchmarks/instances/bayesian_networks/pcnf/munin/534.cnf compile | tr '\n' ' '",/data/schlandals/pwmc_benchmarks/instances/bayesian_networks/pcnf/munin/534.cnf,"Final circuit size: 42210 Estimated probability 0.88020006 (epsilon 0) found in 3 seconds ",
535,:,1737407796.000,3.000,0,90,0,0,"schlandals --timeout 600 -i /data/schlandals/pwmc_benchmarks/instances/bayesian_networks/pcnf/munin/535.cnf compile | tr '\n' ' '",/data/schlandals/pwmc_benchmarks/instances/bayesian_networks/pcnf/munin/535.cnf,"Final circuit size: 42210 Estimated probability 0.11979994 (epsilon 0) found in 3 seconds ",
514,:,1737407718.000,82.000,0,116,0,0,"schlandals --timeout 600 -i /data/schlandals/pwmc_benchmarks/instances/bayesian_networks/pcnf/munin/514.cnf compile | tr '\n' ' '",/data/schlandals/pwmc_benchmarks/instances/bayesian_networks/pcnf/munin/514.cnf,"Final circuit size: 87647 Estimated probability 0.07230812 (epsilon 0.000000005282158044295215) found in 75 seconds ",
520,:,1737407739.000,61.000,0,116,0,0,"schlandals --timeout 600 -i /data/schlandals/pwmc_benchmarks/instances/bayesian_networks/pcnf/munin/520.cnf compile | tr '\n' ' '",/data/schlandals/pwmc_benchmarks/instances/bayesian_networks/pcnf/munin/520.cnf,"Final circuit size: 86047 Estimated probability 0.02057949 (epsilon 0.000000020268341893725506) found in 57 seconds ",
512,:,1737407718.000,82.000,0,115,0,0,"schlandals --timeout 600 -i /data/schlandals/pwmc_benchmarks/instances/bayesian_networks/pcnf/munin/512.cnf compile | tr '\n' ' '",/data/schlandals/pwmc_benchmarks/instances/bayesian_networks/pcnf/munin/512.cnf,"Final circuit size: 87487 Estimated probability 0.00673842 (epsilon 0.00000003870582654386112) found in 76 seconds ",
518,:,1737407735.000,69.000,0,117,0,0,"schlandals --timeout 600 -i /data/schlandals/pwmc_benchmarks/instances/bayesian_networks/pcnf/munin/518.cnf compile | tr '\n' ' '",/data/schlandals/pwmc_benchmarks/instances/bayesian_networks/pcnf/munin/518.cnf,"Final circuit size: 86863 Estimated probability 0.13470693 (epsilon 0.0000000030964411035228068) found in 65 seconds ",
536,:,1737407799.000,6.000,0,90,0,0,"schlandals --timeout 600 -i /data/schlandals/pwmc_benchmarks/instances/bayesian_networks/pcnf/munin/536.cnf compile | tr '\n' ' '",/data/schlandals/pwmc_benchmarks/instances/bayesian_networks/pcnf/munin/536.cnf,"Final circuit size: 46191 Estimated probability 0.94632480 (epsilon 0) found in 5 seconds ",
537,:,1737407800.000,7.000,0,90,0,0,"schlandals --timeout 600 -i /data/schlandals/pwmc_benchmarks/instances/bayesian_networks/pcnf/munin/537.cnf compile | tr '\n' ' '",/data/schlandals/pwmc_benchmarks/instances/bayesian_networks/pcnf/munin/537.cnf,"Final circuit size: 46191 Estimated probability 0.05367520 (epsilon 0) found in 6 seconds ",
511,:,1737407717.000,93.000,0,116,0,0,"schlandals --timeout 600 -i /data/schlandals/pwmc_benchmarks/instances/bayesian_networks/pcnf/munin/511.cnf compile | tr '\n' ' '",/data/schlandals/pwmc_benchmarks/instances/bayesian_networks/pcnf/munin/511.cnf,"Final circuit size: 85843 Estimated probability 0.00301265 (epsilon 0.000000020990131854858873) found in 88 seconds ",
510,:,1737407715.000,96.000,0,116,0,0,"schlandals --timeout 600 -i /data/schlandals/pwmc_benchmarks/instances/bayesian_networks/pcnf/munin/510.cnf compile | tr '\n' ' '",/data/schlandals/pwmc_benchmarks/instances/bayesian_networks/pcnf/munin/510.cnf,"Final circuit size: 87321 Estimated probability 0.00144109 (epsilon 0.000000043880668876283835) found in 90 seconds ",
145,:,1737406720.000,1093.000,0,108,0,0,"schlandals --timeout 600 -i /data/schlandals/pwmc_benchmarks/instances/bayesian_networks/pcnf/munin/145.cnf compile | tr '\n' ' '",/data/schlandals/pwmc_benchmarks/instances/bayesian_networks/pcnf/munin/145.cnf,"Final circuit size: 1998 Estimated probability 0.00331075 (epsilon 0.7680951349427487) found in 599 seconds ",
516,:,1737407727.000,86.000,0,117,0,0,"schlandals --timeout 600 -i /data/schlandals/pwmc_benchmarks/instances/bayesian_networks/pcnf/munin/516.cnf compile | tr '\n' ' '",/data/schlandals/pwmc_benchmarks/instances/bayesian_networks/pcnf/munin/516.cnf,"Final circuit size: 89955 Estimated probability 0.25553850 (epsilon 0.0000000016322863061191129) found in 79 seconds ",
515,:,1737407723.000,94.000,0,117,0,0,"schlandals --timeout 600 -i /data/schlandals/pwmc_benchmarks/instances/bayesian_networks/pcnf/munin/515.cnf compile | tr '\n' ' '",/data/schlandals/pwmc_benchmarks/instances/bayesian_networks/pcnf/munin/515.cnf,"Final circuit size: 86901 Estimated probability 0.17152647 (epsilon 0.0000000024317647895344408) found in 88 seconds ",
519,:,1737407738.000,82.000,0,116,0,0,"schlandals --timeout 600 -i /data/schlandals/pwmc_benchmarks/instances/bayesian_networks/pcnf/munin/519.cnf compile | tr '\n' ' '",/data/schlandals/pwmc_benchmarks/instances/bayesian_networks/pcnf/munin/519.cnf,"Final circuit size: 84882 Estimated probability 0.05402247 (epsilon 0.000000007721084438472303) found in 77 seconds ",
517,:,1737407727.000,95.000,0,117,0,0,"schlandals --timeout 600 -i /data/schlandals/pwmc_benchmarks/instances/bayesian_networks/pcnf/munin/517.cnf compile | tr '\n' ' '",/data/schlandals/pwmc_benchmarks/instances/bayesian_networks/pcnf/munin/517.cnf,"Final circuit size: 85564 Estimated probability 0.23417023 (epsilon 0.0000000017812344932366386) found in 89 seconds ",
531,:,1737407784.000,43.000,0,91,0,0,"schlandals --timeout 600 -i /data/schlandals/pwmc_benchmarks/instances/bayesian_networks/pcnf/munin/531.cnf compile | tr '\n' ' '",/data/schlandals/pwmc_benchmarks/instances/bayesian_networks/pcnf/munin/531.cnf,"Final circuit size: 81795 Estimated probability 0.14616052 (epsilon 0) found in 40 seconds ",
525,:,1737407777.000,58.000,0,114,0,0,"schlandals --timeout 600 -i /data/schlandals/pwmc_benchmarks/instances/bayesian_networks/pcnf/munin/525.cnf compile | tr '\n' ' '",/data/schlandals/pwmc_benchmarks/instances/bayesian_networks/pcnf/munin/525.cnf,"Final circuit size: 86669 Estimated probability 0.00120154 (epsilon 0.0000002910682044277024) found in 53 seconds ",
47,:,1737406693.000,1151.000,0,108,0,0,"schlandals --timeout 600 -i /data/schlandals/pwmc_benchmarks/instances/bayesian_networks/pcnf/munin/47.cnf compile | tr '\n' ' '",/data/schlandals/pwmc_benchmarks/instances/bayesian_networks/pcnf/munin/47.cnf,"Final circuit size: 8412 Estimated probability 0.00572455 (epsilon 2.1172434898769907) found in 599 seconds ",
523,:,1737407771.000,74.000,0,115,0,0,"schlandals --timeout 600 -i /data/schlandals/pwmc_benchmarks/instances/bayesian_networks/pcnf/munin/523.cnf compile | tr '\n' ' '",/data/schlandals/pwmc_benchmarks/instances/bayesian_networks/pcnf/munin/523.cnf,"Final circuit size: 85923 Estimated probability 0.00355062 (epsilon 0.00000009849786408722139) found in 67 seconds ",
528,:,1737407782.000,67.000,0,114,0,0,"schlandals --timeout 600 -i /data/schlandals/pwmc_benchmarks/instances/bayesian_networks/pcnf/munin/528.cnf compile | tr '\n' ' '",/data/schlandals/pwmc_benchmarks/instances/bayesian_networks/pcnf/munin/528.cnf,"Final circuit size: 86269 Estimated probability 0.00004209 (epsilon 0.0000007370557899566421) found in 62 seconds ",
521,:,1737407753.000,98.000,0,116,0,0,"schlandals --timeout 600 -i /data/schlandals/pwmc_benchmarks/instances/bayesian_networks/pcnf/munin/521.cnf compile | tr '\n' ' '",/data/schlandals/pwmc_benchmarks/instances/bayesian_networks/pcnf/munin/521.cnf,"Final circuit size: 86344 Estimated probability 0.01037252 (epsilon 0.000000040213196106364535) found in 92 seconds ",
524,:,1737407771.000,83.000,0,115,0,0,"schlandals --timeout 600 -i /data/schlandals/pwmc_benchmarks/instances/bayesian_networks/pcnf/munin/524.cnf compile | tr '\n' ' '",/data/schlandals/pwmc_benchmarks/instances/bayesian_networks/pcnf/munin/524.cnf,"Final circuit size: 85977 Estimated probability 0.00206880 (epsilon 0.00000016904883426427375) found in 77 seconds ",
529,:,1737407782.000,76.000,0,91,0,0,"schlandals --timeout 600 -i /data/schlandals/pwmc_benchmarks/instances/bayesian_networks/pcnf/munin/529.cnf compile | tr '\n' ' '",/data/schlandals/pwmc_benchmarks/instances/bayesian_networks/pcnf/munin/529.cnf,"Final circuit size: 82047 Estimated probability 0.11456274 (epsilon 0) found in 70 seconds ",
530,:,1737407784.000,77.000,0,91,0,0,"schlandals --timeout 600 -i /data/schlandals/pwmc_benchmarks/instances/bayesian_networks/pcnf/munin/530.cnf compile | tr '\n' ' '",/data/schlandals/pwmc_benchmarks/instances/bayesian_networks/pcnf/munin/530.cnf,"Final circuit size: 82959 Estimated probability 0.73927674 (epsilon 0) found in 73 seconds ",
532,:,1737407785.000,77.000,0,91,0,0,"schlandals --timeout 600 -i /data/schlandals/pwmc_benchmarks/instances/bayesian_networks/pcnf/munin/532.cnf compile | tr '\n' ' '",/data/schlandals/pwmc_benchmarks/instances/bayesian_networks/pcnf/munin/532.cnf,"Final circuit size: 78791 Estimated probability 0.82270645 (epsilon 0) found in 73 seconds ",
522,:,1737407768.000,95.000,0,115,0,0,"schlandals --timeout 600 -i /data/schlandals/pwmc_benchmarks/instances/bayesian_networks/pcnf/munin/522.cnf compile | tr '\n' ' '",/data/schlandals/pwmc_benchmarks/instances/bayesian_networks/pcnf/munin/522.cnf,"Final circuit size: 88871 Estimated probability 0.00613682 (epsilon 0.00000005698860228164904) found in 89 seconds ",
533,:,1737407790.000,75.000,0,91,0,0,"schlandals --timeout 600 -i /data/schlandals/pwmc_benchmarks/instances/bayesian_networks/pcnf/munin/533.cnf compile | tr '\n' ' '",/data/schlandals/pwmc_benchmarks/instances/bayesian_networks/pcnf/munin/533.cnf,"Final circuit size: 78791 Estimated probability 0.17729355 (epsilon 0) found in 71 seconds ",
559,:,1737407862.000,7.000,0,90,0,0,"schlandals --timeout 600 -i /data/schlandals/pwmc_benchmarks/instances/bayesian_networks/pcnf/munin/559.cnf compile | tr '\n' ' '",/data/schlandals/pwmc_benchmarks/instances/bayesian_networks/pcnf/munin/559.cnf,"Final circuit size: 42282 Estimated probability 0.94588394 (epsilon 0) found in 6 seconds ",
560,:,1737407863.000,7.000,0,90,0,0,"schlandals --timeout 600 -i /data/schlandals/pwmc_benchmarks/instances/bayesian_networks/pcnf/munin/560.cnf compile | tr '\n' ' '",/data/schlandals/pwmc_benchmarks/instances/bayesian_networks/pcnf/munin/560.cnf,"Final circuit size: 42282 Estimated probability 0.02218102 (epsilon 0) found in 6 seconds ",
561,:,1737407865.000,6.000,0,90,0,0,"schlandals --timeout 600 -i /data/schlandals/pwmc_benchmarks/instances/bayesian_networks/pcnf/munin/561.cnf compile | tr '\n' ' '",/data/schlandals/pwmc_benchmarks/instances/bayesian_networks/pcnf/munin/561.cnf,"Final circuit size: 42282 Estimated probability 0.01063332 (epsilon 0) found in 5 seconds ",
526,:,1737407778.000,95.000,0,115,0,0,"schlandals --timeout 600 -i /data/schlandals/pwmc_benchmarks/instances/bayesian_networks/pcnf/munin/526.cnf compile | tr '\n' ' '",/data/schlandals/pwmc_benchmarks/instances/bayesian_networks/pcnf/munin/526.cnf,"Final circuit size: 85337 Estimated probability 0.00064127 (epsilon 0.00000023726162901027692) found in 88 seconds ",
527,:,1737407779.000,95.000,0,114,0,0,"schlandals --timeout 600 -i /data/schlandals/pwmc_benchmarks/instances/bayesian_networks/pcnf/munin/527.cnf compile | tr '\n' ' '",/data/schlandals/pwmc_benchmarks/instances/bayesian_networks/pcnf/munin/527.cnf,"Final circuit size: 86425 Estimated probability 0.00028931 (epsilon 0.0000005259057416218127) found in 89 seconds ",
562,:,1737407869.000,7.000,0,90,0,0,"schlandals --timeout 600 -i /data/schlandals/pwmc_benchmarks/instances/bayesian_networks/pcnf/munin/562.cnf compile | tr '\n' ' '",/data/schlandals/pwmc_benchmarks/instances/bayesian_networks/pcnf/munin/562.cnf,"Final circuit size: 42282 Estimated probability 0.00130172 (epsilon 0) found in 5 seconds ",
563,:,1737407870.000,7.000,0,90,0,0,"schlandals --timeout 600 -i /data/schlandals/pwmc_benchmarks/instances/bayesian_networks/pcnf/munin/563.cnf compile | tr '\n' ' '",/data/schlandals/pwmc_benchmarks/instances/bayesian_networks/pcnf/munin/563.cnf,"Final circuit size: 42282 Estimated probability 0.02000000 (epsilon 0) found in 6 seconds ",
564,:,1737407871.000,8.000,0,90,0,0,"schlandals --timeout 600 -i /data/schlandals/pwmc_benchmarks/instances/bayesian_networks/pcnf/munin/564.cnf compile | tr '\n' ' '",/data/schlandals/pwmc_benchmarks/instances/bayesian_networks/pcnf/munin/564.cnf,"Final circuit size: 45864 Estimated probability 0.94901349 (epsilon 0) found in 7 seconds ",
565,:,1737407873.000,7.000,0,90,0,0,"schlandals --timeout 600 -i /data/schlandals/pwmc_benchmarks/instances/bayesian_networks/pcnf/munin/565.cnf compile | tr '\n' ' '",/data/schlandals/pwmc_benchmarks/instances/bayesian_networks/pcnf/munin/565.cnf,"Final circuit size: 45864 Estimated probability 0.02075626 (epsilon 0) found in 6 seconds ",
566,:,1737407874.000,8.000,0,90,0,0,"schlandals --timeout 600 -i /data/schlandals/pwmc_benchmarks/instances/bayesian_networks/pcnf/munin/566.cnf compile | tr '\n' ' '",/data/schlandals/pwmc_benchmarks/instances/bayesian_networks/pcnf/munin/566.cnf,"Final circuit size: 45864 Estimated probability 0.01017766 (epsilon 0) found in 6 seconds ",
567,:,1737407876.000,8.000,0,90,0,0,"schlandals --timeout 600 -i /data/schlandals/pwmc_benchmarks/instances/bayesian_networks/pcnf/munin/567.cnf compile | tr '\n' ' '",/data/schlandals/pwmc_benchmarks/instances/bayesian_networks/pcnf/munin/567.cnf,"Final circuit size: 45864 Estimated probability 0.02005258 (epsilon 0) found in 6 seconds ",
568,:,1737407877.000,7.000,0,90,0,0,"schlandals --timeout 600 -i /data/schlandals/pwmc_benchmarks/instances/bayesian_networks/pcnf/munin/568.cnf compile | tr '\n' ' '",/data/schlandals/pwmc_benchmarks/instances/bayesian_networks/pcnf/munin/568.cnf,"Final circuit size: 42556 Estimated probability 0.94549911 (epsilon 0) found in 6 seconds ",
569,:,1737407879.000,7.000,0,90,0,0,"schlandals --timeout 600 -i /data/schlandals/pwmc_benchmarks/instances/bayesian_networks/pcnf/munin/569.cnf compile | tr '\n' ' '",/data/schlandals/pwmc_benchmarks/instances/bayesian_networks/pcnf/munin/569.cnf,"Final circuit size: 45141 Estimated probability 0.02229781 (epsilon 0) found in 6 seconds ",
570,:,1737407880.000,8.000,0,90,0,0,"schlandals --timeout 600 -i /data/schlandals/pwmc_benchmarks/instances/bayesian_networks/pcnf/munin/570.cnf compile | tr '\n' ' '",/data/schlandals/pwmc_benchmarks/instances/bayesian_networks/pcnf/munin/570.cnf,"Final circuit size: 45141 Estimated probability 0.01083667 (epsilon 0) found in 6 seconds ",
411,:,1737407335.000,553.000,0,115,0,0,"schlandals --timeout 600 -i /data/schlandals/pwmc_benchmarks/instances/bayesian_networks/pcnf/munin/411.cnf compile | tr '\n' ' '",/data/schlandals/pwmc_benchmarks/instances/bayesian_networks/pcnf/munin/411.cnf,"Final circuit size: 8980 Estimated probability 0.00010347 (epsilon 0.00000006535443453081768) found in 326 seconds ",
571,:,1737407882.000,8.000,0,90,0,0,"schlandals --timeout 600 -i /data/schlandals/pwmc_benchmarks/instances/bayesian_networks/pcnf/munin/571.cnf compile | tr '\n' ' '",/data/schlandals/pwmc_benchmarks/instances/bayesian_networks/pcnf/munin/571.cnf,"Final circuit size: 45891 Estimated probability 0.00134407 (epsilon 0) found in 7 seconds ",
573,:,1737407884.000,8.000,0,90,0,0,"schlandals --timeout 600 -i /data/schlandals/pwmc_benchmarks/instances/bayesian_networks/pcnf/munin/573.cnf compile | tr '\n' ' '",/data/schlandals/pwmc_benchmarks/instances/bayesian_networks/pcnf/munin/573.cnf,"Final circuit size: 49332 Estimated probability 0.94571335 (epsilon 0) found in 7 seconds ",
572,:,1737407884.000,8.000,0,90,0,0,"schlandals --timeout 600 -i /data/schlandals/pwmc_benchmarks/instances/bayesian_networks/pcnf/munin/572.cnf compile | tr '\n' ' '",/data/schlandals/pwmc_benchmarks/instances/bayesian_networks/pcnf/munin/572.cnf,"Final circuit size: 45306 Estimated probability 0.02002234 (epsilon 0) found in 7 seconds ",
576,:,1737407888.000,4.000,0,90,0,0,"schlandals --timeout 600 -i /data/schlandals/pwmc_benchmarks/instances/bayesian_networks/pcnf/munin/576.cnf compile | tr '\n' ' '",/data/schlandals/pwmc_benchmarks/instances/bayesian_networks/pcnf/munin/576.cnf,"Final circuit size: 40979 Estimated probability 0.00041322 (epsilon 0) found in 3 seconds ",
580,:,1737407892.000,1.000,0,89,0,0,"schlandals --timeout 600 -i /data/schlandals/pwmc_benchmarks/instances/bayesian_networks/pcnf/munin/580.cnf compile | tr '\n' ' '",/data/schlandals/pwmc_benchmarks/instances/bayesian_networks/pcnf/munin/580.cnf,"Final circuit size: 5151 Estimated probability 0.92221932 (epsilon 0) found in 0 seconds ",
581,:,1737407893.000,1.000,0,89,0,0,"schlandals --timeout 600 -i /data/schlandals/pwmc_benchmarks/instances/bayesian_networks/pcnf/munin/581.cnf compile | tr '\n' ' '",/data/schlandals/pwmc_benchmarks/instances/bayesian_networks/pcnf/munin/581.cnf,"Final circuit size: 5151 Estimated probability 0.07778068 (epsilon 0) found in 0 seconds ",
574,:,1737407886.000,8.000,0,90,0,0,"schlandals --timeout 600 -i /data/schlandals/pwmc_benchmarks/instances/bayesian_networks/pcnf/munin/574.cnf compile | tr '\n' ' '",/data/schlandals/pwmc_benchmarks/instances/bayesian_networks/pcnf/munin/574.cnf,"Final circuit size: 45591 Estimated probability 0.05257981 (epsilon 0) found in 6 seconds ",
575,:,1737407888.000,7.000,0,90,0,0,"schlandals --timeout 600 -i /data/schlandals/pwmc_benchmarks/instances/bayesian_networks/pcnf/munin/575.cnf compile | tr '\n' ' '",/data/schlandals/pwmc_benchmarks/instances/bayesian_networks/pcnf/munin/575.cnf,"Final circuit size: 40979 Estimated probability 0.00129363 (epsilon 0) found in 6 seconds ",
582,:,1737407894.000,1.000,0,86,0,0,"schlandals --timeout 600 -i /data/schlandals/pwmc_benchmarks/instances/bayesian_networks/pcnf/munin/582.cnf compile | tr '\n' ' '",/data/schlandals/pwmc_benchmarks/instances/bayesian_networks/pcnf/munin/582.cnf,"Final circuit size: 0 Estimated probability 0.00000000 (epsilon 0) found in 1 seconds ",
585,:,1737407895.000,2.000,0,86,0,0,"schlandals --timeout 600 -i /data/schlandals/pwmc_benchmarks/instances/bayesian_networks/pcnf/munin/585.cnf compile | tr '\n' ' '",/data/schlandals/pwmc_benchmarks/instances/bayesian_networks/pcnf/munin/585.cnf,"Final circuit size: 0 Estimated probability 0.00000000 (epsilon 0) found in 1 seconds ",
583,:,1737407894.000,3.000,0,86,0,0,"schlandals --timeout 600 -i /data/schlandals/pwmc_benchmarks/instances/bayesian_networks/pcnf/munin/583.cnf compile | tr '\n' ' '",/data/schlandals/pwmc_benchmarks/instances/bayesian_networks/pcnf/munin/583.cnf,"Final circuit size: 0 Estimated probability 0.00000000 (epsilon 0) found in 2 seconds ",
584,:,1737407895.000,3.000,0,86,0,0,"schlandals --timeout 600 -i /data/schlandals/pwmc_benchmarks/instances/bayesian_networks/pcnf/munin/584.cnf compile | tr '\n' ' '",/data/schlandals/pwmc_benchmarks/instances/bayesian_networks/pcnf/munin/584.cnf,"Final circuit size: 0 Estimated probability 0.00000000 (epsilon 0) found in 2 seconds ",
577,:,1737407890.000,12.000,0,92,0,0,"schlandals --timeout 600 -i /data/schlandals/pwmc_benchmarks/instances/bayesian_networks/pcnf/munin/577.cnf compile | tr '\n' ' '",/data/schlandals/pwmc_benchmarks/instances/bayesian_networks/pcnf/munin/577.cnf,"Final circuit size: 109277 Estimated probability 0.90647974 (epsilon 0) found in 11 seconds ",
314,:,1737407073.000,830.000,0,114,0,0,"schlandals --timeout 600 -i /data/schlandals/pwmc_benchmarks/instances/bayesian_networks/pcnf/munin/314.cnf compile | tr '\n' ' '",/data/schlandals/pwmc_benchmarks/instances/bayesian_networks/pcnf/munin/314.cnf,"Final circuit size: 7197 Estimated probability 0.00002878 (epsilon 0.0000005992676839206013) found in 448 seconds ",
578,:,1737407892.000,14.000,0,92,0,0,"schlandals --timeout 600 -i /data/schlandals/pwmc_benchmarks/instances/bayesian_networks/pcnf/munin/578.cnf compile | tr '\n' ' '",/data/schlandals/pwmc_benchmarks/instances/bayesian_networks/pcnf/munin/578.cnf,"Final circuit size: 109277 Estimated probability 0.07723689 (epsilon 0) found in 12 seconds ",
579,:,1737407892.000,14.000,0,92,0,0,"schlandals --timeout 600 -i /data/schlandals/pwmc_benchmarks/instances/bayesian_networks/pcnf/munin/579.cnf compile | tr '\n' ' '",/data/schlandals/pwmc_benchmarks/instances/bayesian_networks/pcnf/munin/579.cnf,"Final circuit size: 103026 Estimated probability 0.01628337 (epsilon 0) found in 12 seconds ",
283,:,1737407000.000,918.000,0,108,0,0,"schlandals --timeout 600 -i /data/schlandals/pwmc_benchmarks/instances/bayesian_networks/pcnf/munin/283.cnf compile | tr '\n' ' '",/data/schlandals/pwmc_benchmarks/instances/bayesian_networks/pcnf/munin/283.cnf,"Final circuit size: 17402 Estimated probability 0.00562510 (epsilon 2.298803565486281) found in 599 seconds ",
315,:,1737407074.000,879.000,0,115,0,0,"schlandals --timeout 600 -i /data/schlandals/pwmc_benchmarks/instances/bayesian_networks/pcnf/munin/315.cnf compile | tr '\n' ' '",/data/schlandals/pwmc_benchmarks/instances/bayesian_networks/pcnf/munin/315.cnf,"Final circuit size: 7797 Estimated probability 0.00062858 (epsilon 0.00000002744170957136305) found in 514 seconds ",
593,:,1737407918.000,36.000,0,92,0,0,"schlandals --timeout 600 -i /data/schlandals/pwmc_benchmarks/instances/bayesian_networks/pcnf/munin/593.cnf compile | tr '\n' ' '",/data/schlandals/pwmc_benchmarks/instances/bayesian_networks/pcnf/munin/593.cnf,"Final circuit size: 272994 Estimated probability 0.12190820 (epsilon 0) found in 34 seconds ",
587,:,1737407897.000,59.000,0,92,0,0,"schlandals --timeout 600 -i /data/schlandals/pwmc_benchmarks/instances/bayesian_networks/pcnf/munin/587.cnf compile | tr '\n' ' '",/data/schlandals/pwmc_benchmarks/instances/bayesian_networks/pcnf/munin/587.cnf,"Final circuit size: 266870 Estimated probability 0.07103656 (epsilon 0) found in 56 seconds ",
588,:,1737407898.000,60.000,0,92,0,0,"schlandals --timeout 600 -i /data/schlandals/pwmc_benchmarks/instances/bayesian_networks/pcnf/munin/588.cnf compile | tr '\n' ' '",/data/schlandals/pwmc_benchmarks/instances/bayesian_networks/pcnf/munin/588.cnf,"Final circuit size: 275036 Estimated probability 0.04072513 (epsilon 0) found in 58 seconds ",
589,:,1737407902.000,61.000,0,92,0,0,"schlandals --timeout 600 -i /data/schlandals/pwmc_benchmarks/instances/bayesian_networks/pcnf/munin/589.cnf compile | tr '\n' ' '",/data/schlandals/pwmc_benchmarks/instances/bayesian_networks/pcnf/munin/589.cnf,"Final circuit size: 268071 Estimated probability 0.01418815 (epsilon 0) found in 58 seconds ",
590,:,1737407903.000,61.000,0,92,0,0,"schlandals --timeout 600 -i /data/schlandals/pwmc_benchmarks/instances/bayesian_networks/pcnf/munin/590.cnf compile | tr '\n' ' '",/data/schlandals/pwmc_benchmarks/instances/bayesian_networks/pcnf/munin/590.cnf,"Final circuit size: 268012 Estimated probability 0.98642707 (epsilon 0) found in 58 seconds ",
591,:,1737407906.000,59.000,0,92,0,0,"schlandals --timeout 600 -i /data/schlandals/pwmc_benchmarks/instances/bayesian_networks/pcnf/munin/591.cnf compile | tr '\n' ' '",/data/schlandals/pwmc_benchmarks/instances/bayesian_networks/pcnf/munin/591.cnf,"Final circuit size: 268012 Estimated probability 0.01357293 (epsilon 0) found in 57 seconds ",
282,:,1737406999.000,968.000,0,109,0,0,"schlandals --timeout 600 -i /data/schlandals/pwmc_benchmarks/instances/bayesian_networks/pcnf/munin/282.cnf compile | tr '\n' ' '",/data/schlandals/pwmc_benchmarks/instances/bayesian_networks/pcnf/munin/282.cnf,"Final circuit size: 20247 Estimated probability 0.00017931 (epsilon 16.384710948864452) found in 599 seconds ",
592,:,1737407906.000,63.000,0,92,0,0,"schlandals --timeout 600 -i /data/schlandals/pwmc_benchmarks/instances/bayesian_networks/pcnf/munin/592.cnf compile | tr '\n' ' '",/data/schlandals/pwmc_benchmarks/instances/bayesian_networks/pcnf/munin/592.cnf,"Final circuit size: 272994 Estimated probability 0.87809180 (epsilon 0) found in 60 seconds ",
440,:,1737407347.000,625.000,0,110,0,0,"schlandals --timeout 600 -i /data/schlandals/pwmc_benchmarks/instances/bayesian_networks/pcnf/munin/440.cnf compile | tr '\n' ' '",/data/schlandals/pwmc_benchmarks/instances/bayesian_networks/pcnf/munin/440.cnf,"Final circuit size: 360452 Estimated probability 0.02531121 (epsilon 0.7732119640250268) found in 600 seconds ",
269,:,1737406981.000,994.000,0,108,0,0,"schlandals --timeout 600 -i /data/schlandals/pwmc_benchmarks/instances/bayesian_networks/pcnf/munin/269.cnf compile | tr '\n' ' '",/data/schlandals/pwmc_benchmarks/instances/bayesian_networks/pcnf/munin/269.cnf,"Final circuit size: 44638 Estimated probability 0.00173711 (epsilon 4.698153612713934) found in 599 seconds ",
431,:,1737407344.000,631.000,0,109,0,0,"schlandals --timeout 600 -i /data/schlandals/pwmc_benchmarks/instances/bayesian_networks/pcnf/munin/431.cnf compile | tr '\n' ' '",/data/schlandals/pwmc_benchmarks/instances/bayesian_networks/pcnf/munin/431.cnf,"Final circuit size: 338237 Estimated probability 0.00181697 (epsilon 4.556177561784738) found in 600 seconds ",
430,:,1737407344.000,631.000,0,109,0,0,"schlandals --timeout 600 -i /data/schlandals/pwmc_benchmarks/instances/bayesian_networks/pcnf/munin/430.cnf compile | tr '\n' ' '",/data/schlandals/pwmc_benchmarks/instances/bayesian_networks/pcnf/munin/430.cnf,"Final circuit size: 333712 Estimated probability 0.00200119 (epsilon 4.302947175625567) found in 600 seconds ",
438,:,1737407346.000,632.000,0,110,0,0,"schlandals --timeout 600 -i /data/schlandals/pwmc_benchmarks/instances/bayesian_networks/pcnf/munin/438.cnf compile | tr '\n' ' '",/data/schlandals/pwmc_benchmarks/instances/bayesian_networks/pcnf/munin/438.cnf,"Final circuit size: 349447 Estimated probability 0.01289368 (epsilon 1.2824079718659789) found in 600 seconds ",
281,:,1737406996.000,983.000,0,106,0,0,"schlandals --timeout 600 -i /data/schlandals/pwmc_benchmarks/instances/bayesian_networks/pcnf/munin/281.cnf compile | tr '\n' ' '",/data/schlandals/pwmc_benchmarks/instances/bayesian_networks/pcnf/munin/281.cnf,"Final circuit size: 981 Estimated probability 0.00151167 (epsilon 17.12688163584617) found in 599 seconds ",
442,:,1737407348.000,632.000,0,112,0,0,"schlandals --timeout 600 -i /data/schlandals/pwmc_benchmarks/instances/bayesian_networks/pcnf/munin/442.cnf compile | tr '\n' ' '",/data/schlandals/pwmc_benchmarks/instances/bayesian_networks/pcnf/munin/442.cnf,"Final circuit size: 367815 Estimated probability 0.45225893 (epsilon 0.058127794220664164) found in 600 seconds ",
441,:,1737407347.000,633.000,0,111,0,0,"schlandals --timeout 600 -i /data/schlandals/pwmc_benchmarks/instances/bayesian_networks/pcnf/munin/441.cnf compile | tr '\n' ' '",/data/schlandals/pwmc_benchmarks/instances/bayesian_networks/pcnf/munin/441.cnf,"Final circuit size: 376226 Estimated probability 0.13697115 (epsilon 0.18069453000275115) found in 600 seconds ",
434,:,1737407345.000,635.000,0,110,0,0,"schlandals --timeout 600 -i /data/schlandals/pwmc_benchmarks/instances/bayesian_networks/pcnf/munin/434.cnf compile | tr '\n' ' '",/data/schlandals/pwmc_benchmarks/instances/bayesian_networks/pcnf/munin/434.cnf,"Final circuit size: 337139 Estimated probability 0.00446435 (epsilon 2.6273103670757285) found in 600 seconds ",
436,:,1737407345.000,636.000,0,110,0,0,"schlandals --timeout 600 -i /data/schlandals/pwmc_benchmarks/instances/bayesian_networks/pcnf/munin/436.cnf compile | tr '\n' ' '",/data/schlandals/pwmc_benchmarks/instances/bayesian_networks/pcnf/munin/436.cnf,"Final circuit size: 328003 Estimated probability 0.00672906 (epsilon 2.0109370260243975) found in 600 seconds ",
433,:,1737407345.000,636.000,0,110,0,0,"schlandals --timeout 600 -i /data/schlandals/pwmc_benchmarks/instances/bayesian_networks/pcnf/munin/433.cnf compile | tr '\n' ' '",/data/schlandals/pwmc_benchmarks/instances/bayesian_networks/pcnf/munin/433.cnf,"Final circuit size: 401613 Estimated probability 0.00270665 (epsilon 3.5685107596772214) found in 600 seconds ",
439,:,1737407347.000,637.000,0,110,0,0,"schlandals --timeout 600 -i /data/schlandals/pwmc_benchmarks/instances/bayesian_networks/pcnf/munin/439.cnf compile | tr '\n' ' '",/data/schlandals/pwmc_benchmarks/instances/bayesian_networks/pcnf/munin/439.cnf,"Final circuit size: 348198 Estimated probability 0.01584386 (epsilon 1.1037071900044735) found in 600 seconds ",
611,:,1737407980.000,7.000,0,113,0,0,"schlandals --timeout 600 -i /data/schlandals/pwmc_benchmarks/instances/bayesian_networks/pcnf/munin/611.cnf compile | tr '\n' ' '",/data/schlandals/pwmc_benchmarks/instances/bayesian_networks/pcnf/munin/611.cnf,"Final circuit size: 12257 Estimated probability 0.00910618 (epsilon 0.0000005025760740906549) found in 5 seconds ",
613,:,1737407981.000,7.000,0,113,0,0,"schlandals --timeout 600 -i /data/schlandals/pwmc_benchmarks/instances/bayesian_networks/pcnf/munin/613.cnf compile | tr '\n' ' '",/data/schlandals/pwmc_benchmarks/instances/bayesian_networks/pcnf/munin/613.cnf,"Final circuit size: 12222 Estimated probability 0.21797613 (epsilon 0.0000000211521411497273) found in 5 seconds ",
612,:,1737407981.000,7.000,0,114,0,0,"schlandals --timeout 600 -i /data/schlandals/pwmc_benchmarks/instances/bayesian_networks/pcnf/munin/612.cnf compile | tr '\n' ' '",/data/schlandals/pwmc_benchmarks/instances/bayesian_networks/pcnf/munin/612.cnf,"Final circuit size: 12378 Estimated probability 0.06600655 (epsilon 0.00000006985158518268975) found in 6 seconds ",
443,:,1737407348.000,641.000,0,111,0,0,"schlandals --timeout 600 -i /data/schlandals/pwmc_benchmarks/instances/bayesian_networks/pcnf/munin/443.cnf compile | tr '\n' ' '",/data/schlandals/pwmc_benchmarks/instances/bayesian_networks/pcnf/munin/443.cnf,"Final circuit size: 345474 Estimated probability 0.22624888 (epsilon 0.11287064805407887) found in 600 seconds ",
614,:,1737407984.000,7.000,0,115,0,0,"schlandals --timeout 600 -i /data/schlandals/pwmc_benchmarks/instances/bayesian_networks/pcnf/munin/614.cnf compile | tr '\n' ' '",/data/schlandals/pwmc_benchmarks/instances/bayesian_networks/pcnf/munin/614.cnf,"Final circuit size: 12254 Estimated probability 0.33055599 (epsilon 0.000000013948202814972888) found in 5 seconds ",
445,:,1737407349.000,642.000,0,110,0,0,"schlandals --timeout 600 -i /data/schlandals/pwmc_benchmarks/instances/bayesian_networks/pcnf/munin/445.cnf compile | tr '\n' ' '",/data/schlandals/pwmc_benchmarks/instances/bayesian_networks/pcnf/munin/445.cnf,"Final circuit size: 395218 Estimated probability 0.01307407 (epsilon 1.2603855297492905) found in 600 seconds ",
429,:,1737407344.000,647.000,0,110,0,0,"schlandals --timeout 600 -i /data/schlandals/pwmc_benchmarks/instances/bayesian_networks/pcnf/munin/429.cnf compile | tr '\n' ' '",/data/schlandals/pwmc_benchmarks/instances/bayesian_networks/pcnf/munin/429.cnf,"Final circuit size: 440296 Estimated probability 0.00727701 (epsilon 1.8886179392636064) found in 600 seconds ",
432,:,1737407344.000,649.000,0,109,0,0,"schlandals --timeout 600 -i /data/schlandals/pwmc_benchmarks/instances/bayesian_networks/pcnf/munin/432.cnf compile | tr '\n' ' '",/data/schlandals/pwmc_benchmarks/instances/bayesian_networks/pcnf/munin/432.cnf,"Final circuit size: 442150 Estimated probability 0.00187637 (epsilon 4.442312304465558) found in 600 seconds ",
412,:,1737407336.000,657.000,0,116,0,0,"schlandals --timeout 600 -i /data/schlandals/pwmc_benchmarks/instances/bayesian_networks/pcnf/munin/412.cnf compile | tr '\n' ' '",/data/schlandals/pwmc_benchmarks/instances/bayesian_networks/pcnf/munin/412.cnf,"Final circuit size: 9061 Estimated probability 0.00090943 (epsilon 0.000000007435780879916365) found in 412 seconds ",
615,:,1737407987.000,7.000,0,115,0,0,"schlandals --timeout 600 -i /data/schlandals/pwmc_benchmarks/instances/bayesian_networks/pcnf/munin/615.cnf compile | tr '\n' ' '",/data/schlandals/pwmc_benchmarks/instances/bayesian_networks/pcnf/munin/615.cnf,"Final circuit size: 12309 Estimated probability 0.29363592 (epsilon 0.000000015701968392178856) found in 5 seconds ",
616,:,1737407988.000,7.000,0,114,0,0,"schlandals --timeout 600 -i /data/schlandals/pwmc_benchmarks/instances/bayesian_networks/pcnf/munin/616.cnf compile | tr '\n' ' '",/data/schlandals/pwmc_benchmarks/instances/bayesian_networks/pcnf/munin/616.cnf,"Final circuit size: 12283 Estimated probability 0.06031978 (epsilon 0.00000007643698229919949) found in 6 seconds ",
617,:,1737407988.000,7.000,0,113,0,0,"schlandals --timeout 600 -i /data/schlandals/pwmc_benchmarks/instances/bayesian_networks/pcnf/munin/617.cnf compile | tr '\n' ' '",/data/schlandals/pwmc_benchmarks/instances/bayesian_networks/pcnf/munin/617.cnf,"Final circuit size: 12262 Estimated probability 0.00563735 (epsilon 0.0000008178773238665116) found in 6 seconds ",
618,:,1737407989.000,7.000,0,114,0,0,"schlandals --timeout 600 -i /data/schlandals/pwmc_benchmarks/instances/bayesian_networks/pcnf/munin/618.cnf compile | tr '\n' ' '",/data/schlandals/pwmc_benchmarks/instances/bayesian_networks/pcnf/munin/618.cnf,"Final circuit size: 12254 Estimated probability 0.00154622 (epsilon 0.00000004285363486289384) found in 6 seconds ",
444,:,1737407349.000,647.000,0,110,0,0,"schlandals --timeout 600 -i /data/schlandals/pwmc_benchmarks/instances/bayesian_networks/pcnf/munin/444.cnf compile | tr '\n' ' '",/data/schlandals/pwmc_benchmarks/instances/bayesian_networks/pcnf/munin/444.cnf,"Final circuit size: 372894 Estimated probability 0.02208227 (epsilon 0.8558397585117608) found in 600 seconds ",
435,:,1737407345.000,651.000,0,109,0,0,"schlandals --timeout 600 -i /data/schlandals/pwmc_benchmarks/instances/bayesian_networks/pcnf/munin/435.cnf compile | tr '\n' ' '",/data/schlandals/pwmc_benchmarks/instances/bayesian_networks/pcnf/munin/435.cnf,"Final circuit size: 436897 Estimated probability 0.00627182 (epsilon 2.086815307593638) found in 600 seconds ",
620,:,1737407991.000,6.000,0,114,0,0,"schlandals --timeout 600 -i /data/schlandals/pwmc_benchmarks/instances/bayesian_networks/pcnf/munin/620.cnf compile | tr '\n' ' '",/data/schlandals/pwmc_benchmarks/instances/bayesian_networks/pcnf/munin/620.cnf,"Final circuit size: 12059 Estimated probability 0.00128476 (epsilon 0.00000005157476001826922) found in 5 seconds ",
619,:,1737407991.000,7.000,0,115,0,0,"schlandals --timeout 600 -i /data/schlandals/pwmc_benchmarks/instances/bayesian_networks/pcnf/munin/619.cnf compile | tr '\n' ' '",/data/schlandals/pwmc_benchmarks/instances/bayesian_networks/pcnf/munin/619.cnf,"Final circuit size: 12046 Estimated probability 0.00111706 (epsilon 0.000000059317685208171156) found in 6 seconds ",
437,:,1737407346.000,652.000,0,109,0,0,"schlandals --timeout 600 -i /data/schlandals/pwmc_benchmarks/instances/bayesian_networks/pcnf/munin/437.cnf compile | tr '\n' ' '",/data/schlandals/pwmc_benchmarks/instances/bayesian_networks/pcnf/munin/437.cnf,"Final circuit size: 488361 Estimated probability 0.00826019 (epsilon 1.734032297475216) found in 600 seconds ",
623,:,1737407993.000,33.000,0,116,0,0,"schlandals --timeout 600 -i /data/schlandals/pwmc_benchmarks/instances/bayesian_networks/pcnf/munin/623.cnf compile | tr '\n' ' '",/data/schlandals/pwmc_benchmarks/instances/bayesian_networks/pcnf/munin/623.cnf,"Final circuit size: 10405 Estimated probability 0.00170564 (epsilon 0.000000028478574387591493) found in 22 seconds ",
621,:,1737407991.000,37.000,0,115,0,0,"schlandals --timeout 600 -i /data/schlandals/pwmc_benchmarks/instances/bayesian_networks/pcnf/munin/621.cnf compile | tr '\n' ' '",/data/schlandals/pwmc_benchmarks/instances/bayesian_networks/pcnf/munin/621.cnf,"Final circuit size: 10350 Estimated probability 0.00086863 (epsilon 0.00000005592047469527017) found in 26 seconds ",
622,:,1737407993.000,36.000,0,116,0,0,"schlandals --timeout 600 -i /data/schlandals/pwmc_benchmarks/instances/bayesian_networks/pcnf/munin/622.cnf compile | tr '\n' ' '",/data/schlandals/pwmc_benchmarks/instances/bayesian_networks/pcnf/munin/622.cnf,"Final circuit size: 10459 Estimated probability 0.00102576 (epsilon 0.000000047354187682202564) found in 26 seconds ",
624,:,1737407994.000,36.000,0,115,0,0,"schlandals --timeout 600 -i /data/schlandals/pwmc_benchmarks/instances/bayesian_networks/pcnf/munin/624.cnf compile | tr '\n' ' '",/data/schlandals/pwmc_benchmarks/instances/bayesian_networks/pcnf/munin/624.cnf,"Final circuit size: 10232 Estimated probability 0.00214845 (epsilon 0.00000001496266976985794) found in 25 seconds ",
626,:,1737407995.000,36.000,0,116,0,0,"schlandals --timeout 600 -i /data/schlandals/pwmc_benchmarks/instances/bayesian_networks/pcnf/munin/626.cnf compile | tr '\n' ' '",/data/schlandals/pwmc_benchmarks/instances/bayesian_networks/pcnf/munin/626.cnf,"Final circuit size: 10278 Estimated probability 0.00341521 (epsilon 0.000000009412755463955591) found in 25 seconds ",
625,:,1737407995.000,37.000,0,116,0,0,"schlandals --timeout 600 -i /data/schlandals/pwmc_benchmarks/instances/bayesian_networks/pcnf/munin/625.cnf compile | tr '\n' ' '",/data/schlandals/pwmc_benchmarks/instances/bayesian_networks/pcnf/munin/625.cnf,"Final circuit size: 10381 Estimated probability 0.00280730 (epsilon 0.000000011451030568210285) found in 25 seconds ",
636,:,1737408030.000,4.000,0,89,0,0,"schlandals --timeout 600 -i /data/schlandals/pwmc_benchmarks/instances/bayesian_networks/pcnf/munin/636.cnf compile | tr '\n' ' '",/data/schlandals/pwmc_benchmarks/instances/bayesian_networks/pcnf/munin/636.cnf,"Final circuit size: 9236 Estimated probability 0.83003723 (epsilon 0) found in 3 seconds ",
637,:,1737408031.000,4.000,0,89,0,0,"schlandals --timeout 600 -i /data/schlandals/pwmc_benchmarks/instances/bayesian_networks/pcnf/munin/637.cnf compile | tr '\n' ' '",/data/schlandals/pwmc_benchmarks/instances/bayesian_networks/pcnf/munin/637.cnf,"Final circuit size: 9217 Estimated probability 0.14443556 (epsilon 0) found in 3 seconds ",
638,:,1737408032.000,3.000,0,89,0,0,"schlandals --timeout 600 -i /data/schlandals/pwmc_benchmarks/instances/bayesian_networks/pcnf/munin/638.cnf compile | tr '\n' ' '",/data/schlandals/pwmc_benchmarks/instances/bayesian_networks/pcnf/munin/638.cnf,"Final circuit size: 9150 Estimated probability 0.02470034 (epsilon 0) found in 3 seconds ",
635,:,1737408029.000,38.000,0,92,0,0,"schlandals --timeout 600 -i /data/schlandals/pwmc_benchmarks/instances/bayesian_networks/pcnf/munin/635.cnf compile | tr '\n' ' '",/data/schlandals/pwmc_benchmarks/instances/bayesian_networks/pcnf/munin/635.cnf,"Final circuit size: 116253 Estimated probability 0.89063740 (epsilon 0) found in 35 seconds ",
634,:,1737408028.000,39.000,0,92,0,0,"schlandals --timeout 600 -i /data/schlandals/pwmc_benchmarks/instances/bayesian_networks/pcnf/munin/634.cnf compile | tr '\n' ' '",/data/schlandals/pwmc_benchmarks/instances/bayesian_networks/pcnf/munin/634.cnf,"Final circuit size: 116929 Estimated probability 0.10936260 (epsilon 0) found in 37 seconds ",
640,:,1737408035.000,51.000,0,91,0,0,"schlandals --timeout 600 -i /data/schlandals/pwmc_benchmarks/instances/bayesian_networks/pcnf/munin/640.cnf compile | tr '\n' ' '",/data/schlandals/pwmc_benchmarks/instances/bayesian_networks/pcnf/munin/640.cnf,"Final circuit size: 78427 Estimated probability 0.08279213 (epsilon 0) found in 48 seconds ",
641,:,1737408035.000,53.000,0,91,0,0,"schlandals --timeout 600 -i /data/schlandals/pwmc_benchmarks/instances/bayesian_networks/pcnf/munin/641.cnf compile | tr '\n' ' '",/data/schlandals/pwmc_benchmarks/instances/bayesian_networks/pcnf/munin/641.cnf,"Final circuit size: 78690 Estimated probability 0.84666654 (epsilon 0) found in 49 seconds ",
642,:,1737408067.000,51.000,0,91,0,0,"schlandals --timeout 600 -i /data/schlandals/pwmc_benchmarks/instances/bayesian_networks/pcnf/munin/642.cnf compile | tr '\n' ' '",/data/schlandals/pwmc_benchmarks/instances/bayesian_networks/pcnf/munin/642.cnf,"Final circuit size: 77969 Estimated probability 0.07054134 (epsilon 0) found in 48 seconds ",
643,:,1737408067.000,51.000,0,91,0,0,"schlandals --timeout 600 -i /data/schlandals/pwmc_benchmarks/instances/bayesian_networks/pcnf/munin/643.cnf compile | tr '\n' ' '",/data/schlandals/pwmc_benchmarks/instances/bayesian_networks/pcnf/munin/643.cnf,"Final circuit size: 78267 Estimated probability 0.01821375 (epsilon 0) found in 48 seconds ",
391,:,1737407325.000,799.000,0,110,0,0,"schlandals --timeout 600 -i /data/schlandals/pwmc_benchmarks/instances/bayesian_networks/pcnf/munin/391.cnf compile | tr '\n' ' '",/data/schlandals/pwmc_benchmarks/instances/bayesian_networks/pcnf/munin/391.cnf,"Final circuit size: 43123 Estimated probability 0.05026200 (epsilon 0.19863524740062322) found in 599 seconds ",
644,:,1737408086.000,53.000,0,91,0,0,"schlandals --timeout 600 -i /data/schlandals/pwmc_benchmarks/instances/bayesian_networks/pcnf/munin/644.cnf compile | tr '\n' ' '",/data/schlandals/pwmc_benchmarks/instances/bayesian_networks/pcnf/munin/644.cnf,"Final circuit size: 77910 Estimated probability 0.06135649 (epsilon 0) found in 49 seconds ",
645,:,1737408088.000,53.000,0,91,0,0,"schlandals --timeout 600 -i /data/schlandals/pwmc_benchmarks/instances/bayesian_networks/pcnf/munin/645.cnf compile | tr '\n' ' '",/data/schlandals/pwmc_benchmarks/instances/bayesian_networks/pcnf/munin/645.cnf,"Final circuit size: 78961 Estimated probability 0.86526634 (epsilon 0) found in 50 seconds ",
468,:,1737407525.000,630.000,0,109,0,0,"schlandals --timeout 600 -i /data/schlandals/pwmc_benchmarks/instances/bayesian_networks/pcnf/munin/468.cnf compile | tr '\n' ' '",/data/schlandals/pwmc_benchmarks/instances/bayesian_networks/pcnf/munin/468.cnf,"Final circuit size: 350230 Estimated probability 0.00710293 (epsilon 1.919975945032078) found in 600 seconds ",
465,:,1737407523.000,636.000,0,111,0,0,"schlandals --timeout 600 -i /data/schlandals/pwmc_benchmarks/instances/bayesian_networks/pcnf/munin/465.cnf compile | tr '\n' ' '",/data/schlandals/pwmc_benchmarks/instances/bayesian_networks/pcnf/munin/465.cnf,"Final circuit size: 295203 Estimated probability 0.81257238 (epsilon 0.03237438836123019) found in 600 seconds ",
648,:,1737408124.000,36.000,0,114,0,0,"schlandals --timeout 600 -i /data/schlandals/pwmc_benchmarks/instances/bayesian_networks/pcnf/munin/648.cnf compile | tr '\n' ' '",/data/schlandals/pwmc_benchmarks/instances/bayesian_networks/pcnf/munin/648.cnf,"Final circuit size: 77657 Estimated probability 0.00092699 (epsilon 0.0000002396072826815754) found in 33 seconds ",
467,:,1737407523.000,637.000,0,110,0,0,"schlandals --timeout 600 -i /data/schlandals/pwmc_benchmarks/instances/bayesian_networks/pcnf/munin/467.cnf compile | tr '\n' ' '",/data/schlandals/pwmc_benchmarks/instances/bayesian_networks/pcnf/munin/467.cnf,"Final circuit size: 330524 Estimated probability 0.02113084 (epsilon 0.8788170155420767) found in 600 seconds ",
647,:,1737408118.000,44.000,0,91,0,0,"schlandals --timeout 600 -i /data/schlandals/pwmc_benchmarks/instances/bayesian_networks/pcnf/munin/647.cnf compile | tr '\n' ' '",/data/schlandals/pwmc_benchmarks/instances/bayesian_networks/pcnf/munin/647.cnf,"Final circuit size: 77331 Estimated probability 0.01317850 (epsilon 0) found in 41 seconds ",
469,:,1737407526.000,638.000,0,109,0,0,"schlandals --timeout 600 -i /data/schlandals/pwmc_benchmarks/instances/bayesian_networks/pcnf/munin/469.cnf compile | tr '\n' ' '",/data/schlandals/pwmc_benchmarks/instances/bayesian_networks/pcnf/munin/469.cnf,"Final circuit size: 354522 Estimated probability 0.00489786 (epsilon 2.474616976665344) found in 600 seconds ",
470,:,1737407529.000,636.000,0,109,0,0,"schlandals --timeout 600 -i /data/schlandals/pwmc_benchmarks/instances/bayesian_networks/pcnf/munin/470.cnf compile | tr '\n' ' '",/data/schlandals/pwmc_benchmarks/instances/bayesian_networks/pcnf/munin/470.cnf,"Final circuit size: 292483 Estimated probability 0.00763200 (epsilon 1.829395071633101) found in 600 seconds ",
466,:,1737407523.000,643.000,0,110,0,0,"schlandals --timeout 600 -i /data/schlandals/pwmc_benchmarks/instances/bayesian_networks/pcnf/munin/466.cnf compile | tr '\n' ' '",/data/schlandals/pwmc_benchmarks/instances/bayesian_networks/pcnf/munin/466.cnf,"Final circuit size: 402812 Estimated probability 0.09319411 (epsilon 0.2543961262546668) found in 600 seconds ",
646,:,1737408118.000,51.000,0,91,0,0,"schlandals --timeout 600 -i /data/schlandals/pwmc_benchmarks/instances/bayesian_networks/pcnf/munin/646.cnf compile | tr '\n' ' '",/data/schlandals/pwmc_benchmarks/instances/bayesian_networks/pcnf/munin/646.cnf,"Final circuit size: 78320 Estimated probability 0.04198492 (epsilon 0) found in 48 seconds ",
457,:,1737407367.000,803.000,0,117,0,0,"schlandals --timeout 600 -i /data/schlandals/pwmc_benchmarks/instances/bayesian_networks/pcnf/munin/457.cnf compile | tr '\n' ' '",/data/schlandals/pwmc_benchmarks/instances/bayesian_networks/pcnf/munin/457.cnf,"Final circuit size: 10987 Estimated probability 0.00109465 (epsilon 0.000000022367154128843936) found in 502 seconds ",
313,:,1737407073.000,1098.000,0,103,0,0,"schlandals --timeout 600 -i /data/schlandals/pwmc_benchmarks/instances/bayesian_networks/pcnf/munin/313.cnf compile | tr '\n' ' '",/data/schlandals/pwmc_benchmarks/instances/bayesian_networks/pcnf/munin/313.cnf,"Final circuit size: 2 Estimated probability 0.00000000 (epsilon 135551.632395301) found in 599 seconds ",
651,:,1737408155.000,37.000,0,115,0,0,"schlandals --timeout 600 -i /data/schlandals/pwmc_benchmarks/instances/bayesian_networks/pcnf/munin/651.cnf compile | tr '\n' ' '",/data/schlandals/pwmc_benchmarks/instances/bayesian_networks/pcnf/munin/651.cnf,"Final circuit size: 78274 Estimated probability 0.00839111 (epsilon 0.00000004824112598278418) found in 34 seconds ",
653,:,1737408160.000,38.000,0,116,0,0,"schlandals --timeout 600 -i /data/schlandals/pwmc_benchmarks/instances/bayesian_networks/pcnf/munin/653.cnf compile | tr '\n' ' '",/data/schlandals/pwmc_benchmarks/instances/bayesian_networks/pcnf/munin/653.cnf,"Final circuit size: 79093 Estimated probability 0.06888022 (epsilon 0.000000007084764552800493) found in 34 seconds ",
456,:,1737407364.000,837.000,0,117,0,0,"schlandals --timeout 600 -i /data/schlandals/pwmc_benchmarks/instances/bayesian_networks/pcnf/munin/456.cnf compile | tr '\n' ' '",/data/schlandals/pwmc_benchmarks/instances/bayesian_networks/pcnf/munin/456.cnf,"Final circuit size: 10946 Estimated probability 0.00126639 (epsilon 0.000000019333815437505564) found in 581 seconds ",
657,:,1737408165.000,39.000,0,116,0,0,"schlandals --timeout 600 -i /data/schlandals/pwmc_benchmarks/instances/bayesian_networks/pcnf/munin/657.cnf compile | tr '\n' ' '",/data/schlandals/pwmc_benchmarks/instances/bayesian_networks/pcnf/munin/657.cnf,"Final circuit size: 78539 Estimated probability 0.16038368 (epsilon 0.000000003042703866640295) found in 34 seconds ",
655,:,1737408162.000,43.000,0,117,0,0,"schlandals --timeout 600 -i /data/schlandals/pwmc_benchmarks/instances/bayesian_networks/pcnf/munin/655.cnf compile | tr '\n' ' '",/data/schlandals/pwmc_benchmarks/instances/bayesian_networks/pcnf/munin/655.cnf,"Final circuit size: 79643 Estimated probability 0.21870550 (epsilon 0.0000000022313115799477146) found in 39 seconds ",
649,:,1737408139.000,66.000,0,115,0,0,"schlandals --timeout 600 -i /data/schlandals/pwmc_benchmarks/instances/bayesian_networks/pcnf/munin/649.cnf compile | tr '\n' ' '",/data/schlandals/pwmc_benchmarks/instances/bayesian_networks/pcnf/munin/649.cnf,"Final circuit size: 78576 Estimated probability 0.00188240 (epsilon 0.00000011799561372427547) found in 61 seconds ",
650,:,1737408141.000,69.000,0,115,0,0,"schlandals --timeout 600 -i /data/schlandals/pwmc_benchmarks/instances/bayesian_networks/pcnf/munin/650.cnf compile | tr '\n' ' '",/data/schlandals/pwmc_benchmarks/instances/bayesian_networks/pcnf/munin/650.cnf,"Final circuit size: 79246 Estimated probability 0.00360810 (epsilon 0.00000011219119677718936) found in 63 seconds ",
661,:,1737408171.000,47.000,0,115,0,0,"schlandals --timeout 600 -i /data/schlandals/pwmc_benchmarks/instances/bayesian_networks/pcnf/munin/661.cnf compile | tr '\n' ' '",/data/schlandals/pwmc_benchmarks/instances/bayesian_networks/pcnf/munin/661.cnf,"Final circuit size: 79019 Estimated probability 0.00624929 (epsilon 0.00000006934778129519259) found in 43 seconds ",
656,:,1737408164.000,64.000,0,117,0,0,"schlandals --timeout 600 -i /data/schlandals/pwmc_benchmarks/instances/bayesian_networks/pcnf/munin/656.cnf compile | tr '\n' ' '",/data/schlandals/pwmc_benchmarks/instances/bayesian_networks/pcnf/munin/656.cnf,"Final circuit size: 79337 Estimated probability 0.22517973 (epsilon 0.0000000021671582306481696) found in 59 seconds ",
654,:,1737408160.000,68.000,0,117,0,0,"schlandals --timeout 600 -i /data/schlandals/pwmc_benchmarks/instances/bayesian_networks/pcnf/munin/654.cnf compile | tr '\n' ' '",/data/schlandals/pwmc_benchmarks/instances/bayesian_networks/pcnf/munin/654.cnf,"Final circuit size: 79326 Estimated probability 0.14643379 (epsilon 0.0000000033325648907123195) found in 63 seconds ",
652,:,1737408159.000,70.000,0,116,0,0,"schlandals --timeout 600 -i /data/schlandals/pwmc_benchmarks/instances/bayesian_networks/pcnf/munin/652.cnf compile | tr '\n' ' '",/data/schlandals/pwmc_benchmarks/instances/bayesian_networks/pcnf/munin/652.cnf,"Final circuit size: 80953 Estimated probability 0.02466722 (epsilon 0.000000019783349403112993) found in 64 seconds ",
459,:,1737407371.000,860.000,0,117,0,0,"schlandals --timeout 600 -i /data/schlandals/pwmc_benchmarks/instances/bayesian_networks/pcnf/munin/459.cnf compile | tr '\n' ' '",/data/schlandals/pwmc_benchmarks/instances/bayesian_networks/pcnf/munin/459.cnf,"Final circuit size: 10953 Estimated probability 0.00110529 (epsilon 0.000000022151777523404803) found in 525 seconds ",
392,:,1737407327.000,905.000,0,110,0,0,"schlandals --timeout 600 -i /data/schlandals/pwmc_benchmarks/instances/bayesian_networks/pcnf/munin/392.cnf compile | tr '\n' ' '",/data/schlandals/pwmc_benchmarks/instances/bayesian_networks/pcnf/munin/392.cnf,"Final circuit size: 43079 Estimated probability 0.11354086 (epsilon 0.09239601068728298) found in 599 seconds ",
658,:,1737408166.000,66.000,0,116,0,0,"schlandals --timeout 600 -i /data/schlandals/pwmc_benchmarks/instances/bayesian_networks/pcnf/munin/658.cnf compile | tr '\n' ' '",/data/schlandals/pwmc_benchmarks/instances/bayesian_networks/pcnf/munin/658.cnf,"Final circuit size: 78620 Estimated probability 0.08148675 (epsilon 0.000000005988704421255875) found in 61 seconds ",
458,:,1737407371.000,862.000,0,117,0,0,"schlandals --timeout 600 -i /data/schlandals/pwmc_benchmarks/instances/bayesian_networks/pcnf/munin/458.cnf compile | tr '\n' ' '",/data/schlandals/pwmc_benchmarks/instances/bayesian_networks/pcnf/munin/458.cnf,"Final circuit size: 10923 Estimated probability 0.00081298 (epsilon 0.000000030116657168122174) found in 522 seconds ",
659,:,1737408169.000,67.000,0,116,0,0,"schlandals --timeout 600 -i /data/schlandals/pwmc_benchmarks/instances/bayesian_networks/pcnf/munin/659.cnf compile | tr '\n' ' '",/data/schlandals/pwmc_benchmarks/instances/bayesian_networks/pcnf/munin/659.cnf,"Final circuit size: 80128 Estimated probability 0.03261618 (epsilon 0.000000014961900829391084) found in 61 seconds ",
663,:,1737408198.000,38.000,0,115,0,0,"schlandals --timeout 600 -i /data/schlandals/pwmc_benchmarks/instances/bayesian_networks/pcnf/munin/663.cnf compile | tr '\n' ' '",/data/schlandals/pwmc_benchmarks/instances/bayesian_networks/pcnf/munin/663.cnf,"Final circuit size: 78595 Estimated probability 0.00196362 (epsilon 0.00000018413550084694918) found in 35 seconds ",
660,:,1737408170.000,68.000,0,116,0,0,"schlandals --timeout 600 -i /data/schlandals/pwmc_benchmarks/instances/bayesian_networks/pcnf/munin/660.cnf compile | tr '\n' ' '",/data/schlandals/pwmc_benchmarks/instances/bayesian_networks/pcnf/munin/660.cnf,"Final circuit size: 79534 Estimated probability 0.01289184 (epsilon 0.000000033616190053820105) found in 63 seconds ",
396,:,1737407330.000,910.000,0,110,0,0,"schlandals --timeout 600 -i /data/schlandals/pwmc_benchmarks/instances/bayesian_networks/pcnf/munin/396.cnf compile | tr '\n' ' '",/data/schlandals/pwmc_benchmarks/instances/bayesian_networks/pcnf/munin/396.cnf,"Final circuit size: 20524 Estimated probability 0.11012852 (epsilon 0.21958472564538645) found in 599 seconds ",
395,:,1737407329.000,915.000,0,109,0,0,"schlandals --timeout 600 -i /data/schlandals/pwmc_benchmarks/instances/bayesian_networks/pcnf/munin/395.cnf compile | tr '\n' ' '",/data/schlandals/pwmc_benchmarks/instances/bayesian_networks/pcnf/munin/395.cnf,"Final circuit size: 20593 Estimated probability 0.17686278 (epsilon 0.1417041064324569) found in 599 seconds ",
662,:,1737408192.000,54.000,0,115,0,0,"schlandals --timeout 600 -i /data/schlandals/pwmc_benchmarks/instances/bayesian_networks/pcnf/munin/662.cnf compile | tr '\n' ' '",/data/schlandals/pwmc_benchmarks/instances/bayesian_networks/pcnf/munin/662.cnf,"Final circuit size: 79354 Estimated probability 0.00348223 (epsilon 0.00000010383326487506395) found in 50 seconds ",
664,:,1737408201.000,45.000,0,113,0,0,"schlandals --timeout 600 -i /data/schlandals/pwmc_benchmarks/instances/bayesian_networks/pcnf/munin/664.cnf compile | tr '\n' ' '",/data/schlandals/pwmc_benchmarks/instances/bayesian_networks/pcnf/munin/664.cnf,"Final circuit size: 78442 Estimated probability 0.00112182 (epsilon 0.000000322309134714871) found in 39 seconds ",
455,:,1737407363.000,884.000,0,117,0,0,"schlandals --timeout 600 -i /data/schlandals/pwmc_benchmarks/instances/bayesian_networks/pcnf/munin/455.cnf compile | tr '\n' ' '",/data/schlandals/pwmc_benchmarks/instances/bayesian_networks/pcnf/munin/455.cnf,"Final circuit size: 10924 Estimated probability 0.00189602 (epsilon 0.000000012913503599776277) found in 573 seconds ",
410,:,1737407335.000,912.000,0,106,0,0,"schlandals --timeout 600 -i /data/schlandals/pwmc_benchmarks/instances/bayesian_networks/pcnf/munin/410.cnf compile | tr '\n' ' '",/data/schlandals/pwmc_benchmarks/instances/bayesian_networks/pcnf/munin/410.cnf,"Final circuit size: 134 Estimated probability 0.00304457 (epsilon 6.287415613180935) found in 599 seconds ",
380,:,1737407285.000,964.000,0,108,0,0,"schlandals --timeout 600 -i /data/schlandals/pwmc_benchmarks/instances/bayesian_networks/pcnf/munin/380.cnf compile | tr '\n' ' '",/data/schlandals/pwmc_benchmarks/instances/bayesian_networks/pcnf/munin/380.cnf,"Final circuit size: 24969 Estimated probability 0.00076148 (epsilon 7.468812874904758) found in 599 seconds ",
394,:,1737407329.000,927.000,0,110,0,0,"schlandals --timeout 600 -i /data/schlandals/pwmc_benchmarks/instances/bayesian_networks/pcnf/munin/394.cnf compile | tr '\n' ' '",/data/schlandals/pwmc_benchmarks/instances/bayesian_networks/pcnf/munin/394.cnf,"Final circuit size: 26604 Estimated probability 0.20950442 (epsilon 0.11990070509894402) found in 599 seconds ",
665,:,1737408204.000,54.000,0,114,0,0,"schlandals --timeout 600 -i /data/schlandals/pwmc_benchmarks/instances/bayesian_networks/pcnf/munin/665.cnf compile | tr '\n' ' '",/data/schlandals/pwmc_benchmarks/instances/bayesian_networks/pcnf/munin/665.cnf,"Final circuit size: 78830 Estimated probability 0.00063064 (epsilon 0.0000005733403967145279) found in 49 seconds ",
379,:,1737407284.000,978.000,0,105,0,0,"schlandals --timeout 600 -i /data/schlandals/pwmc_benchmarks/instances/bayesian_networks/pcnf/munin/379.cnf compile | tr '\n' ' '",/data/schlandals/pwmc_benchmarks/instances/bayesian_networks/pcnf/munin/379.cnf,"Final circuit size: 2 Estimated probability 0.00000000 (epsilon 143101.32654436343) found in 599 seconds ",
673,:,1737408231.000,36.000,0,114,0,0,"schlandals --timeout 600 -i /data/schlandals/pwmc_benchmarks/instances/bayesian_networks/pcnf/munin/673.cnf compile | tr '\n' ' '",/data/schlandals/pwmc_benchmarks/instances/bayesian_networks/pcnf/munin/673.cnf,"Final circuit size: 78953 Estimated probability 0.00021835 (epsilon 0.0000024078640137314977) found in 32 seconds ",
668,:,1737408210.000,57.000,0,91,0,0,"schlandals --timeout 600 -i /data/schlandals/pwmc_benchmarks/instances/bayesian_networks/pcnf/munin/668.cnf compile | tr '\n' ' '",/data/schlandals/pwmc_benchmarks/instances/bayesian_networks/pcnf/munin/668.cnf,"Final circuit size: 78203 Estimated probability 0.00753491 (epsilon 0) found in 53 seconds ",
670,:,1737408228.000,40.000,0,91,0,0,"schlandals --timeout 600 -i /data/schlandals/pwmc_benchmarks/instances/bayesian_networks/pcnf/munin/670.cnf compile | tr '\n' ' '",/data/schlandals/pwmc_benchmarks/instances/bayesian_networks/pcnf/munin/670.cnf,"Final circuit size: 78815 Estimated probability 0.80875026 (epsilon 0) found in 37 seconds ",
667,:,1737408205.000,64.000,0,114,0,0,"schlandals --timeout 600 -i /data/schlandals/pwmc_benchmarks/instances/bayesian_networks/pcnf/munin/667.cnf compile | tr '\n' ' '",/data/schlandals/pwmc_benchmarks/instances/bayesian_networks/pcnf/munin/667.cnf,"Final circuit size: 78173 Estimated probability 0.00016307 (epsilon 0.0000010970083523798024) found in 59 seconds ",
666,:,1737408205.000,65.000,0,114,0,0,"schlandals --timeout 600 -i /data/schlandals/pwmc_benchmarks/instances/bayesian_networks/pcnf/munin/666.cnf compile | tr '\n' ' '",/data/schlandals/pwmc_benchmarks/instances/bayesian_networks/pcnf/munin/666.cnf,"Final circuit size: 79511 Estimated probability 0.00033582 (epsilon 0.0000005326893546264699) found in 60 seconds ",
678,:,1737408236.000,38.000,0,115,0,0,"schlandals --timeout 600 -i /data/schlandals/pwmc_benchmarks/instances/bayesian_networks/pcnf/munin/678.cnf compile | tr '\n' ' '",/data/schlandals/pwmc_benchmarks/instances/bayesian_networks/pcnf/munin/678.cnf,"Final circuit size: 78135 Estimated probability 0.02239705 (epsilon 0.00000003301654794007902) found in 34 seconds ",
397,:,1737407333.000,942.000,0,109,0,0,"schlandals --timeout 600 -i /data/schlandals/pwmc_benchmarks/instances/bayesian_networks/pcnf/munin/397.cnf compile | tr '\n' ' '",/data/schlandals/pwmc_benchmarks/instances/bayesian_networks/pcnf/munin/397.cnf,"Final circuit size: 20421 Estimated probability 0.05532896 (epsilon 0.4036061840314593) found in 599 seconds ",
460,:,1737407374.000,902.000,0,115,0,0,"schlandals --timeout 600 -i /data/schlandals/pwmc_benchmarks/instances/bayesian_networks/pcnf/munin/460.cnf compile | tr '\n' ' '",/data/schlandals/pwmc_benchmarks/instances/bayesian_networks/pcnf/munin/460.cnf,"Final circuit size: 10888 Estimated probability 0.00083232 (epsilon 0.0000000294168143177842) found in 577 seconds ",
669,:,1737408218.000,59.000,0,91,0,0,"schlandals --timeout 600 -i /data/schlandals/pwmc_benchmarks/instances/bayesian_networks/pcnf/munin/669.cnf compile | tr '\n' ' '",/data/schlandals/pwmc_benchmarks/instances/bayesian_networks/pcnf/munin/669.cnf,"Final circuit size: 78891 Estimated probability 0.06069735 (epsilon 0) found in 55 seconds ",
697,:,1737408276.000,4.000,0,90,0,0,"schlandals --timeout 600 -i /data/schlandals/pwmc_benchmarks/instances/bayesian_networks/pcnf/munin/697.cnf compile | tr '\n' ' '",/data/schlandals/pwmc_benchmarks/instances/bayesian_networks/pcnf/munin/697.cnf,"Final circuit size: 43879 Estimated probability 0.89361496 (epsilon 0) found in 3 seconds ",
698,:,1737408277.000,4.000,0,90,0,0,"schlandals --timeout 600 -i /data/schlandals/pwmc_benchmarks/instances/bayesian_networks/pcnf/munin/698.cnf compile | tr '\n' ' '",/data/schlandals/pwmc_benchmarks/instances/bayesian_networks/pcnf/munin/698.cnf,"Final circuit size: 43879 Estimated probability 0.10638504 (epsilon 0) found in 3 seconds ",
682,:,1737408246.000,36.000,0,117,0,0,"schlandals --timeout 600 -i /data/schlandals/pwmc_benchmarks/instances/bayesian_networks/pcnf/munin/682.cnf compile | tr '\n' ' '",/data/schlandals/pwmc_benchmarks/instances/bayesian_networks/pcnf/munin/682.cnf,"Final circuit size: 79182 Estimated probability 0.23696385 (epsilon 0.0000000031528166744010377) found in 32 seconds ",
684,:,1737408247.000,36.000,0,116,0,0,"schlandals --timeout 600 -i /data/schlandals/pwmc_benchmarks/instances/bayesian_networks/pcnf/munin/684.cnf compile | tr '\n' ' '",/data/schlandals/pwmc_benchmarks/instances/bayesian_networks/pcnf/munin/684.cnf,"Final circuit size: 78085 Estimated probability 0.05303635 (epsilon 0.000000014086631416887485) found in 32 seconds ",
674,:,1737408232.000,52.000,0,114,0,0,"schlandals --timeout 600 -i /data/schlandals/pwmc_benchmarks/instances/bayesian_networks/pcnf/munin/674.cnf compile | tr '\n' ' '",/data/schlandals/pwmc_benchmarks/instances/bayesian_networks/pcnf/munin/674.cnf,"Final circuit size: 79127 Estimated probability 0.00064161 (epsilon 0.0000008194473699596472) found in 49 seconds ",
685,:,1737408247.000,37.000,0,116,0,0,"schlandals --timeout 600 -i /data/schlandals/pwmc_benchmarks/instances/bayesian_networks/pcnf/munin/685.cnf compile | tr '\n' ' '",/data/schlandals/pwmc_benchmarks/instances/bayesian_networks/pcnf/munin/685.cnf,"Final circuit size: 78685 Estimated probability 0.01820609 (epsilon 0.000000038081078290730375) found in 34 seconds ",
671,:,1737408228.000,57.000,0,91,0,0,"schlandals --timeout 600 -i /data/schlandals/pwmc_benchmarks/instances/bayesian_networks/pcnf/munin/671.cnf compile | tr '\n' ' '",/data/schlandals/pwmc_benchmarks/instances/bayesian_networks/pcnf/munin/671.cnf,"Final circuit size: 78005 Estimated probability 0.11067614 (epsilon 0) found in 53 seconds ",
672,:,1737408229.000,56.000,0,91,0,0,"schlandals --timeout 600 -i /data/schlandals/pwmc_benchmarks/instances/bayesian_networks/pcnf/munin/672.cnf compile | tr '\n' ' '",/data/schlandals/pwmc_benchmarks/instances/bayesian_networks/pcnf/munin/672.cnf,"Final circuit size: 78574 Estimated probability 0.01234134 (epsilon 0) found in 53 seconds ",
699,:,1737408280.000,6.000,0,90,0,0,"schlandals --timeout 600 -i /data/schlandals/pwmc_benchmarks/instances/bayesian_networks/pcnf/munin/699.cnf compile | tr '\n' ' '",/data/schlandals/pwmc_benchmarks/instances/bayesian_networks/pcnf/munin/699.cnf,"Final circuit size: 43903 Estimated probability 0.94703114 (epsilon 0) found in 5 seconds ",
700,:,1737408281.000,6.000,0,90,0,0,"schlandals --timeout 600 -i /data/schlandals/pwmc_benchmarks/instances/bayesian_networks/pcnf/munin/700.cnf compile | tr '\n' ' '",/data/schlandals/pwmc_benchmarks/instances/bayesian_networks/pcnf/munin/700.cnf,"Final circuit size: 43903 Estimated probability 0.05296886 (epsilon 0) found in 5 seconds ",
676,:,1737408233.000,63.000,0,115,0,0,"schlandals --timeout 600 -i /data/schlandals/pwmc_benchmarks/instances/bayesian_networks/pcnf/munin/676.cnf compile | tr '\n' ' '",/data/schlandals/pwmc_benchmarks/instances/bayesian_networks/pcnf/munin/676.cnf,"Final circuit size: 80357 Estimated probability 0.00329270 (epsilon 0.00000015967492394963756) found in 57 seconds ",
675,:,1737408232.000,65.000,0,115,0,0,"schlandals --timeout 600 -i /data/schlandals/pwmc_benchmarks/instances/bayesian_networks/pcnf/munin/675.cnf compile | tr '\n' ' '",/data/schlandals/pwmc_benchmarks/instances/bayesian_networks/pcnf/munin/675.cnf,"Final circuit size: 79361 Estimated probability 0.00157498 (epsilon 0.00000033382230535394797) found in 59 seconds ",
692,:,1737408268.000,30.000,0,91,0,0,"schlandals --timeout 600 -i /data/schlandals/pwmc_benchmarks/instances/bayesian_networks/pcnf/munin/692.cnf compile | tr '\n' ' '",/data/schlandals/pwmc_benchmarks/instances/bayesian_networks/pcnf/munin/692.cnf,"Final circuit size: 78321 Estimated probability 0.11800558 (epsilon 0) found in 27 seconds ",
686,:,1737408249.000,54.000,0,115,0,0,"schlandals --timeout 600 -i /data/schlandals/pwmc_benchmarks/instances/bayesian_networks/pcnf/munin/686.cnf compile | tr '\n' ' '",/data/schlandals/pwmc_benchmarks/instances/bayesian_networks/pcnf/munin/686.cnf,"Final circuit size: 80494 Estimated probability 0.00757457 (epsilon 0.00000009153098656788927) found in 49 seconds ",
677,:,1737408236.000,67.000,0,115,0,0,"schlandals --timeout 600 -i /data/schlandals/pwmc_benchmarks/instances/bayesian_networks/pcnf/munin/677.cnf compile | tr '\n' ' '",/data/schlandals/pwmc_benchmarks/instances/bayesian_networks/pcnf/munin/677.cnf,"Final circuit size: 79148 Estimated probability 0.00720804 (epsilon 0.00000010259006733015497) found in 61 seconds ",
679,:,1737408238.000,65.000,0,116,0,0,"schlandals --timeout 600 -i /data/schlandals/pwmc_benchmarks/instances/bayesian_networks/pcnf/munin/679.cnf compile | tr '\n' ' '",/data/schlandals/pwmc_benchmarks/instances/bayesian_networks/pcnf/munin/679.cnf,"Final circuit size: 80259 Estimated probability 0.07364408 (epsilon 0.000000010041176556896403) found in 59 seconds ",
680,:,1737408240.000,65.000,0,116,0,0,"schlandals --timeout 600 -i /data/schlandals/pwmc_benchmarks/instances/bayesian_networks/pcnf/munin/680.cnf compile | tr '\n' ' '",/data/schlandals/pwmc_benchmarks/instances/bayesian_networks/pcnf/munin/680.cnf,"Final circuit size: 79864 Estimated probability 0.17393942 (epsilon 0.000000004295193978265388) found in 60 seconds ",
681,:,1737408244.000,65.000,0,116,0,0,"schlandals --timeout 600 -i /data/schlandals/pwmc_benchmarks/instances/bayesian_networks/pcnf/munin/681.cnf compile | tr '\n' ' '",/data/schlandals/pwmc_benchmarks/instances/bayesian_networks/pcnf/munin/681.cnf,"Final circuit size: 81520 Estimated probability 0.25881352 (epsilon 0.000000002886648031719119) found in 60 seconds ",
683,:,1737408246.000,65.000,0,116,0,0,"schlandals --timeout 600 -i /data/schlandals/pwmc_benchmarks/instances/bayesian_networks/pcnf/munin/683.cnf compile | tr '\n' ' '",/data/schlandals/pwmc_benchmarks/instances/bayesian_networks/pcnf/munin/683.cnf,"Final circuit size: 78673 Estimated probability 0.13572471 (epsilon 0.000000005504551037205374) found in 59 seconds ",
689,:,1737408262.000,50.000,0,114,0,0,"schlandals --timeout 600 -i /data/schlandals/pwmc_benchmarks/instances/bayesian_networks/pcnf/munin/689.cnf compile | tr '\n' ' '",/data/schlandals/pwmc_benchmarks/instances/bayesian_networks/pcnf/munin/689.cnf,"Final circuit size: 78621 Estimated probability 0.00079496 (epsilon 0.0000007761741505074582) found in 46 seconds ",
688,:,1737408258.000,54.000,0,115,0,0,"schlandals --timeout 600 -i /data/schlandals/pwmc_benchmarks/instances/bayesian_networks/pcnf/munin/688.cnf compile | tr '\n' ' '",/data/schlandals/pwmc_benchmarks/instances/bayesian_networks/pcnf/munin/688.cnf,"Final circuit size: 79007 Estimated probability 0.00172849 (epsilon 0.00000035697536437950816) found in 50 seconds ",
691,:,1737408267.000,49.000,0,114,0,0,"schlandals --timeout 600 -i /data/schlandals/pwmc_benchmarks/instances/bayesian_networks/pcnf/munin/691.cnf compile | tr '\n' ' '",/data/schlandals/pwmc_benchmarks/instances/bayesian_networks/pcnf/munin/691.cnf,"Final circuit size: 78272 Estimated probability 0.00016588 (epsilon 0.0000024313442710255373) found in 43 seconds ",
687,:,1737408256.000,65.000,0,115,0,0,"schlandals --timeout 600 -i /data/schlandals/pwmc_benchmarks/instances/bayesian_networks/pcnf/munin/687.cnf compile | tr '\n' ' '",/data/schlandals/pwmc_benchmarks/instances/bayesian_networks/pcnf/munin/687.cnf,"Final circuit size: 78826 Estimated probability 0.00370083 (epsilon 0.00000016672674996165426) found in 59 seconds ",
695,:,1737408274.000,48.000,0,91,0,0,"schlandals --timeout 600 -i /data/schlandals/pwmc_benchmarks/instances/bayesian_networks/pcnf/munin/695.cnf compile | tr '\n' ' '",/data/schlandals/pwmc_benchmarks/instances/bayesian_networks/pcnf/munin/695.cnf,"Final circuit size: 84905 Estimated probability 0.83581904 (epsilon 0) found in 45 seconds ",
462,:,1737407511.000,811.000,0,116,0,0,"schlandals --timeout 600 -i /data/schlandals/pwmc_benchmarks/instances/bayesian_networks/pcnf/munin/462.cnf compile | tr '\n' ' '",/data/schlandals/pwmc_benchmarks/instances/bayesian_networks/pcnf/munin/462.cnf,"Final circuit size: 10853 Estimated probability 0.00047582 (epsilon 0.00000005145719317312114) found in 469 seconds ",
693,:,1737408269.000,54.000,0,91,0,0,"schlandals --timeout 600 -i /data/schlandals/pwmc_benchmarks/instances/bayesian_networks/pcnf/munin/693.cnf compile | tr '\n' ' '",/data/schlandals/pwmc_benchmarks/instances/bayesian_networks/pcnf/munin/693.cnf,"Final circuit size: 79280 Estimated probability 0.74792576 (epsilon 0) found in 50 seconds ",
694,:,1737408270.000,54.000,0,91,0,0,"schlandals --timeout 600 -i /data/schlandals/pwmc_benchmarks/instances/bayesian_networks/pcnf/munin/694.cnf compile | tr '\n' ' '",/data/schlandals/pwmc_benchmarks/instances/bayesian_networks/pcnf/munin/694.cnf,"Final circuit size: 78390 Estimated probability 0.13406866 (epsilon 0) found in 50 seconds ",
722,:,1737408322.000,6.000,0,90,0,0,"schlandals --timeout 600 -i /data/schlandals/pwmc_benchmarks/instances/bayesian_networks/pcnf/munin/722.cnf compile | tr '\n' ' '",/data/schlandals/pwmc_benchmarks/instances/bayesian_networks/pcnf/munin/722.cnf,"Final circuit size: 43905 Estimated probability 0.94648282 (epsilon 0) found in 5 seconds ",
348,:,1737407247.000,1081.000,0,107,0,0,"schlandals --timeout 600 -i /data/schlandals/pwmc_benchmarks/instances/bayesian_networks/pcnf/munin/348.cnf compile | tr '\n' ' '",/data/schlandals/pwmc_benchmarks/instances/bayesian_networks/pcnf/munin/348.cnf,"Final circuit size: 817 Estimated probability 0.00235452 (epsilon 10.823677010923152) found in 599 seconds ",
723,:,1737408322.000,7.000,0,90,0,0,"schlandals --timeout 600 -i /data/schlandals/pwmc_benchmarks/instances/bayesian_networks/pcnf/munin/723.cnf compile | tr '\n' ' '",/data/schlandals/pwmc_benchmarks/instances/bayesian_networks/pcnf/munin/723.cnf,"Final circuit size: 43905 Estimated probability 0.02176184 (epsilon 0) found in 6 seconds ",
724,:,1737408323.000,7.000,0,90,0,0,"schlandals --timeout 600 -i /data/schlandals/pwmc_benchmarks/instances/bayesian_networks/pcnf/munin/724.cnf compile | tr '\n' ' '",/data/schlandals/pwmc_benchmarks/instances/bayesian_networks/pcnf/munin/724.cnf,"Final circuit size: 43905 Estimated probability 0.01051160 (epsilon 0) found in 6 seconds ",
725,:,1737408324.000,6.000,0,90,0,0,"schlandals --timeout 600 -i /data/schlandals/pwmc_benchmarks/instances/bayesian_networks/pcnf/munin/725.cnf compile | tr '\n' ' '",/data/schlandals/pwmc_benchmarks/instances/bayesian_networks/pcnf/munin/725.cnf,"Final circuit size: 43905 Estimated probability 0.00124373 (epsilon 0) found in 5 seconds ",
690,:,1737408267.000,64.000,0,114,0,0,"schlandals --timeout 600 -i /data/schlandals/pwmc_benchmarks/instances/bayesian_networks/pcnf/munin/690.cnf compile | tr '\n' ' '",/data/schlandals/pwmc_benchmarks/instances/bayesian_networks/pcnf/munin/690.cnf,"Final circuit size: 78792 Estimated probability 0.00037454 (epsilon 0.0000016474398649712896) found in 58 seconds ",
727,:,1737408328.000,7.000,0,90,0,0,"schlandals --timeout 600 -i /data/schlandals/pwmc_benchmarks/instances/bayesian_networks/pcnf/munin/727.cnf compile | tr '\n' ' '",/data/schlandals/pwmc_benchmarks/instances/bayesian_networks/pcnf/munin/727.cnf,"Final circuit size: 43906 Estimated probability 0.94920309 (epsilon 0) found in 6 seconds ",
726,:,1737408328.000,7.000,0,90,0,0,"schlandals --timeout 600 -i /data/schlandals/pwmc_benchmarks/instances/bayesian_networks/pcnf/munin/726.cnf compile | tr '\n' ' '",/data/schlandals/pwmc_benchmarks/instances/bayesian_networks/pcnf/munin/726.cnf,"Final circuit size: 43905 Estimated probability 0.02000000 (epsilon 0) found in 6 seconds ",
696,:,1737408275.000,60.000,0,91,0,0,"schlandals --timeout 600 -i /data/schlandals/pwmc_benchmarks/instances/bayesian_networks/pcnf/munin/696.cnf compile | tr '\n' ' '",/data/schlandals/pwmc_benchmarks/instances/bayesian_networks/pcnf/munin/696.cnf,"Final circuit size: 84905 Estimated probability 0.16418096 (epsilon 0) found in 56 seconds ",
728,:,1737408329.000,7.000,0,90,0,0,"schlandals --timeout 600 -i /data/schlandals/pwmc_benchmarks/instances/bayesian_networks/pcnf/munin/728.cnf compile | tr '\n' ' '",/data/schlandals/pwmc_benchmarks/instances/bayesian_networks/pcnf/munin/728.cnf,"Final circuit size: 43906 Estimated probability 0.02061091 (epsilon 0) found in 6 seconds ",
729,:,1737408330.000,6.000,0,90,0,0,"schlandals --timeout 600 -i /data/schlandals/pwmc_benchmarks/instances/bayesian_networks/pcnf/munin/729.cnf compile | tr '\n' ' '",/data/schlandals/pwmc_benchmarks/instances/bayesian_networks/pcnf/munin/729.cnf,"Final circuit size: 43906 Estimated probability 0.01014352 (epsilon 0) found in 5 seconds ",
730,:,1737408330.000,7.000,0,90,0,0,"schlandals --timeout 600 -i /data/schlandals/pwmc_benchmarks/instances/bayesian_networks/pcnf/munin/730.cnf compile | tr '\n' ' '",/data/schlandals/pwmc_benchmarks/instances/bayesian_networks/pcnf/munin/730.cnf,"Final circuit size: 43906 Estimated probability 0.02004248 (epsilon 0) found in 5 seconds ",
731,:,1737408331.000,6.000,0,90,0,0,"schlandals --timeout 600 -i /data/schlandals/pwmc_benchmarks/instances/bayesian_networks/pcnf/munin/731.cnf compile | tr '\n' ' '",/data/schlandals/pwmc_benchmarks/instances/bayesian_networks/pcnf/munin/731.cnf,"Final circuit size: 43905 Estimated probability 0.94617195 (epsilon 0) found in 6 seconds ",
461,:,1737407496.000,843.000,0,117,0,0,"schlandals --timeout 600 -i /data/schlandals/pwmc_benchmarks/instances/bayesian_networks/pcnf/munin/461.cnf compile | tr '\n' ' '",/data/schlandals/pwmc_benchmarks/instances/bayesian_networks/pcnf/munin/461.cnf,"Final circuit size: 10905 Estimated probability 0.00051839 (epsilon 0.000000047230813260412674) found in 536 seconds ",
639,:,1737408034.000,308.000,0,91,0,0,"schlandals --timeout 600 -i /data/schlandals/pwmc_benchmarks/instances/bayesian_networks/pcnf/munin/639.cnf compile | tr '\n' ' '",/data/schlandals/pwmc_benchmarks/instances/bayesian_networks/pcnf/munin/639.cnf,"Final circuit size: 2311 Estimated probability 0.00082688 (epsilon 0) found in 190 seconds ",
732,:,1737408335.000,7.000,0,90,0,0,"schlandals --timeout 600 -i /data/schlandals/pwmc_benchmarks/instances/bayesian_networks/pcnf/munin/732.cnf compile | tr '\n' ' '",/data/schlandals/pwmc_benchmarks/instances/bayesian_networks/pcnf/munin/732.cnf,"Final circuit size: 43905 Estimated probability 0.02185620 (epsilon 0) found in 6 seconds ",
734,:,1737408335.000,7.000,0,90,0,0,"schlandals --timeout 600 -i /data/schlandals/pwmc_benchmarks/instances/bayesian_networks/pcnf/munin/734.cnf compile | tr '\n' ' '",/data/schlandals/pwmc_benchmarks/instances/bayesian_networks/pcnf/munin/734.cnf,"Final circuit size: 43905 Estimated probability 0.00127794 (epsilon 0) found in 6 seconds ",
733,:,1737408335.000,7.000,0,90,0,0,"schlandals --timeout 600 -i /data/schlandals/pwmc_benchmarks/instances/bayesian_networks/pcnf/munin/733.cnf compile | tr '\n' ' '",/data/schlandals/pwmc_benchmarks/instances/bayesian_networks/pcnf/munin/733.cnf,"Final circuit size: 43905 Estimated probability 0.01067587 (epsilon 0) found in 6 seconds ",
743,:,1737408342.000,1.000,0,89,0,0,"schlandals --timeout 600 -i /data/schlandals/pwmc_benchmarks/instances/bayesian_networks/pcnf/munin/743.cnf compile | tr '\n' ' '",/data/schlandals/pwmc_benchmarks/instances/bayesian_networks/pcnf/munin/743.cnf,"Final circuit size: 4483 Estimated probability 0.93398291 (epsilon 0) found in 0 seconds ",
736,:,1737408336.000,7.000,0,90,0,0,"schlandals --timeout 600 -i /data/schlandals/pwmc_benchmarks/instances/bayesian_networks/pcnf/munin/736.cnf compile | tr '\n' ' '",/data/schlandals/pwmc_benchmarks/instances/bayesian_networks/pcnf/munin/736.cnf,"Final circuit size: 43898 Estimated probability 0.94653721 (epsilon 0) found in 6 seconds ",
735,:,1737408336.000,7.000,0,90,0,0,"schlandals --timeout 600 -i /data/schlandals/pwmc_benchmarks/instances/bayesian_networks/pcnf/munin/735.cnf compile | tr '\n' ' '",/data/schlandals/pwmc_benchmarks/instances/bayesian_networks/pcnf/munin/735.cnf,"Final circuit size: 43904 Estimated probability 0.02001804 (epsilon 0) found in 6 seconds ",
737,:,1737408337.000,7.000,0,90,0,0,"schlandals --timeout 600 -i /data/schlandals/pwmc_benchmarks/instances/bayesian_networks/pcnf/munin/737.cnf compile | tr '\n' ' '",/data/schlandals/pwmc_benchmarks/instances/bayesian_networks/pcnf/munin/737.cnf,"Final circuit size: 43905 Estimated probability 0.05208399 (epsilon 0) found in 5 seconds ",
744,:,1737408343.000,1.000,0,89,0,0,"schlandals --timeout 600 -i /data/schlandals/pwmc_benchmarks/instances/bayesian_networks/pcnf/munin/744.cnf compile | tr '\n' ' '",/data/schlandals/pwmc_benchmarks/instances/bayesian_networks/pcnf/munin/744.cnf,"Final circuit size: 4483 Estimated probability 0.06601709 (epsilon 0) found in 0 seconds ",
738,:,1737408337.000,7.000,0,90,0,0,"schlandals --timeout 600 -i /data/schlandals/pwmc_benchmarks/instances/bayesian_networks/pcnf/munin/738.cnf compile | tr '\n' ' '",/data/schlandals/pwmc_benchmarks/instances/bayesian_networks/pcnf/munin/738.cnf,"Final circuit size: 43409 Estimated probability 0.00104500 (epsilon 0) found in 5 seconds ",
746,:,1737408343.000,2.000,0,86,0,0,"schlandals --timeout 600 -i /data/schlandals/pwmc_benchmarks/instances/bayesian_networks/pcnf/munin/746.cnf compile | tr '\n' ' '",/data/schlandals/pwmc_benchmarks/instances/bayesian_networks/pcnf/munin/746.cnf,"Final circuit size: 0 Estimated probability 0.00000000 (epsilon 0) found in 1 seconds ",
745,:,1737408343.000,2.000,0,86,0,0,"schlandals --timeout 600 -i /data/schlandals/pwmc_benchmarks/instances/bayesian_networks/pcnf/munin/745.cnf compile | tr '\n' ' '",/data/schlandals/pwmc_benchmarks/instances/bayesian_networks/pcnf/munin/745.cnf,"Final circuit size: 0 Estimated probability 0.00000000 (epsilon 0) found in 1 seconds ",
739,:,1737408339.000,7.000,0,90,0,0,"schlandals --timeout 600 -i /data/schlandals/pwmc_benchmarks/instances/bayesian_networks/pcnf/munin/739.cnf compile | tr '\n' ' '",/data/schlandals/pwmc_benchmarks/instances/bayesian_networks/pcnf/munin/739.cnf,"Final circuit size: 43409 Estimated probability 0.00033380 (epsilon 0) found in 5 seconds ",
747,:,1737408344.000,2.000,0,86,0,0,"schlandals --timeout 600 -i /data/schlandals/pwmc_benchmarks/instances/bayesian_networks/pcnf/munin/747.cnf compile | tr '\n' ' '",/data/schlandals/pwmc_benchmarks/instances/bayesian_networks/pcnf/munin/747.cnf,"Final circuit size: 0 Estimated probability 0.00000000 (epsilon 0) found in 1 seconds ",
748,:,1737408344.000,2.000,0,86,0,0,"schlandals --timeout 600 -i /data/schlandals/pwmc_benchmarks/instances/bayesian_networks/pcnf/munin/748.cnf compile | tr '\n' ' '",/data/schlandals/pwmc_benchmarks/instances/bayesian_networks/pcnf/munin/748.cnf,"Final circuit size: 0 Estimated probability 0.00000000 (epsilon 0) found in 1 seconds ",
393,:,1737407328.000,1022.000,0,108,0,0,"schlandals --timeout 600 -i /data/schlandals/pwmc_benchmarks/instances/bayesian_networks/pcnf/munin/393.cnf compile | tr '\n' ' '",/data/schlandals/pwmc_benchmarks/instances/bayesian_networks/pcnf/munin/393.cnf,"Final circuit size: 26529 Estimated probability 0.17935556 (epsilon 0.138816890476527) found in 599 seconds ",
741,:,1737408342.000,11.000,0,92,0,0,"schlandals --timeout 600 -i /data/schlandals/pwmc_benchmarks/instances/bayesian_networks/pcnf/munin/741.cnf compile | tr '\n' ' '",/data/schlandals/pwmc_benchmarks/instances/bayesian_networks/pcnf/munin/741.cnf,"Final circuit size: 110693 Estimated probability 0.06957918 (epsilon 0) found in 10 seconds ",
740,:,1737408342.000,12.000,0,92,0,0,"schlandals --timeout 600 -i /data/schlandals/pwmc_benchmarks/instances/bayesian_networks/pcnf/munin/740.cnf compile | tr '\n' ' '",/data/schlandals/pwmc_benchmarks/instances/bayesian_networks/pcnf/munin/740.cnf,"Final circuit size: 110693 Estimated probability 0.92023040 (epsilon 0) found in 10 seconds ",
742,:,1737408342.000,12.000,0,92,0,0,"schlandals --timeout 600 -i /data/schlandals/pwmc_benchmarks/instances/bayesian_networks/pcnf/munin/742.cnf compile | tr '\n' ' '",/data/schlandals/pwmc_benchmarks/instances/bayesian_networks/pcnf/munin/742.cnf,"Final circuit size: 109775 Estimated probability 0.01019042 (epsilon 0) found in 10 seconds ",
757,:,1737408354.000,4.000,0,115,0,0,"schlandals --timeout 600 -i /data/schlandals/pwmc_benchmarks/instances/bayesian_networks/pcnf/munin/757.cnf compile | tr '\n' ' '",/data/schlandals/pwmc_benchmarks/instances/bayesian_networks/pcnf/munin/757.cnf,"Final circuit size: 12414 Estimated probability 0.01320212 (epsilon 0.000000011908982910924237) found in 3 seconds ",
758,:,1737408354.000,5.000,0,115,0,0,"schlandals --timeout 600 -i /data/schlandals/pwmc_benchmarks/instances/bayesian_networks/pcnf/munin/758.cnf compile | tr '\n' ' '",/data/schlandals/pwmc_benchmarks/instances/bayesian_networks/pcnf/munin/758.cnf,"Final circuit size: 12538 Estimated probability 0.00751396 (epsilon 0.000000049662434165043123) found in 3 seconds ",
759,:,1737408358.000,5.000,0,115,0,0,"schlandals --timeout 600 -i /data/schlandals/pwmc_benchmarks/instances/bayesian_networks/pcnf/munin/759.cnf compile | tr '\n' ' '",/data/schlandals/pwmc_benchmarks/instances/bayesian_networks/pcnf/munin/759.cnf,"Final circuit size: 12957 Estimated probability 0.00630787 (epsilon 0.000000059158041798568206) found in 3 seconds ",
760,:,1737408359.000,4.000,0,114,0,0,"schlandals --timeout 600 -i /data/schlandals/pwmc_benchmarks/instances/bayesian_networks/pcnf/munin/760.cnf compile | tr '\n' ' '",/data/schlandals/pwmc_benchmarks/instances/bayesian_networks/pcnf/munin/760.cnf,"Final circuit size: 12800 Estimated probability 0.00614705 (epsilon 0.00000006070574865013612) found in 3 seconds ",
761,:,1737408363.000,5.000,0,114,0,0,"schlandals --timeout 600 -i /data/schlandals/pwmc_benchmarks/instances/bayesian_networks/pcnf/munin/761.cnf compile | tr '\n' ' '",/data/schlandals/pwmc_benchmarks/instances/bayesian_networks/pcnf/munin/761.cnf,"Final circuit size: 13070 Estimated probability 0.00715473 (epsilon 0.00000009248926224891818) found in 3 seconds ",
762,:,1737408363.000,5.000,0,114,0,0,"schlandals --timeout 600 -i /data/schlandals/pwmc_benchmarks/instances/bayesian_networks/pcnf/munin/762.cnf compile | tr '\n' ' '",/data/schlandals/pwmc_benchmarks/instances/bayesian_networks/pcnf/munin/762.cnf,"Final circuit size: 13007 Estimated probability 0.01093634 (epsilon 0.00000006050801637513814) found in 3 seconds ",
763,:,1737408368.000,4.000,0,113,0,0,"schlandals --timeout 600 -i /data/schlandals/pwmc_benchmarks/instances/bayesian_networks/pcnf/munin/763.cnf compile | tr '\n' ' '",/data/schlandals/pwmc_benchmarks/instances/bayesian_networks/pcnf/munin/763.cnf,"Final circuit size: 13158 Estimated probability 0.01586706 (epsilon 0.0000003120506932852152) found in 3 seconds ",
764,:,1737408368.000,8.000,0,114,0,0,"schlandals --timeout 600 -i /data/schlandals/pwmc_benchmarks/instances/bayesian_networks/pcnf/munin/764.cnf compile | tr '\n' ' '",/data/schlandals/pwmc_benchmarks/instances/bayesian_networks/pcnf/munin/764.cnf,"Final circuit size: 11164 Estimated probability 0.02437664 (epsilon 0.00000020311768023084653) found in 6 seconds ",
765,:,1737408372.000,6.000,0,114,0,0,"schlandals --timeout 600 -i /data/schlandals/pwmc_benchmarks/instances/bayesian_networks/pcnf/munin/765.cnf compile | tr '\n' ' '",/data/schlandals/pwmc_benchmarks/instances/bayesian_networks/pcnf/munin/765.cnf,"Final circuit size: 11097 Estimated probability 0.08784517 (epsilon 0.00000005636425393085176) found in 4 seconds ",
767,:,1737408378.000,4.000,0,115,0,0,"schlandals --timeout 600 -i /data/schlandals/pwmc_benchmarks/instances/bayesian_networks/pcnf/munin/767.cnf compile | tr '\n' ' '",/data/schlandals/pwmc_benchmarks/instances/bayesian_networks/pcnf/munin/767.cnf,"Final circuit size: 11225 Estimated probability 0.36247326 (epsilon 0.000000013659842812430156) found in 3 seconds ",
766,:,1737408376.000,7.000,0,114,0,0,"schlandals --timeout 600 -i /data/schlandals/pwmc_benchmarks/instances/bayesian_networks/pcnf/munin/766.cnf compile | tr '\n' ' '",/data/schlandals/pwmc_benchmarks/instances/bayesian_networks/pcnf/munin/766.cnf,"Final circuit size: 11290 Estimated probability 0.29442114 (epsilon 0.00000001681716144119605) found in 5 seconds ",
753,:,1737408346.000,37.000,0,92,0,0,"schlandals --timeout 600 -i /data/schlandals/pwmc_benchmarks/instances/bayesian_networks/pcnf/munin/753.cnf compile | tr '\n' ' '",/data/schlandals/pwmc_benchmarks/instances/bayesian_networks/pcnf/munin/753.cnf,"Final circuit size: 270155 Estimated probability 0.98733655 (epsilon 0) found in 35 seconds ",
597,:,1737407958.000,426.000,0,117,0,0,"schlandals --timeout 600 -i /data/schlandals/pwmc_benchmarks/instances/bayesian_networks/pcnf/munin/597.cnf compile | tr '\n' ' '",/data/schlandals/pwmc_benchmarks/instances/bayesian_networks/pcnf/munin/597.cnf,"Final circuit size: 342939 Estimated probability 0.00259523 (epsilon 0.00000013189762526621962) found in 395 seconds ",
768,:,1737408382.000,4.000,0,114,0,0,"schlandals --timeout 600 -i /data/schlandals/pwmc_benchmarks/instances/bayesian_networks/pcnf/munin/768.cnf compile | tr '\n' ' '",/data/schlandals/pwmc_benchmarks/instances/bayesian_networks/pcnf/munin/768.cnf,"Final circuit size: 11052 Estimated probability 0.14602125 (epsilon 0.00000003279730842464801) found in 3 seconds ",
752,:,1737408346.000,42.000,0,92,0,0,"schlandals --timeout 600 -i /data/schlandals/pwmc_benchmarks/instances/bayesian_networks/pcnf/munin/752.cnf compile | tr '\n' ' '",/data/schlandals/pwmc_benchmarks/instances/bayesian_networks/pcnf/munin/752.cnf,"Final circuit size: 262567 Estimated probability 0.00430010 (epsilon 0) found in 39 seconds ",
769,:,1737408383.000,7.000,0,112,0,0,"schlandals --timeout 600 -i /data/schlandals/pwmc_benchmarks/instances/bayesian_networks/pcnf/munin/769.cnf compile | tr '\n' ' '",/data/schlandals/pwmc_benchmarks/instances/bayesian_networks/pcnf/munin/769.cnf,"Final circuit size: 9887 Estimated probability 0.01773339 (epsilon 0.0000002578845081924186) found in 5 seconds ",
750,:,1737408345.000,48.000,0,92,0,0,"schlandals --timeout 600 -i /data/schlandals/pwmc_benchmarks/instances/bayesian_networks/pcnf/munin/750.cnf compile | tr '\n' ' '",/data/schlandals/pwmc_benchmarks/instances/bayesian_networks/pcnf/munin/750.cnf,"Final circuit size: 264700 Estimated probability 0.06837659 (epsilon 0) found in 45 seconds ",
774,:,1737408390.000,5.000,0,113,0,0,"schlandals --timeout 600 -i /data/schlandals/pwmc_benchmarks/instances/bayesian_networks/pcnf/munin/774.cnf compile | tr '\n' ' '",/data/schlandals/pwmc_benchmarks/instances/bayesian_networks/pcnf/munin/774.cnf,"Final circuit size: 6708 Estimated probability 0.00156678 (epsilon 0.00000000813172262859041) found in 4 seconds ",
751,:,1737408345.000,50.000,0,92,0,0,"schlandals --timeout 600 -i /data/schlandals/pwmc_benchmarks/instances/bayesian_networks/pcnf/munin/751.cnf compile | tr '\n' ' '",/data/schlandals/pwmc_benchmarks/instances/bayesian_networks/pcnf/munin/751.cnf,"Final circuit size: 266100 Estimated probability 0.03484757 (epsilon 0) found in 47 seconds ",
755,:,1737408350.000,47.000,0,92,0,0,"schlandals --timeout 600 -i /data/schlandals/pwmc_benchmarks/instances/bayesian_networks/pcnf/munin/755.cnf compile | tr '\n' ' '",/data/schlandals/pwmc_benchmarks/instances/bayesian_networks/pcnf/munin/755.cnf,"Final circuit size: 268220 Estimated probability 0.89568117 (epsilon 0) found in 45 seconds ",
775,:,1737408393.000,4.000,0,114,0,0,"schlandals --timeout 600 -i /data/schlandals/pwmc_benchmarks/instances/bayesian_networks/pcnf/munin/775.cnf compile | tr '\n' ' '",/data/schlandals/pwmc_benchmarks/instances/bayesian_networks/pcnf/munin/775.cnf,"Final circuit size: 6873 Estimated probability 0.00137468 (epsilon 0.000000009268035228160443) found in 3 seconds ",
754,:,1737408346.000,52.000,0,92,0,0,"schlandals --timeout 600 -i /data/schlandals/pwmc_benchmarks/instances/bayesian_networks/pcnf/munin/754.cnf compile | tr '\n' ' '",/data/schlandals/pwmc_benchmarks/instances/bayesian_networks/pcnf/munin/754.cnf,"Final circuit size: 270155 Estimated probability 0.01266345 (epsilon 0) found in 48 seconds ",
776,:,1737408395.000,6.000,0,113,0,0,"schlandals --timeout 600 -i /data/schlandals/pwmc_benchmarks/instances/bayesian_networks/pcnf/munin/776.cnf compile | tr '\n' ' '",/data/schlandals/pwmc_benchmarks/instances/bayesian_networks/pcnf/munin/776.cnf,"Final circuit size: 7150 Estimated probability 0.00188316 (epsilon 0.00000000676553302270122) found in 4 seconds ",
777,:,1737408395.000,6.000,0,114,0,0,"schlandals --timeout 600 -i /data/schlandals/pwmc_benchmarks/instances/bayesian_networks/pcnf/munin/777.cnf compile | tr '\n' ' '",/data/schlandals/pwmc_benchmarks/instances/bayesian_networks/pcnf/munin/777.cnf,"Final circuit size: 6983 Estimated probability 0.00209681 (epsilon 0.000000006076163572288351) found in 4 seconds ",
756,:,1737408353.000,49.000,0,92,0,0,"schlandals --timeout 600 -i /data/schlandals/pwmc_benchmarks/instances/bayesian_networks/pcnf/munin/756.cnf compile | tr '\n' ' '",/data/schlandals/pwmc_benchmarks/instances/bayesian_networks/pcnf/munin/756.cnf,"Final circuit size: 268220 Estimated probability 0.10431883 (epsilon 0) found in 46 seconds ",
778,:,1737408397.000,6.000,0,113,0,0,"schlandals --timeout 600 -i /data/schlandals/pwmc_benchmarks/instances/bayesian_networks/pcnf/munin/778.cnf compile | tr '\n' ' '",/data/schlandals/pwmc_benchmarks/instances/bayesian_networks/pcnf/munin/778.cnf,"Final circuit size: 7097 Estimated probability 0.00404490 (epsilon 0.00000020548074952664308) found in 4 seconds ",
779,:,1737408397.000,6.000,0,113,0,0,"schlandals --timeout 600 -i /data/schlandals/pwmc_benchmarks/instances/bayesian_networks/pcnf/munin/779.cnf compile | tr '\n' ' '",/data/schlandals/pwmc_benchmarks/instances/bayesian_networks/pcnf/munin/779.cnf,"Final circuit size: 7056 Estimated probability 0.00938882 (epsilon 0.00000008852532640268862) found in 4 seconds ",
780,:,1737408398.000,5.000,0,111,0,0,"schlandals --timeout 600 -i /data/schlandals/pwmc_benchmarks/instances/bayesian_networks/pcnf/munin/780.cnf compile | tr '\n' ' '",/data/schlandals/pwmc_benchmarks/instances/bayesian_networks/pcnf/munin/780.cnf,"Final circuit size: 7181 Estimated probability 0.03408823 (epsilon 0.000000141743583537135) found in 4 seconds ",
781,:,1737408401.000,5.000,0,114,0,0,"schlandals --timeout 600 -i /data/schlandals/pwmc_benchmarks/instances/bayesian_networks/pcnf/munin/781.cnf compile | tr '\n' ' '",/data/schlandals/pwmc_benchmarks/instances/bayesian_networks/pcnf/munin/781.cnf,"Final circuit size: 7124 Estimated probability 0.09472752 (epsilon 0.000000051007231549604626) found in 4 seconds ",
782,:,1737408401.000,5.000,0,113,0,0,"schlandals --timeout 600 -i /data/schlandals/pwmc_benchmarks/instances/bayesian_networks/pcnf/munin/782.cnf compile | tr '\n' ' '",/data/schlandals/pwmc_benchmarks/instances/bayesian_networks/pcnf/munin/782.cnf,"Final circuit size: 6951 Estimated probability 0.29201934 (epsilon 0.00000001654612447055115) found in 4 seconds ",
783,:,1737408402.000,5.000,0,114,0,0,"schlandals --timeout 600 -i /data/schlandals/pwmc_benchmarks/instances/bayesian_networks/pcnf/munin/783.cnf compile | tr '\n' ' '",/data/schlandals/pwmc_benchmarks/instances/bayesian_networks/pcnf/munin/783.cnf,"Final circuit size: 7083 Estimated probability 0.35411397 (epsilon 0.000000013644727125949885) found in 4 seconds ",
784,:,1737408403.000,5.000,0,113,0,0,"schlandals --timeout 600 -i /data/schlandals/pwmc_benchmarks/instances/bayesian_networks/pcnf/munin/784.cnf compile | tr '\n' ' '",/data/schlandals/pwmc_benchmarks/instances/bayesian_networks/pcnf/munin/784.cnf,"Final circuit size: 7083 Estimated probability 0.15438225 (epsilon 0.00000003129756520614535) found in 4 seconds ",
785,:,1737408403.000,5.000,0,113,0,0,"schlandals --timeout 600 -i /data/schlandals/pwmc_benchmarks/instances/bayesian_networks/pcnf/munin/785.cnf compile | tr '\n' ' '",/data/schlandals/pwmc_benchmarks/instances/bayesian_networks/pcnf/munin/785.cnf,"Final circuit size: 7091 Estimated probability 0.03637682 (epsilon 0.00000013282600996866734) found in 4 seconds ",
786,:,1737408403.000,5.000,0,111,0,0,"schlandals --timeout 600 -i /data/schlandals/pwmc_benchmarks/instances/bayesian_networks/pcnf/munin/786.cnf compile | tr '\n' ' '",/data/schlandals/pwmc_benchmarks/instances/bayesian_networks/pcnf/munin/786.cnf,"Final circuit size: 7016 Estimated probability 0.00273653 (epsilon 0.000001765658970587225) found in 4 seconds ",
790,:,1737408408.000,4.000,0,114,0,0,"schlandals --timeout 600 -i /data/schlandals/pwmc_benchmarks/instances/bayesian_networks/pcnf/munin/790.cnf compile | tr '\n' ' '",/data/schlandals/pwmc_benchmarks/instances/bayesian_networks/pcnf/munin/790.cnf,"Final circuit size: 6833 Estimated probability 0.08404993 (epsilon 0.000000002076491867342156) found in 3 seconds ",
791,:,1737408408.000,4.000,0,116,0,0,"schlandals --timeout 600 -i /data/schlandals/pwmc_benchmarks/instances/bayesian_networks/pcnf/munin/791.cnf compile | tr '\n' ' '",/data/schlandals/pwmc_benchmarks/instances/bayesian_networks/pcnf/munin/791.cnf,"Final circuit size: 7055 Estimated probability 0.38245172 (epsilon 0.00000000046262815800446333) found in 3 seconds ",
792,:,1737408408.000,5.000,0,115,0,0,"schlandals --timeout 600 -i /data/schlandals/pwmc_benchmarks/instances/bayesian_networks/pcnf/munin/792.cnf compile | tr '\n' ' '",/data/schlandals/pwmc_benchmarks/instances/bayesian_networks/pcnf/munin/792.cnf,"Final circuit size: 7038 Estimated probability 0.31840937 (epsilon 0.0000000005556775040105322) found in 3 seconds ",
789,:,1737408407.000,6.000,0,89,0,0,"schlandals --timeout 600 -i /data/schlandals/pwmc_benchmarks/instances/bayesian_networks/pcnf/munin/789.cnf compile | tr '\n' ' '",/data/schlandals/pwmc_benchmarks/instances/bayesian_networks/pcnf/munin/789.cnf,"Final circuit size: 6105 Estimated probability 0.00103195 (epsilon 0) found in 4 seconds ",
772,:,1737408386.000,29.000,0,115,0,0,"schlandals --timeout 600 -i /data/schlandals/pwmc_benchmarks/instances/bayesian_networks/pcnf/munin/772.cnf compile | tr '\n' ' '",/data/schlandals/pwmc_benchmarks/instances/bayesian_networks/pcnf/munin/772.cnf,"Final circuit size: 5273 Estimated probability 0.00082557 (epsilon 0.000000015432399802506325) found in 21 seconds ",
586,:,1737407897.000,519.000,0,93,0,0,"schlandals --timeout 600 -i /data/schlandals/pwmc_benchmarks/instances/bayesian_networks/pcnf/munin/586.cnf compile | tr '\n' ' '",/data/schlandals/pwmc_benchmarks/instances/bayesian_networks/pcnf/munin/586.cnf,"Final circuit size: 206303 Estimated probability 0.87405016 (epsilon 0) found in 290 seconds ",
793,:,1737408412.000,4.000,0,115,0,0,"schlandals --timeout 600 -i /data/schlandals/pwmc_benchmarks/instances/bayesian_networks/pcnf/munin/793.cnf compile | tr '\n' ' '",/data/schlandals/pwmc_benchmarks/instances/bayesian_networks/pcnf/munin/793.cnf,"Final circuit size: 7054 Estimated probability 0.10716503 (epsilon 0.0000000016510324218899086) found in 3 seconds ",
794,:,1737408412.000,4.000,0,114,0,0,"schlandals --timeout 600 -i /data/schlandals/pwmc_benchmarks/instances/bayesian_networks/pcnf/munin/794.cnf compile | tr '\n' ' '",/data/schlandals/pwmc_benchmarks/instances/bayesian_networks/pcnf/munin/794.cnf,"Final circuit size: 6913 Estimated probability 0.03945769 (epsilon 0.000000004484117077652172) found in 3 seconds ",
795,:,1737408413.000,4.000,0,114,0,0,"schlandals --timeout 600 -i /data/schlandals/pwmc_benchmarks/instances/bayesian_networks/pcnf/munin/795.cnf compile | tr '\n' ' '",/data/schlandals/pwmc_benchmarks/instances/bayesian_networks/pcnf/munin/795.cnf,"Final circuit size: 6983 Estimated probability 0.02381500 (epsilon 0.000000007429473036779655) found in 3 seconds ",
773,:,1737408388.000,29.000,0,115,0,0,"schlandals --timeout 600 -i /data/schlandals/pwmc_benchmarks/instances/bayesian_networks/pcnf/munin/773.cnf compile | tr '\n' ' '",/data/schlandals/pwmc_benchmarks/instances/bayesian_networks/pcnf/munin/773.cnf,"Final circuit size: 5353 Estimated probability 0.00153449 (epsilon 0.000000008302793119696616) found in 21 seconds ",
796,:,1737408413.000,4.000,0,114,0,0,"schlandals --timeout 600 -i /data/schlandals/pwmc_benchmarks/instances/bayesian_networks/pcnf/munin/796.cnf compile | tr '\n' ' '",/data/schlandals/pwmc_benchmarks/instances/bayesian_networks/pcnf/munin/796.cnf,"Final circuit size: 6824 Estimated probability 0.01854325 (epsilon 0.000000009541633483323153) found in 3 seconds ",
771,:,1737408384.000,35.000,0,114,0,0,"schlandals --timeout 600 -i /data/schlandals/pwmc_benchmarks/instances/bayesian_networks/pcnf/munin/771.cnf compile | tr '\n' ' '",/data/schlandals/pwmc_benchmarks/instances/bayesian_networks/pcnf/munin/771.cnf,"Final circuit size: 4978 Estimated probability 0.00012376 (epsilon 0.00000010294947716538161) found in 25 seconds ",
797,:,1737408415.000,4.000,0,114,0,0,"schlandals --timeout 600 -i /data/schlandals/pwmc_benchmarks/instances/bayesian_networks/pcnf/munin/797.cnf compile | tr '\n' ' '",/data/schlandals/pwmc_benchmarks/instances/bayesian_networks/pcnf/munin/797.cnf,"Final circuit size: 6825 Estimated probability 0.01513615 (epsilon 0.000000011689426759886601) found in 3 seconds ",
798,:,1737408416.000,4.000,0,115,0,0,"schlandals --timeout 600 -i /data/schlandals/pwmc_benchmarks/instances/bayesian_networks/pcnf/munin/798.cnf compile | tr '\n' ' '",/data/schlandals/pwmc_benchmarks/instances/bayesian_networks/pcnf/munin/798.cnf,"Final circuit size: 6774 Estimated probability 0.00983748 (epsilon 0.0000000003782321122969279) found in 3 seconds ",
804,:,1737408419.000,5.000,0,113,0,0,"schlandals --timeout 600 -i /data/schlandals/pwmc_benchmarks/instances/bayesian_networks/pcnf/munin/804.cnf compile | tr '\n' ' '",/data/schlandals/pwmc_benchmarks/instances/bayesian_networks/pcnf/munin/804.cnf,"Final circuit size: 8358 Estimated probability 0.00125371 (epsilon 0.00000003454801733582258) found in 4 seconds ",
805,:,1737408419.000,5.000,0,113,0,0,"schlandals --timeout 600 -i /data/schlandals/pwmc_benchmarks/instances/bayesian_networks/pcnf/munin/805.cnf compile | tr '\n' ' '",/data/schlandals/pwmc_benchmarks/instances/bayesian_networks/pcnf/munin/805.cnf,"Final circuit size: 8452 Estimated probability 0.00114808 (epsilon 0.00000003772666201662389) found in 4 seconds ",
806,:,1737408420.000,6.000,0,113,0,0,"schlandals --timeout 600 -i /data/schlandals/pwmc_benchmarks/instances/bayesian_networks/pcnf/munin/806.cnf compile | tr '\n' ' '",/data/schlandals/pwmc_benchmarks/instances/bayesian_networks/pcnf/munin/806.cnf,"Final circuit size: 8466 Estimated probability 0.00141322 (epsilon 0.00000003064845865985433) found in 4 seconds ",
807,:,1737408424.000,5.000,0,113,0,0,"schlandals --timeout 600 -i /data/schlandals/pwmc_benchmarks/instances/bayesian_networks/pcnf/munin/807.cnf compile | tr '\n' ' '",/data/schlandals/pwmc_benchmarks/instances/bayesian_networks/pcnf/munin/807.cnf,"Final circuit size: 8551 Estimated probability 0.00154972 (epsilon 0.00000010196431077247325) found in 4 seconds ",
808,:,1737408424.000,6.000,0,112,0,0,"schlandals --timeout 600 -i /data/schlandals/pwmc_benchmarks/instances/bayesian_networks/pcnf/munin/808.cnf compile | tr '\n' ' '",/data/schlandals/pwmc_benchmarks/instances/bayesian_networks/pcnf/munin/808.cnf,"Final circuit size: 8525 Estimated probability 0.00226417 (epsilon 0.0000000655200906862774) found in 4 seconds ",
809,:,1737408426.000,6.000,0,113,0,0,"schlandals --timeout 600 -i /data/schlandals/pwmc_benchmarks/instances/bayesian_networks/pcnf/munin/809.cnf compile | tr '\n' ' '",/data/schlandals/pwmc_benchmarks/instances/bayesian_networks/pcnf/munin/809.cnf,"Final circuit size: 8502 Estimated probability 0.00447953 (epsilon 0.00000016291310100946532) found in 4 seconds ",
788,:,1737408406.000,27.000,0,90,0,0,"schlandals --timeout 600 -i /data/schlandals/pwmc_benchmarks/instances/bayesian_networks/pcnf/munin/788.cnf compile | tr '\n' ' '",/data/schlandals/pwmc_benchmarks/instances/bayesian_networks/pcnf/munin/788.cnf,"Final circuit size: 2913 Estimated probability 0.00008431 (epsilon 0) found in 19 seconds ",
810,:,1737408429.000,6.000,0,113,0,0,"schlandals --timeout 600 -i /data/schlandals/pwmc_benchmarks/instances/bayesian_networks/pcnf/munin/810.cnf compile | tr '\n' ' '",/data/schlandals/pwmc_benchmarks/instances/bayesian_networks/pcnf/munin/810.cnf,"Final circuit size: 8489 Estimated probability 0.00828520 (epsilon 0.00000008808157669903949) found in 4 seconds ",
811,:,1737408430.000,6.000,0,114,0,0,"schlandals --timeout 600 -i /data/schlandals/pwmc_benchmarks/instances/bayesian_networks/pcnf/munin/811.cnf compile | tr '\n' ' '",/data/schlandals/pwmc_benchmarks/instances/bayesian_networks/pcnf/munin/811.cnf,"Final circuit size: 8647 Estimated probability 0.01946047 (epsilon 0.000000037500318850192116) found in 4 seconds ",
812,:,1737408432.000,5.000,0,114,0,0,"schlandals --timeout 600 -i /data/schlandals/pwmc_benchmarks/instances/bayesian_networks/pcnf/munin/812.cnf compile | tr '\n' ' '",/data/schlandals/pwmc_benchmarks/instances/bayesian_networks/pcnf/munin/812.cnf,"Final circuit size: 8771 Estimated probability 0.04463379 (epsilon 0.000000016350252485253236) found in 4 seconds ",
539,:,1737407800.000,639.000,0,109,0,0,"schlandals --timeout 600 -i /data/schlandals/pwmc_benchmarks/instances/bayesian_networks/pcnf/munin/539.cnf compile | tr '\n' ' '",/data/schlandals/pwmc_benchmarks/instances/bayesian_networks/pcnf/munin/539.cnf,"Final circuit size: 337183 Estimated probability 0.00070354 (epsilon 7.814532775153747) found in 600 seconds ",
813,:,1737408433.000,6.000,0,114,0,0,"schlandals --timeout 600 -i /data/schlandals/pwmc_benchmarks/instances/bayesian_networks/pcnf/munin/813.cnf compile | tr '\n' ' '",/data/schlandals/pwmc_benchmarks/instances/bayesian_networks/pcnf/munin/813.cnf,"Final circuit size: 8683 Estimated probability 0.13037389 (epsilon 0.000000005478427489435944) found in 4 seconds ",
538,:,1737407800.000,640.000,0,109,0,0,"schlandals --timeout 600 -i /data/schlandals/pwmc_benchmarks/instances/bayesian_networks/pcnf/munin/538.cnf compile | tr '\n' ' '",/data/schlandals/pwmc_benchmarks/instances/bayesian_networks/pcnf/munin/538.cnf,"Final circuit size: 347675 Estimated probability 0.00727908 (epsilon 1.888621071903509) found in 600 seconds ",
814,:,1737408435.000,5.000,0,115,0,0,"schlandals --timeout 600 -i /data/schlandals/pwmc_benchmarks/instances/bayesian_networks/pcnf/munin/814.cnf compile | tr '\n' ' '",/data/schlandals/pwmc_benchmarks/instances/bayesian_networks/pcnf/munin/814.cnf,"Final circuit size: 8570 Estimated probability 0.23581937 (epsilon 0.0000000030287752306179527) found in 4 seconds ",
815,:,1737408436.000,6.000,0,114,0,0,"schlandals --timeout 600 -i /data/schlandals/pwmc_benchmarks/instances/bayesian_networks/pcnf/munin/815.cnf compile | tr '\n' ' '",/data/schlandals/pwmc_benchmarks/instances/bayesian_networks/pcnf/munin/815.cnf,"Final circuit size: 8523 Estimated probability 0.28201043 (epsilon 0.000000002532686060874312) found in 4 seconds ",
816,:,1737408437.000,6.000,0,114,0,0,"schlandals --timeout 600 -i /data/schlandals/pwmc_benchmarks/instances/bayesian_networks/pcnf/munin/816.cnf compile | tr '\n' ' '",/data/schlandals/pwmc_benchmarks/instances/bayesian_networks/pcnf/munin/816.cnf,"Final circuit size: 8567 Estimated probability 0.16615402 (epsilon 0.000000004298685185588624) found in 4 seconds ",
542,:,1737407807.000,637.000,0,109,0,0,"schlandals --timeout 600 -i /data/schlandals/pwmc_benchmarks/instances/bayesian_networks/pcnf/munin/542.cnf compile | tr '\n' ' '",/data/schlandals/pwmc_benchmarks/instances/bayesian_networks/pcnf/munin/542.cnf,"Final circuit size: 434951 Estimated probability 0.00097633 (epsilon 6.466016452961801) found in 600 seconds ",
817,:,1737408439.000,6.000,0,114,0,0,"schlandals --timeout 600 -i /data/schlandals/pwmc_benchmarks/instances/bayesian_networks/pcnf/munin/817.cnf compile | tr '\n' ' '",/data/schlandals/pwmc_benchmarks/instances/bayesian_networks/pcnf/munin/817.cnf,"Final circuit size: 8647 Estimated probability 0.06830679 (epsilon 0.000000010456410848291853) found in 4 seconds ",
541,:,1737407805.000,640.000,0,110,0,0,"schlandals --timeout 600 -i /data/schlandals/pwmc_benchmarks/instances/bayesian_networks/pcnf/munin/541.cnf compile | tr '\n' ' '",/data/schlandals/pwmc_benchmarks/instances/bayesian_networks/pcnf/munin/541.cnf,"Final circuit size: 350405 Estimated probability 0.00092192 (epsilon 6.7347990871465315) found in 600 seconds ",
818,:,1737408439.000,6.000,0,114,0,0,"schlandals --timeout 600 -i /data/schlandals/pwmc_benchmarks/instances/bayesian_networks/pcnf/munin/818.cnf compile | tr '\n' ' '",/data/schlandals/pwmc_benchmarks/instances/bayesian_networks/pcnf/munin/818.cnf,"Final circuit size: 8564 Estimated probability 0.02186586 (epsilon 0.000000027419041703780067) found in 4 seconds ",
547,:,1737407817.000,629.000,0,110,0,0,"schlandals --timeout 600 -i /data/schlandals/pwmc_benchmarks/instances/bayesian_networks/pcnf/munin/547.cnf compile | tr '\n' ' '",/data/schlandals/pwmc_benchmarks/instances/bayesian_networks/pcnf/munin/547.cnf,"Final circuit size: 399113 Estimated probability 0.00407497 (epsilon 2.7661525381270957) found in 600 seconds ",
545,:,1737407813.000,633.000,0,109,0,0,"schlandals --timeout 600 -i /data/schlandals/pwmc_benchmarks/instances/bayesian_networks/pcnf/munin/545.cnf compile | tr '\n' ' '",/data/schlandals/pwmc_benchmarks/instances/bayesian_networks/pcnf/munin/545.cnf,"Final circuit size: 352453 Estimated probability 0.00183559 (epsilon 4.528821389315935) found in 600 seconds ",
544,:,1737407811.000,637.000,0,109,0,0,"schlandals --timeout 600 -i /data/schlandals/pwmc_benchmarks/instances/bayesian_networks/pcnf/munin/544.cnf compile | tr '\n' ' '",/data/schlandals/pwmc_benchmarks/instances/bayesian_networks/pcnf/munin/544.cnf,"Final circuit size: 372286 Estimated probability 0.00128881 (epsilon 5.547664087362295) found in 600 seconds ",
540,:,1737407804.000,646.000,0,109,0,0,"schlandals --timeout 600 -i /data/schlandals/pwmc_benchmarks/instances/bayesian_networks/pcnf/munin/540.cnf compile | tr '\n' ' '",/data/schlandals/pwmc_benchmarks/instances/bayesian_networks/pcnf/munin/540.cnf,"Final circuit size: 417420 Estimated probability 0.00083341 (epsilon 7.087483688789121) found in 600 seconds ",
801,:,1737408417.000,34.000,0,114,0,0,"schlandals --timeout 600 -i /data/schlandals/pwmc_benchmarks/instances/bayesian_networks/pcnf/munin/801.cnf compile | tr '\n' ' '",/data/schlandals/pwmc_benchmarks/instances/bayesian_networks/pcnf/munin/801.cnf,"Final circuit size: 6325 Estimated probability 0.00062008 (epsilon 0.00000004480588500221927) found in 24 seconds ",
802,:,1737408417.000,35.000,0,114,0,0,"schlandals --timeout 600 -i /data/schlandals/pwmc_benchmarks/instances/bayesian_networks/pcnf/munin/802.cnf compile | tr '\n' ' '",/data/schlandals/pwmc_benchmarks/instances/bayesian_networks/pcnf/munin/802.cnf,"Final circuit size: 6392 Estimated probability 0.00094900 (epsilon 0.00000002927637976490871) found in 24 seconds ",
803,:,1737408417.000,36.000,0,115,0,0,"schlandals --timeout 600 -i /data/schlandals/pwmc_benchmarks/instances/bayesian_networks/pcnf/munin/803.cnf compile | tr '\n' ' '",/data/schlandals/pwmc_benchmarks/instances/bayesian_networks/pcnf/munin/803.cnf,"Final circuit size: 6422 Estimated probability 0.00124345 (epsilon 0.000000022343552119608034) found in 25 seconds ",
819,:,1737408440.000,13.000,0,116,0,0,"schlandals --timeout 600 -i /data/schlandals/pwmc_benchmarks/instances/bayesian_networks/pcnf/munin/819.cnf compile | tr '\n' ' '",/data/schlandals/pwmc_benchmarks/instances/bayesian_networks/pcnf/munin/819.cnf,"Final circuit size: 62824 Estimated probability 0.02033729 (epsilon 0.000000011053399751048687) found in 12 seconds ",
549,:,1737407822.000,632.000,0,110,0,0,"schlandals --timeout 600 -i /data/schlandals/pwmc_benchmarks/instances/bayesian_networks/pcnf/munin/549.cnf compile | tr '\n' ' '",/data/schlandals/pwmc_benchmarks/instances/bayesian_networks/pcnf/munin/549.cnf,"Final circuit size: 385009 Estimated probability 0.00692224 (epsilon 1.9532029083885876) found in 600 seconds ",
787,:,1737408406.000,50.000,0,90,0,0,"schlandals --timeout 600 -i /data/schlandals/pwmc_benchmarks/instances/bayesian_networks/pcnf/munin/787.cnf compile | tr '\n' ' '",/data/schlandals/pwmc_benchmarks/instances/bayesian_networks/pcnf/munin/787.cnf,"Final circuit size: 1301 Estimated probability 0.00001812 (epsilon 0) found in 34 seconds ",
546,:,1737407813.000,645.000,0,110,0,0,"schlandals --timeout 600 -i /data/schlandals/pwmc_benchmarks/instances/bayesian_networks/pcnf/munin/546.cnf compile | tr '\n' ' '",/data/schlandals/pwmc_benchmarks/instances/bayesian_networks/pcnf/munin/546.cnf,"Final circuit size: 426322 Estimated probability 0.00282713 (epsilon 3.4715572326725495) found in 600 seconds ",
463,:,1737407516.000,943.000,0,108,0,0,"schlandals --timeout 600 -i /data/schlandals/pwmc_benchmarks/instances/bayesian_networks/pcnf/munin/463.cnf compile | tr '\n' ' '",/data/schlandals/pwmc_benchmarks/instances/bayesian_networks/pcnf/munin/463.cnf,"Final circuit size: 8880 Estimated probability 0.00038271 (epsilon 1.4379593471931837) found in 599 seconds ",
820,:,1737408440.000,20.000,0,116,0,0,"schlandals --timeout 600 -i /data/schlandals/pwmc_benchmarks/instances/bayesian_networks/pcnf/munin/820.cnf compile | tr '\n' ' '",/data/schlandals/pwmc_benchmarks/instances/bayesian_networks/pcnf/munin/820.cnf,"Final circuit size: 62543 Estimated probability 0.01354208 (epsilon 0.000000016599819074869515) found in 17 seconds ",
823,:,1737408444.000,17.000,0,114,0,0,"schlandals --timeout 600 -i /data/schlandals/pwmc_benchmarks/instances/bayesian_networks/pcnf/munin/823.cnf compile | tr '\n' ' '",/data/schlandals/pwmc_benchmarks/instances/bayesian_networks/pcnf/munin/823.cnf,"Final circuit size: 63285 Estimated probability 0.01350985 (epsilon 0.0000000386396048490667) found in 14 seconds ",
821,:,1737408442.000,19.000,0,115,0,0,"schlandals --timeout 600 -i /data/schlandals/pwmc_benchmarks/instances/bayesian_networks/pcnf/munin/821.cnf compile | tr '\n' ' '",/data/schlandals/pwmc_benchmarks/instances/bayesian_networks/pcnf/munin/821.cnf,"Final circuit size: 63241 Estimated probability 0.01192781 (epsilon 0.00000004376454110222028) found in 17 seconds ",
548,:,1737407820.000,642.000,0,110,0,0,"schlandals --timeout 600 -i /data/schlandals/pwmc_benchmarks/instances/bayesian_networks/pcnf/munin/548.cnf compile | tr '\n' ' '",/data/schlandals/pwmc_benchmarks/instances/bayesian_networks/pcnf/munin/548.cnf,"Final circuit size: 374325 Estimated probability 0.00534574 (epsilon 2.3306824286528083) found in 600 seconds ",
825,:,1737408445.000,18.000,0,116,0,0,"schlandals --timeout 600 -i /data/schlandals/pwmc_benchmarks/instances/bayesian_networks/pcnf/munin/825.cnf compile | tr '\n' ' '",/data/schlandals/pwmc_benchmarks/instances/bayesian_networks/pcnf/munin/825.cnf,"Final circuit size: 63261 Estimated probability 0.01691157 (epsilon 0.000000047546021786359915) found in 15 seconds ",
822,:,1737408443.000,20.000,0,115,0,0,"schlandals --timeout 600 -i /data/schlandals/pwmc_benchmarks/instances/bayesian_networks/pcnf/munin/822.cnf compile | tr '\n' ' '",/data/schlandals/pwmc_benchmarks/instances/bayesian_networks/pcnf/munin/822.cnf,"Final circuit size: 63165 Estimated probability 0.01255767 (epsilon 0.00000004156944521938044) found in 17 seconds ",
543,:,1737407810.000,653.000,0,109,0,0,"schlandals --timeout 600 -i /data/schlandals/pwmc_benchmarks/instances/bayesian_networks/pcnf/munin/543.cnf compile | tr '\n' ' '",/data/schlandals/pwmc_benchmarks/instances/bayesian_networks/pcnf/munin/543.cnf,"Final circuit size: 454812 Estimated probability 0.00106352 (epsilon 6.175792219430273) found in 600 seconds ",
824,:,1737408445.000,19.000,0,114,0,0,"schlandals --timeout 600 -i /data/schlandals/pwmc_benchmarks/instances/bayesian_networks/pcnf/munin/824.cnf compile | tr '\n' ' '",/data/schlandals/pwmc_benchmarks/instances/bayesian_networks/pcnf/munin/824.cnf,"Final circuit size: 63073 Estimated probability 0.01430648 (epsilon 0.0000000562037578699659) found in 17 seconds ",
552,:,1737407844.000,624.000,0,110,0,0,"schlandals --timeout 600 -i /data/schlandals/pwmc_benchmarks/instances/bayesian_networks/pcnf/munin/552.cnf compile | tr '\n' ' '",/data/schlandals/pwmc_benchmarks/instances/bayesian_networks/pcnf/munin/552.cnf,"Final circuit size: 340264 Estimated probability 0.01479180 (epsilon 1.1602111474691177) found in 600 seconds ",
550,:,1737407827.000,645.000,0,110,0,0,"schlandals --timeout 600 -i /data/schlandals/pwmc_benchmarks/instances/bayesian_networks/pcnf/munin/550.cnf compile | tr '\n' ' '",/data/schlandals/pwmc_benchmarks/instances/bayesian_networks/pcnf/munin/550.cnf,"Final circuit size: 444643 Estimated probability 0.00905933 (epsilon 1.6266598080324193) found in 600 seconds ",
551,:,1737407835.000,639.000,0,110,0,0,"schlandals --timeout 600 -i /data/schlandals/pwmc_benchmarks/instances/bayesian_networks/pcnf/munin/551.cnf compile | tr '\n' ' '",/data/schlandals/pwmc_benchmarks/instances/bayesian_networks/pcnf/munin/551.cnf,"Final circuit size: 355767 Estimated probability 0.01136242 (epsilon 1.4034671118773892) found in 600 seconds ",
596,:,1737407956.000,523.000,0,117,0,0,"schlandals --timeout 600 -i /data/schlandals/pwmc_benchmarks/instances/bayesian_networks/pcnf/munin/596.cnf compile | tr '\n' ' '",/data/schlandals/pwmc_benchmarks/instances/bayesian_networks/pcnf/munin/596.cnf,"Final circuit size: 344700 Estimated probability 0.00226804 (epsilon 0.00000015092489791257435) found in 486 seconds ",
800,:,1737408416.000,65.000,0,113,0,0,"schlandals --timeout 600 -i /data/schlandals/pwmc_benchmarks/instances/bayesian_networks/pcnf/munin/800.cnf compile | tr '\n' ' '",/data/schlandals/pwmc_benchmarks/instances/bayesian_networks/pcnf/munin/800.cnf,"Final circuit size: 5809 Estimated probability 0.00001482 (epsilon 0.0000012220212495250848) found in 46 seconds ",
847,:,1737408468.000,17.000,0,115,0,0,"schlandals --timeout 600 -i /data/schlandals/pwmc_benchmarks/instances/bayesian_networks/pcnf/munin/847.cnf compile | tr '\n' ' '",/data/schlandals/pwmc_benchmarks/instances/bayesian_networks/pcnf/munin/847.cnf,"Final circuit size: 32154 Estimated probability 0.10531908 (epsilon 0.00000004551136689734392) found in 13 seconds ",
557,:,1737407858.000,627.000,0,110,0,0,"schlandals --timeout 600 -i /data/schlandals/pwmc_benchmarks/instances/bayesian_networks/pcnf/munin/557.cnf compile | tr '\n' ' '",/data/schlandals/pwmc_benchmarks/instances/bayesian_networks/pcnf/munin/557.cnf,"Final circuit size: 345815 Estimated probability 0.02240964 (epsilon 0.8460207263943291) found in 600 seconds ",
853,:,1737408485.000,1.000,0,88,0,0,"schlandals --timeout 600 -i /data/schlandals/pwmc_benchmarks/instances/bayesian_networks/pcnf/munin/853.cnf compile | tr '\n' ' '",/data/schlandals/pwmc_benchmarks/instances/bayesian_networks/pcnf/munin/853.cnf,"Final circuit size: 449 Estimated probability 0.08762223 (epsilon 0) found in 0 seconds ",
854,:,1737408486.000,0.000,0,88,0,0,"schlandals --timeout 600 -i /data/schlandals/pwmc_benchmarks/instances/bayesian_networks/pcnf/munin/854.cnf compile | tr '\n' ' '",/data/schlandals/pwmc_benchmarks/instances/bayesian_networks/pcnf/munin/854.cnf,"Final circuit size: 449 Estimated probability 0.41793219 (epsilon 0) found in 0 seconds ",
855,:,1737408486.000,1.000,0,88,0,0,"schlandals --timeout 600 -i /data/schlandals/pwmc_benchmarks/instances/bayesian_networks/pcnf/munin/855.cnf compile | tr '\n' ' '",/data/schlandals/pwmc_benchmarks/instances/bayesian_networks/pcnf/munin/855.cnf,"Final circuit size: 449 Estimated probability 0.42242241 (epsilon 0) found in 0 seconds ",
856,:,1737408487.000,1.000,0,88,0,0,"schlandals --timeout 600 -i /data/schlandals/pwmc_benchmarks/instances/bayesian_networks/pcnf/munin/856.cnf compile | tr '\n' ' '",/data/schlandals/pwmc_benchmarks/instances/bayesian_networks/pcnf/munin/856.cnf,"Final circuit size: 449 Estimated probability 0.07029657 (epsilon 0) found in 0 seconds ",
839,:,1737408460.000,28.000,0,115,0,0,"schlandals --timeout 600 -i /data/schlandals/pwmc_benchmarks/instances/bayesian_networks/pcnf/munin/839.cnf compile | tr '\n' ' '",/data/schlandals/pwmc_benchmarks/instances/bayesian_networks/pcnf/munin/839.cnf,"Final circuit size: 32273 Estimated probability 0.00362507 (epsilon 0.00000005064432473389502) found in 24 seconds ",
555,:,1737407851.000,637.000,0,111,0,0,"schlandals --timeout 600 -i /data/schlandals/pwmc_benchmarks/instances/bayesian_networks/pcnf/munin/555.cnf compile | tr '\n' ' '",/data/schlandals/pwmc_benchmarks/instances/bayesian_networks/pcnf/munin/555.cnf,"Final circuit size: 335350 Estimated probability 0.45386764 (epsilon 0.05725481751969386) found in 600 seconds ",
857,:,1737408488.000,0.000,0,88,0,0,"schlandals --timeout 600 -i /data/schlandals/pwmc_benchmarks/instances/bayesian_networks/pcnf/munin/857.cnf compile | tr '\n' ' '",/data/schlandals/pwmc_benchmarks/instances/bayesian_networks/pcnf/munin/857.cnf,"Final circuit size: 449 Estimated probability 0.00093636 (epsilon 0) found in 0 seconds ",
554,:,1737407849.000,640.000,0,111,0,0,"schlandals --timeout 600 -i /data/schlandals/pwmc_benchmarks/instances/bayesian_networks/pcnf/munin/554.cnf compile | tr '\n' ' '",/data/schlandals/pwmc_benchmarks/instances/bayesian_networks/pcnf/munin/554.cnf,"Final circuit size: 365180 Estimated probability 0.13382249 (epsilon 0.18298911235107873) found in 600 seconds ",
838,:,1737408459.000,30.000,0,115,0,0,"schlandals --timeout 600 -i /data/schlandals/pwmc_benchmarks/instances/bayesian_networks/pcnf/munin/838.cnf compile | tr '\n' ' '",/data/schlandals/pwmc_benchmarks/instances/bayesian_networks/pcnf/munin/838.cnf,"Final circuit size: 32307 Estimated probability 0.00464272 (epsilon 0.00000003954341498690894) found in 26 seconds ",
840,:,1737408461.000,28.000,0,116,0,0,"schlandals --timeout 600 -i /data/schlandals/pwmc_benchmarks/instances/bayesian_networks/pcnf/munin/840.cnf compile | tr '\n' ' '",/data/schlandals/pwmc_benchmarks/instances/bayesian_networks/pcnf/munin/840.cnf,"Final circuit size: 32340 Estimated probability 0.00748879 (epsilon 0.000000042849437109637734) found in 24 seconds ",
858,:,1737408488.000,1.000,0,88,0,0,"schlandals --timeout 600 -i /data/schlandals/pwmc_benchmarks/instances/bayesian_networks/pcnf/munin/858.cnf compile | tr '\n' ' '",/data/schlandals/pwmc_benchmarks/instances/bayesian_networks/pcnf/munin/858.cnf,"Final circuit size: 200 Estimated probability 0.00033388 (epsilon 0) found in 0 seconds ",
841,:,1737408461.000,28.000,0,115,0,0,"schlandals --timeout 600 -i /data/schlandals/pwmc_benchmarks/instances/bayesian_networks/pcnf/munin/841.cnf compile | tr '\n' ' '",/data/schlandals/pwmc_benchmarks/instances/bayesian_networks/pcnf/munin/841.cnf,"Final circuit size: 32512 Estimated probability 0.01064748 (epsilon 0.00000004828812727453169) found in 24 seconds ",
859,:,1737408488.000,1.000,0,88,0,0,"schlandals --timeout 600 -i /data/schlandals/pwmc_benchmarks/instances/bayesian_networks/pcnf/munin/859.cnf compile | tr '\n' ' '",/data/schlandals/pwmc_benchmarks/instances/bayesian_networks/pcnf/munin/859.cnf,"Final circuit size: 158 Estimated probability 0.00029877 (epsilon 0) found in 0 seconds ",
860,:,1737408488.000,1.000,0,88,0,0,"schlandals --timeout 600 -i /data/schlandals/pwmc_benchmarks/instances/bayesian_networks/pcnf/munin/860.cnf compile | tr '\n' ' '",/data/schlandals/pwmc_benchmarks/instances/bayesian_networks/pcnf/munin/860.cnf,"Final circuit size: 158 Estimated probability 0.00006160 (epsilon 0) found in 0 seconds ",
861,:,1737408489.000,1.000,0,88,0,0,"schlandals --timeout 600 -i /data/schlandals/pwmc_benchmarks/instances/bayesian_networks/pcnf/munin/861.cnf compile | tr '\n' ' '",/data/schlandals/pwmc_benchmarks/instances/bayesian_networks/pcnf/munin/861.cnf,"Final circuit size: 158 Estimated probability 0.00001553 (epsilon 0) found in 0 seconds ",
844,:,1737408463.000,27.000,0,116,0,0,"schlandals --timeout 600 -i /data/schlandals/pwmc_benchmarks/instances/bayesian_networks/pcnf/munin/844.cnf compile | tr '\n' ' '",/data/schlandals/pwmc_benchmarks/instances/bayesian_networks/pcnf/munin/844.cnf,"Final circuit size: 32211 Estimated probability 0.01665419 (epsilon 0.000000050149105534913474) found in 24 seconds ",
862,:,1737408489.000,1.000,0,87,0,0,"schlandals --timeout 600 -i /data/schlandals/pwmc_benchmarks/instances/bayesian_networks/pcnf/munin/862.cnf compile | tr '\n' ' '",/data/schlandals/pwmc_benchmarks/instances/bayesian_networks/pcnf/munin/862.cnf,"Final circuit size: 72 Estimated probability 0.00003056 (epsilon 0) found in 0 seconds ",
863,:,1737408489.000,1.000,0,87,0,0,"schlandals --timeout 600 -i /data/schlandals/pwmc_benchmarks/instances/bayesian_networks/pcnf/munin/863.cnf compile | tr '\n' ' '",/data/schlandals/pwmc_benchmarks/instances/bayesian_networks/pcnf/munin/863.cnf,"Final circuit size: 72 Estimated probability 0.00003072 (epsilon 0) found in 0 seconds ",
864,:,1737408489.000,1.000,0,87,0,0,"schlandals --timeout 600 -i /data/schlandals/pwmc_benchmarks/instances/bayesian_networks/pcnf/munin/864.cnf compile | tr '\n' ' '",/data/schlandals/pwmc_benchmarks/instances/bayesian_networks/pcnf/munin/864.cnf,"Final circuit size: 70 Estimated probability 0.00001918 (epsilon 0) found in 0 seconds ",
556,:,1737407854.000,636.000,0,110,0,0,"schlandals --timeout 600 -i /data/schlandals/pwmc_benchmarks/instances/bayesian_networks/pcnf/munin/556.cnf compile | tr '\n' ' '",/data/schlandals/pwmc_benchmarks/instances/bayesian_networks/pcnf/munin/556.cnf,"Final circuit size: 360988 Estimated probability 0.22912803 (epsilon 0.1105436137428597) found in 600 seconds ",
843,:,1737408463.000,27.000,0,115,0,0,"schlandals --timeout 600 -i /data/schlandals/pwmc_benchmarks/instances/bayesian_networks/pcnf/munin/843.cnf compile | tr '\n' ' '",/data/schlandals/pwmc_benchmarks/instances/bayesian_networks/pcnf/munin/843.cnf,"Final circuit size: 32323 Estimated probability 0.01573352 (epsilon 0.00000005471951136648556) found in 23 seconds ",
845,:,1737408463.000,29.000,0,114,0,0,"schlandals --timeout 600 -i /data/schlandals/pwmc_benchmarks/instances/bayesian_networks/pcnf/munin/845.cnf compile | tr '\n' ' '",/data/schlandals/pwmc_benchmarks/instances/bayesian_networks/pcnf/munin/845.cnf,"Final circuit size: 32385 Estimated probability 0.01892040 (epsilon 0.0000002587220158112302) found in 25 seconds ",
842,:,1737408463.000,29.000,0,115,0,0,"schlandals --timeout 600 -i /data/schlandals/pwmc_benchmarks/instances/bayesian_networks/pcnf/munin/842.cnf compile | tr '\n' ' '",/data/schlandals/pwmc_benchmarks/instances/bayesian_networks/pcnf/munin/842.cnf,"Final circuit size: 32372 Estimated probability 0.01278401 (epsilon 0.00000004021797050945963) found in 25 seconds ",
846,:,1737408464.000,29.000,0,114,0,0,"schlandals --timeout 600 -i /data/schlandals/pwmc_benchmarks/instances/bayesian_networks/pcnf/munin/846.cnf compile | tr '\n' ' '",/data/schlandals/pwmc_benchmarks/instances/bayesian_networks/pcnf/munin/846.cnf,"Final circuit size: 32091 Estimated probability 0.03597165 (epsilon 0.0000001332498160699913) found in 25 seconds ",
553,:,1737407845.000,648.000,0,110,0,0,"schlandals --timeout 600 -i /data/schlandals/pwmc_benchmarks/instances/bayesian_networks/pcnf/munin/553.cnf compile | tr '\n' ' '",/data/schlandals/pwmc_benchmarks/instances/bayesian_networks/pcnf/munin/553.cnf,"Final circuit size: 439360 Estimated probability 0.02584703 (epsilon 0.7540108468691857) found in 600 seconds ",
610,:,1737407980.000,516.000,0,119,0,0,"schlandals --timeout 600 -i /data/schlandals/pwmc_benchmarks/instances/bayesian_networks/pcnf/munin/610.cnf compile | tr '\n' ' '",/data/schlandals/pwmc_benchmarks/instances/bayesian_networks/pcnf/munin/610.cnf,"Final circuit size: 343818 Estimated probability 0.09983787 (epsilon 0.0000000029860569572548457) found in 488 seconds ",
848,:,1737408472.000,25.000,0,115,0,0,"schlandals --timeout 600 -i /data/schlandals/pwmc_benchmarks/instances/bayesian_networks/pcnf/munin/848.cnf compile | tr '\n' ' '",/data/schlandals/pwmc_benchmarks/instances/bayesian_networks/pcnf/munin/848.cnf,"Final circuit size: 32071 Estimated probability 0.27150763 (epsilon 0.00000001765407264819885) found in 21 seconds ",
850,:,1737408479.000,19.000,0,116,0,0,"schlandals --timeout 600 -i /data/schlandals/pwmc_benchmarks/instances/bayesian_networks/pcnf/munin/850.cnf compile | tr '\n' ' '",/data/schlandals/pwmc_benchmarks/instances/bayesian_networks/pcnf/munin/850.cnf,"Final circuit size: 31657 Estimated probability 0.14313035 (epsilon 0.000000032529187343754984) found in 16 seconds ",
870,:,1737408490.000,11.000,0,113,0,0,"schlandals --timeout 600 -i /data/schlandals/pwmc_benchmarks/instances/bayesian_networks/pcnf/munin/870.cnf compile | tr '\n' ' '",/data/schlandals/pwmc_benchmarks/instances/bayesian_networks/pcnf/munin/870.cnf,"Final circuit size: 26362 Estimated probability 0.00132029 (epsilon 0.0000000140464839759602) found in 9 seconds ",
872,:,1737408490.000,12.000,0,116,0,0,"schlandals --timeout 600 -i /data/schlandals/pwmc_benchmarks/instances/bayesian_networks/pcnf/munin/872.cnf compile | tr '\n' ' '",/data/schlandals/pwmc_benchmarks/instances/bayesian_networks/pcnf/munin/872.cnf,"Final circuit size: 26537 Estimated probability 0.00259630 (epsilon 0.000000025874175024753754) found in 10 seconds ",
849,:,1737408474.000,28.000,0,116,0,0,"schlandals --timeout 600 -i /data/schlandals/pwmc_benchmarks/instances/bayesian_networks/pcnf/munin/849.cnf compile | tr '\n' ' '",/data/schlandals/pwmc_benchmarks/instances/bayesian_networks/pcnf/munin/849.cnf,"Final circuit size: 31762 Estimated probability 0.29253210 (epsilon 0.000000015915908369024123) found in 24 seconds ",
878,:,1737408493.000,9.000,0,117,0,0,"schlandals --timeout 600 -i /data/schlandals/pwmc_benchmarks/instances/bayesian_networks/pcnf/munin/878.cnf compile | tr '\n' ' '",/data/schlandals/pwmc_benchmarks/instances/bayesian_networks/pcnf/munin/878.cnf,"Final circuit size: 26447 Estimated probability 0.15515058 (epsilon 0.00000000036047098639357955) found in 8 seconds ",
868,:,1737408490.000,14.000,0,115,0,0,"schlandals --timeout 600 -i /data/schlandals/pwmc_benchmarks/instances/bayesian_networks/pcnf/munin/868.cnf compile | tr '\n' ' '",/data/schlandals/pwmc_benchmarks/instances/bayesian_networks/pcnf/munin/868.cnf,"Final circuit size: 26203 Estimated probability 0.00119915 (epsilon 0.00000001546551664510787) found in 13 seconds ",
876,:,1737408492.000,12.000,0,117,0,0,"schlandals --timeout 600 -i /data/schlandals/pwmc_benchmarks/instances/bayesian_networks/pcnf/munin/876.cnf compile | tr '\n' ' '",/data/schlandals/pwmc_benchmarks/instances/bayesian_networks/pcnf/munin/876.cnf,"Final circuit size: 26706 Estimated probability 0.01907896 (epsilon 0.0000000029313635963035267) found in 11 seconds ",
871,:,1737408490.000,15.000,0,115,0,0,"schlandals --timeout 600 -i /data/schlandals/pwmc_benchmarks/instances/bayesian_networks/pcnf/munin/871.cnf compile | tr '\n' ' '",/data/schlandals/pwmc_benchmarks/instances/bayesian_networks/pcnf/munin/871.cnf,"Final circuit size: 26538 Estimated probability 0.00166199 (epsilon 0.00000004041965850909435) found in 13 seconds ",
875,:,1737408492.000,13.000,0,116,0,0,"schlandals --timeout 600 -i /data/schlandals/pwmc_benchmarks/instances/bayesian_networks/pcnf/munin/875.cnf compile | tr '\n' ' '",/data/schlandals/pwmc_benchmarks/instances/bayesian_networks/pcnf/munin/875.cnf,"Final circuit size: 26732 Estimated probability 0.01168167 (epsilon 0.000000005750637965817873) found in 11 seconds ",
869,:,1737408490.000,16.000,0,116,0,0,"schlandals --timeout 600 -i /data/schlandals/pwmc_benchmarks/instances/bayesian_networks/pcnf/munin/869.cnf compile | tr '\n' ' '",/data/schlandals/pwmc_benchmarks/instances/bayesian_networks/pcnf/munin/869.cnf,"Final circuit size: 26288 Estimated probability 0.00136708 (epsilon 0.000000013565772283286037) found in 14 seconds ",
880,:,1737408497.000,9.000,0,118,0,0,"schlandals --timeout 600 -i /data/schlandals/pwmc_benchmarks/instances/bayesian_networks/pcnf/munin/880.cnf compile | tr '\n' ' '",/data/schlandals/pwmc_benchmarks/instances/bayesian_networks/pcnf/munin/880.cnf,"Final circuit size: 26260 Estimated probability 0.26329411 (epsilon 0.000000000027709390337804507) found in 7 seconds ",
873,:,1737408490.000,16.000,0,116,0,0,"schlandals --timeout 600 -i /data/schlandals/pwmc_benchmarks/instances/bayesian_networks/pcnf/munin/873.cnf compile | tr '\n' ' '",/data/schlandals/pwmc_benchmarks/instances/bayesian_networks/pcnf/munin/873.cnf,"Final circuit size: 26671 Estimated probability 0.00445347 (epsilon 0.000000015084214544103247) found in 14 seconds ",
874,:,1737408490.000,18.000,0,116,0,0,"schlandals --timeout 600 -i /data/schlandals/pwmc_benchmarks/instances/bayesian_networks/pcnf/munin/874.cnf compile | tr '\n' ' '",/data/schlandals/pwmc_benchmarks/instances/bayesian_networks/pcnf/munin/874.cnf,"Final circuit size: 26733 Estimated probability 0.01034904 (epsilon 0.000000006491137849451434) found in 15 seconds ",
558,:,1737407861.000,647.000,0,110,0,0,"schlandals --timeout 600 -i /data/schlandals/pwmc_benchmarks/instances/bayesian_networks/pcnf/munin/558.cnf compile | tr '\n' ' '",/data/schlandals/pwmc_benchmarks/instances/bayesian_networks/pcnf/munin/558.cnf,"Final circuit size: 365375 Estimated probability 0.01193501 (epsilon 1.3521365980876405) found in 600 seconds ",
877,:,1737408493.000,16.000,0,116,0,0,"schlandals --timeout 600 -i /data/schlandals/pwmc_benchmarks/instances/bayesian_networks/pcnf/munin/877.cnf compile | tr '\n' ' '",/data/schlandals/pwmc_benchmarks/instances/bayesian_networks/pcnf/munin/877.cnf,"Final circuit size: 26729 Estimated probability 0.05629872 (epsilon 0.000000000993403803661863) found in 14 seconds ",
879,:,1737408496.000,14.000,0,118,0,0,"schlandals --timeout 600 -i /data/schlandals/pwmc_benchmarks/instances/bayesian_networks/pcnf/munin/879.cnf compile | tr '\n' ' '",/data/schlandals/pwmc_benchmarks/instances/bayesian_networks/pcnf/munin/879.cnf,"Final circuit size: 26365 Estimated probability 0.27289825 (epsilon 0.00000000020493806651700197) found in 12 seconds ",
883,:,1737408502.000,10.000,0,116,0,0,"schlandals --timeout 600 -i /data/schlandals/pwmc_benchmarks/instances/bayesian_networks/pcnf/munin/883.cnf compile | tr '\n' ' '",/data/schlandals/pwmc_benchmarks/instances/bayesian_networks/pcnf/munin/883.cnf,"Final circuit size: 25972 Estimated probability 0.00848740 (epsilon 0.0000000008595963940649654) found in 8 seconds ",
881,:,1737408498.000,16.000,0,119,0,0,"schlandals --timeout 600 -i /data/schlandals/pwmc_benchmarks/instances/bayesian_networks/pcnf/munin/881.cnf compile | tr '\n' ' '",/data/schlandals/pwmc_benchmarks/instances/bayesian_networks/pcnf/munin/881.cnf,"Final circuit size: 26309 Estimated probability 0.13898204 (epsilon 0.000000000052494231184141427) found in 14 seconds ",
837,:,1737408458.000,58.000,0,116,0,0,"schlandals --timeout 600 -i /data/schlandals/pwmc_benchmarks/instances/bayesian_networks/pcnf/munin/837.cnf compile | tr '\n' ' '",/data/schlandals/pwmc_benchmarks/instances/bayesian_networks/pcnf/munin/837.cnf,"Final circuit size: 30578 Estimated probability 0.00613199 (epsilon 0.000000013320279768080923) found in 45 seconds ",
882,:,1737408501.000,16.000,0,117,0,0,"schlandals --timeout 600 -i /data/schlandals/pwmc_benchmarks/instances/bayesian_networks/pcnf/munin/882.cnf compile | tr '\n' ' '",/data/schlandals/pwmc_benchmarks/instances/bayesian_networks/pcnf/munin/882.cnf,"Final circuit size: 26337 Estimated probability 0.04283191 (epsilon 0.0000000001703337471070654) found in 13 seconds ",
867,:,1737408489.000,30.000,0,116,0,0,"schlandals --timeout 600 -i /data/schlandals/pwmc_benchmarks/instances/bayesian_networks/pcnf/munin/867.cnf compile | tr '\n' ' '",/data/schlandals/pwmc_benchmarks/instances/bayesian_networks/pcnf/munin/867.cnf,"Final circuit size: 25064 Estimated probability 0.00095892 (epsilon 0.000000007608333740805051) found in 24 seconds ",
629,:,1737407996.000,530.000,0,119,0,0,"schlandals --timeout 600 -i /data/schlandals/pwmc_benchmarks/instances/bayesian_networks/pcnf/munin/629.cnf compile | tr '\n' ' '",/data/schlandals/pwmc_benchmarks/instances/bayesian_networks/pcnf/munin/629.cnf,"Final circuit size: 353294 Estimated probability 0.10695331 (epsilon 0.0000000008188665301389619) found in 489 seconds ",
464,:,1737407521.000,1009.000,0,105,0,0,"schlandals --timeout 600 -i /data/schlandals/pwmc_benchmarks/instances/bayesian_networks/pcnf/munin/464.cnf compile | tr '\n' ' '",/data/schlandals/pwmc_benchmarks/instances/bayesian_networks/pcnf/munin/464.cnf,"Final circuit size: 2 Estimated probability 0.00000000 (epsilon 135554.67675352085) found in 599 seconds ",
828,:,1737408446.000,86.000,0,116,0,0,"schlandals --timeout 600 -i /data/schlandals/pwmc_benchmarks/instances/bayesian_networks/pcnf/munin/828.cnf compile | tr '\n' ' '",/data/schlandals/pwmc_benchmarks/instances/bayesian_networks/pcnf/munin/828.cnf,"Final circuit size: 52085 Estimated probability 0.07648946 (epsilon 0.000000010512270609552843) found in 60 seconds ",
831,:,1737408451.000,83.000,0,116,0,0,"schlandals --timeout 600 -i /data/schlandals/pwmc_benchmarks/instances/bayesian_networks/pcnf/munin/831.cnf compile | tr '\n' ' '",/data/schlandals/pwmc_benchmarks/instances/bayesian_networks/pcnf/munin/831.cnf,"Final circuit size: 52442 Estimated probability 0.19218296 (epsilon 0.000000002988202796316841) found in 55 seconds ",
836,:,1737408456.000,78.000,0,116,0,0,"schlandals --timeout 600 -i /data/schlandals/pwmc_benchmarks/instances/bayesian_networks/pcnf/munin/836.cnf compile | tr '\n' ' '",/data/schlandals/pwmc_benchmarks/instances/bayesian_networks/pcnf/munin/836.cnf,"Final circuit size: 29180 Estimated probability 0.00885970 (epsilon 0.000000006314211598024144) found in 51 seconds ",
852,:,1737408485.000,50.000,0,113,0,0,"schlandals --timeout 600 -i /data/schlandals/pwmc_benchmarks/instances/bayesian_networks/pcnf/munin/852.cnf compile | tr '\n' ' '",/data/schlandals/pwmc_benchmarks/instances/bayesian_networks/pcnf/munin/852.cnf,"Final circuit size: 30882 Estimated probability 0.00456054 (epsilon 0.000000978536803586394) found in 33 seconds ",
832,:,1737408452.000,88.000,0,116,0,0,"schlandals --timeout 600 -i /data/schlandals/pwmc_benchmarks/instances/bayesian_networks/pcnf/munin/832.cnf compile | tr '\n' ' '",/data/schlandals/pwmc_benchmarks/instances/bayesian_networks/pcnf/munin/832.cnf,"Final circuit size: 51810 Estimated probability 0.04982148 (epsilon 0.000000011526787968563212) found in 57 seconds ",
901,:,1737408519.000,21.000,0,115,0,0,"schlandals --timeout 600 -i /data/schlandals/pwmc_benchmarks/instances/bayesian_networks/pcnf/munin/901.cnf compile | tr '\n' ' '",/data/schlandals/pwmc_benchmarks/instances/bayesian_networks/pcnf/munin/901.cnf,"Final circuit size: 36609 Estimated probability 0.00489448 (epsilon 0.00000008179797239549202) found in 19 seconds ",
827,:,1737408446.000,94.000,0,116,0,0,"schlandals --timeout 600 -i /data/schlandals/pwmc_benchmarks/instances/bayesian_networks/pcnf/munin/827.cnf compile | tr '\n' ' '",/data/schlandals/pwmc_benchmarks/instances/bayesian_networks/pcnf/munin/827.cnf,"Final circuit size: 52014 Estimated probability 0.02927274 (epsilon 0.000000027468488594806217) found in 67 seconds ",
829,:,1737408448.000,94.000,0,116,0,0,"schlandals --timeout 600 -i /data/schlandals/pwmc_benchmarks/instances/bayesian_networks/pcnf/munin/829.cnf compile | tr '\n' ' '",/data/schlandals/pwmc_benchmarks/instances/bayesian_networks/pcnf/munin/829.cnf,"Final circuit size: 52077 Estimated probability 0.21495531 (epsilon 0.000000003740675103003355) found in 62 seconds ",
826,:,1737408445.000,100.000,0,116,0,0,"schlandals --timeout 600 -i /data/schlandals/pwmc_benchmarks/instances/bayesian_networks/pcnf/munin/826.cnf compile | tr '\n' ' '",/data/schlandals/pwmc_benchmarks/instances/bayesian_networks/pcnf/munin/826.cnf,"Final circuit size: 52559 Estimated probability 0.02138576 (epsilon 0.000000037598745894484864) found in 67 seconds ",
605,:,1737407975.000,571.000,0,118,0,0,"schlandals --timeout 600 -i /data/schlandals/pwmc_benchmarks/instances/bayesian_networks/pcnf/munin/605.cnf compile | tr '\n' ' '",/data/schlandals/pwmc_benchmarks/instances/bayesian_networks/pcnf/munin/605.cnf,"Final circuit size: 343132 Estimated probability 0.09563385 (epsilon 0.000000003579319951541038) found in 540 seconds ",
830,:,1737408450.000,99.000,0,115,0,0,"schlandals --timeout 600 -i /data/schlandals/pwmc_benchmarks/instances/bayesian_networks/pcnf/munin/830.cnf compile | tr '\n' ' '",/data/schlandals/pwmc_benchmarks/instances/bayesian_networks/pcnf/munin/830.cnf,"Final circuit size: 52218 Estimated probability 0.30707110 (epsilon 0.00000000261853982941318) found in 67 seconds ",
902,:,1737408526.000,24.000,0,116,0,0,"schlandals --timeout 600 -i /data/schlandals/pwmc_benchmarks/instances/bayesian_networks/pcnf/munin/902.cnf compile | tr '\n' ' '",/data/schlandals/pwmc_benchmarks/instances/bayesian_networks/pcnf/munin/902.cnf,"Final circuit size: 36734 Estimated probability 0.11019442 (epsilon 0.000000003633198852881492) found in 20 seconds ",
476,:,1737407543.000,1010.000,0,106,0,0,"schlandals --timeout 600 -i /data/schlandals/pwmc_benchmarks/instances/bayesian_networks/pcnf/munin/476.cnf compile | tr '\n' ' '",/data/schlandals/pwmc_benchmarks/instances/bayesian_networks/pcnf/munin/476.cnf,"Final circuit size: 965 Estimated probability 0.00338217 (epsilon 3.099665597558139) found in 599 seconds ",
851,:,1737408481.000,73.000,0,114,0,0,"schlandals --timeout 600 -i /data/schlandals/pwmc_benchmarks/instances/bayesian_networks/pcnf/munin/851.cnf compile | tr '\n' ' '",/data/schlandals/pwmc_benchmarks/instances/bayesian_networks/pcnf/munin/851.cnf,"Final circuit size: 30829 Estimated probability 0.03286542 (epsilon 0.0000001357858194772632) found in 52 seconds ",
903,:,1737408530.000,29.000,0,117,0,0,"schlandals --timeout 600 -i /data/schlandals/pwmc_benchmarks/instances/bayesian_networks/pcnf/munin/903.cnf compile | tr '\n' ' '",/data/schlandals/pwmc_benchmarks/instances/bayesian_networks/pcnf/munin/903.cnf,"Final circuit size: 36913 Estimated probability 0.42411168 (epsilon 0.0000000015120213969765928) found in 25 seconds ",
594,:,1737407953.000,607.000,0,118,0,0,"schlandals --timeout 600 -i /data/schlandals/pwmc_benchmarks/instances/bayesian_networks/pcnf/munin/594.cnf compile | tr '\n' ' '",/data/schlandals/pwmc_benchmarks/instances/bayesian_networks/pcnf/munin/594.cnf,"Final circuit size: 346341 Estimated probability 0.00678214 (epsilon 0.000000012913396352232098) found in 573 seconds ",
904,:,1737408532.000,29.000,0,117,0,0,"schlandals --timeout 600 -i /data/schlandals/pwmc_benchmarks/instances/bayesian_networks/pcnf/munin/904.cnf compile | tr '\n' ' '",/data/schlandals/pwmc_benchmarks/instances/bayesian_networks/pcnf/munin/904.cnf,"Final circuit size: 36875 Estimated probability 0.29673558 (epsilon 0.0000000021610686573581006) found in 26 seconds ",
906,:,1737408534.000,28.000,0,113,0,0,"schlandals --timeout 600 -i /data/schlandals/pwmc_benchmarks/instances/bayesian_networks/pcnf/munin/906.cnf compile | tr '\n' ' '",/data/schlandals/pwmc_benchmarks/instances/bayesian_networks/pcnf/munin/906.cnf,"Final circuit size: 36669 Estimated probability 0.02807668 (epsilon 0.000000022839809155073) found in 25 seconds ",
905,:,1737408534.000,29.000,0,116,0,0,"schlandals --timeout 600 -i /data/schlandals/pwmc_benchmarks/instances/bayesian_networks/pcnf/munin/905.cnf compile | tr '\n' ' '",/data/schlandals/pwmc_benchmarks/instances/bayesian_networks/pcnf/munin/905.cnf,"Final circuit size: 36826 Estimated probability 0.06834768 (epsilon 0.000000009382410182112721) found in 25 seconds ",
907,:,1737408535.000,30.000,0,115,0,0,"schlandals --timeout 600 -i /data/schlandals/pwmc_benchmarks/instances/bayesian_networks/pcnf/munin/907.cnf compile | tr '\n' ' '",/data/schlandals/pwmc_benchmarks/instances/bayesian_networks/pcnf/munin/907.cnf,"Final circuit size: 36759 Estimated probability 0.02373820 (epsilon 0.00000002701409362870777) found in 27 seconds ",
602,:,1737407969.000,597.000,0,118,0,0,"schlandals --timeout 600 -i /data/schlandals/pwmc_benchmarks/instances/bayesian_networks/pcnf/munin/602.cnf compile | tr '\n' ' '",/data/schlandals/pwmc_benchmarks/instances/bayesian_networks/pcnf/munin/602.cnf,"Final circuit size: 341654 Estimated probability 0.01452743 (epsilon 0.000000023562603868043652) found in 558 seconds ",
910,:,1737408540.000,27.000,0,114,0,0,"schlandals --timeout 600 -i /data/schlandals/pwmc_benchmarks/instances/bayesian_networks/pcnf/munin/910.cnf compile | tr '\n' ' '",/data/schlandals/pwmc_benchmarks/instances/bayesian_networks/pcnf/munin/910.cnf,"Final circuit size: 36448 Estimated probability 0.00311793 (epsilon 0.0000001189066278772799) found in 23 seconds ",
606,:,1737407975.000,592.000,0,118,0,0,"schlandals --timeout 600 -i /data/schlandals/pwmc_benchmarks/instances/bayesian_networks/pcnf/munin/606.cnf compile | tr '\n' ' '",/data/schlandals/pwmc_benchmarks/instances/bayesian_networks/pcnf/munin/606.cnf,"Final circuit size: 339648 Estimated probability 0.14731396 (epsilon 0.000000002323636616452518) found in 554 seconds ",
908,:,1737408540.000,28.000,0,116,0,0,"schlandals --timeout 600 -i /data/schlandals/pwmc_benchmarks/instances/bayesian_networks/pcnf/munin/908.cnf compile | tr '\n' ' '",/data/schlandals/pwmc_benchmarks/instances/bayesian_networks/pcnf/munin/908.cnf,"Final circuit size: 36765 Estimated probability 0.01581535 (epsilon 0.000000023441974805749055) found in 25 seconds ",
909,:,1737408540.000,28.000,0,115,0,0,"schlandals --timeout 600 -i /data/schlandals/pwmc_benchmarks/instances/bayesian_networks/pcnf/munin/909.cnf compile | tr '\n' ' '",/data/schlandals/pwmc_benchmarks/instances/bayesian_networks/pcnf/munin/909.cnf,"Final circuit size: 36366 Estimated probability 0.00471379 (epsilon 0.00000007865070239532201) found in 25 seconds ",
603,:,1737407972.000,597.000,0,118,0,0,"schlandals --timeout 600 -i /data/schlandals/pwmc_benchmarks/instances/bayesian_networks/pcnf/munin/603.cnf compile | tr '\n' ' '",/data/schlandals/pwmc_benchmarks/instances/bayesian_networks/pcnf/munin/603.cnf,"Final circuit size: 343796 Estimated probability 0.02717133 (epsilon 0.000000012597993537255547) found in 558 seconds ",
607,:,1737407978.000,592.000,0,119,0,0,"schlandals --timeout 600 -i /data/schlandals/pwmc_benchmarks/instances/bayesian_networks/pcnf/munin/607.cnf compile | tr '\n' ' '",/data/schlandals/pwmc_benchmarks/instances/bayesian_networks/pcnf/munin/607.cnf,"Final circuit size: 343323 Estimated probability 0.18582683 (epsilon 0.0000000018420600600421722) found in 556 seconds ",
928,:,1737408568.000,8.000,0,90,0,0,"schlandals --timeout 600 -i /data/schlandals/pwmc_benchmarks/instances/bayesian_networks/pcnf/munin/928.cnf compile | tr '\n' ' '",/data/schlandals/pwmc_benchmarks/instances/bayesian_networks/pcnf/munin/928.cnf,"Final circuit size: 20363 Estimated probability 0.79116996 (epsilon 0) found in 6 seconds ",
929,:,1737408569.000,8.000,0,90,0,0,"schlandals --timeout 600 -i /data/schlandals/pwmc_benchmarks/instances/bayesian_networks/pcnf/munin/929.cnf compile | tr '\n' ' '",/data/schlandals/pwmc_benchmarks/instances/bayesian_networks/pcnf/munin/929.cnf,"Final circuit size: 20377 Estimated probability 0.16012185 (epsilon 0) found in 6 seconds ",
930,:,1737408570.000,7.000,0,90,0,0,"schlandals --timeout 600 -i /data/schlandals/pwmc_benchmarks/instances/bayesian_networks/pcnf/munin/930.cnf compile | tr '\n' ' '",/data/schlandals/pwmc_benchmarks/instances/bayesian_networks/pcnf/munin/930.cnf,"Final circuit size: 20460 Estimated probability 0.04079672 (epsilon 0) found in 6 seconds ",
913,:,1737408546.000,39.000,0,114,0,0,"schlandals --timeout 600 -i /data/schlandals/pwmc_benchmarks/instances/bayesian_networks/pcnf/munin/913.cnf compile | tr '\n' ' '",/data/schlandals/pwmc_benchmarks/instances/bayesian_networks/pcnf/munin/913.cnf,"Final circuit size: 35202 Estimated probability 0.00162084 (epsilon 0.0000000801033874786583) found in 31 seconds ",
600,:,1737407965.000,621.000,0,117,0,0,"schlandals --timeout 600 -i /data/schlandals/pwmc_benchmarks/instances/bayesian_networks/pcnf/munin/600.cnf compile | tr '\n' ' '",/data/schlandals/pwmc_benchmarks/instances/bayesian_networks/pcnf/munin/600.cnf,"Final circuit size: 342228 Estimated probability 0.00595554 (epsilon 0.00000005747658993193738) found in 583 seconds ",
595,:,1737407954.000,633.000,0,118,0,0,"schlandals --timeout 600 -i /data/schlandals/pwmc_benchmarks/instances/bayesian_networks/pcnf/munin/595.cnf compile | tr '\n' ' '",/data/schlandals/pwmc_benchmarks/instances/bayesian_networks/pcnf/munin/595.cnf,"Final circuit size: 344208 Estimated probability 0.00210768 (epsilon 0.000000041553054774823295) found in 593 seconds ",
749,:,1737408344.000,246.000,0,93,0,0,"schlandals --timeout 600 -i /data/schlandals/pwmc_benchmarks/instances/bayesian_networks/pcnf/munin/749.cnf compile | tr '\n' ' '",/data/schlandals/pwmc_benchmarks/instances/bayesian_networks/pcnf/munin/749.cnf,"Final circuit size: 206476 Estimated probability 0.89247575 (epsilon 0) found in 155 seconds ",
604,:,1737407975.000,617.000,0,118,0,0,"schlandals --timeout 600 -i /data/schlandals/pwmc_benchmarks/instances/bayesian_networks/pcnf/munin/604.cnf compile | tr '\n' ' '",/data/schlandals/pwmc_benchmarks/instances/bayesian_networks/pcnf/munin/604.cnf,"Final circuit size: 343043 Estimated probability 0.05286914 (epsilon 0.000000006474555114266423) found in 592 seconds ",
911,:,1737408542.000,55.000,0,115,0,0,"schlandals --timeout 600 -i /data/schlandals/pwmc_benchmarks/instances/bayesian_networks/pcnf/munin/911.cnf compile | tr '\n' ' '",/data/schlandals/pwmc_benchmarks/instances/bayesian_networks/pcnf/munin/911.cnf,"Final circuit size: 34845 Estimated probability 0.00281456 (epsilon 0.00000004612981974183583) found in 48 seconds ",
608,:,1737407979.000,619.000,0,119,0,0,"schlandals --timeout 600 -i /data/schlandals/pwmc_benchmarks/instances/bayesian_networks/pcnf/munin/608.cnf compile | tr '\n' ' '",/data/schlandals/pwmc_benchmarks/instances/bayesian_networks/pcnf/munin/608.cnf,"Final circuit size: 344353 Estimated probability 0.18820653 (epsilon 0.0000000018187691352977708) found in 580 seconds ",
598,:,1737407963.000,636.000,0,111,0,0,"schlandals --timeout 600 -i /data/schlandals/pwmc_benchmarks/instances/bayesian_networks/pcnf/munin/598.cnf compile | tr '\n' ' '",/data/schlandals/pwmc_benchmarks/instances/bayesian_networks/pcnf/munin/598.cnf,"Final circuit size: 325065 Estimated probability 0.00321709 (epsilon 0.19032514337009498) found in 600 seconds ",
599,:,1737407964.000,636.000,0,111,0,0,"schlandals --timeout 600 -i /data/schlandals/pwmc_benchmarks/instances/bayesian_networks/pcnf/munin/599.cnf compile | tr '\n' ' '",/data/schlandals/pwmc_benchmarks/instances/bayesian_networks/pcnf/munin/599.cnf,"Final circuit size: 317537 Estimated probability 0.00423712 (epsilon 0.14898614290072154) found in 600 seconds ",
914,:,1737408549.000,53.000,0,116,0,0,"schlandals --timeout 600 -i /data/schlandals/pwmc_benchmarks/instances/bayesian_networks/pcnf/munin/914.cnf compile | tr '\n' ' '",/data/schlandals/pwmc_benchmarks/instances/bayesian_networks/pcnf/munin/914.cnf,"Final circuit size: 34940 Estimated probability 0.00223875 (epsilon 0.000000057994514746084747) found in 46 seconds ",
912,:,1737408545.000,57.000,0,116,0,0,"schlandals --timeout 600 -i /data/schlandals/pwmc_benchmarks/instances/bayesian_networks/pcnf/munin/912.cnf compile | tr '\n' ' '",/data/schlandals/pwmc_benchmarks/instances/bayesian_networks/pcnf/munin/912.cnf,"Final circuit size: 35123 Estimated probability 0.00250517 (epsilon 0.000000051826907210283935) found in 46 seconds ",
601,:,1737407967.000,638.000,0,111,0,0,"schlandals --timeout 600 -i /data/schlandals/pwmc_benchmarks/instances/bayesian_networks/pcnf/munin/601.cnf compile | tr '\n' ' '",/data/schlandals/pwmc_benchmarks/instances/bayesian_networks/pcnf/munin/601.cnf,"Final circuit size: 341113 Estimated probability 0.00873920 (epsilon 0.07180995641912347) found in 600 seconds ",
609,:,1737407980.000,625.000,0,113,0,0,"schlandals --timeout 600 -i /data/schlandals/pwmc_benchmarks/instances/bayesian_networks/pcnf/munin/609.cnf compile | tr '\n' ' '",/data/schlandals/pwmc_benchmarks/instances/bayesian_networks/pcnf/munin/609.cnf,"Final circuit size: 331165 Estimated probability 0.15252729 (epsilon 0.0042770751408180985) found in 599 seconds ",
927,:,1737408568.000,52.000,0,92,0,0,"schlandals --timeout 600 -i /data/schlandals/pwmc_benchmarks/instances/bayesian_networks/pcnf/munin/927.cnf compile | tr '\n' ' '",/data/schlandals/pwmc_benchmarks/instances/bayesian_networks/pcnf/munin/927.cnf,"Final circuit size: 122781 Estimated probability 0.85963508 (epsilon 0) found in 48 seconds ",
926,:,1737408567.000,56.000,0,92,0,0,"schlandals --timeout 600 -i /data/schlandals/pwmc_benchmarks/instances/bayesian_networks/pcnf/munin/926.cnf compile | tr '\n' ' '",/data/schlandals/pwmc_benchmarks/instances/bayesian_networks/pcnf/munin/926.cnf,"Final circuit size: 122558 Estimated probability 0.14036492 (epsilon 0) found in 52 seconds ",
835,:,1737408454.000,174.000,0,116,0,0,"schlandals --timeout 600 -i /data/schlandals/pwmc_benchmarks/instances/bayesian_networks/pcnf/munin/835.cnf compile | tr '\n' ' '",/data/schlandals/pwmc_benchmarks/instances/bayesian_networks/pcnf/munin/835.cnf,"Final circuit size: 26469 Estimated probability 0.00047096 (epsilon 0.00000011878380989926995) found in 132 seconds ",
628,:,1737407996.000,635.000,0,120,0,0,"schlandals --timeout 600 -i /data/schlandals/pwmc_benchmarks/instances/bayesian_networks/pcnf/munin/628.cnf compile | tr '\n' ' '",/data/schlandals/pwmc_benchmarks/instances/bayesian_networks/pcnf/munin/628.cnf,"Final circuit size: 361461 Estimated probability 0.84945500 (epsilon 0.00000000010310197140483979) found in 597 seconds ",
632,:,1737407998.000,634.000,0,117,0,0,"schlandals --timeout 600 -i /data/schlandals/pwmc_benchmarks/instances/bayesian_networks/pcnf/munin/632.cnf compile | tr '\n' ' '",/data/schlandals/pwmc_benchmarks/instances/bayesian_networks/pcnf/munin/632.cnf,"Final circuit size: 350653 Estimated probability 0.00547138 (epsilon 0.00000001600701216020184) found in 592 seconds ",
933,:,1737408577.000,57.000,0,91,0,0,"schlandals --timeout 600 -i /data/schlandals/pwmc_benchmarks/instances/bayesian_networks/pcnf/munin/933.cnf compile | tr '\n' ' '",/data/schlandals/pwmc_benchmarks/instances/bayesian_networks/pcnf/munin/933.cnf,"Final circuit size: 77387 Estimated probability 0.82954369 (epsilon 0) found in 53 seconds ",
630,:,1737407997.000,638.000,0,111,0,0,"schlandals --timeout 600 -i /data/schlandals/pwmc_benchmarks/instances/bayesian_networks/pcnf/munin/630.cnf compile | tr '\n' ' '",/data/schlandals/pwmc_benchmarks/instances/bayesian_networks/pcnf/munin/630.cnf,"Final circuit size: 308502 Estimated probability 0.02301226 (epsilon 0.03309030080552433) found in 600 seconds ",
938,:,1737408592.000,43.000,0,91,0,0,"schlandals --timeout 600 -i /data/schlandals/pwmc_benchmarks/instances/bayesian_networks/pcnf/munin/938.cnf compile | tr '\n' ' '",/data/schlandals/pwmc_benchmarks/instances/bayesian_networks/pcnf/munin/938.cnf,"Final circuit size: 77050 Estimated probability 0.03955319 (epsilon 0) found in 39 seconds ",
866,:,1737408489.000,146.000,0,115,0,0,"schlandals --timeout 600 -i /data/schlandals/pwmc_benchmarks/instances/bayesian_networks/pcnf/munin/866.cnf compile | tr '\n' ' '",/data/schlandals/pwmc_benchmarks/instances/bayesian_networks/pcnf/munin/866.cnf,"Final circuit size: 22244 Estimated probability 0.00015082 (epsilon 0.00000004837260836332291) found in 93 seconds ",
631,:,1737407998.000,639.000,0,111,0,0,"schlandals --timeout 600 -i /data/schlandals/pwmc_benchmarks/instances/bayesian_networks/pcnf/munin/631.cnf compile | tr '\n' ' '",/data/schlandals/pwmc_benchmarks/instances/bayesian_networks/pcnf/munin/631.cnf,"Final circuit size: 320246 Estimated probability 0.00727029 (epsilon 0.09163284249962667) found in 600 seconds ",
932,:,1737408577.000,63.000,0,91,0,0,"schlandals --timeout 600 -i /data/schlandals/pwmc_benchmarks/instances/bayesian_networks/pcnf/munin/932.cnf compile | tr '\n' ' '",/data/schlandals/pwmc_benchmarks/instances/bayesian_networks/pcnf/munin/932.cnf,"Final circuit size: 77165 Estimated probability 0.10429586 (epsilon 0) found in 61 seconds ",
934,:,1737408585.000,58.000,0,91,0,0,"schlandals --timeout 600 -i /data/schlandals/pwmc_benchmarks/instances/bayesian_networks/pcnf/munin/934.cnf compile | tr '\n' ' '",/data/schlandals/pwmc_benchmarks/instances/bayesian_networks/pcnf/munin/934.cnf,"Final circuit size: 77869 Estimated probability 0.06616045 (epsilon 0) found in 55 seconds ",
935,:,1737408586.000,67.000,0,91,0,0,"schlandals --timeout 600 -i /data/schlandals/pwmc_benchmarks/instances/bayesian_networks/pcnf/munin/935.cnf compile | tr '\n' ' '",/data/schlandals/pwmc_benchmarks/instances/bayesian_networks/pcnf/munin/935.cnf,"Final circuit size: 76921 Estimated probability 0.03271564 (epsilon 0) found in 63 seconds ",
939,:,1737408597.000,57.000,0,91,0,0,"schlandals --timeout 600 -i /data/schlandals/pwmc_benchmarks/instances/bayesian_networks/pcnf/munin/939.cnf compile | tr '\n' ' '",/data/schlandals/pwmc_benchmarks/instances/bayesian_networks/pcnf/munin/939.cnf,"Final circuit size: 76902 Estimated probability 0.01142495 (epsilon 0) found in 54 seconds ",
936,:,1737408587.000,69.000,0,91,0,0,"schlandals --timeout 600 -i /data/schlandals/pwmc_benchmarks/instances/bayesian_networks/pcnf/munin/936.cnf compile | tr '\n' ' '",/data/schlandals/pwmc_benchmarks/instances/bayesian_networks/pcnf/munin/936.cnf,"Final circuit size: 77680 Estimated probability 0.07255318 (epsilon 0) found in 65 seconds ",
937,:,1737408590.000,67.000,0,91,0,0,"schlandals --timeout 600 -i /data/schlandals/pwmc_benchmarks/instances/bayesian_networks/pcnf/munin/937.cnf compile | tr '\n' ' '",/data/schlandals/pwmc_benchmarks/instances/bayesian_networks/pcnf/munin/937.cnf,"Final circuit size: 77061 Estimated probability 0.84375304 (epsilon 0) found in 63 seconds ",
633,:,1737408026.000,638.000,0,111,0,0,"schlandals --timeout 600 -i /data/schlandals/pwmc_benchmarks/instances/bayesian_networks/pcnf/munin/633.cnf compile | tr '\n' ' '",/data/schlandals/pwmc_benchmarks/instances/bayesian_networks/pcnf/munin/633.cnf,"Final circuit size: 310344 Estimated probability 0.00758287 (epsilon 0.09289417811424094) found in 600 seconds ",
944,:,1737408602.000,73.000,0,116,0,0,"schlandals --timeout 600 -i /data/schlandals/pwmc_benchmarks/instances/bayesian_networks/pcnf/munin/944.cnf compile | tr '\n' ' '",/data/schlandals/pwmc_benchmarks/instances/bayesian_networks/pcnf/munin/944.cnf,"Final circuit size: 78752 Estimated probability 0.00153048 (epsilon 0.000000027963337423386747) found in 69 seconds ",
950,:,1737408631.000,48.000,0,115,0,0,"schlandals --timeout 600 -i /data/schlandals/pwmc_benchmarks/instances/bayesian_networks/pcnf/munin/950.cnf compile | tr '\n' ' '",/data/schlandals/pwmc_benchmarks/instances/bayesian_networks/pcnf/munin/950.cnf,"Final circuit size: 78790 Estimated probability 0.20969863 (epsilon 0.00000002106269358925772) found in 44 seconds ",
940,:,1737408598.000,83.000,0,115,0,0,"schlandals --timeout 600 -i /data/schlandals/pwmc_benchmarks/instances/bayesian_networks/pcnf/munin/940.cnf compile | tr '\n' ' '",/data/schlandals/pwmc_benchmarks/instances/bayesian_networks/pcnf/munin/940.cnf,"Final circuit size: 78558 Estimated probability 0.00009749 (epsilon 0.00000043897279522475685) found in 77 seconds ",
952,:,1737408634.000,47.000,0,116,0,0,"schlandals --timeout 600 -i /data/schlandals/pwmc_benchmarks/instances/bayesian_networks/pcnf/munin/952.cnf compile | tr '\n' ' '",/data/schlandals/pwmc_benchmarks/instances/bayesian_networks/pcnf/munin/952.cnf,"Final circuit size: 78539 Estimated probability 0.16510304 (epsilon 0.000000026751886927911528) found in 43 seconds ",
941,:,1737408599.000,84.000,0,114,0,0,"schlandals --timeout 600 -i /data/schlandals/pwmc_benchmarks/instances/bayesian_networks/pcnf/munin/941.cnf compile | tr '\n' ' '",/data/schlandals/pwmc_benchmarks/instances/bayesian_networks/pcnf/munin/941.cnf,"Final circuit size: 78092 Estimated probability 0.00019192 (epsilon 0.0000002229917028806483) found in 78 seconds ",
943,:,1737408602.000,84.000,0,115,0,0,"schlandals --timeout 600 -i /data/schlandals/pwmc_benchmarks/instances/bayesian_networks/pcnf/munin/943.cnf compile | tr '\n' ' '",/data/schlandals/pwmc_benchmarks/instances/bayesian_networks/pcnf/munin/943.cnf,"Final circuit size: 78655 Estimated probability 0.00079759 (epsilon 0.00000005365836042159344) found in 79 seconds ",
942,:,1737408600.000,88.000,0,115,0,0,"schlandals --timeout 600 -i /data/schlandals/pwmc_benchmarks/instances/bayesian_networks/pcnf/munin/942.cnf compile | tr '\n' ' '",/data/schlandals/pwmc_benchmarks/instances/bayesian_networks/pcnf/munin/942.cnf,"Final circuit size: 78379 Estimated probability 0.00039056 (epsilon 0.00000010957933627153693) found in 83 seconds ",
957,:,1737408640.000,49.000,0,114,0,0,"schlandals --timeout 600 -i /data/schlandals/pwmc_benchmarks/instances/bayesian_networks/pcnf/munin/957.cnf compile | tr '\n' ' '",/data/schlandals/pwmc_benchmarks/instances/bayesian_networks/pcnf/munin/957.cnf,"Final circuit size: 78318 Estimated probability 0.00682420 (epsilon 0.0000006403666772403227) found in 45 seconds ",
945,:,1737408605.000,86.000,0,114,0,0,"schlandals --timeout 600 -i /data/schlandals/pwmc_benchmarks/instances/bayesian_networks/pcnf/munin/945.cnf compile | tr '\n' ' '",/data/schlandals/pwmc_benchmarks/instances/bayesian_networks/pcnf/munin/945.cnf,"Final circuit size: 78873 Estimated probability 0.00306310 (epsilon 0.0000014419424103628842) found in 81 seconds ",
960,:,1737408654.000,39.000,0,91,0,0,"schlandals --timeout 600 -i /data/schlandals/pwmc_benchmarks/instances/bayesian_networks/pcnf/munin/960.cnf compile | tr '\n' ' '",/data/schlandals/pwmc_benchmarks/instances/bayesian_networks/pcnf/munin/960.cnf,"Final circuit size: 77482 Estimated probability 0.00675256 (epsilon 0) found in 35 seconds ",
946,:,1737408605.000,88.000,0,114,0,0,"schlandals --timeout 600 -i /data/schlandals/pwmc_benchmarks/instances/bayesian_networks/pcnf/munin/946.cnf compile | tr '\n' ' '",/data/schlandals/pwmc_benchmarks/instances/bayesian_networks/pcnf/munin/946.cnf,"Final circuit size: 78277 Estimated probability 0.00716133 (epsilon 0.0000006167589821082231) found in 82 seconds ",
955,:,1737408635.000,67.000,0,115,0,0,"schlandals --timeout 600 -i /data/schlandals/pwmc_benchmarks/instances/bayesian_networks/pcnf/munin/955.cnf compile | tr '\n' ' '",/data/schlandals/pwmc_benchmarks/instances/bayesian_networks/pcnf/munin/955.cnf,"Final circuit size: 79189 Estimated probability 0.01773038 (epsilon 0.00000024646902030411866) found in 63 seconds ",
961,:,1737408656.000,51.000,0,91,0,0,"schlandals --timeout 600 -i /data/schlandals/pwmc_benchmarks/instances/bayesian_networks/pcnf/munin/961.cnf compile | tr '\n' ' '",/data/schlandals/pwmc_benchmarks/instances/bayesian_networks/pcnf/munin/961.cnf,"Final circuit size: 78015 Estimated probability 0.05785630 (epsilon 0) found in 48 seconds ",
947,:,1737408620.000,87.000,0,115,0,0,"schlandals --timeout 600 -i /data/schlandals/pwmc_benchmarks/instances/bayesian_networks/pcnf/munin/947.cnf compile | tr '\n' ' '",/data/schlandals/pwmc_benchmarks/instances/bayesian_networks/pcnf/munin/947.cnf,"Final circuit size: 78848 Estimated probability 0.02148490 (epsilon 0.00000020557774282892183) found in 82 seconds ",
948,:,1737408623.000,86.000,0,115,0,0,"schlandals --timeout 600 -i /data/schlandals/pwmc_benchmarks/instances/bayesian_networks/pcnf/munin/948.cnf compile | tr '\n' ' '",/data/schlandals/pwmc_benchmarks/instances/bayesian_networks/pcnf/munin/948.cnf,"Final circuit size: 78543 Estimated probability 0.06195114 (epsilon 0.00000007129518242443567) found in 81 seconds ",
964,:,1737408675.000,39.000,0,91,0,0,"schlandals --timeout 600 -i /data/schlandals/pwmc_benchmarks/instances/bayesian_networks/pcnf/munin/964.cnf compile | tr '\n' ' '",/data/schlandals/pwmc_benchmarks/instances/bayesian_networks/pcnf/munin/964.cnf,"Final circuit size: 77122 Estimated probability 0.02387444 (epsilon 0) found in 36 seconds ",
949,:,1737408628.000,87.000,0,115,0,0,"schlandals --timeout 600 -i /data/schlandals/pwmc_benchmarks/instances/bayesian_networks/pcnf/munin/949.cnf compile | tr '\n' ' '",/data/schlandals/pwmc_benchmarks/instances/bayesian_networks/pcnf/munin/949.cnf,"Final circuit size: 78720 Estimated probability 0.13595678 (epsilon 0.00000003248692670432263) found in 81 seconds ",
951,:,1737408632.000,88.000,0,115,0,0,"schlandals --timeout 600 -i /data/schlandals/pwmc_benchmarks/instances/bayesian_networks/pcnf/munin/951.cnf compile | tr '\n' ' '",/data/schlandals/pwmc_benchmarks/instances/bayesian_networks/pcnf/munin/951.cnf,"Final circuit size: 79038 Estimated probability 0.22324506 (epsilon 0.00000001978461705576251) found in 82 seconds ",
958,:,1737408643.000,77.000,0,91,0,0,"schlandals --timeout 600 -i /data/schlandals/pwmc_benchmarks/instances/bayesian_networks/pcnf/munin/958.cnf compile | tr '\n' ' '",/data/schlandals/pwmc_benchmarks/instances/bayesian_networks/pcnf/munin/958.cnf,"Final circuit size: 77097 Estimated probability 0.00463358 (epsilon 0) found in 71 seconds ",
954,:,1737408635.000,86.000,0,115,0,0,"schlandals --timeout 600 -i /data/schlandals/pwmc_benchmarks/instances/bayesian_networks/pcnf/munin/954.cnf compile | tr '\n' ' '",/data/schlandals/pwmc_benchmarks/instances/bayesian_networks/pcnf/munin/954.cnf,"Final circuit size: 78528 Estimated probability 0.03852775 (epsilon 0.00000011463990290394577) found in 80 seconds ",
953,:,1737408635.000,88.000,0,116,0,0,"schlandals --timeout 600 -i /data/schlandals/pwmc_benchmarks/instances/bayesian_networks/pcnf/munin/953.cnf compile | tr '\n' ' '",/data/schlandals/pwmc_benchmarks/instances/bayesian_networks/pcnf/munin/953.cnf,"Final circuit size: 78864 Estimated probability 0.08824364 (epsilon 0.000000050052536337830134) found in 82 seconds ",
956,:,1737408637.000,87.000,0,114,0,0,"schlandals --timeout 600 -i /data/schlandals/pwmc_benchmarks/instances/bayesian_networks/pcnf/munin/956.cnf compile | tr '\n' ' '",/data/schlandals/pwmc_benchmarks/instances/bayesian_networks/pcnf/munin/956.cnf,"Final circuit size: 79097 Estimated probability 0.01026809 (epsilon 0.0000004255891465909656) found in 81 seconds ",
963,:,1737408664.000,61.000,0,91,0,0,"schlandals --timeout 600 -i /data/schlandals/pwmc_benchmarks/instances/bayesian_networks/pcnf/munin/963.cnf compile | tr '\n' ' '",/data/schlandals/pwmc_benchmarks/instances/bayesian_networks/pcnf/munin/963.cnf,"Final circuit size: 77449 Estimated probability 0.12173589 (epsilon 0) found in 56 seconds ",
962,:,1737408657.000,72.000,0,91,0,0,"schlandals --timeout 600 -i /data/schlandals/pwmc_benchmarks/instances/bayesian_networks/pcnf/munin/962.cnf compile | tr '\n' ' '",/data/schlandals/pwmc_benchmarks/instances/bayesian_networks/pcnf/munin/962.cnf,"Final circuit size: 77296 Estimated probability 0.78978082 (epsilon 0) found in 67 seconds ",
959,:,1737408653.000,77.000,0,91,0,0,"schlandals --timeout 600 -i /data/schlandals/pwmc_benchmarks/instances/bayesian_networks/pcnf/munin/959.cnf compile | tr '\n' ' '",/data/schlandals/pwmc_benchmarks/instances/bayesian_networks/pcnf/munin/959.cnf,"Final circuit size: 77150 Estimated probability 0.00310031 (epsilon 0) found in 71 seconds ",
971,:,1737408689.000,50.000,0,116,0,0,"schlandals --timeout 600 -i /data/schlandals/pwmc_benchmarks/instances/bayesian_networks/pcnf/munin/971.cnf compile | tr '\n' ' '",/data/schlandals/pwmc_benchmarks/instances/bayesian_networks/pcnf/munin/971.cnf,"Final circuit size: 78192 Estimated probability 0.25266872 (epsilon 0.000000001916174108274049) found in 45 seconds ",
989,:,1737408739.000,3.000,0,90,0,0,"schlandals --timeout 600 -i /data/schlandals/pwmc_benchmarks/instances/bayesian_networks/pcnf/munin/989.cnf compile | tr '\n' ' '",/data/schlandals/pwmc_benchmarks/instances/bayesian_networks/pcnf/munin/989.cnf,"Final circuit size: 52491 Estimated probability 0.86793078 (epsilon 0) found in 2 seconds ",
990,:,1737408742.000,3.000,0,90,0,0,"schlandals --timeout 600 -i /data/schlandals/pwmc_benchmarks/instances/bayesian_networks/pcnf/munin/990.cnf compile | tr '\n' ' '",/data/schlandals/pwmc_benchmarks/instances/bayesian_networks/pcnf/munin/990.cnf,"Final circuit size: 52491 Estimated probability 0.13206922 (epsilon 0) found in 2 seconds ",
991,:,1737408745.000,4.000,0,90,0,0,"schlandals --timeout 600 -i /data/schlandals/pwmc_benchmarks/instances/bayesian_networks/pcnf/munin/991.cnf compile | tr '\n' ' '",/data/schlandals/pwmc_benchmarks/instances/bayesian_networks/pcnf/munin/991.cnf,"Final circuit size: 52515 Estimated probability 0.94567878 (epsilon 0) found in 3 seconds ",
992,:,1737408749.000,6.000,0,90,0,0,"schlandals --timeout 600 -i /data/schlandals/pwmc_benchmarks/instances/bayesian_networks/pcnf/munin/992.cnf compile | tr '\n' ' '",/data/schlandals/pwmc_benchmarks/instances/bayesian_networks/pcnf/munin/992.cnf,"Final circuit size: 52515 Estimated probability 0.05432122 (epsilon 0) found in 5 seconds ",
976,:,1737408707.000,49.000,0,116,0,0,"schlandals --timeout 600 -i /data/schlandals/pwmc_benchmarks/instances/bayesian_networks/pcnf/munin/976.cnf compile | tr '\n' ' '",/data/schlandals/pwmc_benchmarks/instances/bayesian_networks/pcnf/munin/976.cnf,"Final circuit size: 78422 Estimated probability 0.01191668 (epsilon 0.000000040628521880137214) found in 45 seconds ",
968,:,1737408683.000,77.000,0,116,0,0,"schlandals --timeout 600 -i /data/schlandals/pwmc_benchmarks/instances/bayesian_networks/pcnf/munin/968.cnf compile | tr '\n' ' '",/data/schlandals/pwmc_benchmarks/instances/bayesian_networks/pcnf/munin/968.cnf,"Final circuit size: 78186 Estimated probability 0.02144467 (epsilon 0.000000014167216733085297) found in 73 seconds ",
979,:,1737408714.000,48.000,0,115,0,0,"schlandals --timeout 600 -i /data/schlandals/pwmc_benchmarks/instances/bayesian_networks/pcnf/munin/979.cnf compile | tr '\n' ' '",/data/schlandals/pwmc_benchmarks/instances/bayesian_networks/pcnf/munin/979.cnf,"Final circuit size: 78496 Estimated probability 0.00225741 (epsilon 0.00000018450555061555463) found in 43 seconds ",
973,:,1737408693.000,71.000,0,117,0,0,"schlandals --timeout 600 -i /data/schlandals/pwmc_benchmarks/instances/bayesian_networks/pcnf/munin/973.cnf compile | tr '\n' ' '",/data/schlandals/pwmc_benchmarks/instances/bayesian_networks/pcnf/munin/973.cnf,"Final circuit size: 78206 Estimated probability 0.13524725 (epsilon 0.0000000035797942388171577) found in 65 seconds ",
965,:,1737408679.000,86.000,0,115,0,0,"schlandals --timeout 600 -i /data/schlandals/pwmc_benchmarks/instances/bayesian_networks/pcnf/munin/965.cnf compile | tr '\n' ' '",/data/schlandals/pwmc_benchmarks/instances/bayesian_networks/pcnf/munin/965.cnf,"Final circuit size: 78908 Estimated probability 0.00144283 (epsilon 0.00000004409464615662273) found in 80 seconds ",
975,:,1737408702.000,63.000,0,115,0,0,"schlandals --timeout 600 -i /data/schlandals/pwmc_benchmarks/instances/bayesian_networks/pcnf/munin/975.cnf compile | tr '\n' ' '",/data/schlandals/pwmc_benchmarks/instances/bayesian_networks/pcnf/munin/975.cnf,"Final circuit size: 78480 Estimated probability 0.02269975 (epsilon 0.00000002132874832305731) found in 57 seconds ",
967,:,1737408681.000,86.000,0,115,0,0,"schlandals --timeout 600 -i /data/schlandals/pwmc_benchmarks/instances/bayesian_networks/pcnf/munin/967.cnf compile | tr '\n' ' '",/data/schlandals/pwmc_benchmarks/instances/bayesian_networks/pcnf/munin/967.cnf,"Final circuit size: 78633 Estimated probability 0.00671547 (epsilon 0.00000004524051222531966) found in 80 seconds ",
966,:,1737408681.000,86.000,0,115,0,0,"schlandals --timeout 600 -i /data/schlandals/pwmc_benchmarks/instances/bayesian_networks/pcnf/munin/966.cnf compile | tr '\n' ' '",/data/schlandals/pwmc_benchmarks/instances/bayesian_networks/pcnf/munin/966.cnf,"Final circuit size: 78198 Estimated probability 0.00301415 (epsilon 0.00000002110748731354306) found in 80 seconds ",
981,:,1737408720.000,48.000,0,114,0,0,"schlandals --timeout 600 -i /data/schlandals/pwmc_benchmarks/instances/bayesian_networks/pcnf/munin/981.cnf compile | tr '\n' ' '",/data/schlandals/pwmc_benchmarks/instances/bayesian_networks/pcnf/munin/981.cnf,"Final circuit size: 78331 Estimated probability 0.00068098 (epsilon 0.0000002589118410778468) found in 44 seconds ",
969,:,1737408686.000,85.000,0,116,0,0,"schlandals --timeout 600 -i /data/schlandals/pwmc_benchmarks/instances/bayesian_networks/pcnf/munin/969.cnf compile | tr '\n' ' '",/data/schlandals/pwmc_benchmarks/instances/bayesian_networks/pcnf/munin/969.cnf,"Final circuit size: 78424 Estimated probability 0.07142036 (epsilon 0.000000006256717588470906) found in 80 seconds ",
970,:,1737408688.000,85.000,0,116,0,0,"schlandals --timeout 600 -i /data/schlandals/pwmc_benchmarks/instances/bayesian_networks/pcnf/munin/970.cnf compile | tr '\n' ' '",/data/schlandals/pwmc_benchmarks/instances/bayesian_networks/pcnf/munin/970.cnf,"Final circuit size: 78768 Estimated probability 0.16937996 (epsilon 0.000000002858409509087778) found in 79 seconds ",
972,:,1737408691.000,86.000,0,117,0,0,"schlandals --timeout 600 -i /data/schlandals/pwmc_benchmarks/instances/bayesian_networks/pcnf/munin/972.cnf compile | tr '\n' ' '",/data/schlandals/pwmc_benchmarks/instances/bayesian_networks/pcnf/munin/972.cnf,"Final circuit size: 78315 Estimated probability 0.23245171 (epsilon 0.0000000020828296865005314) found in 79 seconds ",
974,:,1737408693.000,86.000,0,116,0,0,"schlandals --timeout 600 -i /data/schlandals/pwmc_benchmarks/instances/bayesian_networks/pcnf/munin/974.cnf compile | tr '\n' ' '",/data/schlandals/pwmc_benchmarks/instances/bayesian_networks/pcnf/munin/974.cnf,"Final circuit size: 79278 Estimated probability 0.05602053 (epsilon 0.000000008642497828503792) found in 80 seconds ",
977,:,1737408707.000,74.000,0,115,0,0,"schlandals --timeout 600 -i /data/schlandals/pwmc_benchmarks/instances/bayesian_networks/pcnf/munin/977.cnf compile | tr '\n' ' '",/data/schlandals/pwmc_benchmarks/instances/bayesian_networks/pcnf/munin/977.cnf,"Final circuit size: 78615 Estimated probability 0.00702396 (epsilon 0.00000005929773005952654) found in 70 seconds ",
982,:,1737408720.000,68.000,0,114,0,0,"schlandals --timeout 600 -i /data/schlandals/pwmc_benchmarks/instances/bayesian_networks/pcnf/munin/982.cnf compile | tr '\n' ' '",/data/schlandals/pwmc_benchmarks/instances/bayesian_networks/pcnf/munin/982.cnf,"Final circuit size: 78651 Estimated probability 0.00030628 (epsilon 0.0000005756610996776601) found in 64 seconds ",
984,:,1737408723.000,70.000,0,91,0,0,"schlandals --timeout 600 -i /data/schlandals/pwmc_benchmarks/instances/bayesian_networks/pcnf/munin/984.cnf compile | tr '\n' ' '",/data/schlandals/pwmc_benchmarks/instances/bayesian_networks/pcnf/munin/984.cnf,"Final circuit size: 77298 Estimated probability 0.11334880 (epsilon 0) found in 65 seconds ",
978,:,1737408709.000,84.000,0,115,0,0,"schlandals --timeout 600 -i /data/schlandals/pwmc_benchmarks/instances/bayesian_networks/pcnf/munin/978.cnf compile | tr '\n' ' '",/data/schlandals/pwmc_benchmarks/instances/bayesian_networks/pcnf/munin/978.cnf,"Final circuit size: 78297 Estimated probability 0.00397820 (epsilon 0.00000010469683431324484) found in 78 seconds ",
985,:,1737408724.000,70.000,0,91,0,0,"schlandals --timeout 600 -i /data/schlandals/pwmc_benchmarks/instances/bayesian_networks/pcnf/munin/985.cnf compile | tr '\n' ' '",/data/schlandals/pwmc_benchmarks/instances/bayesian_networks/pcnf/munin/985.cnf,"Final circuit size: 77216 Estimated probability 0.73368871 (epsilon 0) found in 66 seconds ",
986,:,1737408725.000,70.000,0,91,0,0,"schlandals --timeout 600 -i /data/schlandals/pwmc_benchmarks/instances/bayesian_networks/pcnf/munin/986.cnf compile | tr '\n' ' '",/data/schlandals/pwmc_benchmarks/instances/bayesian_networks/pcnf/munin/986.cnf,"Final circuit size: 77357 Estimated probability 0.15296249 (epsilon 0) found in 66 seconds ",
980,:,1737408715.000,82.000,0,115,0,0,"schlandals --timeout 600 -i /data/schlandals/pwmc_benchmarks/instances/bayesian_networks/pcnf/munin/980.cnf compile | tr '\n' ' '",/data/schlandals/pwmc_benchmarks/instances/bayesian_networks/pcnf/munin/980.cnf,"Final circuit size: 78316 Estimated probability 0.00128656 (epsilon 0.00000032373601532853513) found in 76 seconds ",
987,:,1737408729.000,70.000,0,91,0,0,"schlandals --timeout 600 -i /data/schlandals/pwmc_benchmarks/instances/bayesian_networks/pcnf/munin/987.cnf compile | tr '\n' ' '",/data/schlandals/pwmc_benchmarks/instances/bayesian_networks/pcnf/munin/987.cnf,"Final circuit size: 75641 Estimated probability 0.81120574 (epsilon 0) found in 65 seconds ",
988,:,1737408730.000,70.000,0,91,0,0,"schlandals --timeout 600 -i /data/schlandals/pwmc_benchmarks/instances/bayesian_networks/pcnf/munin/988.cnf compile | tr '\n' ' '",/data/schlandals/pwmc_benchmarks/instances/bayesian_networks/pcnf/munin/988.cnf,"Final circuit size: 75641 Estimated probability 0.18879426 (epsilon 0) found in 65 seconds ",
983,:,1737408721.000,84.000,0,114,0,0,"schlandals --timeout 600 -i /data/schlandals/pwmc_benchmarks/instances/bayesian_networks/pcnf/munin/983.cnf compile | tr '\n' ' '",/data/schlandals/pwmc_benchmarks/instances/bayesian_networks/pcnf/munin/983.cnf,"Final circuit size: 78580 Estimated probability 0.00004452 (epsilon 0.0000007473122836110235) found in 77 seconds ",
1014,:,1737408799.000,7.000,0,90,0,0,"schlandals --timeout 600 -i /data/schlandals/pwmc_benchmarks/instances/bayesian_networks/pcnf/munin/1014.cnf compile | tr '\n' ' '",/data/schlandals/pwmc_benchmarks/instances/bayesian_networks/pcnf/munin/1014.cnf,"Final circuit size: 52517 Estimated probability 0.94533621 (epsilon 0) found in 6 seconds ",
1015,:,1737408800.000,8.000,0,90,0,0,"schlandals --timeout 600 -i /data/schlandals/pwmc_benchmarks/instances/bayesian_networks/pcnf/munin/1015.cnf compile | tr '\n' ' '",/data/schlandals/pwmc_benchmarks/instances/bayesian_networks/pcnf/munin/1015.cnf,"Final circuit size: 52517 Estimated probability 0.02256439 (epsilon 0) found in 6 seconds ",
717,:,1737408311.000,497.000,0,117,0,0,"schlandals --timeout 600 -i /data/schlandals/pwmc_benchmarks/instances/bayesian_networks/pcnf/munin/717.cnf compile | tr '\n' ' '",/data/schlandals/pwmc_benchmarks/instances/bayesian_networks/pcnf/munin/717.cnf,"Final circuit size: 343915 Estimated probability 0.14691322 (epsilon 0.00000000541670064357902) found in 472 seconds ",
708,:,1737408287.000,522.000,0,117,0,0,"schlandals --timeout 600 -i /data/schlandals/pwmc_benchmarks/instances/bayesian_networks/pcnf/munin/708.cnf compile | tr '\n' ' '",/data/schlandals/pwmc_benchmarks/instances/bayesian_networks/pcnf/munin/708.cnf,"Final circuit size: 344435 Estimated probability 0.00219594 (epsilon 0.00000018940871959749472) found in 481 seconds ",
707,:,1737408286.000,523.000,0,116,0,0,"schlandals --timeout 600 -i /data/schlandals/pwmc_benchmarks/instances/bayesian_networks/pcnf/munin/707.cnf compile | tr '\n' ' '",/data/schlandals/pwmc_benchmarks/instances/bayesian_networks/pcnf/munin/707.cnf,"Final circuit size: 345676 Estimated probability 0.00168553 (epsilon 0.0000002467655222382348) found in 487 seconds ",
1016,:,1737408805.000,8.000,0,90,0,0,"schlandals --timeout 600 -i /data/schlandals/pwmc_benchmarks/instances/bayesian_networks/pcnf/munin/1016.cnf compile | tr '\n' ' '",/data/schlandals/pwmc_benchmarks/instances/bayesian_networks/pcnf/munin/1016.cnf,"Final circuit size: 52517 Estimated probability 0.01074464 (epsilon 0) found in 6 seconds ",
1019,:,1737408808.000,5.000,0,90,0,0,"schlandals --timeout 600 -i /data/schlandals/pwmc_benchmarks/instances/bayesian_networks/pcnf/munin/1019.cnf compile | tr '\n' ' '",/data/schlandals/pwmc_benchmarks/instances/bayesian_networks/pcnf/munin/1019.cnf,"Final circuit size: 52518 Estimated probability 0.94884009 (epsilon 0) found in 3 seconds ",
1020,:,1737408809.000,4.000,0,90,0,0,"schlandals --timeout 600 -i /data/schlandals/pwmc_benchmarks/instances/bayesian_networks/pcnf/munin/1020.cnf compile | tr '\n' ' '",/data/schlandals/pwmc_benchmarks/instances/bayesian_networks/pcnf/munin/1020.cnf,"Final circuit size: 52518 Estimated probability 0.02088919 (epsilon 0) found in 3 seconds ",
1017,:,1737408806.000,7.000,0,90,0,0,"schlandals --timeout 600 -i /data/schlandals/pwmc_benchmarks/instances/bayesian_networks/pcnf/munin/1017.cnf compile | tr '\n' ' '",/data/schlandals/pwmc_benchmarks/instances/bayesian_networks/pcnf/munin/1017.cnf,"Final circuit size: 52517 Estimated probability 0.00135476 (epsilon 0) found in 6 seconds ",
1018,:,1737408808.000,7.000,0,90,0,0,"schlandals --timeout 600 -i /data/schlandals/pwmc_benchmarks/instances/bayesian_networks/pcnf/munin/1018.cnf compile | tr '\n' ' '",/data/schlandals/pwmc_benchmarks/instances/bayesian_networks/pcnf/munin/1018.cnf,"Final circuit size: 52517 Estimated probability 0.02000000 (epsilon 0) found in 6 seconds ",
715,:,1737408305.000,510.000,0,118,0,0,"schlandals --timeout 600 -i /data/schlandals/pwmc_benchmarks/instances/bayesian_networks/pcnf/munin/715.cnf compile | tr '\n' ' '",/data/schlandals/pwmc_benchmarks/instances/bayesian_networks/pcnf/munin/715.cnf,"Final circuit size: 342274 Estimated probability 0.05213969 (epsilon 0.000000015262556329886934) found in 474 seconds ",
1021,:,1737408809.000,7.000,0,90,0,0,"schlandals --timeout 600 -i /data/schlandals/pwmc_benchmarks/instances/bayesian_networks/pcnf/munin/1021.cnf compile | tr '\n' ' '",/data/schlandals/pwmc_benchmarks/instances/bayesian_networks/pcnf/munin/1021.cnf,"Final circuit size: 52518 Estimated probability 0.01020889 (epsilon 0) found in 6 seconds ",
1023,:,1737408813.000,4.000,0,90,0,0,"schlandals --timeout 600 -i /data/schlandals/pwmc_benchmarks/instances/bayesian_networks/pcnf/munin/1023.cnf compile | tr '\n' ' '",/data/schlandals/pwmc_benchmarks/instances/bayesian_networks/pcnf/munin/1023.cnf,"Final circuit size: 52517 Estimated probability 0.94488374 (epsilon 0) found in 3 seconds ",
1027,:,1737408815.000,5.000,0,90,0,0,"schlandals --timeout 600 -i /data/schlandals/pwmc_benchmarks/instances/bayesian_networks/pcnf/munin/1027.cnf compile | tr '\n' ' '",/data/schlandals/pwmc_benchmarks/instances/bayesian_networks/pcnf/munin/1027.cnf,"Final circuit size: 52516 Estimated probability 0.02002626 (epsilon 0) found in 3 seconds ",
1022,:,1737408813.000,7.000,0,90,0,0,"schlandals --timeout 600 -i /data/schlandals/pwmc_benchmarks/instances/bayesian_networks/pcnf/munin/1022.cnf compile | tr '\n' ' '",/data/schlandals/pwmc_benchmarks/instances/bayesian_networks/pcnf/munin/1022.cnf,"Final circuit size: 52518 Estimated probability 0.02006183 (epsilon 0) found in 6 seconds ",
1024,:,1737408813.000,7.000,0,90,0,0,"schlandals --timeout 600 -i /data/schlandals/pwmc_benchmarks/instances/bayesian_networks/pcnf/munin/1024.cnf compile | tr '\n' ' '",/data/schlandals/pwmc_benchmarks/instances/bayesian_networks/pcnf/munin/1024.cnf,"Final circuit size: 52517 Estimated probability 0.02270172 (epsilon 0) found in 6 seconds ",
1025,:,1737408813.000,8.000,0,90,0,0,"schlandals --timeout 600 -i /data/schlandals/pwmc_benchmarks/instances/bayesian_networks/pcnf/munin/1025.cnf compile | tr '\n' ' '",/data/schlandals/pwmc_benchmarks/instances/bayesian_networks/pcnf/munin/1025.cnf,"Final circuit size: 52517 Estimated probability 0.01098374 (epsilon 0) found in 6 seconds ",
1029,:,1737408817.000,5.000,0,90,0,0,"schlandals --timeout 600 -i /data/schlandals/pwmc_benchmarks/instances/bayesian_networks/pcnf/munin/1029.cnf compile | tr '\n' ' '",/data/schlandals/pwmc_benchmarks/instances/bayesian_networks/pcnf/munin/1029.cnf,"Final circuit size: 52517 Estimated probability 0.05303328 (epsilon 0) found in 3 seconds ",
1026,:,1737408815.000,7.000,0,90,0,0,"schlandals --timeout 600 -i /data/schlandals/pwmc_benchmarks/instances/bayesian_networks/pcnf/munin/1026.cnf compile | tr '\n' ' '",/data/schlandals/pwmc_benchmarks/instances/bayesian_networks/pcnf/munin/1026.cnf,"Final circuit size: 52517 Estimated probability 0.00140455 (epsilon 0) found in 6 seconds ",
1035,:,1737408822.000,1.000,0,89,0,0,"schlandals --timeout 600 -i /data/schlandals/pwmc_benchmarks/instances/bayesian_networks/pcnf/munin/1035.cnf compile | tr '\n' ' '",/data/schlandals/pwmc_benchmarks/instances/bayesian_networks/pcnf/munin/1035.cnf,"Final circuit size: 4817 Estimated probability 0.90214423 (epsilon 0) found in 0 seconds ",
1028,:,1737408816.000,8.000,0,90,0,0,"schlandals --timeout 600 -i /data/schlandals/pwmc_benchmarks/instances/bayesian_networks/pcnf/munin/1028.cnf compile | tr '\n' ' '",/data/schlandals/pwmc_benchmarks/instances/bayesian_networks/pcnf/munin/1028.cnf,"Final circuit size: 52510 Estimated probability 0.94495986 (epsilon 0) found in 6 seconds ",
1036,:,1737408823.000,1.000,0,89,0,0,"schlandals --timeout 600 -i /data/schlandals/pwmc_benchmarks/instances/bayesian_networks/pcnf/munin/1036.cnf compile | tr '\n' ' '",/data/schlandals/pwmc_benchmarks/instances/bayesian_networks/pcnf/munin/1036.cnf,"Final circuit size: 4817 Estimated probability 0.09785577 (epsilon 0) found in 0 seconds ",
1030,:,1737408820.000,4.000,0,90,0,0,"schlandals --timeout 600 -i /data/schlandals/pwmc_benchmarks/instances/bayesian_networks/pcnf/munin/1030.cnf compile | tr '\n' ' '",/data/schlandals/pwmc_benchmarks/instances/bayesian_networks/pcnf/munin/1030.cnf,"Final circuit size: 49969 Estimated probability 0.00152102 (epsilon 0) found in 3 seconds ",
706,:,1737408285.000,540.000,0,116,0,0,"schlandals --timeout 600 -i /data/schlandals/pwmc_benchmarks/instances/bayesian_networks/pcnf/munin/706.cnf compile | tr '\n' ' '",/data/schlandals/pwmc_benchmarks/instances/bayesian_networks/pcnf/munin/706.cnf,"Final circuit size: 344147 Estimated probability 0.00137238 (epsilon 0.0000003030722286467835) found in 514 seconds ",
1037,:,1737408824.000,2.000,0,86,0,0,"schlandals --timeout 600 -i /data/schlandals/pwmc_benchmarks/instances/bayesian_networks/pcnf/munin/1037.cnf compile | tr '\n' ' '",/data/schlandals/pwmc_benchmarks/instances/bayesian_networks/pcnf/munin/1037.cnf,"Final circuit size: 0 Estimated probability 0.00000000 (epsilon 0) found in 1 seconds ",
1038,:,1737408824.000,2.000,0,86,0,0,"schlandals --timeout 600 -i /data/schlandals/pwmc_benchmarks/instances/bayesian_networks/pcnf/munin/1038.cnf compile | tr '\n' ' '",/data/schlandals/pwmc_benchmarks/instances/bayesian_networks/pcnf/munin/1038.cnf,"Final circuit size: 0 Estimated probability 0.00000000 (epsilon 0) found in 1 seconds ",
1039,:,1737408824.000,2.000,0,86,0,0,"schlandals --timeout 600 -i /data/schlandals/pwmc_benchmarks/instances/bayesian_networks/pcnf/munin/1039.cnf compile | tr '\n' ' '",/data/schlandals/pwmc_benchmarks/instances/bayesian_networks/pcnf/munin/1039.cnf,"Final circuit size: 0 Estimated probability 0.00000000 (epsilon 0) found in 1 seconds ",
1031,:,1737408820.000,6.000,0,90,0,0,"schlandals --timeout 600 -i /data/schlandals/pwmc_benchmarks/instances/bayesian_networks/pcnf/munin/1031.cnf compile | tr '\n' ' '",/data/schlandals/pwmc_benchmarks/instances/bayesian_networks/pcnf/munin/1031.cnf,"Final circuit size: 49969 Estimated probability 0.00048585 (epsilon 0) found in 5 seconds ",
720,:,1737408316.000,511.000,0,118,0,0,"schlandals --timeout 600 -i /data/schlandals/pwmc_benchmarks/instances/bayesian_networks/pcnf/munin/720.cnf compile | tr '\n' ' '",/data/schlandals/pwmc_benchmarks/instances/bayesian_networks/pcnf/munin/720.cnf,"Final circuit size: 342779 Estimated probability 0.15309257 (epsilon 0.000000005198063979250378) found in 481 seconds ",
1040,:,1737408825.000,2.000,0,86,0,0,"schlandals --timeout 600 -i /data/schlandals/pwmc_benchmarks/instances/bayesian_networks/pcnf/munin/1040.cnf compile | tr '\n' ' '",/data/schlandals/pwmc_benchmarks/instances/bayesian_networks/pcnf/munin/1040.cnf,"Final circuit size: 0 Estimated probability 0.00000000 (epsilon 0) found in 1 seconds ",
1032,:,1737408820.000,12.000,0,92,0,0,"schlandals --timeout 600 -i /data/schlandals/pwmc_benchmarks/instances/bayesian_networks/pcnf/munin/1032.cnf compile | tr '\n' ' '",/data/schlandals/pwmc_benchmarks/instances/bayesian_networks/pcnf/munin/1032.cnf,"Final circuit size: 108875 Estimated probability 0.89812571 (epsilon 0) found in 11 seconds ",
1034,:,1737408822.000,11.000,0,91,0,0,"schlandals --timeout 600 -i /data/schlandals/pwmc_benchmarks/instances/bayesian_networks/pcnf/munin/1034.cnf compile | tr '\n' ' '",/data/schlandals/pwmc_benchmarks/instances/bayesian_networks/pcnf/munin/1034.cnf,"Final circuit size: 98913 Estimated probability 0.01702526 (epsilon 0) found in 10 seconds ",
1033,:,1737408821.000,12.000,0,92,0,0,"schlandals --timeout 600 -i /data/schlandals/pwmc_benchmarks/instances/bayesian_networks/pcnf/munin/1033.cnf compile | tr '\n' ' '",/data/schlandals/pwmc_benchmarks/instances/bayesian_networks/pcnf/munin/1033.cnf,"Final circuit size: 108875 Estimated probability 0.08484903 (epsilon 0) found in 11 seconds ",
701,:,1737408282.000,567.000,0,118,0,0,"schlandals --timeout 600 -i /data/schlandals/pwmc_benchmarks/instances/bayesian_networks/pcnf/munin/701.cnf compile | tr '\n' ' '",/data/schlandals/pwmc_benchmarks/instances/bayesian_networks/pcnf/munin/701.cnf,"Final circuit size: 353601 Estimated probability 0.00678745 (epsilon 0.000000006393850338071161) found in 531 seconds ",
1044,:,1737408826.000,24.000,0,92,0,0,"schlandals --timeout 600 -i /data/schlandals/pwmc_benchmarks/instances/bayesian_networks/pcnf/munin/1044.cnf compile | tr '\n' ' '",/data/schlandals/pwmc_benchmarks/instances/bayesian_networks/pcnf/munin/1044.cnf,"Final circuit size: 196973 Estimated probability 0.01433567 (epsilon 0) found in 22 seconds ",
714,:,1737408303.000,555.000,0,117,0,0,"schlandals --timeout 600 -i /data/schlandals/pwmc_benchmarks/instances/bayesian_networks/pcnf/munin/714.cnf compile | tr '\n' ' '",/data/schlandals/pwmc_benchmarks/instances/bayesian_networks/pcnf/munin/714.cnf,"Final circuit size: 344506 Estimated probability 0.02665602 (epsilon 0.00000002985385694209697) found in 514 seconds ",
1046,:,1737408827.000,39.000,0,92,0,0,"schlandals --timeout 600 -i /data/schlandals/pwmc_benchmarks/instances/bayesian_networks/pcnf/munin/1046.cnf compile | tr '\n' ' '",/data/schlandals/pwmc_benchmarks/instances/bayesian_networks/pcnf/munin/1046.cnf,"Final circuit size: 193689 Estimated probability 0.01393227 (epsilon 0) found in 37 seconds ",
1042,:,1737408826.000,41.000,0,92,0,0,"schlandals --timeout 600 -i /data/schlandals/pwmc_benchmarks/instances/bayesian_networks/pcnf/munin/1042.cnf compile | tr '\n' ' '",/data/schlandals/pwmc_benchmarks/instances/bayesian_networks/pcnf/munin/1042.cnf,"Final circuit size: 199298 Estimated probability 0.08169830 (epsilon 0) found in 39 seconds ",
1045,:,1737408827.000,40.000,0,92,0,0,"schlandals --timeout 600 -i /data/schlandals/pwmc_benchmarks/instances/bayesian_networks/pcnf/munin/1045.cnf compile | tr '\n' ' '",/data/schlandals/pwmc_benchmarks/instances/bayesian_networks/pcnf/munin/1045.cnf,"Final circuit size: 193689 Estimated probability 0.98606773 (epsilon 0) found in 38 seconds ",
1043,:,1737408826.000,42.000,0,92,0,0,"schlandals --timeout 600 -i /data/schlandals/pwmc_benchmarks/instances/bayesian_networks/pcnf/munin/1043.cnf compile | tr '\n' ' '",/data/schlandals/pwmc_benchmarks/instances/bayesian_networks/pcnf/munin/1043.cnf,"Final circuit size: 199631 Estimated probability 0.04404146 (epsilon 0) found in 40 seconds ",
1047,:,1737408833.000,36.000,0,92,0,0,"schlandals --timeout 600 -i /data/schlandals/pwmc_benchmarks/instances/bayesian_networks/pcnf/munin/1047.cnf compile | tr '\n' ' '",/data/schlandals/pwmc_benchmarks/instances/bayesian_networks/pcnf/munin/1047.cnf,"Final circuit size: 196199 Estimated probability 0.86445284 (epsilon 0) found in 34 seconds ",
721,:,1737408321.000,551.000,0,118,0,0,"schlandals --timeout 600 -i /data/schlandals/pwmc_benchmarks/instances/bayesian_networks/pcnf/munin/721.cnf compile | tr '\n' ' '",/data/schlandals/pwmc_benchmarks/instances/bayesian_networks/pcnf/munin/721.cnf,"Final circuit size: 346150 Estimated probability 0.09994594 (epsilon 0.000000007962153825147311) found in 511 seconds ",
702,:,1737408283.000,589.000,0,117,0,0,"schlandals --timeout 600 -i /data/schlandals/pwmc_benchmarks/instances/bayesian_networks/pcnf/munin/702.cnf compile | tr '\n' ' '",/data/schlandals/pwmc_benchmarks/instances/bayesian_networks/pcnf/munin/702.cnf,"Final circuit size: 344975 Estimated probability 0.00074757 (epsilon 0.00000021564079832891991) found in 549 seconds ",
1048,:,1737408833.000,41.000,0,92,0,0,"schlandals --timeout 600 -i /data/schlandals/pwmc_benchmarks/instances/bayesian_networks/pcnf/munin/1048.cnf compile | tr '\n' ' '",/data/schlandals/pwmc_benchmarks/instances/bayesian_networks/pcnf/munin/1048.cnf,"Final circuit size: 196199 Estimated probability 0.13554716 (epsilon 0) found in 38 seconds ",
719,:,1737408312.000,572.000,0,118,0,0,"schlandals --timeout 600 -i /data/schlandals/pwmc_benchmarks/instances/bayesian_networks/pcnf/munin/719.cnf compile | tr '\n' ' '",/data/schlandals/pwmc_benchmarks/instances/bayesian_networks/pcnf/munin/719.cnf,"Final circuit size: 343821 Estimated probability 0.18864221 (epsilon 0.000000004218488669494036) found in 547 seconds ",
1051,:,1737408850.000,43.000,0,116,0,0,"schlandals --timeout 600 -i /data/schlandals/pwmc_benchmarks/instances/bayesian_networks/pcnf/munin/1051.cnf compile | tr '\n' ' '",/data/schlandals/pwmc_benchmarks/instances/bayesian_networks/pcnf/munin/1051.cnf,"Final circuit size: 29788 Estimated probability 0.00204128 (epsilon 0.000000008183767663538788) found in 31 seconds ",
712,:,1737408303.000,596.000,0,117,0,0,"schlandals --timeout 600 -i /data/schlandals/pwmc_benchmarks/instances/bayesian_networks/pcnf/munin/712.cnf compile | tr '\n' ' '",/data/schlandals/pwmc_benchmarks/instances/bayesian_networks/pcnf/munin/712.cnf,"Final circuit size: 344481 Estimated probability 0.00868036 (epsilon 0.00000009167647041508076) found in 556 seconds ",
716,:,1737408309.000,602.000,0,118,0,0,"schlandals --timeout 600 -i /data/schlandals/pwmc_benchmarks/instances/bayesian_networks/pcnf/munin/716.cnf compile | tr '\n' ' '",/data/schlandals/pwmc_benchmarks/instances/bayesian_networks/pcnf/munin/716.cnf,"Final circuit size: 342696 Estimated probability 0.09492341 (epsilon 0.000000008383443050874462) found in 564 seconds ",
705,:,1737408285.000,627.000,0,116,0,0,"schlandals --timeout 600 -i /data/schlandals/pwmc_benchmarks/instances/bayesian_networks/pcnf/munin/705.cnf compile | tr '\n' ' '",/data/schlandals/pwmc_benchmarks/instances/bayesian_networks/pcnf/munin/705.cnf,"Final circuit size: 345086 Estimated probability 0.00117226 (epsilon 0.0000001375171165829414) found in 587 seconds ",
710,:,1737408297.000,617.000,0,117,0,0,"schlandals --timeout 600 -i /data/schlandals/pwmc_benchmarks/instances/bayesian_networks/pcnf/munin/710.cnf compile | tr '\n' ' '",/data/schlandals/pwmc_benchmarks/instances/bayesian_networks/pcnf/munin/710.cnf,"Final circuit size: 349900 Estimated probability 0.00411874 (epsilon 0.00000019321058641885713) found in 578 seconds ",
709,:,1737408296.000,623.000,0,111,0,0,"schlandals --timeout 600 -i /data/schlandals/pwmc_benchmarks/instances/bayesian_networks/pcnf/munin/709.cnf compile | tr '\n' ' '",/data/schlandals/pwmc_benchmarks/instances/bayesian_networks/pcnf/munin/709.cnf,"Final circuit size: 321197 Estimated probability 0.00296562 (epsilon 0.20990823025748107) found in 599 seconds ",
703,:,1737408284.000,636.000,0,110,0,0,"schlandals --timeout 600 -i /data/schlandals/pwmc_benchmarks/instances/bayesian_networks/pcnf/munin/703.cnf compile | tr '\n' ' '",/data/schlandals/pwmc_benchmarks/instances/bayesian_networks/pcnf/munin/703.cnf,"Final circuit size: 335325 Estimated probability 0.00088874 (epsilon 0.5707942718228731) found in 600 seconds ",
713,:,1737408303.000,617.000,0,118,0,0,"schlandals --timeout 600 -i /data/schlandals/pwmc_benchmarks/instances/bayesian_networks/pcnf/munin/713.cnf compile | tr '\n' ' '",/data/schlandals/pwmc_benchmarks/instances/bayesian_networks/pcnf/munin/713.cnf,"Final circuit size: 345981 Estimated probability 0.01426767 (epsilon 0.000000055775379870226516) found in 578 seconds ",
704,:,1737408284.000,637.000,0,110,0,0,"schlandals --timeout 600 -i /data/schlandals/pwmc_benchmarks/instances/bayesian_networks/pcnf/munin/704.cnf compile | tr '\n' ' '",/data/schlandals/pwmc_benchmarks/instances/bayesian_networks/pcnf/munin/704.cnf,"Final circuit size: 323686 Estimated probability 0.00102427 (epsilon 0.5199941002928901) found in 600 seconds ",
1052,:,1737408858.000,70.000,0,115,0,0,"schlandals --timeout 600 -i /data/schlandals/pwmc_benchmarks/instances/bayesian_networks/pcnf/munin/1052.cnf compile | tr '\n' ' '",/data/schlandals/pwmc_benchmarks/instances/bayesian_networks/pcnf/munin/1052.cnf,"Final circuit size: 32005 Estimated probability 0.00264462 (epsilon 0.00000001845519559395825) found in 51 seconds ",
711,:,1737408298.000,635.000,0,111,0,0,"schlandals --timeout 600 -i /data/schlandals/pwmc_benchmarks/instances/bayesian_networks/pcnf/munin/711.cnf compile | tr '\n' ' '",/data/schlandals/pwmc_benchmarks/instances/bayesian_networks/pcnf/munin/711.cnf,"Final circuit size: 319894 Estimated probability 0.00583056 (epsilon 0.11173584718988905) found in 600 seconds ",
1053,:,1737408866.000,68.000,0,115,0,0,"schlandals --timeout 600 -i /data/schlandals/pwmc_benchmarks/instances/bayesian_networks/pcnf/munin/1053.cnf compile | tr '\n' ' '",/data/schlandals/pwmc_benchmarks/instances/bayesian_networks/pcnf/munin/1053.cnf,"Final circuit size: 33857 Estimated probability 0.00875773 (epsilon 0.00000003046795149508341) found in 49 seconds ",
1055,:,1737408867.000,69.000,0,117,0,0,"schlandals --timeout 600 -i /data/schlandals/pwmc_benchmarks/instances/bayesian_networks/pcnf/munin/1055.cnf compile | tr '\n' ' '",/data/schlandals/pwmc_benchmarks/instances/bayesian_networks/pcnf/munin/1055.cnf,"Final circuit size: 34546 Estimated probability 0.11213438 (epsilon 0.0000000030641487125393496) found in 50 seconds ",
1054,:,1737408867.000,70.000,0,115,0,0,"schlandals --timeout 600 -i /data/schlandals/pwmc_benchmarks/instances/bayesian_networks/pcnf/munin/1054.cnf compile | tr '\n' ' '",/data/schlandals/pwmc_benchmarks/instances/bayesian_networks/pcnf/munin/1054.cnf,"Final circuit size: 34950 Estimated probability 0.01651077 (epsilon 0.00000001616097677903383) found in 50 seconds ",
1050,:,1737408849.000,89.000,0,116,0,0,"schlandals --timeout 600 -i /data/schlandals/pwmc_benchmarks/instances/bayesian_networks/pcnf/munin/1050.cnf compile | tr '\n' ' '",/data/schlandals/pwmc_benchmarks/instances/bayesian_networks/pcnf/munin/1050.cnf,"Final circuit size: 24471 Estimated probability 0.00133438 (epsilon 0.000000007321282247119143) found in 62 seconds ",
1056,:,1737408868.000,71.000,0,117,0,0,"schlandals --timeout 600 -i /data/schlandals/pwmc_benchmarks/instances/bayesian_networks/pcnf/munin/1056.cnf compile | tr '\n' ' '",/data/schlandals/pwmc_benchmarks/instances/bayesian_networks/pcnf/munin/1056.cnf,"Final circuit size: 34557 Estimated probability 0.37152209 (epsilon 0.0000000009248344312595691) found in 51 seconds ",
1057,:,1737408869.000,70.000,0,117,0,0,"schlandals --timeout 600 -i /data/schlandals/pwmc_benchmarks/instances/bayesian_networks/pcnf/munin/1057.cnf compile | tr '\n' ' '",/data/schlandals/pwmc_benchmarks/instances/bayesian_networks/pcnf/munin/1057.cnf,"Final circuit size: 34105 Estimated probability 0.32753772 (epsilon 0.0000000010490286417308425) found in 51 seconds ",
1059,:,1737408872.000,71.000,0,116,0,0,"schlandals --timeout 600 -i /data/schlandals/pwmc_benchmarks/instances/bayesian_networks/pcnf/munin/1059.cnf compile | tr '\n' ' '",/data/schlandals/pwmc_benchmarks/instances/bayesian_networks/pcnf/munin/1059.cnf,"Final circuit size: 33851 Estimated probability 0.03047619 (epsilon 0.000000011046674019965508) found in 51 seconds ",
1058,:,1737408872.000,71.000,0,116,0,0,"schlandals --timeout 600 -i /data/schlandals/pwmc_benchmarks/instances/bayesian_networks/pcnf/munin/1058.cnf compile | tr '\n' ' '",/data/schlandals/pwmc_benchmarks/instances/bayesian_networks/pcnf/munin/1058.cnf,"Final circuit size: 33913 Estimated probability 0.12262869 (epsilon 0.000000002801925358397739) found in 52 seconds ",
1060,:,1737408874.000,71.000,0,115,0,0,"schlandals --timeout 600 -i /data/schlandals/pwmc_benchmarks/instances/bayesian_networks/pcnf/munin/1060.cnf compile | tr '\n' ' '",/data/schlandals/pwmc_benchmarks/instances/bayesian_networks/pcnf/munin/1060.cnf,"Final circuit size: 33149 Estimated probability 0.00246406 (epsilon 0.00000004342031156845394) found in 52 seconds ",
718,:,1737408312.000,636.000,0,118,0,0,"schlandals --timeout 600 -i /data/schlandals/pwmc_benchmarks/instances/bayesian_networks/pcnf/munin/718.cnf compile | tr '\n' ' '",/data/schlandals/pwmc_benchmarks/instances/bayesian_networks/pcnf/munin/718.cnf,"Final circuit size: 339958 Estimated probability 0.18589752 (epsilon 0.000000004280772625264717) found in 597 seconds ",
1082,:,1737408948.000,1.000,0,89,0,0,"schlandals --timeout 600 -i /data/schlandals/pwmc_benchmarks/instances/bayesian_networks/pcnf/munin/1082.cnf compile | tr '\n' ' '",/data/schlandals/pwmc_benchmarks/instances/bayesian_networks/pcnf/munin/1082.cnf,"Final circuit size: 1156 Estimated probability 0.00009801 (epsilon 0) found in 0 seconds ",
1081,:,1737408945.000,6.000,0,88,0,0,"schlandals --timeout 600 -i /data/schlandals/pwmc_benchmarks/instances/bayesian_networks/pcnf/munin/1081.cnf compile | tr '\n' ' '",/data/schlandals/pwmc_benchmarks/instances/bayesian_networks/pcnf/munin/1081.cnf,"Final circuit size: 535 Estimated probability 0.00001812 (epsilon 0) found in 3 seconds ",
1083,:,1737408949.000,2.000,0,89,0,0,"schlandals --timeout 600 -i /data/schlandals/pwmc_benchmarks/instances/bayesian_networks/pcnf/munin/1083.cnf compile | tr '\n' ' '",/data/schlandals/pwmc_benchmarks/instances/bayesian_networks/pcnf/munin/1083.cnf,"Final circuit size: 1599 Estimated probability 0.00143976 (epsilon 0) found in 0 seconds ",
1084,:,1737408951.000,1.000,0,115,0,0,"schlandals --timeout 600 -i /data/schlandals/pwmc_benchmarks/instances/bayesian_networks/pcnf/munin/1084.cnf compile | tr '\n' ' '",/data/schlandals/pwmc_benchmarks/instances/bayesian_networks/pcnf/munin/1084.cnf,"Final circuit size: 1770 Estimated probability 0.09409818 (epsilon 0.0000000017279311315121504) found in 0 seconds ",
1085,:,1737408951.000,1.000,0,115,0,0,"schlandals --timeout 600 -i /data/schlandals/pwmc_benchmarks/instances/bayesian_networks/pcnf/munin/1085.cnf compile | tr '\n' ' '",/data/schlandals/pwmc_benchmarks/instances/bayesian_networks/pcnf/munin/1085.cnf,"Final circuit size: 1843 Estimated probability 0.42413788 (epsilon 0.0000000003887796751200767) found in 0 seconds ",
1086,:,1737408952.000,1.000,0,115,0,0,"schlandals --timeout 600 -i /data/schlandals/pwmc_benchmarks/instances/bayesian_networks/pcnf/munin/1086.cnf compile | tr '\n' ' '",/data/schlandals/pwmc_benchmarks/instances/bayesian_networks/pcnf/munin/1086.cnf,"Final circuit size: 1828 Estimated probability 0.34405241 (epsilon 0.0000000004792763963479274) found in 0 seconds ",
1087,:,1737408952.000,2.000,0,115,0,0,"schlandals --timeout 600 -i /data/schlandals/pwmc_benchmarks/instances/bayesian_networks/pcnf/munin/1087.cnf compile | tr '\n' ' '",/data/schlandals/pwmc_benchmarks/instances/bayesian_networks/pcnf/munin/1087.cnf,"Final circuit size: 1784 Estimated probability 0.10035092 (epsilon 0.0000000016431953575590796) found in 0 seconds ",
1088,:,1737408953.000,2.000,0,114,0,0,"schlandals --timeout 600 -i /data/schlandals/pwmc_benchmarks/instances/bayesian_networks/pcnf/munin/1088.cnf compile | tr '\n' ' '",/data/schlandals/pwmc_benchmarks/instances/bayesian_networks/pcnf/munin/1088.cnf,"Final circuit size: 1666 Estimated probability 0.02302651 (epsilon 0.000000007161145232359445) found in 0 seconds ",
1089,:,1737408954.000,1.000,0,114,0,0,"schlandals --timeout 600 -i /data/schlandals/pwmc_benchmarks/instances/bayesian_networks/pcnf/munin/1089.cnf compile | tr '\n' ' '",/data/schlandals/pwmc_benchmarks/instances/bayesian_networks/pcnf/munin/1089.cnf,"Final circuit size: 1688 Estimated probability 0.00679683 (epsilon 0.000000024260743414217245) found in 0 seconds ",
1090,:,1737408955.000,1.000,0,114,0,0,"schlandals --timeout 600 -i /data/schlandals/pwmc_benchmarks/instances/bayesian_networks/pcnf/munin/1090.cnf compile | tr '\n' ' '",/data/schlandals/pwmc_benchmarks/instances/bayesian_networks/pcnf/munin/1090.cnf,"Final circuit size: 1605 Estimated probability 0.00342551 (epsilon 0.000000048137630548339416) found in 0 seconds ",
1091,:,1737408955.000,1.000,0,113,0,0,"schlandals --timeout 600 -i /data/schlandals/pwmc_benchmarks/instances/bayesian_networks/pcnf/munin/1091.cnf compile | tr '\n' ' '",/data/schlandals/pwmc_benchmarks/instances/bayesian_networks/pcnf/munin/1091.cnf,"Final circuit size: 1501 Estimated probability 0.00186669 (epsilon 0.00000008833624431936471) found in 0 seconds ",
1092,:,1737408956.000,2.000,0,114,0,0,"schlandals --timeout 600 -i /data/schlandals/pwmc_benchmarks/instances/bayesian_networks/pcnf/munin/1092.cnf compile | tr '\n' ' '",/data/schlandals/pwmc_benchmarks/instances/bayesian_networks/pcnf/munin/1092.cnf,"Final circuit size: 1345 Estimated probability 0.00068919 (epsilon 0.000000004864303848606255) found in 0 seconds ",
931,:,1737408576.000,427.000,0,91,0,0,"schlandals --timeout 600 -i /data/schlandals/pwmc_benchmarks/instances/bayesian_networks/pcnf/munin/931.cnf compile | tr '\n' ' '",/data/schlandals/pwmc_benchmarks/instances/bayesian_networks/pcnf/munin/931.cnf,"Final circuit size: 8124 Estimated probability 0.00791147 (epsilon 0) found in 223 seconds ",
1068,:,1737408920.000,120.000,0,115,0,0,"schlandals --timeout 600 -i /data/schlandals/pwmc_benchmarks/instances/bayesian_networks/pcnf/munin/1068.cnf compile | tr '\n' ' '",/data/schlandals/pwmc_benchmarks/instances/bayesian_networks/pcnf/munin/1068.cnf,"Final circuit size: 42924 Estimated probability 0.00273356 (epsilon 0.00000003012492011400525) found in 82 seconds ",
627,:,1737407996.000,1096.000,0,106,0,0,"schlandals --timeout 600 -i /data/schlandals/pwmc_benchmarks/instances/bayesian_networks/pcnf/munin/627.cnf compile | tr '\n' ' '",/data/schlandals/pwmc_benchmarks/instances/bayesian_networks/pcnf/munin/627.cnf,"Final circuit size: 612 Estimated probability 0.00069341 (epsilon 8.556800073582806) found in 599 seconds ",
1041,:,1737408826.000,269.000,0,93,0,0,"schlandals --timeout 600 -i /data/schlandals/pwmc_benchmarks/instances/bayesian_networks/pcnf/munin/1041.cnf compile | tr '\n' ' '",/data/schlandals/pwmc_benchmarks/instances/bayesian_networks/pcnf/munin/1041.cnf,"Final circuit size: 177674 Estimated probability 0.85992458 (epsilon 0) found in 167 seconds ",
1065,:,1737408912.000,184.000,0,117,0,0,"schlandals --timeout 600 -i /data/schlandals/pwmc_benchmarks/instances/bayesian_networks/pcnf/munin/1065.cnf compile | tr '\n' ' '",/data/schlandals/pwmc_benchmarks/instances/bayesian_networks/pcnf/munin/1065.cnf,"Final circuit size: 43174 Estimated probability 0.00400728 (epsilon 0.000000020549649093482003) found in 132 seconds ",
1097,:,1737409092.000,7.000,0,115,0,0,"schlandals --timeout 600 -i /data/schlandals/pwmc_benchmarks/instances/bayesian_networks/pcnf/munin/1097.cnf compile | tr '\n' ' '",/data/schlandals/pwmc_benchmarks/instances/bayesian_networks/pcnf/munin/1097.cnf,"Final circuit size: 10010 Estimated probability 0.00128217 (epsilon 0.000000025691834659724577) found in 5 seconds ",
1098,:,1737409095.000,7.000,0,113,0,0,"schlandals --timeout 600 -i /data/schlandals/pwmc_benchmarks/instances/bayesian_networks/pcnf/munin/1098.cnf compile | tr '\n' ' '",/data/schlandals/pwmc_benchmarks/instances/bayesian_networks/pcnf/munin/1098.cnf,"Final circuit size: 9940 Estimated probability 0.00124232 (epsilon 0.00000002651589992019865) found in 5 seconds ",
1099,:,1737409096.000,7.000,0,113,0,0,"schlandals --timeout 600 -i /data/schlandals/pwmc_benchmarks/instances/bayesian_networks/pcnf/munin/1099.cnf compile | tr '\n' ' '",/data/schlandals/pwmc_benchmarks/instances/bayesian_networks/pcnf/munin/1099.cnf,"Final circuit size: 10032 Estimated probability 0.00132358 (epsilon 0.0000000374645612311042) found in 5 seconds ",
1070,:,1737408921.000,184.000,0,116,0,0,"schlandals --timeout 600 -i /data/schlandals/pwmc_benchmarks/instances/bayesian_networks/pcnf/munin/1070.cnf compile | tr '\n' ' '",/data/schlandals/pwmc_benchmarks/instances/bayesian_networks/pcnf/munin/1070.cnf,"Final circuit size: 42959 Estimated probability 0.00581819 (epsilon 0.00000007184896766432303) found in 133 seconds ",
1066,:,1737408914.000,191.000,0,116,0,0,"schlandals --timeout 600 -i /data/schlandals/pwmc_benchmarks/instances/bayesian_networks/pcnf/munin/1066.cnf compile | tr '\n' ' '",/data/schlandals/pwmc_benchmarks/instances/bayesian_networks/pcnf/munin/1066.cnf,"Final circuit size: 42788 Estimated probability 0.00343517 (epsilon 0.00000002397212361948675) found in 136 seconds ",
1100,:,1737409099.000,6.000,0,114,0,0,"schlandals --timeout 600 -i /data/schlandals/pwmc_benchmarks/instances/bayesian_networks/pcnf/munin/1100.cnf compile | tr '\n' ' '",/data/schlandals/pwmc_benchmarks/instances/bayesian_networks/pcnf/munin/1100.cnf,"Final circuit size: 10178 Estimated probability 0.00154640 (epsilon 0.00000010388131221894525) found in 5 seconds ",
1101,:,1737409102.000,6.000,0,114,0,0,"schlandals --timeout 600 -i /data/schlandals/pwmc_benchmarks/instances/bayesian_networks/pcnf/munin/1101.cnf compile | tr '\n' ' '",/data/schlandals/pwmc_benchmarks/instances/bayesian_networks/pcnf/munin/1101.cnf,"Final circuit size: 10077 Estimated probability 0.00194372 (epsilon 0.00000008264644635325169) found in 4 seconds ",
1067,:,1737408919.000,190.000,0,116,0,0,"schlandals --timeout 600 -i /data/schlandals/pwmc_benchmarks/instances/bayesian_networks/pcnf/munin/1067.cnf compile | tr '\n' ' '",/data/schlandals/pwmc_benchmarks/instances/bayesian_networks/pcnf/munin/1067.cnf,"Final circuit size: 43424 Estimated probability 0.00271596 (epsilon 0.00000003032017836801515) found in 137 seconds ",
1102,:,1737409103.000,6.000,0,114,0,0,"schlandals --timeout 600 -i /data/schlandals/pwmc_benchmarks/instances/bayesian_networks/pcnf/munin/1102.cnf compile | tr '\n' ' '",/data/schlandals/pwmc_benchmarks/instances/bayesian_networks/pcnf/munin/1102.cnf,"Final circuit size: 10101 Estimated probability 0.00362106 (epsilon 0.00000017058002033110142) found in 5 seconds ",
1103,:,1737409105.000,6.000,0,114,0,0,"schlandals --timeout 600 -i /data/schlandals/pwmc_benchmarks/instances/bayesian_networks/pcnf/munin/1103.cnf compile | tr '\n' ' '",/data/schlandals/pwmc_benchmarks/instances/bayesian_networks/pcnf/munin/1103.cnf,"Final circuit size: 10304 Estimated probability 0.00715175 (epsilon 0.00000008636782444781943) found in 5 seconds ",
1105,:,1737409105.000,7.000,0,114,0,0,"schlandals --timeout 600 -i /data/schlandals/pwmc_benchmarks/instances/bayesian_networks/pcnf/munin/1105.cnf compile | tr '\n' ' '",/data/schlandals/pwmc_benchmarks/instances/bayesian_networks/pcnf/munin/1105.cnf,"Final circuit size: 10169 Estimated probability 0.04287897 (epsilon 0.00000001440522323647997) found in 5 seconds ",
1104,:,1737409105.000,7.000,0,114,0,0,"schlandals --timeout 600 -i /data/schlandals/pwmc_benchmarks/instances/bayesian_networks/pcnf/munin/1104.cnf compile | tr '\n' ' '",/data/schlandals/pwmc_benchmarks/instances/bayesian_networks/pcnf/munin/1104.cnf,"Final circuit size: 10222 Estimated probability 0.01436789 (epsilon 0.00000004299037925648008) found in 5 seconds ",
1069,:,1737408920.000,193.000,0,116,0,0,"schlandals --timeout 600 -i /data/schlandals/pwmc_benchmarks/instances/bayesian_networks/pcnf/munin/1069.cnf compile | tr '\n' ' '",/data/schlandals/pwmc_benchmarks/instances/bayesian_networks/pcnf/munin/1069.cnf,"Final circuit size: 43409 Estimated probability 0.00388353 (epsilon 0.00000002120447351039445) found in 137 seconds ",
1106,:,1737409108.000,7.000,0,114,0,0,"schlandals --timeout 600 -i /data/schlandals/pwmc_benchmarks/instances/bayesian_networks/pcnf/munin/1106.cnf compile | tr '\n' ' '",/data/schlandals/pwmc_benchmarks/instances/bayesian_networks/pcnf/munin/1106.cnf,"Final circuit size: 10161 Estimated probability 0.10302540 (epsilon 0.00000000584311421469863) found in 5 seconds ",
1107,:,1737409109.000,6.000,0,116,0,0,"schlandals --timeout 600 -i /data/schlandals/pwmc_benchmarks/instances/bayesian_networks/pcnf/munin/1107.cnf compile | tr '\n' ' '",/data/schlandals/pwmc_benchmarks/instances/bayesian_networks/pcnf/munin/1107.cnf,"Final circuit size: 10155 Estimated probability 0.20584522 (epsilon 0.0000000029244748844803325) found in 4 seconds ",
1108,:,1737409109.000,7.000,0,115,0,0,"schlandals --timeout 600 -i /data/schlandals/pwmc_benchmarks/instances/bayesian_networks/pcnf/munin/1108.cnf compile | tr '\n' ' '",/data/schlandals/pwmc_benchmarks/instances/bayesian_networks/pcnf/munin/1108.cnf,"Final circuit size: 10145 Estimated probability 0.24744940 (epsilon 0.000000002432776868843689) found in 5 seconds ",
1071,:,1737408928.000,188.000,0,115,0,0,"schlandals --timeout 600 -i /data/schlandals/pwmc_benchmarks/instances/bayesian_networks/pcnf/munin/1071.cnf compile | tr '\n' ' '",/data/schlandals/pwmc_benchmarks/instances/bayesian_networks/pcnf/munin/1071.cnf,"Final circuit size: 42819 Estimated probability 0.00764332 (epsilon 0.0000006150434546103867) found in 134 seconds ",
1073,:,1737408934.000,182.000,0,116,0,0,"schlandals --timeout 600 -i /data/schlandals/pwmc_benchmarks/instances/bayesian_networks/pcnf/munin/1073.cnf compile | tr '\n' ' '",/data/schlandals/pwmc_benchmarks/instances/bayesian_networks/pcnf/munin/1073.cnf,"Final circuit size: 42627 Estimated probability 0.02568078 (epsilon 0.00000018305426041642647) found in 133 seconds ",
1111,:,1737409112.000,5.000,0,115,0,0,"schlandals --timeout 600 -i /data/schlandals/pwmc_benchmarks/instances/bayesian_networks/pcnf/munin/1111.cnf compile | tr '\n' ' '",/data/schlandals/pwmc_benchmarks/instances/bayesian_networks/pcnf/munin/1111.cnf,"Final circuit size: 10217 Estimated probability 0.04092602 (epsilon 0.000000014302470985327886) found in 3 seconds ",
1109,:,1737409111.000,7.000,0,115,0,0,"schlandals --timeout 600 -i /data/schlandals/pwmc_benchmarks/instances/bayesian_networks/pcnf/munin/1109.cnf compile | tr '\n' ' '",/data/schlandals/pwmc_benchmarks/instances/bayesian_networks/pcnf/munin/1109.cnf,"Final circuit size: 10083 Estimated probability 0.20223135 (epsilon 0.000000002894423367649779) found in 5 seconds ",
1110,:,1737409112.000,7.000,0,115,0,0,"schlandals --timeout 600 -i /data/schlandals/pwmc_benchmarks/instances/bayesian_networks/pcnf/munin/1110.cnf compile | tr '\n' ' '",/data/schlandals/pwmc_benchmarks/instances/bayesian_networks/pcnf/munin/1110.cnf,"Final circuit size: 10248 Estimated probability 0.10043013 (epsilon 0.000000005828362015236621) found in 5 seconds ",
1112,:,1737409113.000,7.000,0,114,0,0,"schlandals --timeout 600 -i /data/schlandals/pwmc_benchmarks/instances/bayesian_networks/pcnf/munin/1112.cnf compile | tr '\n' ' '",/data/schlandals/pwmc_benchmarks/instances/bayesian_networks/pcnf/munin/1112.cnf,"Final circuit size: 10055 Estimated probability 0.01476974 (epsilon 0.00000003211219135046406) found in 5 seconds ",
1072,:,1737408933.000,189.000,0,114,0,0,"schlandals --timeout 600 -i /data/schlandals/pwmc_benchmarks/instances/bayesian_networks/pcnf/munin/1072.cnf compile | tr '\n' ' '",/data/schlandals/pwmc_benchmarks/instances/bayesian_networks/pcnf/munin/1072.cnf,"Final circuit size: 43401 Estimated probability 0.01094498 (epsilon 0.000000429509766197711) found in 138 seconds ",
1113,:,1737409115.000,8.000,0,90,0,0,"schlandals --timeout 600 -i /data/schlandals/pwmc_benchmarks/instances/bayesian_networks/pcnf/munin/1113.cnf compile | tr '\n' ' '",/data/schlandals/pwmc_benchmarks/instances/bayesian_networks/pcnf/munin/1113.cnf,"Final circuit size: 25897 Estimated probability 0.01379442 (epsilon 0) found in 6 seconds ",
1074,:,1737408936.000,188.000,0,116,0,0,"schlandals --timeout 600 -i /data/schlandals/pwmc_benchmarks/instances/bayesian_networks/pcnf/munin/1074.cnf compile | tr '\n' ' '",/data/schlandals/pwmc_benchmarks/instances/bayesian_networks/pcnf/munin/1074.cnf,"Final circuit size: 42565 Estimated probability 0.06003930 (epsilon 0.00000007829831716321678) found in 135 seconds ",
1076,:,1737408938.000,186.000,0,115,0,0,"schlandals --timeout 600 -i /data/schlandals/pwmc_benchmarks/instances/bayesian_networks/pcnf/munin/1076.cnf compile | tr '\n' ' '",/data/schlandals/pwmc_benchmarks/instances/bayesian_networks/pcnf/munin/1076.cnf,"Final circuit size: 43198 Estimated probability 0.19968718 (epsilon 0.0000000235417045857389) found in 138 seconds ",
1075,:,1737408937.000,188.000,0,117,0,0,"schlandals --timeout 600 -i /data/schlandals/pwmc_benchmarks/instances/bayesian_networks/pcnf/munin/1075.cnf compile | tr '\n' ' '",/data/schlandals/pwmc_benchmarks/instances/bayesian_networks/pcnf/munin/1075.cnf,"Final circuit size: 42846 Estimated probability 0.13757367 (epsilon 0.000000034170612783768206) found in 135 seconds ",
1114,:,1737409115.000,10.000,0,115,0,0,"schlandals --timeout 600 -i /data/schlandals/pwmc_benchmarks/instances/bayesian_networks/pcnf/munin/1114.cnf compile | tr '\n' ' '",/data/schlandals/pwmc_benchmarks/instances/bayesian_networks/pcnf/munin/1114.cnf,"Final circuit size: 25664 Estimated probability 0.00891710 (epsilon 0.000000026645727180252265) found in 8 seconds ",
1118,:,1737409117.000,8.000,0,114,0,0,"schlandals --timeout 600 -i /data/schlandals/pwmc_benchmarks/instances/bayesian_networks/pcnf/munin/1118.cnf compile | tr '\n' ' '",/data/schlandals/pwmc_benchmarks/instances/bayesian_networks/pcnf/munin/1118.cnf,"Final circuit size: 25626 Estimated probability 0.01419517 (epsilon 0.00000033463435156200205) found in 7 seconds ",
1117,:,1737409116.000,10.000,0,113,0,0,"schlandals --timeout 600 -i /data/schlandals/pwmc_benchmarks/instances/bayesian_networks/pcnf/munin/1117.cnf compile | tr '\n' ' '",/data/schlandals/pwmc_benchmarks/instances/bayesian_networks/pcnf/munin/1117.cnf,"Final circuit size: 25937 Estimated probability 0.01040289 (epsilon 0.0000000521513907614235) found in 8 seconds ",
1115,:,1737409116.000,10.000,0,115,0,0,"schlandals --timeout 600 -i /data/schlandals/pwmc_benchmarks/instances/bayesian_networks/pcnf/munin/1115.cnf compile | tr '\n' ' '",/data/schlandals/pwmc_benchmarks/instances/bayesian_networks/pcnf/munin/1115.cnf,"Final circuit size: 25662 Estimated probability 0.00815897 (epsilon 0.000000029121635991558037) found in 8 seconds ",
1116,:,1737409116.000,10.000,0,114,0,0,"schlandals --timeout 600 -i /data/schlandals/pwmc_benchmarks/instances/bayesian_networks/pcnf/munin/1116.cnf compile | tr '\n' ' '",/data/schlandals/pwmc_benchmarks/instances/bayesian_networks/pcnf/munin/1116.cnf,"Final circuit size: 25693 Estimated probability 0.00858451 (epsilon 0.00000006319811673982656) found in 8 seconds ",
1078,:,1737408939.000,189.000,0,117,0,0,"schlandals --timeout 600 -i /data/schlandals/pwmc_benchmarks/instances/bayesian_networks/pcnf/munin/1078.cnf compile | tr '\n' ' '",/data/schlandals/pwmc_benchmarks/instances/bayesian_networks/pcnf/munin/1078.cnf,"Final circuit size: 41982 Estimated probability 0.15349067 (epsilon 0.000000030627115288339724) found in 136 seconds ",
1119,:,1737409118.000,11.000,0,114,0,0,"schlandals --timeout 600 -i /data/schlandals/pwmc_benchmarks/instances/bayesian_networks/pcnf/munin/1119.cnf compile | tr '\n' ' '",/data/schlandals/pwmc_benchmarks/instances/bayesian_networks/pcnf/munin/1119.cnf,"Final circuit size: 25599 Estimated probability 0.02142489 (epsilon 0.00000022171363345258044) found in 9 seconds ",
1080,:,1737408943.000,190.000,0,116,0,0,"schlandals --timeout 600 -i /data/schlandals/pwmc_benchmarks/instances/bayesian_networks/pcnf/munin/1080.cnf compile | tr '\n' ' '",/data/schlandals/pwmc_benchmarks/instances/bayesian_networks/pcnf/munin/1080.cnf,"Final circuit size: 42072 Estimated probability 0.04903736 (epsilon 0.00000009586520843818391) found in 138 seconds ",
1077,:,1737408939.000,195.000,0,117,0,0,"schlandals --timeout 600 -i /data/schlandals/pwmc_benchmarks/instances/bayesian_networks/pcnf/munin/1077.cnf compile | tr '\n' ' '",/data/schlandals/pwmc_benchmarks/instances/bayesian_networks/pcnf/munin/1077.cnf,"Final circuit size: 42954 Estimated probability 0.22167404 (epsilon 0.000000021206707723209206) found in 141 seconds ",
1079,:,1737408943.000,191.000,0,116,0,0,"schlandals --timeout 600 -i /data/schlandals/pwmc_benchmarks/instances/bayesian_networks/pcnf/munin/1079.cnf compile | tr '\n' ' '",/data/schlandals/pwmc_benchmarks/instances/bayesian_networks/pcnf/munin/1079.cnf,"Final circuit size: 42652 Estimated probability 0.09296332 (epsilon 0.00000005056807728109902) found in 139 seconds ",
890,:,1737408506.000,634.000,0,109,0,0,"schlandals --timeout 600 -i /data/schlandals/pwmc_benchmarks/instances/bayesian_networks/pcnf/munin/890.cnf compile | tr '\n' ' '",/data/schlandals/pwmc_benchmarks/instances/bayesian_networks/pcnf/munin/890.cnf,"Final circuit size: 365059 Estimated probability 0.00776175 (epsilon 1.822329005975853) found in 600 seconds ",
884,:,1737408502.000,641.000,0,110,0,0,"schlandals --timeout 600 -i /data/schlandals/pwmc_benchmarks/instances/bayesian_networks/pcnf/munin/884.cnf compile | tr '\n' ' '",/data/schlandals/pwmc_benchmarks/instances/bayesian_networks/pcnf/munin/884.cnf,"Final circuit size: 388749 Estimated probability 0.00820914 (epsilon 1.7440635146482997) found in 600 seconds ",
1132,:,1737409128.000,16.000,0,114,0,0,"schlandals --timeout 600 -i /data/schlandals/pwmc_benchmarks/instances/bayesian_networks/pcnf/munin/1132.cnf compile | tr '\n' ' '",/data/schlandals/pwmc_benchmarks/instances/bayesian_networks/pcnf/munin/1132.cnf,"Final circuit size: 12650 Estimated probability 0.00315882 (epsilon 0.0000000214350941440955) found in 13 seconds ",
1133,:,1737409129.000,15.000,0,114,0,0,"schlandals --timeout 600 -i /data/schlandals/pwmc_benchmarks/instances/bayesian_networks/pcnf/munin/1133.cnf compile | tr '\n' ' '",/data/schlandals/pwmc_benchmarks/instances/bayesian_networks/pcnf/munin/1133.cnf,"Final circuit size: 12400 Estimated probability 0.00281626 (epsilon 0.0000000240423951858304) found in 13 seconds ",
888,:,1737408505.000,639.000,0,108,0,0,"schlandals --timeout 600 -i /data/schlandals/pwmc_benchmarks/instances/bayesian_networks/pcnf/munin/888.cnf compile | tr '\n' ' '",/data/schlandals/pwmc_benchmarks/instances/bayesian_networks/pcnf/munin/888.cnf,"Final circuit size: 381732 Estimated probability 0.00452809 (epsilon 2.58753438970672) found in 600 seconds ",
1134,:,1737409133.000,16.000,0,115,0,0,"schlandals --timeout 600 -i /data/schlandals/pwmc_benchmarks/instances/bayesian_networks/pcnf/munin/1134.cnf compile | tr '\n' ' '",/data/schlandals/pwmc_benchmarks/instances/bayesian_networks/pcnf/munin/1134.cnf,"Final circuit size: 12801 Estimated probability 0.00277121 (epsilon 0.00000003103786982983081) found in 13 seconds ",
1135,:,1737409134.000,15.000,0,114,0,0,"schlandals --timeout 600 -i /data/schlandals/pwmc_benchmarks/instances/bayesian_networks/pcnf/munin/1135.cnf compile | tr '\n' ' '",/data/schlandals/pwmc_benchmarks/instances/bayesian_networks/pcnf/munin/1135.cnf,"Final circuit size: 12746 Estimated probability 0.00274323 (epsilon 0.0000000313545005514726) found in 13 seconds ",
900,:,1737408517.000,633.000,0,110,0,0,"schlandals --timeout 600 -i /data/schlandals/pwmc_benchmarks/instances/bayesian_networks/pcnf/munin/900.cnf compile | tr '\n' ' '",/data/schlandals/pwmc_benchmarks/instances/bayesian_networks/pcnf/munin/900.cnf,"Final circuit size: 362575 Estimated probability 0.01821286 (epsilon 0.9920991963662067) found in 600 seconds ",
892,:,1737408506.000,644.000,0,110,0,0,"schlandals --timeout 600 -i /data/schlandals/pwmc_benchmarks/instances/bayesian_networks/pcnf/munin/892.cnf compile | tr '\n' ' '",/data/schlandals/pwmc_benchmarks/instances/bayesian_networks/pcnf/munin/892.cnf,"Final circuit size: 430536 Estimated probability 0.01675457 (epsilon 1.0489568970153211) found in 600 seconds ",
1136,:,1737409134.000,16.000,0,115,0,0,"schlandals --timeout 600 -i /data/schlandals/pwmc_benchmarks/instances/bayesian_networks/pcnf/munin/1136.cnf compile | tr '\n' ' '",/data/schlandals/pwmc_benchmarks/instances/bayesian_networks/pcnf/munin/1136.cnf,"Final circuit size: 12696 Estimated probability 0.00248359 (epsilon 0.00000003463237363554583) found in 14 seconds ",
886,:,1737408504.000,647.000,0,109,0,0,"schlandals --timeout 600 -i /data/schlandals/pwmc_benchmarks/instances/bayesian_networks/pcnf/munin/886.cnf compile | tr '\n' ' '",/data/schlandals/pwmc_benchmarks/instances/bayesian_networks/pcnf/munin/886.cnf,"Final circuit size: 382236 Estimated probability 0.00265914 (epsilon 3.606244587266408) found in 600 seconds ",
1137,:,1737409140.000,11.000,0,113,0,0,"schlandals --timeout 600 -i /data/schlandals/pwmc_benchmarks/instances/bayesian_networks/pcnf/munin/1137.cnf compile | tr '\n' ' '",/data/schlandals/pwmc_benchmarks/instances/bayesian_networks/pcnf/munin/1137.cnf,"Final circuit size: 12687 Estimated probability 0.00384536 (epsilon 0.0000001364002053527713) found in 9 seconds ",
891,:,1737408506.000,646.000,0,110,0,0,"schlandals --timeout 600 -i /data/schlandals/pwmc_benchmarks/instances/bayesian_networks/pcnf/munin/891.cnf compile | tr '\n' ' '",/data/schlandals/pwmc_benchmarks/instances/bayesian_networks/pcnf/munin/891.cnf,"Final circuit size: 441307 Estimated probability 0.01071954 (epsilon 1.4491741719780187) found in 600 seconds ",
1147,:,1737409151.000,1.000,0,89,0,0,"schlandals --timeout 600 -i /data/schlandals/pwmc_benchmarks/instances/bayesian_networks/pcnf/munin/1147.cnf compile | tr '\n' ' '",/data/schlandals/pwmc_benchmarks/instances/bayesian_networks/pcnf/munin/1147.cnf,"Final circuit size: 3828 Estimated probability 0.09733825 (epsilon 0) found in 0 seconds ",
1148,:,1737409151.000,1.000,0,89,0,0,"schlandals --timeout 600 -i /data/schlandals/pwmc_benchmarks/instances/bayesian_networks/pcnf/munin/1148.cnf compile | tr '\n' ' '",/data/schlandals/pwmc_benchmarks/instances/bayesian_networks/pcnf/munin/1148.cnf,"Final circuit size: 3840 Estimated probability 0.54820564 (epsilon 0) found in 0 seconds ",
1150,:,1737409152.000,1.000,0,89,0,0,"schlandals --timeout 600 -i /data/schlandals/pwmc_benchmarks/instances/bayesian_networks/pcnf/munin/1150.cnf compile | tr '\n' ' '",/data/schlandals/pwmc_benchmarks/instances/bayesian_networks/pcnf/munin/1150.cnf,"Final circuit size: 3976 Estimated probability 0.02552341 (epsilon 0) found in 0 seconds ",
1149,:,1737409152.000,1.000,0,89,0,0,"schlandals --timeout 600 -i /data/schlandals/pwmc_benchmarks/instances/bayesian_networks/pcnf/munin/1149.cnf compile | tr '\n' ' '",/data/schlandals/pwmc_benchmarks/instances/bayesian_networks/pcnf/munin/1149.cnf,"Final circuit size: 3792 Estimated probability 0.31676146 (epsilon 0) found in 0 seconds ",
887,:,1737408504.000,649.000,0,110,0,0,"schlandals --timeout 600 -i /data/schlandals/pwmc_benchmarks/instances/bayesian_networks/pcnf/munin/887.cnf compile | tr '\n' ' '",/data/schlandals/pwmc_benchmarks/instances/bayesian_networks/pcnf/munin/887.cnf,"Final circuit size: 551697 Estimated probability 0.00336668 (epsilon 3.1114536576367753) found in 600 seconds ",
893,:,1737408508.000,645.000,0,110,0,0,"schlandals --timeout 600 -i /data/schlandals/pwmc_benchmarks/instances/bayesian_networks/pcnf/munin/893.cnf compile | tr '\n' ' '",/data/schlandals/pwmc_benchmarks/instances/bayesian_networks/pcnf/munin/893.cnf,"Final circuit size: 368828 Estimated probability 0.03361511 (epsilon 0.6150319475735426) found in 600 seconds ",
1154,:,1737409153.000,1.000,0,89,0,0,"schlandals --timeout 600 -i /data/schlandals/pwmc_benchmarks/instances/bayesian_networks/pcnf/munin/1154.cnf compile | tr '\n' ' '",/data/schlandals/pwmc_benchmarks/instances/bayesian_networks/pcnf/munin/1154.cnf,"Final circuit size: 2810 Estimated probability 0.00047316 (epsilon 0) found in 0 seconds ",
1151,:,1737409153.000,1.000,0,89,0,0,"schlandals --timeout 600 -i /data/schlandals/pwmc_benchmarks/instances/bayesian_networks/pcnf/munin/1151.cnf compile | tr '\n' ' '",/data/schlandals/pwmc_benchmarks/instances/bayesian_networks/pcnf/munin/1151.cnf,"Final circuit size: 3646 Estimated probability 0.00278316 (epsilon 0) found in 0 seconds ",
899,:,1737408516.000,638.000,0,111,0,0,"schlandals --timeout 600 -i /data/schlandals/pwmc_benchmarks/instances/bayesian_networks/pcnf/munin/899.cnf compile | tr '\n' ' '",/data/schlandals/pwmc_benchmarks/instances/bayesian_networks/pcnf/munin/899.cnf,"Final circuit size: 367767 Estimated probability 0.05132286 (epsilon 0.43296873766063215) found in 600 seconds ",
1152,:,1737409153.000,1.000,0,89,0,0,"schlandals --timeout 600 -i /data/schlandals/pwmc_benchmarks/instances/bayesian_networks/pcnf/munin/1152.cnf compile | tr '\n' ' '",/data/schlandals/pwmc_benchmarks/instances/bayesian_networks/pcnf/munin/1152.cnf,"Final circuit size: 3678 Estimated probability 0.00304802 (epsilon 0) found in 0 seconds ",
1153,:,1737409153.000,1.000,0,89,0,0,"schlandals --timeout 600 -i /data/schlandals/pwmc_benchmarks/instances/bayesian_networks/pcnf/munin/1153.cnf compile | tr '\n' ' '",/data/schlandals/pwmc_benchmarks/instances/bayesian_networks/pcnf/munin/1153.cnf,"Final circuit size: 2895 Estimated probability 0.00244813 (epsilon 0) found in 0 seconds ",
1155,:,1737409153.000,1.000,0,89,0,0,"schlandals --timeout 600 -i /data/schlandals/pwmc_benchmarks/instances/bayesian_networks/pcnf/munin/1155.cnf compile | tr '\n' ' '",/data/schlandals/pwmc_benchmarks/instances/bayesian_networks/pcnf/munin/1155.cnf,"Final circuit size: 2868 Estimated probability 0.00029746 (epsilon 0) found in 0 seconds ",
898,:,1737408514.000,640.000,0,111,0,0,"schlandals --timeout 600 -i /data/schlandals/pwmc_benchmarks/instances/bayesian_networks/pcnf/munin/898.cnf compile | tr '\n' ' '",/data/schlandals/pwmc_benchmarks/instances/bayesian_networks/pcnf/munin/898.cnf,"Final circuit size: 372008 Estimated probability 0.12327992 (epsilon 0.19923223705236048) found in 600 seconds ",
1156,:,1737409154.000,1.000,0,89,0,0,"schlandals --timeout 600 -i /data/schlandals/pwmc_benchmarks/instances/bayesian_networks/pcnf/munin/1156.cnf compile | tr '\n' ' '",/data/schlandals/pwmc_benchmarks/instances/bayesian_networks/pcnf/munin/1156.cnf,"Final circuit size: 1907 Estimated probability 0.00059118 (epsilon 0) found in 0 seconds ",
1157,:,1737409154.000,1.000,0,89,0,0,"schlandals --timeout 600 -i /data/schlandals/pwmc_benchmarks/instances/bayesian_networks/pcnf/munin/1157.cnf compile | tr '\n' ' '",/data/schlandals/pwmc_benchmarks/instances/bayesian_networks/pcnf/munin/1157.cnf,"Final circuit size: 1907 Estimated probability 0.00057098 (epsilon 0) found in 0 seconds ",
1158,:,1737409154.000,1.000,0,89,0,0,"schlandals --timeout 600 -i /data/schlandals/pwmc_benchmarks/instances/bayesian_networks/pcnf/munin/1158.cnf compile | tr '\n' ' '",/data/schlandals/pwmc_benchmarks/instances/bayesian_networks/pcnf/munin/1158.cnf,"Final circuit size: 2930 Estimated probability 0.00195914 (epsilon 0) found in 0 seconds ",
889,:,1737408505.000,651.000,0,110,0,0,"schlandals --timeout 600 -i /data/schlandals/pwmc_benchmarks/instances/bayesian_networks/pcnf/munin/889.cnf compile | tr '\n' ' '",/data/schlandals/pwmc_benchmarks/instances/bayesian_networks/pcnf/munin/889.cnf,"Final circuit size: 414211 Estimated probability 0.00600573 (epsilon 2.1502508638379325) found in 600 seconds ",
895,:,1737408509.000,648.000,0,110,0,0,"schlandals --timeout 600 -i /data/schlandals/pwmc_benchmarks/instances/bayesian_networks/pcnf/munin/895.cnf compile | tr '\n' ' '",/data/schlandals/pwmc_benchmarks/instances/bayesian_networks/pcnf/munin/895.cnf,"Final circuit size: 504620 Estimated probability 0.15628797 (epsilon 0.1587146326450739) found in 600 seconds ",
1138,:,1737409143.000,15.000,0,115,0,0,"schlandals --timeout 600 -i /data/schlandals/pwmc_benchmarks/instances/bayesian_networks/pcnf/munin/1138.cnf compile | tr '\n' ' '",/data/schlandals/pwmc_benchmarks/instances/bayesian_networks/pcnf/munin/1138.cnf,"Final circuit size: 12938 Estimated probability 0.00693514 (epsilon 0.00000007563049897463259) found in 13 seconds ",
885,:,1737408502.000,656.000,0,110,0,0,"schlandals --timeout 600 -i /data/schlandals/pwmc_benchmarks/instances/bayesian_networks/pcnf/munin/885.cnf compile | tr '\n' ' '",/data/schlandals/pwmc_benchmarks/instances/bayesian_networks/pcnf/munin/885.cnf,"Final circuit size: 487358 Estimated probability 0.00242938 (epsilon 3.8015011336102287) found in 600 seconds ",
897,:,1737408512.000,648.000,0,111,0,0,"schlandals --timeout 600 -i /data/schlandals/pwmc_benchmarks/instances/bayesian_networks/pcnf/munin/897.cnf compile | tr '\n' ' '",/data/schlandals/pwmc_benchmarks/instances/bayesian_networks/pcnf/munin/897.cnf,"Final circuit size: 419803 Estimated probability 0.20337583 (epsilon 0.12406792624520913) found in 600 seconds ",
1139,:,1737409144.000,16.000,0,115,0,0,"schlandals --timeout 600 -i /data/schlandals/pwmc_benchmarks/instances/bayesian_networks/pcnf/munin/1139.cnf compile | tr '\n' ' '",/data/schlandals/pwmc_benchmarks/instances/bayesian_networks/pcnf/munin/1139.cnf,"Final circuit size: 12834 Estimated probability 0.01479920 (epsilon 0.00000032838666452761345) found in 13 seconds ",
1141,:,1737409144.000,16.000,0,116,0,0,"schlandals --timeout 600 -i /data/schlandals/pwmc_benchmarks/instances/bayesian_networks/pcnf/munin/1141.cnf compile | tr '\n' ' '",/data/schlandals/pwmc_benchmarks/instances/bayesian_networks/pcnf/munin/1141.cnf,"Final circuit size: 12676 Estimated probability 0.14360146 (epsilon 0.000000033646967656508764) found in 13 seconds ",
1140,:,1737409144.000,17.000,0,115,0,0,"schlandals --timeout 600 -i /data/schlandals/pwmc_benchmarks/instances/bayesian_networks/pcnf/munin/1140.cnf compile | tr '\n' ' '",/data/schlandals/pwmc_benchmarks/instances/bayesian_networks/pcnf/munin/1140.cnf,"Final circuit size: 12904 Estimated probability 0.04906721 (epsilon 0.00000009847214044178543) found in 14 seconds ",
1142,:,1737409149.000,16.000,0,115,0,0,"schlandals --timeout 600 -i /data/schlandals/pwmc_benchmarks/instances/bayesian_networks/pcnf/munin/1142.cnf compile | tr '\n' ' '",/data/schlandals/pwmc_benchmarks/instances/bayesian_networks/pcnf/munin/1142.cnf,"Final circuit size: 12567 Estimated probability 0.29315189 (epsilon 0.00000001648208325377709) found in 13 seconds ",
1143,:,1737409149.000,17.000,0,116,0,0,"schlandals --timeout 600 -i /data/schlandals/pwmc_benchmarks/instances/bayesian_networks/pcnf/munin/1143.cnf compile | tr '\n' ' '",/data/schlandals/pwmc_benchmarks/instances/bayesian_networks/pcnf/munin/1143.cnf,"Final circuit size: 12910 Estimated probability 0.28374014 (epsilon 0.000000016964293303445288) found in 14 seconds ",
1144,:,1737409150.000,16.000,0,116,0,0,"schlandals --timeout 600 -i /data/schlandals/pwmc_benchmarks/instances/bayesian_networks/pcnf/munin/1144.cnf compile | tr '\n' ' '",/data/schlandals/pwmc_benchmarks/instances/bayesian_networks/pcnf/munin/1144.cnf,"Final circuit size: 13013 Estimated probability 0.13754388 (epsilon 0.000000034995747855148807) found in 14 seconds ",
1145,:,1737409150.000,16.000,0,115,0,0,"schlandals --timeout 600 -i /data/schlandals/pwmc_benchmarks/instances/bayesian_networks/pcnf/munin/1145.cnf compile | tr '\n' ' '",/data/schlandals/pwmc_benchmarks/instances/bayesian_networks/pcnf/munin/1145.cnf,"Final circuit size: 12546 Estimated probability 0.03471644 (epsilon 0.00000013865044912186875) found in 13 seconds ",
896,:,1737408510.000,656.000,0,111,0,0,"schlandals --timeout 600 -i /data/schlandals/pwmc_benchmarks/instances/bayesian_networks/pcnf/munin/896.cnf compile | tr '\n' ' '",/data/schlandals/pwmc_benchmarks/instances/bayesian_networks/pcnf/munin/896.cnf,"Final circuit size: 450109 Estimated probability 0.21927512 (epsilon 0.11550680195548235) found in 600 seconds ",
1178,:,1737409166.000,1.000,0,88,0,0,"schlandals --timeout 600 -i /data/schlandals/pwmc_benchmarks/instances/bayesian_networks/pcnf/munin/1178.cnf compile | tr '\n' ' '",/data/schlandals/pwmc_benchmarks/instances/bayesian_networks/pcnf/munin/1178.cnf,"Final circuit size: 499 Estimated probability 0.02880794 (epsilon 0) found in 0 seconds ",
894,:,1737408508.000,659.000,0,110,0,0,"schlandals --timeout 600 -i /data/schlandals/pwmc_benchmarks/instances/bayesian_networks/pcnf/munin/894.cnf compile | tr '\n' ' '",/data/schlandals/pwmc_benchmarks/instances/bayesian_networks/pcnf/munin/894.cnf,"Final circuit size: 466040 Estimated probability 0.07847205 (epsilon 0.2972256787995766) found in 600 seconds ",
1179,:,1737409167.000,1.000,0,88,0,0,"schlandals --timeout 600 -i /data/schlandals/pwmc_benchmarks/instances/bayesian_networks/pcnf/munin/1179.cnf compile | tr '\n' ' '",/data/schlandals/pwmc_benchmarks/instances/bayesian_networks/pcnf/munin/1179.cnf,"Final circuit size: 506 Estimated probability 0.28241892 (epsilon 0) found in 0 seconds ",
1180,:,1737409167.000,1.000,0,88,0,0,"schlandals --timeout 600 -i /data/schlandals/pwmc_benchmarks/instances/bayesian_networks/pcnf/munin/1180.cnf compile | tr '\n' ' '",/data/schlandals/pwmc_benchmarks/instances/bayesian_networks/pcnf/munin/1180.cnf,"Final circuit size: 506 Estimated probability 0.51567683 (epsilon 0) found in 0 seconds ",
1146,:,1737409151.000,17.000,0,114,0,0,"schlandals --timeout 600 -i /data/schlandals/pwmc_benchmarks/instances/bayesian_networks/pcnf/munin/1146.cnf compile | tr '\n' ' '",/data/schlandals/pwmc_benchmarks/instances/bayesian_networks/pcnf/munin/1146.cnf,"Final circuit size: 12996 Estimated probability 0.00583510 (epsilon 0.0000008249125460491058) found in 15 seconds ",
1181,:,1737409168.000,0.000,0,88,0,0,"schlandals --timeout 600 -i /data/schlandals/pwmc_benchmarks/instances/bayesian_networks/pcnf/munin/1181.cnf compile | tr '\n' ' '",/data/schlandals/pwmc_benchmarks/instances/bayesian_networks/pcnf/munin/1181.cnf,"Final circuit size: 506 Estimated probability 0.16901953 (epsilon 0) found in 0 seconds ",
1182,:,1737409168.000,0.000,0,88,0,0,"schlandals --timeout 600 -i /data/schlandals/pwmc_benchmarks/instances/bayesian_networks/pcnf/munin/1182.cnf compile | tr '\n' ' '",/data/schlandals/pwmc_benchmarks/instances/bayesian_networks/pcnf/munin/1182.cnf,"Final circuit size: 506 Estimated probability 0.00320436 (epsilon 0) found in 0 seconds ",
1183,:,1737409168.000,1.000,0,88,0,0,"schlandals --timeout 600 -i /data/schlandals/pwmc_benchmarks/instances/bayesian_networks/pcnf/munin/1183.cnf compile | tr '\n' ' '",/data/schlandals/pwmc_benchmarks/instances/bayesian_networks/pcnf/munin/1183.cnf,"Final circuit size: 194 Estimated probability 0.00033095 (epsilon 0) found in 0 seconds ",
1184,:,1737409168.000,1.000,0,88,0,0,"schlandals --timeout 600 -i /data/schlandals/pwmc_benchmarks/instances/bayesian_networks/pcnf/munin/1184.cnf compile | tr '\n' ' '",/data/schlandals/pwmc_benchmarks/instances/bayesian_networks/pcnf/munin/1184.cnf,"Final circuit size: 158 Estimated probability 0.00034905 (epsilon 0) found in 0 seconds ",
1185,:,1737409168.000,1.000,0,88,0,0,"schlandals --timeout 600 -i /data/schlandals/pwmc_benchmarks/instances/bayesian_networks/pcnf/munin/1185.cnf compile | tr '\n' ' '",/data/schlandals/pwmc_benchmarks/instances/bayesian_networks/pcnf/munin/1185.cnf,"Final circuit size: 158 Estimated probability 0.00009437 (epsilon 0) found in 0 seconds ",
1186,:,1737409169.000,0.000,0,88,0,0,"schlandals --timeout 600 -i /data/schlandals/pwmc_benchmarks/instances/bayesian_networks/pcnf/munin/1186.cnf compile | tr '\n' ' '",/data/schlandals/pwmc_benchmarks/instances/bayesian_networks/pcnf/munin/1186.cnf,"Final circuit size: 158 Estimated probability 0.00001558 (epsilon 0) found in 0 seconds ",
1188,:,1737409169.000,1.000,0,87,0,0,"schlandals --timeout 600 -i /data/schlandals/pwmc_benchmarks/instances/bayesian_networks/pcnf/munin/1188.cnf compile | tr '\n' ' '",/data/schlandals/pwmc_benchmarks/instances/bayesian_networks/pcnf/munin/1188.cnf,"Final circuit size: 72 Estimated probability 0.00003293 (epsilon 0) found in 0 seconds ",
1187,:,1737409169.000,1.000,0,87,0,0,"schlandals --timeout 600 -i /data/schlandals/pwmc_benchmarks/instances/bayesian_networks/pcnf/munin/1187.cnf compile | tr '\n' ' '",/data/schlandals/pwmc_benchmarks/instances/bayesian_networks/pcnf/munin/1187.cnf,"Final circuit size: 72 Estimated probability 0.00003037 (epsilon 0) found in 0 seconds ",
1189,:,1737409169.000,1.000,0,87,0,0,"schlandals --timeout 600 -i /data/schlandals/pwmc_benchmarks/instances/bayesian_networks/pcnf/munin/1189.cnf compile | tr '\n' ' '",/data/schlandals/pwmc_benchmarks/instances/bayesian_networks/pcnf/munin/1189.cnf,"Final circuit size: 67 Estimated probability 0.00001918 (epsilon 0) found in 0 seconds ",
1125,:,1737409124.000,48.000,0,114,0,0,"schlandals --timeout 600 -i /data/schlandals/pwmc_benchmarks/instances/bayesian_networks/pcnf/munin/1125.cnf compile | tr '\n' ' '",/data/schlandals/pwmc_benchmarks/instances/bayesian_networks/pcnf/munin/1125.cnf,"Final circuit size: 20890 Estimated probability 0.03351345 (epsilon 0.0000001417398369785161) found in 33 seconds ",
1121,:,1737409120.000,55.000,0,116,0,0,"schlandals --timeout 600 -i /data/schlandals/pwmc_benchmarks/instances/bayesian_networks/pcnf/munin/1121.cnf compile | tr '\n' ' '",/data/schlandals/pwmc_benchmarks/instances/bayesian_networks/pcnf/munin/1121.cnf,"Final circuit size: 20827 Estimated probability 0.14283209 (epsilon 0.000000033257173459588785) found in 39 seconds ",
1120,:,1737409119.000,56.000,0,114,0,0,"schlandals --timeout 600 -i /data/schlandals/pwmc_benchmarks/instances/bayesian_networks/pcnf/munin/1120.cnf compile | tr '\n' ' '",/data/schlandals/pwmc_benchmarks/instances/bayesian_networks/pcnf/munin/1120.cnf,"Final circuit size: 21088 Estimated probability 0.05039852 (epsilon 0.0000000942526019453993) found in 39 seconds ",
1193,:,1737409172.000,4.000,0,115,0,0,"schlandals --timeout 600 -i /data/schlandals/pwmc_benchmarks/instances/bayesian_networks/pcnf/munin/1193.cnf compile | tr '\n' ' '",/data/schlandals/pwmc_benchmarks/instances/bayesian_networks/pcnf/munin/1193.cnf,"Final circuit size: 10808 Estimated probability 0.00102123 (epsilon 0.000000006621773573911582) found in 3 seconds ",
1123,:,1737409123.000,55.000,0,115,0,0,"schlandals --timeout 600 -i /data/schlandals/pwmc_benchmarks/instances/bayesian_networks/pcnf/munin/1123.cnf compile | tr '\n' ' '",/data/schlandals/pwmc_benchmarks/instances/bayesian_networks/pcnf/munin/1123.cnf,"Final circuit size: 21035 Estimated probability 0.27225408 (epsilon 0.00000001744764199784754) found in 38 seconds ",
1196,:,1737409176.000,3.000,0,116,0,0,"schlandals --timeout 600 -i /data/schlandals/pwmc_benchmarks/instances/bayesian_networks/pcnf/munin/1196.cnf compile | tr '\n' ' '",/data/schlandals/pwmc_benchmarks/instances/bayesian_networks/pcnf/munin/1196.cnf,"Final circuit size: 10547 Estimated probability 0.00137025 (epsilon 0.0000000049351109865369835) found in 2 seconds ",
1162,:,1737409154.000,25.000,0,116,0,0,"schlandals --timeout 600 -i /data/schlandals/pwmc_benchmarks/instances/bayesian_networks/pcnf/munin/1162.cnf compile | tr '\n' ' '",/data/schlandals/pwmc_benchmarks/instances/bayesian_networks/pcnf/munin/1162.cnf,"Final circuit size: 52185 Estimated probability 0.00328212 (epsilon 0.000000026267455321971056) found in 22 seconds ",
1122,:,1737409122.000,58.000,0,116,0,0,"schlandals --timeout 600 -i /data/schlandals/pwmc_benchmarks/instances/bayesian_networks/pcnf/munin/1122.cnf compile | tr '\n' ' '",/data/schlandals/pwmc_benchmarks/instances/bayesian_networks/pcnf/munin/1122.cnf,"Final circuit size: 20807 Estimated probability 0.27359280 (epsilon 0.000000017362268511789125) found in 41 seconds ",
1124,:,1737409124.000,56.000,0,116,0,0,"schlandals --timeout 600 -i /data/schlandals/pwmc_benchmarks/instances/bayesian_networks/pcnf/munin/1124.cnf compile | tr '\n' ' '",/data/schlandals/pwmc_benchmarks/instances/bayesian_networks/pcnf/munin/1124.cnf,"Final circuit size: 21335 Estimated probability 0.13768642 (epsilon 0.000000034500074352905585) found in 40 seconds ",
1195,:,1737409175.000,6.000,0,115,0,0,"schlandals --timeout 600 -i /data/schlandals/pwmc_benchmarks/instances/bayesian_networks/pcnf/munin/1195.cnf compile | tr '\n' ' '",/data/schlandals/pwmc_benchmarks/instances/bayesian_networks/pcnf/munin/1195.cnf,"Final circuit size: 10793 Estimated probability 0.00122805 (epsilon 0.000000005506563205415205) found in 4 seconds ",
1194,:,1737409175.000,6.000,0,115,0,0,"schlandals --timeout 600 -i /data/schlandals/pwmc_benchmarks/instances/bayesian_networks/pcnf/munin/1194.cnf compile | tr '\n' ' '",/data/schlandals/pwmc_benchmarks/instances/bayesian_networks/pcnf/munin/1194.cnf,"Final circuit size: 10719 Estimated probability 0.00126311 (epsilon 0.000000005353690601950234) found in 5 seconds ",
1200,:,1737409180.000,3.000,0,114,0,0,"schlandals --timeout 600 -i /data/schlandals/pwmc_benchmarks/instances/bayesian_networks/pcnf/munin/1200.cnf compile | tr '\n' ' '",/data/schlandals/pwmc_benchmarks/instances/bayesian_networks/pcnf/munin/1200.cnf,"Final circuit size: 11117 Estimated probability 0.00762158 (epsilon 0.00000004982060053393411) found in 2 seconds ",
1197,:,1737409178.000,5.000,0,114,0,0,"schlandals --timeout 600 -i /data/schlandals/pwmc_benchmarks/instances/bayesian_networks/pcnf/munin/1197.cnf compile | tr '\n' ' '",/data/schlandals/pwmc_benchmarks/instances/bayesian_networks/pcnf/munin/1197.cnf,"Final circuit size: 10502 Estimated probability 0.00201705 (epsilon 0.00000007324505180150709) found in 4 seconds ",
1164,:,1737409155.000,29.000,0,116,0,0,"schlandals --timeout 600 -i /data/schlandals/pwmc_benchmarks/instances/bayesian_networks/pcnf/munin/1164.cnf compile | tr '\n' ' '",/data/schlandals/pwmc_benchmarks/instances/bayesian_networks/pcnf/munin/1164.cnf,"Final circuit size: 52721 Estimated probability 0.00366459 (epsilon 0.000000031885833307043754) found in 25 seconds ",
1126,:,1737409125.000,59.000,0,114,0,0,"schlandals --timeout 600 -i /data/schlandals/pwmc_benchmarks/instances/bayesian_networks/pcnf/munin/1126.cnf compile | tr '\n' ' '",/data/schlandals/pwmc_benchmarks/instances/bayesian_networks/pcnf/munin/1126.cnf,"Final circuit size: 18785 Estimated probability 0.00399220 (epsilon 0.0000011290993460200127) found in 44 seconds ",
1198,:,1737409179.000,6.000,0,115,0,0,"schlandals --timeout 600 -i /data/schlandals/pwmc_benchmarks/instances/bayesian_networks/pcnf/munin/1198.cnf compile | tr '\n' ' '",/data/schlandals/pwmc_benchmarks/instances/bayesian_networks/pcnf/munin/1198.cnf,"Final circuit size: 10610 Estimated probability 0.00292253 (epsilon 0.000000050551721475500244) found in 4 seconds ",
1201,:,1737409180.000,5.000,0,112,0,0,"schlandals --timeout 600 -i /data/schlandals/pwmc_benchmarks/instances/bayesian_networks/pcnf/munin/1201.cnf compile | tr '\n' ' '",/data/schlandals/pwmc_benchmarks/instances/bayesian_networks/pcnf/munin/1201.cnf,"Final circuit size: 10577 Estimated probability 0.00986534 (epsilon 0.000000467668969328372) found in 4 seconds ",
1199,:,1737409180.000,6.000,0,114,0,0,"schlandals --timeout 600 -i /data/schlandals/pwmc_benchmarks/instances/bayesian_networks/pcnf/munin/1199.cnf compile | tr '\n' ' '",/data/schlandals/pwmc_benchmarks/instances/bayesian_networks/pcnf/munin/1199.cnf,"Final circuit size: 10946 Estimated probability 0.00655482 (epsilon 0.00000005792860835462932) found in 5 seconds ",
1203,:,1737409181.000,5.000,0,114,0,0,"schlandals --timeout 600 -i /data/schlandals/pwmc_benchmarks/instances/bayesian_networks/pcnf/munin/1203.cnf compile | tr '\n' ' '",/data/schlandals/pwmc_benchmarks/instances/bayesian_networks/pcnf/munin/1203.cnf,"Final circuit size: 10797 Estimated probability 0.07020835 (epsilon 0.00000006571458910364925) found in 4 seconds ",
1202,:,1737409181.000,5.000,0,114,0,0,"schlandals --timeout 600 -i /data/schlandals/pwmc_benchmarks/instances/bayesian_networks/pcnf/munin/1202.cnf compile | tr '\n' ' '",/data/schlandals/pwmc_benchmarks/instances/bayesian_networks/pcnf/munin/1202.cnf,"Final circuit size: 10936 Estimated probability 0.01918248 (epsilon 0.00000024051699143434746) found in 4 seconds ",
1204,:,1737409183.000,3.000,0,115,0,0,"schlandals --timeout 600 -i /data/schlandals/pwmc_benchmarks/instances/bayesian_networks/pcnf/munin/1204.cnf compile | tr '\n' ' '",/data/schlandals/pwmc_benchmarks/instances/bayesian_networks/pcnf/munin/1204.cnf,"Final circuit size: 10692 Estimated probability 0.19754568 (epsilon 0.000000023355171574479527) found in 2 seconds ",
1206,:,1737409184.000,3.000,0,115,0,0,"schlandals --timeout 600 -i /data/schlandals/pwmc_benchmarks/instances/bayesian_networks/pcnf/munin/1206.cnf compile | tr '\n' ' '",/data/schlandals/pwmc_benchmarks/instances/bayesian_networks/pcnf/munin/1206.cnf,"Final circuit size: 10842 Estimated probability 0.23706221 (epsilon 0.000000019462036426887153) found in 2 seconds ",
1207,:,1737409184.000,4.000,0,114,0,0,"schlandals --timeout 600 -i /data/schlandals/pwmc_benchmarks/instances/bayesian_networks/pcnf/munin/1207.cnf compile | tr '\n' ' '",/data/schlandals/pwmc_benchmarks/instances/bayesian_networks/pcnf/munin/1207.cnf,"Final circuit size: 10725 Estimated probability 0.10654893 (epsilon 0.00000004330135494612364) found in 2 seconds ",
1205,:,1737409183.000,6.000,0,115,0,0,"schlandals --timeout 600 -i /data/schlandals/pwmc_benchmarks/instances/bayesian_networks/pcnf/munin/1205.cnf compile | tr '\n' ' '",/data/schlandals/pwmc_benchmarks/instances/bayesian_networks/pcnf/munin/1205.cnf,"Final circuit size: 10740 Estimated probability 0.29720549 (epsilon 0.000000015523647700632637) found in 4 seconds ",
1208,:,1737409185.000,5.000,0,114,0,0,"schlandals --timeout 600 -i /data/schlandals/pwmc_benchmarks/instances/bayesian_networks/pcnf/munin/1208.cnf compile | tr '\n' ' '",/data/schlandals/pwmc_benchmarks/instances/bayesian_networks/pcnf/munin/1208.cnf,"Final circuit size: 10595 Estimated probability 0.03037480 (epsilon 0.00000015189277657867706) found in 4 seconds ",
1163,:,1737409155.000,39.000,0,116,0,0,"schlandals --timeout 600 -i /data/schlandals/pwmc_benchmarks/instances/bayesian_networks/pcnf/munin/1163.cnf compile | tr '\n' ' '",/data/schlandals/pwmc_benchmarks/instances/bayesian_networks/pcnf/munin/1163.cnf,"Final circuit size: 52323 Estimated probability 0.00357297 (epsilon 0.000000032703468155759197) found in 35 seconds ",
1167,:,1737409157.000,39.000,0,116,0,0,"schlandals --timeout 600 -i /data/schlandals/pwmc_benchmarks/instances/bayesian_networks/pcnf/munin/1167.cnf compile | tr '\n' ' '",/data/schlandals/pwmc_benchmarks/instances/bayesian_networks/pcnf/munin/1167.cnf,"Final circuit size: 52650 Estimated probability 0.00548656 (epsilon 0.000000055892333650220394) found in 36 seconds ",
1166,:,1737409156.000,41.000,0,115,0,0,"schlandals --timeout 600 -i /data/schlandals/pwmc_benchmarks/instances/bayesian_networks/pcnf/munin/1166.cnf compile | tr '\n' ' '",/data/schlandals/pwmc_benchmarks/instances/bayesian_networks/pcnf/munin/1166.cnf,"Final circuit size: 52820 Estimated probability 0.00383240 (epsilon 0.00000008001689222325581) found in 37 seconds ",
1165,:,1737409155.000,43.000,0,114,0,0,"schlandals --timeout 600 -i /data/schlandals/pwmc_benchmarks/instances/bayesian_networks/pcnf/munin/1165.cnf compile | tr '\n' ' '",/data/schlandals/pwmc_benchmarks/instances/bayesian_networks/pcnf/munin/1165.cnf,"Final circuit size: 52732 Estimated probability 0.00324226 (epsilon 0.0000000360392604648041) found in 38 seconds ",
1169,:,1737409158.000,42.000,0,114,0,0,"schlandals --timeout 600 -i /data/schlandals/pwmc_benchmarks/instances/bayesian_networks/pcnf/munin/1169.cnf compile | tr '\n' ' '",/data/schlandals/pwmc_benchmarks/instances/bayesian_networks/pcnf/munin/1169.cnf,"Final circuit size: 52193 Estimated probability 0.01226605 (epsilon 0.0000003378364381578791) found in 37 seconds ",
1168,:,1737409158.000,43.000,0,116,0,0,"schlandals --timeout 600 -i /data/schlandals/pwmc_benchmarks/instances/bayesian_networks/pcnf/munin/1168.cnf compile | tr '\n' ' '",/data/schlandals/pwmc_benchmarks/instances/bayesian_networks/pcnf/munin/1168.cnf,"Final circuit size: 52469 Estimated probability 0.01059741 (epsilon 0.000000026828606447537595) found in 38 seconds ",
1170,:,1737409160.000,41.000,0,115,0,0,"schlandals --timeout 600 -i /data/schlandals/pwmc_benchmarks/instances/bayesian_networks/pcnf/munin/1170.cnf compile | tr '\n' ' '",/data/schlandals/pwmc_benchmarks/instances/bayesian_networks/pcnf/munin/1170.cnf,"Final circuit size: 52406 Estimated probability 0.02205092 (epsilon 0.00000018792498823749781) found in 37 seconds ",
925,:,1737408567.000,635.000,0,109,0,0,"schlandals --timeout 600 -i /data/schlandals/pwmc_benchmarks/instances/bayesian_networks/pcnf/munin/925.cnf compile | tr '\n' ' '",/data/schlandals/pwmc_benchmarks/instances/bayesian_networks/pcnf/munin/925.cnf,"Final circuit size: 344779 Estimated probability 0.00844190 (epsilon 1.722535940374076) found in 600 seconds ",
1161,:,1737409154.000,50.000,0,116,0,0,"schlandals --timeout 600 -i /data/schlandals/pwmc_benchmarks/instances/bayesian_networks/pcnf/munin/1161.cnf compile | tr '\n' ' '",/data/schlandals/pwmc_benchmarks/instances/bayesian_networks/pcnf/munin/1161.cnf,"Final circuit size: 51572 Estimated probability 0.00643275 (epsilon 0.000000007912595689774093) found in 44 seconds ",
920,:,1737408561.000,645.000,0,111,0,0,"schlandals --timeout 600 -i /data/schlandals/pwmc_benchmarks/instances/bayesian_networks/pcnf/munin/920.cnf compile | tr '\n' ' '",/data/schlandals/pwmc_benchmarks/instances/bayesian_networks/pcnf/munin/920.cnf,"Final circuit size: 340351 Estimated probability 0.80068106 (epsilon 0.03325063300904274) found in 600 seconds ",
924,:,1737408566.000,644.000,0,109,0,0,"schlandals --timeout 600 -i /data/schlandals/pwmc_benchmarks/instances/bayesian_networks/pcnf/munin/924.cnf compile | tr '\n' ' '",/data/schlandals/pwmc_benchmarks/instances/bayesian_networks/pcnf/munin/924.cnf,"Final circuit size: 357578 Estimated probability 0.00460848 (epsilon 2.568457361970063) found in 600 seconds ",
921,:,1737408562.000,649.000,0,111,0,0,"schlandals --timeout 600 -i /data/schlandals/pwmc_benchmarks/instances/bayesian_networks/pcnf/munin/921.cnf compile | tr '\n' ' '",/data/schlandals/pwmc_benchmarks/instances/bayesian_networks/pcnf/munin/921.cnf,"Final circuit size: 369363 Estimated probability 0.10162213 (epsilon 0.23735468219313516) found in 600 seconds ",
923,:,1737408565.000,646.000,0,109,0,0,"schlandals --timeout 600 -i /data/schlandals/pwmc_benchmarks/instances/bayesian_networks/pcnf/munin/923.cnf compile | tr '\n' ' '",/data/schlandals/pwmc_benchmarks/instances/bayesian_networks/pcnf/munin/923.cnf,"Final circuit size: 350524 Estimated probability 0.00725341 (epsilon 1.909099813612111) found in 600 seconds ",
922,:,1737408563.000,650.000,0,110,0,0,"schlandals --timeout 600 -i /data/schlandals/pwmc_benchmarks/instances/bayesian_networks/pcnf/munin/922.cnf compile | tr '\n' ' '",/data/schlandals/pwmc_benchmarks/instances/bayesian_networks/pcnf/munin/922.cnf,"Final circuit size: 496065 Estimated probability 0.02349519 (epsilon 0.8108217062968923) found in 600 seconds ",
1226,:,1737409204.000,10.000,0,115,0,0,"schlandals --timeout 600 -i /data/schlandals/pwmc_benchmarks/instances/bayesian_networks/pcnf/munin/1226.cnf compile | tr '\n' ' '",/data/schlandals/pwmc_benchmarks/instances/bayesian_networks/pcnf/munin/1226.cnf,"Final circuit size: 13219 Estimated probability 0.19799259 (epsilon 0.000000002474882965231018) found in 8 seconds ",
1228,:,1737409210.000,6.000,0,115,0,0,"schlandals --timeout 600 -i /data/schlandals/pwmc_benchmarks/instances/bayesian_networks/pcnf/munin/1228.cnf compile | tr '\n' ' '",/data/schlandals/pwmc_benchmarks/instances/bayesian_networks/pcnf/munin/1228.cnf,"Final circuit size: 13315 Estimated probability 0.23057701 (epsilon 0.000000002125140063924391) found in 5 seconds ",
1227,:,1737409206.000,10.000,0,116,0,0,"schlandals --timeout 600 -i /data/schlandals/pwmc_benchmarks/instances/bayesian_networks/pcnf/munin/1227.cnf compile | tr '\n' ' '",/data/schlandals/pwmc_benchmarks/instances/bayesian_networks/pcnf/munin/1227.cnf,"Final circuit size: 13248 Estimated probability 0.49172484 (epsilon 0.0000000009965095415509495) found in 9 seconds ",
1229,:,1737409211.000,12.000,0,116,0,0,"schlandals --timeout 600 -i /data/schlandals/pwmc_benchmarks/instances/bayesian_networks/pcnf/munin/1229.cnf compile | tr '\n' ' '",/data/schlandals/pwmc_benchmarks/instances/bayesian_networks/pcnf/munin/1229.cnf,"Final circuit size: 13110 Estimated probability 0.04282725 (epsilon 0.000000011441511960086359) found in 10 seconds ",
1230,:,1737409211.000,12.000,0,114,0,0,"schlandals --timeout 600 -i /data/schlandals/pwmc_benchmarks/instances/bayesian_networks/pcnf/munin/1230.cnf compile | tr '\n' ' '",/data/schlandals/pwmc_benchmarks/instances/bayesian_networks/pcnf/munin/1230.cnf,"Final circuit size: 13198 Estimated probability 0.01145073 (epsilon 0.00000004279278242869111) found in 9 seconds ",
1234,:,1737409216.000,7.000,0,114,0,0,"schlandals --timeout 600 -i /data/schlandals/pwmc_benchmarks/instances/bayesian_networks/pcnf/munin/1234.cnf compile | tr '\n' ' '",/data/schlandals/pwmc_benchmarks/instances/bayesian_networks/pcnf/munin/1234.cnf,"Final circuit size: 13021 Estimated probability 0.00214712 (epsilon 0.00000001140330163629244) found in 5 seconds ",
1232,:,1737409214.000,10.000,0,114,0,0,"schlandals --timeout 600 -i /data/schlandals/pwmc_benchmarks/instances/bayesian_networks/pcnf/munin/1232.cnf compile | tr '\n' ' '",/data/schlandals/pwmc_benchmarks/instances/bayesian_networks/pcnf/munin/1232.cnf,"Final circuit size: 13136 Estimated probability 0.00243861 (epsilon 0.00000007475071073237416) found in 9 seconds ",
1231,:,1737409213.000,12.000,0,114,0,0,"schlandals --timeout 600 -i /data/schlandals/pwmc_benchmarks/instances/bayesian_networks/pcnf/munin/1231.cnf compile | tr '\n' ' '",/data/schlandals/pwmc_benchmarks/instances/bayesian_networks/pcnf/munin/1231.cnf,"Final circuit size: 13306 Estimated probability 0.00334632 (epsilon 0.0000001464320942279329) found in 10 seconds ",
1233,:,1737409216.000,10.000,0,115,0,0,"schlandals --timeout 600 -i /data/schlandals/pwmc_benchmarks/instances/bayesian_networks/pcnf/munin/1233.cnf compile | tr '\n' ' '",/data/schlandals/pwmc_benchmarks/instances/bayesian_networks/pcnf/munin/1233.cnf,"Final circuit size: 13014 Estimated probability 0.00210573 (epsilon 0.000000011627401930169867) found in 9 seconds ",
915,:,1737408550.000,688.000,0,115,0,0,"schlandals --timeout 600 -i /data/schlandals/pwmc_benchmarks/instances/bayesian_networks/pcnf/munin/915.cnf compile | tr '\n' ' '",/data/schlandals/pwmc_benchmarks/instances/bayesian_networks/pcnf/munin/915.cnf,"Final circuit size: 30018 Estimated probability 0.00177676 (epsilon 0.0000000730740001841923) found in 416 seconds ",
1064,:,1737408911.000,379.000,0,117,0,0,"schlandals --timeout 600 -i /data/schlandals/pwmc_benchmarks/instances/bayesian_networks/pcnf/munin/1064.cnf compile | tr '\n' ' '",/data/schlandals/pwmc_benchmarks/instances/bayesian_networks/pcnf/munin/1064.cnf,"Final circuit size: 41443 Estimated probability 0.00410889 (epsilon 0.000000020041479142918206) found in 263 seconds ",
917,:,1737408554.000,746.000,0,116,0,0,"schlandals --timeout 600 -i /data/schlandals/pwmc_benchmarks/instances/bayesian_networks/pcnf/munin/917.cnf compile | tr '\n' ' '",/data/schlandals/pwmc_benchmarks/instances/bayesian_networks/pcnf/munin/917.cnf,"Final circuit size: 30039 Estimated probability 0.00066038 (epsilon 0.00000019660620531603001) found in 493 seconds ",
918,:,1737408559.000,750.000,0,115,0,0,"schlandals --timeout 600 -i /data/schlandals/pwmc_benchmarks/instances/bayesian_networks/pcnf/munin/918.cnf compile | tr '\n' ' '",/data/schlandals/pwmc_benchmarks/instances/bayesian_networks/pcnf/munin/918.cnf,"Final circuit size: 29972 Estimated probability 0.00056723 (epsilon 0.0000002288929892291236) found in 479 seconds ",
1127,:,1737409125.000,195.000,0,114,0,0,"schlandals --timeout 600 -i /data/schlandals/pwmc_benchmarks/instances/bayesian_networks/pcnf/munin/1127.cnf compile | tr '\n' ' '",/data/schlandals/pwmc_benchmarks/instances/bayesian_networks/pcnf/munin/1127.cnf,"Final circuit size: 16422 Estimated probability 0.00025249 (epsilon 0.000016645057622222126) found in 121 seconds ",
916,:,1737408553.000,771.000,0,115,0,0,"schlandals --timeout 600 -i /data/schlandals/pwmc_benchmarks/instances/bayesian_networks/pcnf/munin/916.cnf compile | tr '\n' ' '",/data/schlandals/pwmc_benchmarks/instances/bayesian_networks/pcnf/munin/916.cnf,"Final circuit size: 30069 Estimated probability 0.00082977 (epsilon 0.0000001564717642121849) found in 496 seconds ",
993,:,1737408755.000,642.000,0,108,0,0,"schlandals --timeout 600 -i /data/schlandals/pwmc_benchmarks/instances/bayesian_networks/pcnf/munin/993.cnf compile | tr '\n' ' '",/data/schlandals/pwmc_benchmarks/instances/bayesian_networks/pcnf/munin/993.cnf,"Final circuit size: 381634 Estimated probability 0.00821598 (epsilon 1.74475068526006) found in 600 seconds ",
997,:,1737408764.000,640.000,0,108,0,0,"schlandals --timeout 600 -i /data/schlandals/pwmc_benchmarks/instances/bayesian_networks/pcnf/munin/997.cnf compile | tr '\n' ' '",/data/schlandals/pwmc_benchmarks/instances/bayesian_networks/pcnf/munin/997.cnf,"Final circuit size: 369527 Estimated probability 0.00123277 (epsilon 5.69243843976036) found in 600 seconds ",
1001,:,1737408767.000,637.000,0,110,0,0,"schlandals --timeout 600 -i /data/schlandals/pwmc_benchmarks/instances/bayesian_networks/pcnf/munin/1001.cnf compile | tr '\n' ' '",/data/schlandals/pwmc_benchmarks/instances/bayesian_networks/pcnf/munin/1001.cnf,"Final circuit size: 446540 Estimated probability 0.00416915 (epsilon 2.7217987662383147) found in 600 seconds ",
999,:,1737408765.000,640.000,0,109,0,0,"schlandals --timeout 600 -i /data/schlandals/pwmc_benchmarks/instances/bayesian_networks/pcnf/munin/999.cnf compile | tr '\n' ' '",/data/schlandals/pwmc_benchmarks/instances/bayesian_networks/pcnf/munin/999.cnf,"Final circuit size: 369486 Estimated probability 0.00209469 (epsilon 4.177814848093484) found in 600 seconds ",
995,:,1737408760.000,645.000,0,109,0,0,"schlandals --timeout 600 -i /data/schlandals/pwmc_benchmarks/instances/bayesian_networks/pcnf/munin/995.cnf compile | tr '\n' ' '",/data/schlandals/pwmc_benchmarks/instances/bayesian_networks/pcnf/munin/995.cnf,"Final circuit size: 541972 Estimated probability 0.00096908 (epsilon 6.500154955625446) found in 600 seconds ",
1003,:,1737408772.000,637.000,0,110,0,0,"schlandals --timeout 600 -i /data/schlandals/pwmc_benchmarks/instances/bayesian_networks/pcnf/munin/1003.cnf compile | tr '\n' ' '",/data/schlandals/pwmc_benchmarks/instances/bayesian_networks/pcnf/munin/1003.cnf,"Final circuit size: 459593 Estimated probability 0.00766526 (epsilon 1.8266614546507078) found in 600 seconds ",
994,:,1737408756.000,657.000,0,109,0,0,"schlandals --timeout 600 -i /data/schlandals/pwmc_benchmarks/instances/bayesian_networks/pcnf/munin/994.cnf compile | tr '\n' ' '",/data/schlandals/pwmc_benchmarks/instances/bayesian_networks/pcnf/munin/994.cnf,"Final circuit size: 492768 Estimated probability 0.00085490 (epsilon 6.979390691945887) found in 600 seconds ",
1004,:,1737408773.000,641.000,0,109,0,0,"schlandals --timeout 600 -i /data/schlandals/pwmc_benchmarks/instances/bayesian_networks/pcnf/munin/1004.cnf compile | tr '\n' ' '",/data/schlandals/pwmc_benchmarks/instances/bayesian_networks/pcnf/munin/1004.cnf,"Final circuit size: 369798 Estimated probability 0.01044685 (epsilon 1.484980847140517) found in 600 seconds ",
1002,:,1737408768.000,646.000,0,109,0,0,"schlandals --timeout 600 -i /data/schlandals/pwmc_benchmarks/instances/bayesian_networks/pcnf/munin/1002.cnf compile | tr '\n' ' '",/data/schlandals/pwmc_benchmarks/instances/bayesian_networks/pcnf/munin/1002.cnf,"Final circuit size: 403287 Estimated probability 0.00569067 (epsilon 2.227774058808243) found in 600 seconds ",
996,:,1737408762.000,653.000,0,109,0,0,"schlandals --timeout 600 -i /data/schlandals/pwmc_benchmarks/instances/bayesian_networks/pcnf/munin/996.cnf compile | tr '\n' ' '",/data/schlandals/pwmc_benchmarks/instances/bayesian_networks/pcnf/munin/996.cnf,"Final circuit size: 403827 Estimated probability 0.00107709 (epsilon 6.124696678196299) found in 600 seconds ",
1000,:,1737408767.000,649.000,0,110,0,0,"schlandals --timeout 600 -i /data/schlandals/pwmc_benchmarks/instances/bayesian_networks/pcnf/munin/1000.cnf compile | tr '\n' ' '",/data/schlandals/pwmc_benchmarks/instances/bayesian_networks/pcnf/munin/1000.cnf,"Final circuit size: 379777 Estimated probability 0.00296841 (epsilon 3.3720060439594954) found in 600 seconds ",
1005,:,1737408777.000,639.000,0,109,0,0,"schlandals --timeout 600 -i /data/schlandals/pwmc_benchmarks/instances/bayesian_networks/pcnf/munin/1005.cnf compile | tr '\n' ' '",/data/schlandals/pwmc_benchmarks/instances/bayesian_networks/pcnf/munin/1005.cnf,"Final circuit size: 358086 Estimated probability 0.01607314 (epsilon 1.088941019679122) found in 600 seconds ",
1253,:,1737409413.000,6.000,0,90,0,0,"schlandals --timeout 600 -i /data/schlandals/pwmc_benchmarks/instances/bayesian_networks/pcnf/munin/1253.cnf compile | tr '\n' ' '",/data/schlandals/pwmc_benchmarks/instances/bayesian_networks/pcnf/munin/1253.cnf,"Final circuit size: 11412 Estimated probability 0.80882638 (epsilon 0) found in 5 seconds ",
1255,:,1737409414.000,6.000,0,90,0,0,"schlandals --timeout 600 -i /data/schlandals/pwmc_benchmarks/instances/bayesian_networks/pcnf/munin/1255.cnf compile | tr '\n' ' '",/data/schlandals/pwmc_benchmarks/instances/bayesian_networks/pcnf/munin/1255.cnf,"Final circuit size: 11455 Estimated probability 0.03802155 (epsilon 0) found in 5 seconds ",
1254,:,1737409414.000,6.000,0,90,0,0,"schlandals --timeout 600 -i /data/schlandals/pwmc_benchmarks/instances/bayesian_networks/pcnf/munin/1254.cnf compile | tr '\n' ' '",/data/schlandals/pwmc_benchmarks/instances/bayesian_networks/pcnf/munin/1254.cnf,"Final circuit size: 11517 Estimated probability 0.14627668 (epsilon 0) found in 5 seconds ",
998,:,1737408765.000,666.000,0,109,0,0,"schlandals --timeout 600 -i /data/schlandals/pwmc_benchmarks/instances/bayesian_networks/pcnf/munin/998.cnf compile | tr '\n' ' '",/data/schlandals/pwmc_benchmarks/instances/bayesian_networks/pcnf/munin/998.cnf,"Final circuit size: 496115 Estimated probability 0.00154675 (epsilon 4.969120518283009) found in 600 seconds ",
1009,:,1737408793.000,639.000,0,111,0,0,"schlandals --timeout 600 -i /data/schlandals/pwmc_benchmarks/instances/bayesian_networks/pcnf/munin/1009.cnf compile | tr '\n' ' '",/data/schlandals/pwmc_benchmarks/instances/bayesian_networks/pcnf/munin/1009.cnf,"Final circuit size: 374872 Estimated probability 0.21942021 (epsilon 0.11621903146639845) found in 600 seconds ",
1010,:,1737408793.000,643.000,0,111,0,0,"schlandals --timeout 600 -i /data/schlandals/pwmc_benchmarks/instances/bayesian_networks/pcnf/munin/1010.cnf compile | tr '\n' ' '",/data/schlandals/pwmc_benchmarks/instances/bayesian_networks/pcnf/munin/1010.cnf,"Final circuit size: 441733 Estimated probability 0.20429867 (epsilon 0.12350722813788173) found in 600 seconds ",
1012,:,1737408795.000,643.000,0,111,0,0,"schlandals --timeout 600 -i /data/schlandals/pwmc_benchmarks/instances/bayesian_networks/pcnf/munin/1012.cnf compile | tr '\n' ' '",/data/schlandals/pwmc_benchmarks/instances/bayesian_networks/pcnf/munin/1012.cnf,"Final circuit size: 372252 Estimated probability 0.05162121 (epsilon 0.43084287034643576) found in 600 seconds ",
1011,:,1737408794.000,644.000,0,111,0,0,"schlandals --timeout 600 -i /data/schlandals/pwmc_benchmarks/instances/bayesian_networks/pcnf/munin/1011.cnf compile | tr '\n' ' '",/data/schlandals/pwmc_benchmarks/instances/bayesian_networks/pcnf/munin/1011.cnf,"Final circuit size: 513076 Estimated probability 0.12412286 (epsilon 0.19640654887536235) found in 600 seconds ",
1013,:,1737408797.000,644.000,0,110,0,0,"schlandals --timeout 600 -i /data/schlandals/pwmc_benchmarks/instances/bayesian_networks/pcnf/munin/1013.cnf compile | tr '\n' ' '",/data/schlandals/pwmc_benchmarks/instances/bayesian_networks/pcnf/munin/1013.cnf,"Final circuit size: 344969 Estimated probability 0.01802217 (epsilon 0.9999815280428139) found in 600 seconds ",
1251,:,1737409405.000,38.000,0,92,0,0,"schlandals --timeout 600 -i /data/schlandals/pwmc_benchmarks/instances/bayesian_networks/pcnf/munin/1251.cnf compile | tr '\n' ' '",/data/schlandals/pwmc_benchmarks/instances/bayesian_networks/pcnf/munin/1251.cnf,"Final circuit size: 127591 Estimated probability 0.12760698 (epsilon 0) found in 35 seconds ",
1007,:,1737408781.000,663.000,0,111,0,0,"schlandals --timeout 600 -i /data/schlandals/pwmc_benchmarks/instances/bayesian_networks/pcnf/munin/1007.cnf compile | tr '\n' ' '",/data/schlandals/pwmc_benchmarks/instances/bayesian_networks/pcnf/munin/1007.cnf,"Final circuit size: 548681 Estimated probability 0.07746442 (epsilon 0.30046370008386347) found in 600 seconds ",
1008,:,1737408788.000,656.000,0,111,0,0,"schlandals --timeout 600 -i /data/schlandals/pwmc_benchmarks/instances/bayesian_networks/pcnf/munin/1008.cnf compile | tr '\n' ' '",/data/schlandals/pwmc_benchmarks/instances/bayesian_networks/pcnf/munin/1008.cnf,"Final circuit size: 494499 Estimated probability 0.15559945 (epsilon 0.15945164592837857) found in 600 seconds ",
1006,:,1737408779.000,679.000,0,110,0,0,"schlandals --timeout 600 -i /data/schlandals/pwmc_benchmarks/instances/bayesian_networks/pcnf/munin/1006.cnf compile | tr '\n' ' '",/data/schlandals/pwmc_benchmarks/instances/bayesian_networks/pcnf/munin/1006.cnf,"Final circuit size: 619484 Estimated probability 0.03270939 (epsilon 0.6236579062270757) found in 600 seconds ",
1261,:,1737409420.000,50.000,0,91,0,0,"schlandals --timeout 600 -i /data/schlandals/pwmc_benchmarks/instances/bayesian_networks/pcnf/munin/1261.cnf compile | tr '\n' ' '",/data/schlandals/pwmc_benchmarks/instances/bayesian_networks/pcnf/munin/1261.cnf,"Final circuit size: 80071 Estimated probability 0.06523714 (epsilon 0) found in 47 seconds ",
1252,:,1737409409.000,63.000,0,92,0,0,"schlandals --timeout 600 -i /data/schlandals/pwmc_benchmarks/instances/bayesian_networks/pcnf/munin/1252.cnf compile | tr '\n' ' '",/data/schlandals/pwmc_benchmarks/instances/bayesian_networks/pcnf/munin/1252.cnf,"Final circuit size: 125449 Estimated probability 0.87239302 (epsilon 0) found in 59 seconds ",
1258,:,1737409416.000,72.000,0,91,0,0,"schlandals --timeout 600 -i /data/schlandals/pwmc_benchmarks/instances/bayesian_networks/pcnf/munin/1258.cnf compile | tr '\n' ' '",/data/schlandals/pwmc_benchmarks/instances/bayesian_networks/pcnf/munin/1258.cnf,"Final circuit size: 83211 Estimated probability 0.83699384 (epsilon 0) found in 68 seconds ",
1260,:,1737409420.000,73.000,0,91,0,0,"schlandals --timeout 600 -i /data/schlandals/pwmc_benchmarks/instances/bayesian_networks/pcnf/munin/1260.cnf compile | tr '\n' ' '",/data/schlandals/pwmc_benchmarks/instances/bayesian_networks/pcnf/munin/1260.cnf,"Final circuit size: 80678 Estimated probability 0.02846008 (epsilon 0) found in 69 seconds ",
1259,:,1737409419.000,74.000,0,91,0,0,"schlandals --timeout 600 -i /data/schlandals/pwmc_benchmarks/instances/bayesian_networks/pcnf/munin/1259.cnf compile | tr '\n' ' '",/data/schlandals/pwmc_benchmarks/instances/bayesian_networks/pcnf/munin/1259.cnf,"Final circuit size: 84502 Estimated probability 0.06671054 (epsilon 0) found in 70 seconds ",
1257,:,1737409416.000,77.000,0,91,0,0,"schlandals --timeout 600 -i /data/schlandals/pwmc_benchmarks/instances/bayesian_networks/pcnf/munin/1257.cnf compile | tr '\n' ' '",/data/schlandals/pwmc_benchmarks/instances/bayesian_networks/pcnf/munin/1257.cnf,"Final circuit size: 85744 Estimated probability 0.09629562 (epsilon 0) found in 73 seconds ",
1266,:,1737409438.000,56.000,0,115,0,0,"schlandals --timeout 600 -i /data/schlandals/pwmc_benchmarks/instances/bayesian_networks/pcnf/munin/1266.cnf compile | tr '\n' ' '",/data/schlandals/pwmc_benchmarks/instances/bayesian_networks/pcnf/munin/1266.cnf,"Final circuit size: 86471 Estimated probability 0.00019187 (epsilon 0.00000022208455674466165) found in 52 seconds ",
1263,:,1737409432.000,72.000,0,91,0,0,"schlandals --timeout 600 -i /data/schlandals/pwmc_benchmarks/instances/bayesian_networks/pcnf/munin/1263.cnf compile | tr '\n' ' '",/data/schlandals/pwmc_benchmarks/instances/bayesian_networks/pcnf/munin/1263.cnf,"Final circuit size: 81568 Estimated probability 0.03987446 (epsilon 0) found in 67 seconds ",
1262,:,1737409431.000,76.000,0,91,0,0,"schlandals --timeout 600 -i /data/schlandals/pwmc_benchmarks/instances/bayesian_networks/pcnf/munin/1262.cnf compile | tr '\n' ' '",/data/schlandals/pwmc_benchmarks/instances/bayesian_networks/pcnf/munin/1262.cnf,"Final circuit size: 82554 Estimated probability 0.85501604 (epsilon 0) found in 72 seconds ",
1264,:,1737409436.000,72.000,0,91,0,0,"schlandals --timeout 600 -i /data/schlandals/pwmc_benchmarks/instances/bayesian_networks/pcnf/munin/1264.cnf compile | tr '\n' ' '",/data/schlandals/pwmc_benchmarks/instances/bayesian_networks/pcnf/munin/1264.cnf,"Final circuit size: 79415 Estimated probability 0.01141228 (epsilon 0) found in 69 seconds ",
1268,:,1737409443.000,72.000,0,116,0,0,"schlandals --timeout 600 -i /data/schlandals/pwmc_benchmarks/instances/bayesian_networks/pcnf/munin/1268.cnf compile | tr '\n' ' '",/data/schlandals/pwmc_benchmarks/instances/bayesian_networks/pcnf/munin/1268.cnf,"Final circuit size: 85303 Estimated probability 0.00079686 (epsilon 0.000000053472825722877815) found in 66 seconds ",
799,:,1737408416.000,1105.000,0,108,0,0,"schlandals --timeout 600 -i /data/schlandals/pwmc_benchmarks/instances/bayesian_networks/pcnf/munin/799.cnf compile | tr '\n' ' '",/data/schlandals/pwmc_benchmarks/instances/bayesian_networks/pcnf/munin/799.cnf,"Final circuit size: 2862 Estimated probability 0.00282392 (epsilon 1.9686142477368644) found in 599 seconds ",
770,:,1737408383.000,1140.000,0,108,0,0,"schlandals --timeout 600 -i /data/schlandals/pwmc_benchmarks/instances/bayesian_networks/pcnf/munin/770.cnf compile | tr '\n' ' '",/data/schlandals/pwmc_benchmarks/instances/bayesian_networks/pcnf/munin/770.cnf,"Final circuit size: 3065 Estimated probability 0.00328155 (epsilon 1.8035631419609253) found in 599 seconds ",
919,:,1737408560.000,970.000,0,105,0,0,"schlandals --timeout 600 -i /data/schlandals/pwmc_benchmarks/instances/bayesian_networks/pcnf/munin/919.cnf compile | tr '\n' ' '",/data/schlandals/pwmc_benchmarks/instances/bayesian_networks/pcnf/munin/919.cnf,"Final circuit size: 2 Estimated probability 0.00000000 (epsilon 127556.39472411941) found in 599 seconds ",
1267,:,1737409441.000,96.000,0,115,0,0,"schlandals --timeout 600 -i /data/schlandals/pwmc_benchmarks/instances/bayesian_networks/pcnf/munin/1267.cnf compile | tr '\n' ' '",/data/schlandals/pwmc_benchmarks/instances/bayesian_networks/pcnf/munin/1267.cnf,"Final circuit size: 85161 Estimated probability 0.00039033 (epsilon 0.00000010916567227958751) found in 90 seconds ",
1270,:,1737409444.000,95.000,0,114,0,0,"schlandals --timeout 600 -i /data/schlandals/pwmc_benchmarks/instances/bayesian_networks/pcnf/munin/1270.cnf compile | tr '\n' ' '",/data/schlandals/pwmc_benchmarks/instances/bayesian_networks/pcnf/munin/1270.cnf,"Final circuit size: 85416 Estimated probability 0.00306481 (epsilon 0.0000014619831800732896) found in 89 seconds ",
1265,:,1737409438.000,102.000,0,115,0,0,"schlandals --timeout 600 -i /data/schlandals/pwmc_benchmarks/instances/bayesian_networks/pcnf/munin/1265.cnf compile | tr '\n' ' '",/data/schlandals/pwmc_benchmarks/instances/bayesian_networks/pcnf/munin/1265.cnf,"Final circuit size: 87174 Estimated probability 0.00009748 (epsilon 0.00000043710681563169373) found in 96 seconds ",
1271,:,1737409458.000,82.000,0,114,0,0,"schlandals --timeout 600 -i /data/schlandals/pwmc_benchmarks/instances/bayesian_networks/pcnf/munin/1271.cnf compile | tr '\n' ' '",/data/schlandals/pwmc_benchmarks/instances/bayesian_networks/pcnf/munin/1271.cnf,"Final circuit size: 84255 Estimated probability 0.00719580 (epsilon 0.0000006226826207988978) found in 78 seconds ",
1272,:,1737409470.000,73.000,0,113,0,0,"schlandals --timeout 600 -i /data/schlandals/pwmc_benchmarks/instances/bayesian_networks/pcnf/munin/1272.cnf compile | tr '\n' ' '",/data/schlandals/pwmc_benchmarks/instances/bayesian_networks/pcnf/munin/1272.cnf,"Final circuit size: 85892 Estimated probability 0.02168615 (epsilon 0.000000206615776265906) found in 68 seconds ",
1269,:,1737409444.000,101.000,0,114,0,0,"schlandals --timeout 600 -i /data/schlandals/pwmc_benchmarks/instances/bayesian_networks/pcnf/munin/1269.cnf compile | tr '\n' ' '",/data/schlandals/pwmc_benchmarks/instances/bayesian_networks/pcnf/munin/1269.cnf,"Final circuit size: 87011 Estimated probability 0.00152862 (epsilon 0.0000000278752303461971) found in 96 seconds ",
834,:,1737408454.000,1096.000,0,108,0,0,"schlandals --timeout 600 -i /data/schlandals/pwmc_benchmarks/instances/bayesian_networks/pcnf/munin/834.cnf compile | tr '\n' ' '",/data/schlandals/pwmc_benchmarks/instances/bayesian_networks/pcnf/munin/834.cnf,"Final circuit size: 2054 Estimated probability 0.00255977 (epsilon 3.8789260861788435) found in 599 seconds ",
1274,:,1737409488.000,66.000,0,116,0,0,"schlandals --timeout 600 -i /data/schlandals/pwmc_benchmarks/instances/bayesian_networks/pcnf/munin/1274.cnf compile | tr '\n' ' '",/data/schlandals/pwmc_benchmarks/instances/bayesian_networks/pcnf/munin/1274.cnf,"Final circuit size: 87926 Estimated probability 0.13753040 (epsilon 0.000000032579715814051724) found in 59 seconds ",
1130,:,1737409126.000,429.000,0,117,0,0,"schlandals --timeout 600 -i /data/schlandals/pwmc_benchmarks/instances/bayesian_networks/pcnf/munin/1130.cnf compile | tr '\n' ' '",/data/schlandals/pwmc_benchmarks/instances/bayesian_networks/pcnf/munin/1130.cnf,"Final circuit size: 10782 Estimated probability 0.00162324 (epsilon 0.000000024398198350539246) found in 268 seconds ",
865,:,1737408489.000,1070.000,0,105,0,0,"schlandals --timeout 600 -i /data/schlandals/pwmc_benchmarks/instances/bayesian_networks/pcnf/munin/865.cnf compile | tr '\n' ' '",/data/schlandals/pwmc_benchmarks/instances/bayesian_networks/pcnf/munin/865.cnf,"Final circuit size: 330 Estimated probability 0.00325680 (epsilon 6.04751610174479) found in 599 seconds ",
1273,:,1737409472.000,104.000,0,114,0,0,"schlandals --timeout 600 -i /data/schlandals/pwmc_benchmarks/instances/bayesian_networks/pcnf/munin/1273.cnf compile | tr '\n' ' '",/data/schlandals/pwmc_benchmarks/instances/bayesian_networks/pcnf/munin/1273.cnf,"Final circuit size: 87541 Estimated probability 0.06265256 (epsilon 0.0000000715166545983692) found in 98 seconds ",
833,:,1737408453.000,1134.000,0,108,0,0,"schlandals --timeout 600 -i /data/schlandals/pwmc_benchmarks/instances/bayesian_networks/pcnf/munin/833.cnf compile | tr '\n' ' '",/data/schlandals/pwmc_benchmarks/instances/bayesian_networks/pcnf/munin/833.cnf,"Final circuit size: 20722 Estimated probability 0.00568286 (epsilon 2.229957001531431) found in 599 seconds ",
1277,:,1737409493.000,96.000,0,116,0,0,"schlandals --timeout 600 -i /data/schlandals/pwmc_benchmarks/instances/bayesian_networks/pcnf/munin/1277.cnf compile | tr '\n' ' '",/data/schlandals/pwmc_benchmarks/instances/bayesian_networks/pcnf/munin/1277.cnf,"Final circuit size: 85632 Estimated probability 0.16550497 (epsilon 0.000000027072910802061756) found in 90 seconds ",
1275,:,1737409493.000,97.000,0,116,0,0,"schlandals --timeout 600 -i /data/schlandals/pwmc_benchmarks/instances/bayesian_networks/pcnf/munin/1275.cnf compile | tr '\n' ' '",/data/schlandals/pwmc_benchmarks/instances/bayesian_networks/pcnf/munin/1275.cnf,"Final circuit size: 86991 Estimated probability 0.21194662 (epsilon 0.000000021140707406885895) found in 92 seconds ",
1276,:,1737409493.000,97.000,0,116,0,0,"schlandals --timeout 600 -i /data/schlandals/pwmc_benchmarks/instances/bayesian_networks/pcnf/munin/1276.cnf compile | tr '\n' ' '",/data/schlandals/pwmc_benchmarks/instances/bayesian_networks/pcnf/munin/1276.cnf,"Final circuit size: 86647 Estimated probability 0.22510135 (epsilon 0.000000019905262105268662) found in 91 seconds ",
1278,:,1737409494.000,96.000,0,116,0,0,"schlandals --timeout 600 -i /data/schlandals/pwmc_benchmarks/instances/bayesian_networks/pcnf/munin/1278.cnf compile | tr '\n' ' '",/data/schlandals/pwmc_benchmarks/instances/bayesian_networks/pcnf/munin/1278.cnf,"Final circuit size: 87645 Estimated probability 0.08716659 (epsilon 0.000000051403882261880085) found in 91 seconds ",
1285,:,1737409530.000,69.000,0,91,0,0,"schlandals --timeout 600 -i /data/schlandals/pwmc_benchmarks/instances/bayesian_networks/pcnf/munin/1285.cnf compile | tr '\n' ' '",/data/schlandals/pwmc_benchmarks/instances/bayesian_networks/pcnf/munin/1285.cnf,"Final circuit size: 83653 Estimated probability 0.00674321 (epsilon 0) found in 65 seconds ",
1279,:,1737409504.000,96.000,0,115,0,0,"schlandals --timeout 600 -i /data/schlandals/pwmc_benchmarks/instances/bayesian_networks/pcnf/munin/1279.cnf compile | tr '\n' ' '",/data/schlandals/pwmc_benchmarks/instances/bayesian_networks/pcnf/munin/1279.cnf,"Final circuit size: 85885 Estimated probability 0.03677872 (epsilon 0.00000012182862940690597) found in 90 seconds ",
1131,:,1737409126.000,478.000,0,117,0,0,"schlandals --timeout 600 -i /data/schlandals/pwmc_benchmarks/instances/bayesian_networks/pcnf/munin/1131.cnf compile | tr '\n' ' '",/data/schlandals/pwmc_benchmarks/instances/bayesian_networks/pcnf/munin/1131.cnf,"Final circuit size: 10890 Estimated probability 0.00283555 (epsilon 0.000000013967021317284889) found in 288 seconds ",
1284,:,1737409523.000,82.000,0,91,0,0,"schlandals --timeout 600 -i /data/schlandals/pwmc_benchmarks/instances/bayesian_networks/pcnf/munin/1284.cnf compile | tr '\n' ' '",/data/schlandals/pwmc_benchmarks/instances/bayesian_networks/pcnf/munin/1284.cnf,"Final circuit size: 83487 Estimated probability 0.00287846 (epsilon 0) found in 76 seconds ",
1288,:,1737409540.000,66.000,0,91,0,0,"schlandals --timeout 600 -i /data/schlandals/pwmc_benchmarks/instances/bayesian_networks/pcnf/munin/1288.cnf compile | tr '\n' ' '",/data/schlandals/pwmc_benchmarks/instances/bayesian_networks/pcnf/munin/1288.cnf,"Final circuit size: 83926 Estimated probability 0.11467941 (epsilon 0) found in 62 seconds ",
1281,:,1737409508.000,99.000,0,114,0,0,"schlandals --timeout 600 -i /data/schlandals/pwmc_benchmarks/instances/bayesian_networks/pcnf/munin/1281.cnf compile | tr '\n' ' '",/data/schlandals/pwmc_benchmarks/instances/bayesian_networks/pcnf/munin/1281.cnf,"Final circuit size: 87548 Estimated probability 0.00908071 (epsilon 0.0000004882816588835936) found in 93 seconds ",
1280,:,1737409507.000,100.000,0,114,0,0,"schlandals --timeout 600 -i /data/schlandals/pwmc_benchmarks/instances/bayesian_networks/pcnf/munin/1280.cnf compile | tr '\n' ' '",/data/schlandals/pwmc_benchmarks/instances/bayesian_networks/pcnf/munin/1280.cnf,"Final circuit size: 85777 Estimated probability 0.01608914 (epsilon 0.0000002755860484260353) found in 94 seconds ",
1283,:,1737409521.000,87.000,0,91,0,0,"schlandals --timeout 600 -i /data/schlandals/pwmc_benchmarks/instances/bayesian_networks/pcnf/munin/1283.cnf compile | tr '\n' ' '",/data/schlandals/pwmc_benchmarks/instances/bayesian_networks/pcnf/munin/1283.cnf,"Final circuit size: 84120 Estimated probability 0.00422436 (epsilon 0) found in 82 seconds ",
1291,:,1737409545.000,63.000,0,116,0,0,"schlandals --timeout 600 -i /data/schlandals/pwmc_benchmarks/instances/bayesian_networks/pcnf/munin/1291.cnf compile | tr '\n' ' '",/data/schlandals/pwmc_benchmarks/instances/bayesian_networks/pcnf/munin/1291.cnf,"Final circuit size: 86018 Estimated probability 0.00301265 (epsilon 0.000000020990131854858873) found in 56 seconds ",
1294,:,1737409555.000,62.000,0,116,0,0,"schlandals --timeout 600 -i /data/schlandals/pwmc_benchmarks/instances/bayesian_networks/pcnf/munin/1294.cnf compile | tr '\n' ' '",/data/schlandals/pwmc_benchmarks/instances/bayesian_networks/pcnf/munin/1294.cnf,"Final circuit size: 87768 Estimated probability 0.07230812 (epsilon 0.000000005282158044295215) found in 57 seconds ",
1282,:,1737409515.000,102.000,0,114,0,0,"schlandals --timeout 600 -i /data/schlandals/pwmc_benchmarks/instances/bayesian_networks/pcnf/munin/1282.cnf compile | tr '\n' ' '",/data/schlandals/pwmc_benchmarks/instances/bayesian_networks/pcnf/munin/1282.cnf,"Final circuit size: 87670 Estimated probability 0.00609418 (epsilon 0.0000007275700208975167) found in 95 seconds ",
1095,:,1737409003.000,616.000,0,115,0,0,"schlandals --timeout 600 -i /data/schlandals/pwmc_benchmarks/instances/bayesian_networks/pcnf/munin/1095.cnf compile | tr '\n' ' '",/data/schlandals/pwmc_benchmarks/instances/bayesian_networks/pcnf/munin/1095.cnf,"Final circuit size: 7643 Estimated probability 0.00062858 (epsilon 0.00000002744170912727384) found in 415 seconds ",
1289,:,1737409540.000,79.000,0,91,0,0,"schlandals --timeout 600 -i /data/schlandals/pwmc_benchmarks/instances/bayesian_networks/pcnf/munin/1289.cnf compile | tr '\n' ' '",/data/schlandals/pwmc_benchmarks/instances/bayesian_networks/pcnf/munin/1289.cnf,"Final circuit size: 84221 Estimated probability 0.02154680 (epsilon 0) found in 74 seconds ",
1286,:,1737409537.000,82.000,0,91,0,0,"schlandals --timeout 600 -i /data/schlandals/pwmc_benchmarks/instances/bayesian_networks/pcnf/munin/1286.cnf compile | tr '\n' ' '",/data/schlandals/pwmc_benchmarks/instances/bayesian_networks/pcnf/munin/1286.cnf,"Final circuit size: 83514 Estimated probability 0.05836838 (epsilon 0) found in 78 seconds ",
1287,:,1737409539.000,84.000,0,91,0,0,"schlandals --timeout 600 -i /data/schlandals/pwmc_benchmarks/instances/bayesian_networks/pcnf/munin/1287.cnf compile | tr '\n' ' '",/data/schlandals/pwmc_benchmarks/instances/bayesian_networks/pcnf/munin/1287.cnf,"Final circuit size: 86869 Estimated probability 0.79866221 (epsilon 0) found in 79 seconds ",
1315,:,1737409619.000,4.000,0,90,0,0,"schlandals --timeout 600 -i /data/schlandals/pwmc_benchmarks/instances/bayesian_networks/pcnf/munin/1315.cnf compile | tr '\n' ' '",/data/schlandals/pwmc_benchmarks/instances/bayesian_networks/pcnf/munin/1315.cnf,"Final circuit size: 44014 Estimated probability 0.11979994 (epsilon 0) found in 3 seconds ",
1314,:,1737409619.000,5.000,0,90,0,0,"schlandals --timeout 600 -i /data/schlandals/pwmc_benchmarks/instances/bayesian_networks/pcnf/munin/1314.cnf compile | tr '\n' ' '",/data/schlandals/pwmc_benchmarks/instances/bayesian_networks/pcnf/munin/1314.cnf,"Final circuit size: 44014 Estimated probability 0.88020006 (epsilon 0) found in 3 seconds ",
1129,:,1737409126.000,501.000,0,115,0,0,"schlandals --timeout 600 -i /data/schlandals/pwmc_benchmarks/instances/bayesian_networks/pcnf/munin/1129.cnf compile | tr '\n' ' '",/data/schlandals/pwmc_benchmarks/instances/bayesian_networks/pcnf/munin/1129.cnf,"Final circuit size: 10579 Estimated probability 0.00009333 (epsilon 0.0000004243343298959701) found in 346 seconds ",
1292,:,1737409550.000,79.000,0,115,0,0,"schlandals --timeout 600 -i /data/schlandals/pwmc_benchmarks/instances/bayesian_networks/pcnf/munin/1292.cnf compile | tr '\n' ' '",/data/schlandals/pwmc_benchmarks/instances/bayesian_networks/pcnf/munin/1292.cnf,"Final circuit size: 86592 Estimated probability 0.00673842 (epsilon 0.00000003870582654386112) found in 75 seconds ",
1316,:,1737409623.000,7.000,0,90,0,0,"schlandals --timeout 600 -i /data/schlandals/pwmc_benchmarks/instances/bayesian_networks/pcnf/munin/1316.cnf compile | tr '\n' ' '",/data/schlandals/pwmc_benchmarks/instances/bayesian_networks/pcnf/munin/1316.cnf,"Final circuit size: 47780 Estimated probability 0.94632480 (epsilon 0) found in 6 seconds ",
1317,:,1737409623.000,8.000,0,90,0,0,"schlandals --timeout 600 -i /data/schlandals/pwmc_benchmarks/instances/bayesian_networks/pcnf/munin/1317.cnf compile | tr '\n' ' '",/data/schlandals/pwmc_benchmarks/instances/bayesian_networks/pcnf/munin/1317.cnf,"Final circuit size: 47780 Estimated probability 0.05367520 (epsilon 0) found in 7 seconds ",
1191,:,1737409170.000,463.000,0,115,0,0,"schlandals --timeout 600 -i /data/schlandals/pwmc_benchmarks/instances/bayesian_networks/pcnf/munin/1191.cnf compile | tr '\n' ' '",/data/schlandals/pwmc_benchmarks/instances/bayesian_networks/pcnf/munin/1191.cnf,"Final circuit size: 9001 Estimated probability 0.00010347 (epsilon 0.00000006535443453081768) found in 227 seconds ",
1290,:,1737409543.000,95.000,0,116,0,0,"schlandals --timeout 600 -i /data/schlandals/pwmc_benchmarks/instances/bayesian_networks/pcnf/munin/1290.cnf compile | tr '\n' ' '",/data/schlandals/pwmc_benchmarks/instances/bayesian_networks/pcnf/munin/1290.cnf,"Final circuit size: 85934 Estimated probability 0.00144109 (epsilon 0.000000043880668876283835) found in 89 seconds ",
1293,:,1737409554.000,92.000,0,115,0,0,"schlandals --timeout 600 -i /data/schlandals/pwmc_benchmarks/instances/bayesian_networks/pcnf/munin/1293.cnf compile | tr '\n' ' '",/data/schlandals/pwmc_benchmarks/instances/bayesian_networks/pcnf/munin/1293.cnf,"Final circuit size: 84787 Estimated probability 0.02165268 (epsilon 0.00000001204543931265789) found in 86 seconds ",
1295,:,1737409559.000,92.000,0,117,0,0,"schlandals --timeout 600 -i /data/schlandals/pwmc_benchmarks/instances/bayesian_networks/pcnf/munin/1295.cnf compile | tr '\n' ' '",/data/schlandals/pwmc_benchmarks/instances/bayesian_networks/pcnf/munin/1295.cnf,"Final circuit size: 86179 Estimated probability 0.17152647 (epsilon 0.0000000024317647895344408) found in 86 seconds ",
1297,:,1737409587.000,75.000,0,117,0,0,"schlandals --timeout 600 -i /data/schlandals/pwmc_benchmarks/instances/bayesian_networks/pcnf/munin/1297.cnf compile | tr '\n' ' '",/data/schlandals/pwmc_benchmarks/instances/bayesian_networks/pcnf/munin/1297.cnf,"Final circuit size: 85799 Estimated probability 0.23417023 (epsilon 0.0000000017812344932366386) found in 69 seconds ",
1296,:,1737409576.000,95.000,0,117,0,0,"schlandals --timeout 600 -i /data/schlandals/pwmc_benchmarks/instances/bayesian_networks/pcnf/munin/1296.cnf compile | tr '\n' ' '",/data/schlandals/pwmc_benchmarks/instances/bayesian_networks/pcnf/munin/1296.cnf,"Final circuit size: 87393 Estimated probability 0.25553850 (epsilon 0.0000000016322863061191129) found in 88 seconds ",
1307,:,1737409607.000,64.000,0,114,0,0,"schlandals --timeout 600 -i /data/schlandals/pwmc_benchmarks/instances/bayesian_networks/pcnf/munin/1307.cnf compile | tr '\n' ' '",/data/schlandals/pwmc_benchmarks/instances/bayesian_networks/pcnf/munin/1307.cnf,"Final circuit size: 87258 Estimated probability 0.00028931 (epsilon 0.0000005259057416218127) found in 58 seconds ",
1309,:,1737409608.000,68.000,0,91,0,0,"schlandals --timeout 600 -i /data/schlandals/pwmc_benchmarks/instances/bayesian_networks/pcnf/munin/1309.cnf compile | tr '\n' ' '",/data/schlandals/pwmc_benchmarks/instances/bayesian_networks/pcnf/munin/1309.cnf,"Final circuit size: 83401 Estimated probability 0.11456274 (epsilon 0) found in 63 seconds ",
1300,:,1737409590.000,95.000,0,116,0,0,"schlandals --timeout 600 -i /data/schlandals/pwmc_benchmarks/instances/bayesian_networks/pcnf/munin/1300.cnf compile | tr '\n' ' '",/data/schlandals/pwmc_benchmarks/instances/bayesian_networks/pcnf/munin/1300.cnf,"Final circuit size: 86764 Estimated probability 0.02057949 (epsilon 0.000000020268341893725506) found in 88 seconds ",
1312,:,1737409617.000,68.000,0,91,0,0,"schlandals --timeout 600 -i /data/schlandals/pwmc_benchmarks/instances/bayesian_networks/pcnf/munin/1312.cnf compile | tr '\n' ' '",/data/schlandals/pwmc_benchmarks/instances/bayesian_networks/pcnf/munin/1312.cnf,"Final circuit size: 78797 Estimated probability 0.82270645 (epsilon 0) found in 65 seconds ",
1298,:,1737409589.000,97.000,0,117,0,0,"schlandals --timeout 600 -i /data/schlandals/pwmc_benchmarks/instances/bayesian_networks/pcnf/munin/1298.cnf compile | tr '\n' ' '",/data/schlandals/pwmc_benchmarks/instances/bayesian_networks/pcnf/munin/1298.cnf,"Final circuit size: 88237 Estimated probability 0.13470693 (epsilon 0.0000000030964411035228068) found in 91 seconds ",
1299,:,1737409590.000,96.000,0,116,0,0,"schlandals --timeout 600 -i /data/schlandals/pwmc_benchmarks/instances/bayesian_networks/pcnf/munin/1299.cnf compile | tr '\n' ' '",/data/schlandals/pwmc_benchmarks/instances/bayesian_networks/pcnf/munin/1299.cnf,"Final circuit size: 85640 Estimated probability 0.05402247 (epsilon 0.000000007721084438472303) found in 90 seconds ",
1310,:,1737409608.000,79.000,0,91,0,0,"schlandals --timeout 600 -i /data/schlandals/pwmc_benchmarks/instances/bayesian_networks/pcnf/munin/1310.cnf compile | tr '\n' ' '",/data/schlandals/pwmc_benchmarks/instances/bayesian_networks/pcnf/munin/1310.cnf,"Final circuit size: 82563 Estimated probability 0.73927674 (epsilon 0) found in 74 seconds ",
1301,:,1737409590.000,98.000,0,116,0,0,"schlandals --timeout 600 -i /data/schlandals/pwmc_benchmarks/instances/bayesian_networks/pcnf/munin/1301.cnf compile | tr '\n' ' '",/data/schlandals/pwmc_benchmarks/instances/bayesian_networks/pcnf/munin/1301.cnf,"Final circuit size: 87523 Estimated probability 0.01037252 (epsilon 0.000000040213196106364535) found in 91 seconds ",
1302,:,1737409599.000,97.000,0,115,0,0,"schlandals --timeout 600 -i /data/schlandals/pwmc_benchmarks/instances/bayesian_networks/pcnf/munin/1302.cnf compile | tr '\n' ' '",/data/schlandals/pwmc_benchmarks/instances/bayesian_networks/pcnf/munin/1302.cnf,"Final circuit size: 85626 Estimated probability 0.00613682 (epsilon 0.00000005698860228164904) found in 91 seconds ",
1313,:,1737409619.000,77.000,0,91,0,0,"schlandals --timeout 600 -i /data/schlandals/pwmc_benchmarks/instances/bayesian_networks/pcnf/munin/1313.cnf compile | tr '\n' ' '",/data/schlandals/pwmc_benchmarks/instances/bayesian_networks/pcnf/munin/1313.cnf,"Final circuit size: 78797 Estimated probability 0.17729355 (epsilon 0) found in 73 seconds ",
1303,:,1737409600.000,97.000,0,115,0,0,"schlandals --timeout 600 -i /data/schlandals/pwmc_benchmarks/instances/bayesian_networks/pcnf/munin/1303.cnf compile | tr '\n' ' '",/data/schlandals/pwmc_benchmarks/instances/bayesian_networks/pcnf/munin/1303.cnf,"Final circuit size: 86022 Estimated probability 0.00355062 (epsilon 0.00000009849786408722139) found in 91 seconds ",
1305,:,1737409605.000,93.000,0,114,0,0,"schlandals --timeout 600 -i /data/schlandals/pwmc_benchmarks/instances/bayesian_networks/pcnf/munin/1305.cnf compile | tr '\n' ' '",/data/schlandals/pwmc_benchmarks/instances/bayesian_networks/pcnf/munin/1305.cnf,"Final circuit size: 85583 Estimated probability 0.00120154 (epsilon 0.0000002910682044277024) found in 88 seconds ",
1311,:,1737409617.000,83.000,0,91,0,0,"schlandals --timeout 600 -i /data/schlandals/pwmc_benchmarks/instances/bayesian_networks/pcnf/munin/1311.cnf compile | tr '\n' ' '",/data/schlandals/pwmc_benchmarks/instances/bayesian_networks/pcnf/munin/1311.cnf,"Final circuit size: 87115 Estimated probability 0.14616052 (epsilon 0) found in 78 seconds ",
1306,:,1737409607.000,94.000,0,115,0,0,"schlandals --timeout 600 -i /data/schlandals/pwmc_benchmarks/instances/bayesian_networks/pcnf/munin/1306.cnf compile | tr '\n' ' '",/data/schlandals/pwmc_benchmarks/instances/bayesian_networks/pcnf/munin/1306.cnf,"Final circuit size: 86304 Estimated probability 0.00064127 (epsilon 0.00000023726162901027692) found in 89 seconds ",
1308,:,1737409607.000,97.000,0,114,0,0,"schlandals --timeout 600 -i /data/schlandals/pwmc_benchmarks/instances/bayesian_networks/pcnf/munin/1308.cnf compile | tr '\n' ' '",/data/schlandals/pwmc_benchmarks/instances/bayesian_networks/pcnf/munin/1308.cnf,"Final circuit size: 87506 Estimated probability 0.00004209 (epsilon 0.0000007370557899566421) found in 91 seconds ",
1339,:,1737409697.000,8.000,0,90,0,0,"schlandals --timeout 600 -i /data/schlandals/pwmc_benchmarks/instances/bayesian_networks/pcnf/munin/1339.cnf compile | tr '\n' ' '",/data/schlandals/pwmc_benchmarks/instances/bayesian_networks/pcnf/munin/1339.cnf,"Final circuit size: 47082 Estimated probability 0.94588394 (epsilon 0) found in 7 seconds ",
1340,:,1737409698.000,8.000,0,90,0,0,"schlandals --timeout 600 -i /data/schlandals/pwmc_benchmarks/instances/bayesian_networks/pcnf/munin/1340.cnf compile | tr '\n' ' '",/data/schlandals/pwmc_benchmarks/instances/bayesian_networks/pcnf/munin/1340.cnf,"Final circuit size: 47082 Estimated probability 0.02218102 (epsilon 0) found in 7 seconds ",
1342,:,1737409701.000,7.000,0,90,0,0,"schlandals --timeout 600 -i /data/schlandals/pwmc_benchmarks/instances/bayesian_networks/pcnf/munin/1342.cnf compile | tr '\n' ' '",/data/schlandals/pwmc_benchmarks/instances/bayesian_networks/pcnf/munin/1342.cnf,"Final circuit size: 41616 Estimated probability 0.00130172 (epsilon 0) found in 5 seconds ",
1341,:,1737409700.000,8.000,0,90,0,0,"schlandals --timeout 600 -i /data/schlandals/pwmc_benchmarks/instances/bayesian_networks/pcnf/munin/1341.cnf compile | tr '\n' ' '",/data/schlandals/pwmc_benchmarks/instances/bayesian_networks/pcnf/munin/1341.cnf,"Final circuit size: 47082 Estimated probability 0.01063332 (epsilon 0) found in 7 seconds ",
1304,:,1737409604.000,104.000,0,115,0,0,"schlandals --timeout 600 -i /data/schlandals/pwmc_benchmarks/instances/bayesian_networks/pcnf/munin/1304.cnf compile | tr '\n' ' '",/data/schlandals/pwmc_benchmarks/instances/bayesian_networks/pcnf/munin/1304.cnf,"Final circuit size: 85869 Estimated probability 0.00206880 (epsilon 0.00000016904883426427375) found in 98 seconds ",
1192,:,1737409170.000,539.000,0,116,0,0,"schlandals --timeout 600 -i /data/schlandals/pwmc_benchmarks/instances/bayesian_networks/pcnf/munin/1192.cnf compile | tr '\n' ' '",/data/schlandals/pwmc_benchmarks/instances/bayesian_networks/pcnf/munin/1192.cnf,"Final circuit size: 8888 Estimated probability 0.00090943 (epsilon 0.000000007435780879916365) found in 339 seconds ",
1343,:,1737409704.000,8.000,0,90,0,0,"schlandals --timeout 600 -i /data/schlandals/pwmc_benchmarks/instances/bayesian_networks/pcnf/munin/1343.cnf compile | tr '\n' ' '",/data/schlandals/pwmc_benchmarks/instances/bayesian_networks/pcnf/munin/1343.cnf,"Final circuit size: 47082 Estimated probability 0.02000000 (epsilon 0) found in 6 seconds ",
1344,:,1737409705.000,9.000,0,90,0,0,"schlandals --timeout 600 -i /data/schlandals/pwmc_benchmarks/instances/bayesian_networks/pcnf/munin/1344.cnf compile | tr '\n' ' '",/data/schlandals/pwmc_benchmarks/instances/bayesian_networks/pcnf/munin/1344.cnf,"Final circuit size: 48764 Estimated probability 0.94901349 (epsilon 0) found in 7 seconds ",
1345,:,1737409706.000,8.000,0,90,0,0,"schlandals --timeout 600 -i /data/schlandals/pwmc_benchmarks/instances/bayesian_networks/pcnf/munin/1345.cnf compile | tr '\n' ' '",/data/schlandals/pwmc_benchmarks/instances/bayesian_networks/pcnf/munin/1345.cnf,"Final circuit size: 48764 Estimated probability 0.02075626 (epsilon 0) found in 7 seconds ",
1346,:,1737409708.000,8.000,0,90,0,0,"schlandals --timeout 600 -i /data/schlandals/pwmc_benchmarks/instances/bayesian_networks/pcnf/munin/1346.cnf compile | tr '\n' ' '",/data/schlandals/pwmc_benchmarks/instances/bayesian_networks/pcnf/munin/1346.cnf,"Final circuit size: 48764 Estimated probability 0.01017766 (epsilon 0) found in 7 seconds ",
1347,:,1737409708.000,8.000,0,90,0,0,"schlandals --timeout 600 -i /data/schlandals/pwmc_benchmarks/instances/bayesian_networks/pcnf/munin/1347.cnf compile | tr '\n' ' '",/data/schlandals/pwmc_benchmarks/instances/bayesian_networks/pcnf/munin/1347.cnf,"Final circuit size: 48764 Estimated probability 0.02005258 (epsilon 0) found in 7 seconds ",
1348,:,1737409708.000,9.000,0,90,0,0,"schlandals --timeout 600 -i /data/schlandals/pwmc_benchmarks/instances/bayesian_networks/pcnf/munin/1348.cnf compile | tr '\n' ' '",/data/schlandals/pwmc_benchmarks/instances/bayesian_networks/pcnf/munin/1348.cnf,"Final circuit size: 47777 Estimated probability 0.94549911 (epsilon 0) found in 7 seconds ",
1349,:,1737409709.000,8.000,0,90,0,0,"schlandals --timeout 600 -i /data/schlandals/pwmc_benchmarks/instances/bayesian_networks/pcnf/munin/1349.cnf compile | tr '\n' ' '",/data/schlandals/pwmc_benchmarks/instances/bayesian_networks/pcnf/munin/1349.cnf,"Final circuit size: 45497 Estimated probability 0.02229781 (epsilon 0) found in 7 seconds ",
1350,:,1737409712.000,7.000,0,90,0,0,"schlandals --timeout 600 -i /data/schlandals/pwmc_benchmarks/instances/bayesian_networks/pcnf/munin/1350.cnf compile | tr '\n' ' '",/data/schlandals/pwmc_benchmarks/instances/bayesian_networks/pcnf/munin/1350.cnf,"Final circuit size: 45497 Estimated probability 0.01083667 (epsilon 0) found in 6 seconds ",
1351,:,1737409714.000,7.000,0,90,0,0,"schlandals --timeout 600 -i /data/schlandals/pwmc_benchmarks/instances/bayesian_networks/pcnf/munin/1351.cnf compile | tr '\n' ' '",/data/schlandals/pwmc_benchmarks/instances/bayesian_networks/pcnf/munin/1351.cnf,"Final circuit size: 41310 Estimated probability 0.00134407 (epsilon 0) found in 6 seconds ",
1352,:,1737409714.000,8.000,0,90,0,0,"schlandals --timeout 600 -i /data/schlandals/pwmc_benchmarks/instances/bayesian_networks/pcnf/munin/1352.cnf compile | tr '\n' ' '",/data/schlandals/pwmc_benchmarks/instances/bayesian_networks/pcnf/munin/1352.cnf,"Final circuit size: 46953 Estimated probability 0.02002234 (epsilon 0) found in 7 seconds ",
1354,:,1737409716.000,7.000,0,90,0,0,"schlandals --timeout 600 -i /data/schlandals/pwmc_benchmarks/instances/bayesian_networks/pcnf/munin/1354.cnf compile | tr '\n' ' '",/data/schlandals/pwmc_benchmarks/instances/bayesian_networks/pcnf/munin/1354.cnf,"Final circuit size: 44853 Estimated probability 0.05257981 (epsilon 0) found in 6 seconds ",
1355,:,1737409717.000,6.000,0,90,0,0,"schlandals --timeout 600 -i /data/schlandals/pwmc_benchmarks/instances/bayesian_networks/pcnf/munin/1355.cnf compile | tr '\n' ' '",/data/schlandals/pwmc_benchmarks/instances/bayesian_networks/pcnf/munin/1355.cnf,"Final circuit size: 40877 Estimated probability 0.00129363 (epsilon 0) found in 5 seconds ",
1356,:,1737409717.000,7.000,0,90,0,0,"schlandals --timeout 600 -i /data/schlandals/pwmc_benchmarks/instances/bayesian_networks/pcnf/munin/1356.cnf compile | tr '\n' ' '",/data/schlandals/pwmc_benchmarks/instances/bayesian_networks/pcnf/munin/1356.cnf,"Final circuit size: 40877 Estimated probability 0.00041322 (epsilon 0) found in 6 seconds ",
1353,:,1737409716.000,8.000,0,90,0,0,"schlandals --timeout 600 -i /data/schlandals/pwmc_benchmarks/instances/bayesian_networks/pcnf/munin/1353.cnf compile | tr '\n' ' '",/data/schlandals/pwmc_benchmarks/instances/bayesian_networks/pcnf/munin/1353.cnf,"Final circuit size: 48897 Estimated probability 0.94571335 (epsilon 0) found in 7 seconds ",
1360,:,1737409723.000,1.000,0,89,0,0,"schlandals --timeout 600 -i /data/schlandals/pwmc_benchmarks/instances/bayesian_networks/pcnf/munin/1360.cnf compile | tr '\n' ' '",/data/schlandals/pwmc_benchmarks/instances/bayesian_networks/pcnf/munin/1360.cnf,"Final circuit size: 5110 Estimated probability 0.92221932 (epsilon 0) found in 0 seconds ",
1361,:,1737409723.000,2.000,0,89,0,0,"schlandals --timeout 600 -i /data/schlandals/pwmc_benchmarks/instances/bayesian_networks/pcnf/munin/1361.cnf compile | tr '\n' ' '",/data/schlandals/pwmc_benchmarks/instances/bayesian_networks/pcnf/munin/1361.cnf,"Final circuit size: 5110 Estimated probability 0.07778068 (epsilon 0) found in 0 seconds ",
1363,:,1737409724.000,2.000,0,86,0,0,"schlandals --timeout 600 -i /data/schlandals/pwmc_benchmarks/instances/bayesian_networks/pcnf/munin/1363.cnf compile | tr '\n' ' '",/data/schlandals/pwmc_benchmarks/instances/bayesian_networks/pcnf/munin/1363.cnf,"Final circuit size: 0 Estimated probability 0.00000000 (epsilon 0) found in 2 seconds ",
1362,:,1737409724.000,3.000,0,86,0,0,"schlandals --timeout 600 -i /data/schlandals/pwmc_benchmarks/instances/bayesian_networks/pcnf/munin/1362.cnf compile | tr '\n' ' '",/data/schlandals/pwmc_benchmarks/instances/bayesian_networks/pcnf/munin/1362.cnf,"Final circuit size: 0 Estimated probability 0.00000000 (epsilon 0) found in 2 seconds ",
1364,:,1737409724.000,3.000,0,86,0,0,"schlandals --timeout 600 -i /data/schlandals/pwmc_benchmarks/instances/bayesian_networks/pcnf/munin/1364.cnf compile | tr '\n' ' '",/data/schlandals/pwmc_benchmarks/instances/bayesian_networks/pcnf/munin/1364.cnf,"Final circuit size: 0 Estimated probability 0.00000000 (epsilon 0) found in 1 seconds ",
1365,:,1737409725.000,2.000,0,86,0,0,"schlandals --timeout 600 -i /data/schlandals/pwmc_benchmarks/instances/bayesian_networks/pcnf/munin/1365.cnf compile | tr '\n' ' '",/data/schlandals/pwmc_benchmarks/instances/bayesian_networks/pcnf/munin/1365.cnf,"Final circuit size: 0 Estimated probability 0.00000000 (epsilon 0) found in 2 seconds ",
1096,:,1737409040.000,689.000,0,115,0,0,"schlandals --timeout 600 -i /data/schlandals/pwmc_benchmarks/instances/bayesian_networks/pcnf/munin/1096.cnf compile | tr '\n' ' '",/data/schlandals/pwmc_benchmarks/instances/bayesian_networks/pcnf/munin/1096.cnf,"Final circuit size: 7761 Estimated probability 0.00106859 (epsilon 0.00000001614209921285692) found in 413 seconds ",
1357,:,1737409719.000,13.000,0,92,0,0,"schlandals --timeout 600 -i /data/schlandals/pwmc_benchmarks/instances/bayesian_networks/pcnf/munin/1357.cnf compile | tr '\n' ' '",/data/schlandals/pwmc_benchmarks/instances/bayesian_networks/pcnf/munin/1357.cnf,"Final circuit size: 101316 Estimated probability 0.90647974 (epsilon 0) found in 11 seconds ",
1358,:,1737409721.000,12.000,0,92,0,0,"schlandals --timeout 600 -i /data/schlandals/pwmc_benchmarks/instances/bayesian_networks/pcnf/munin/1358.cnf compile | tr '\n' ' '",/data/schlandals/pwmc_benchmarks/instances/bayesian_networks/pcnf/munin/1358.cnf,"Final circuit size: 101316 Estimated probability 0.07723689 (epsilon 0) found in 10 seconds ",
1359,:,1737409722.000,13.000,0,91,0,0,"schlandals --timeout 600 -i /data/schlandals/pwmc_benchmarks/instances/bayesian_networks/pcnf/munin/1359.cnf compile | tr '\n' ' '",/data/schlandals/pwmc_benchmarks/instances/bayesian_networks/pcnf/munin/1359.cnf,"Final circuit size: 98924 Estimated probability 0.01628337 (epsilon 0) found in 11 seconds ",
1370,:,1737409729.000,56.000,0,92,0,0,"schlandals --timeout 600 -i /data/schlandals/pwmc_benchmarks/instances/bayesian_networks/pcnf/munin/1370.cnf compile | tr '\n' ' '",/data/schlandals/pwmc_benchmarks/instances/bayesian_networks/pcnf/munin/1370.cnf,"Final circuit size: 262688 Estimated probability 0.98642707 (epsilon 0) found in 53 seconds ",
1368,:,1737409727.000,58.000,0,92,0,0,"schlandals --timeout 600 -i /data/schlandals/pwmc_benchmarks/instances/bayesian_networks/pcnf/munin/1368.cnf compile | tr '\n' ' '",/data/schlandals/pwmc_benchmarks/instances/bayesian_networks/pcnf/munin/1368.cnf,"Final circuit size: 271478 Estimated probability 0.04072513 (epsilon 0) found in 55 seconds ",
1369,:,1737409727.000,59.000,0,92,0,0,"schlandals --timeout 600 -i /data/schlandals/pwmc_benchmarks/instances/bayesian_networks/pcnf/munin/1369.cnf compile | tr '\n' ' '",/data/schlandals/pwmc_benchmarks/instances/bayesian_networks/pcnf/munin/1369.cnf,"Final circuit size: 265645 Estimated probability 0.01418815 (epsilon 0) found in 56 seconds ",
1372,:,1737409733.000,55.000,0,92,0,0,"schlandals --timeout 600 -i /data/schlandals/pwmc_benchmarks/instances/bayesian_networks/pcnf/munin/1372.cnf compile | tr '\n' ' '",/data/schlandals/pwmc_benchmarks/instances/bayesian_networks/pcnf/munin/1372.cnf,"Final circuit size: 258255 Estimated probability 0.87809180 (epsilon 0) found in 52 seconds ",
1367,:,1737409727.000,61.000,0,92,0,0,"schlandals --timeout 600 -i /data/schlandals/pwmc_benchmarks/instances/bayesian_networks/pcnf/munin/1367.cnf compile | tr '\n' ' '",/data/schlandals/pwmc_benchmarks/instances/bayesian_networks/pcnf/munin/1367.cnf,"Final circuit size: 276577 Estimated probability 0.07103656 (epsilon 0) found in 59 seconds ",
1371,:,1737409732.000,57.000,0,92,0,0,"schlandals --timeout 600 -i /data/schlandals/pwmc_benchmarks/instances/bayesian_networks/pcnf/munin/1371.cnf compile | tr '\n' ' '",/data/schlandals/pwmc_benchmarks/instances/bayesian_networks/pcnf/munin/1371.cnf,"Final circuit size: 262688 Estimated probability 0.01357293 (epsilon 0) found in 54 seconds ",
1373,:,1737409735.000,54.000,0,92,0,0,"schlandals --timeout 600 -i /data/schlandals/pwmc_benchmarks/instances/bayesian_networks/pcnf/munin/1373.cnf compile | tr '\n' ' '",/data/schlandals/pwmc_benchmarks/instances/bayesian_networks/pcnf/munin/1373.cnf,"Final circuit size: 258255 Estimated probability 0.12190820 (epsilon 0) found in 51 seconds ",
1212,:,1737409186.000,632.000,0,109,0,0,"schlandals --timeout 600 -i /data/schlandals/pwmc_benchmarks/instances/bayesian_networks/pcnf/munin/1212.cnf compile | tr '\n' ' '",/data/schlandals/pwmc_benchmarks/instances/bayesian_networks/pcnf/munin/1212.cnf,"Final circuit size: 337148 Estimated probability 0.00186668 (epsilon 4.484119820208888) found in 600 seconds ",
1215,:,1737409188.000,630.000,0,110,0,0,"schlandals --timeout 600 -i /data/schlandals/pwmc_benchmarks/instances/bayesian_networks/pcnf/munin/1215.cnf compile | tr '\n' ' '",/data/schlandals/pwmc_benchmarks/instances/bayesian_networks/pcnf/munin/1215.cnf,"Final circuit size: 358668 Estimated probability 0.00618939 (epsilon 2.1244836349005567) found in 600 seconds ",
1214,:,1737409187.000,632.000,0,110,0,0,"schlandals --timeout 600 -i /data/schlandals/pwmc_benchmarks/instances/bayesian_networks/pcnf/munin/1214.cnf compile | tr '\n' ' '",/data/schlandals/pwmc_benchmarks/instances/bayesian_networks/pcnf/munin/1214.cnf,"Final circuit size: 451380 Estimated probability 0.00450400 (epsilon 2.5948023074425652) found in 600 seconds ",
1213,:,1737409186.000,638.000,0,110,0,0,"schlandals --timeout 600 -i /data/schlandals/pwmc_benchmarks/instances/bayesian_networks/pcnf/munin/1213.cnf compile | tr '\n' ' '",/data/schlandals/pwmc_benchmarks/instances/bayesian_networks/pcnf/munin/1213.cnf,"Final circuit size: 337076 Estimated probability 0.00268953 (epsilon 3.6005438733532875) found in 600 seconds ",
1211,:,1737409186.000,638.000,0,109,0,0,"schlandals --timeout 600 -i /data/schlandals/pwmc_benchmarks/instances/bayesian_networks/pcnf/munin/1211.cnf compile | tr '\n' ' '",/data/schlandals/pwmc_benchmarks/instances/bayesian_networks/pcnf/munin/1211.cnf,"Final circuit size: 336812 Estimated probability 0.00182000 (epsilon 4.536011588800736) found in 600 seconds ",
1209,:,1737409185.000,639.000,0,109,0,0,"schlandals --timeout 600 -i /data/schlandals/pwmc_benchmarks/instances/bayesian_networks/pcnf/munin/1209.cnf compile | tr '\n' ' '",/data/schlandals/pwmc_benchmarks/instances/bayesian_networks/pcnf/munin/1209.cnf,"Final circuit size: 530617 Estimated probability 0.00734783 (epsilon 1.871941992995783) found in 600 seconds ",
1210,:,1737409186.000,639.000,0,109,0,0,"schlandals --timeout 600 -i /data/schlandals/pwmc_benchmarks/instances/bayesian_networks/pcnf/munin/1210.cnf compile | tr '\n' ' '",/data/schlandals/pwmc_benchmarks/instances/bayesian_networks/pcnf/munin/1210.cnf,"Final circuit size: 378013 Estimated probability 0.00200373 (epsilon 4.284827222906033) found in 600 seconds ",
1219,:,1737409196.000,631.000,0,109,0,0,"schlandals --timeout 600 -i /data/schlandals/pwmc_benchmarks/instances/bayesian_networks/pcnf/munin/1219.cnf compile | tr '\n' ' '",/data/schlandals/pwmc_benchmarks/instances/bayesian_networks/pcnf/munin/1219.cnf,"Final circuit size: 332666 Estimated probability 0.01586542 (epsilon 1.100081693516647) found in 600 seconds ",
1216,:,1737409189.000,640.000,0,110,0,0,"schlandals --timeout 600 -i /data/schlandals/pwmc_benchmarks/instances/bayesian_networks/pcnf/munin/1216.cnf compile | tr '\n' ' '",/data/schlandals/pwmc_benchmarks/instances/bayesian_networks/pcnf/munin/1216.cnf,"Final circuit size: 389814 Estimated probability 0.00676549 (epsilon 1.9942781849263813) found in 600 seconds ",
1220,:,1737409197.000,635.000,0,110,0,0,"schlandals --timeout 600 -i /data/schlandals/pwmc_benchmarks/instances/bayesian_networks/pcnf/munin/1220.cnf compile | tr '\n' ' '",/data/schlandals/pwmc_benchmarks/instances/bayesian_networks/pcnf/munin/1220.cnf,"Final circuit size: 336598 Estimated probability 0.02534487 (epsilon 0.7688903494235113) found in 600 seconds ",
1218,:,1737409194.000,639.000,0,109,0,0,"schlandals --timeout 600 -i /data/schlandals/pwmc_benchmarks/instances/bayesian_networks/pcnf/munin/1218.cnf compile | tr '\n' ' '",/data/schlandals/pwmc_benchmarks/instances/bayesian_networks/pcnf/munin/1218.cnf,"Final circuit size: 337939 Estimated probability 0.01293297 (epsilon 1.274241141334369) found in 600 seconds ",
1222,:,1737409200.000,634.000,0,111,0,0,"schlandals --timeout 600 -i /data/schlandals/pwmc_benchmarks/instances/bayesian_networks/pcnf/munin/1222.cnf compile | tr '\n' ' '",/data/schlandals/pwmc_benchmarks/instances/bayesian_networks/pcnf/munin/1222.cnf,"Final circuit size: 331525 Estimated probability 0.45224920 (epsilon 0.05830564865133958) found in 600 seconds ",
1225,:,1737409202.000,633.000,0,109,0,0,"schlandals --timeout 600 -i /data/schlandals/pwmc_benchmarks/instances/bayesian_networks/pcnf/munin/1225.cnf compile | tr '\n' ' '",/data/schlandals/pwmc_benchmarks/instances/bayesian_networks/pcnf/munin/1225.cnf,"Final circuit size: 336182 Estimated probability 0.01307112 (epsilon 1.264524567251589) found in 600 seconds ",
1217,:,1737409190.000,649.000,0,109,0,0,"schlandals --timeout 600 -i /data/schlandals/pwmc_benchmarks/instances/bayesian_networks/pcnf/munin/1217.cnf compile | tr '\n' ' '",/data/schlandals/pwmc_benchmarks/instances/bayesian_networks/pcnf/munin/1217.cnf,"Final circuit size: 443861 Estimated probability 0.00823820 (epsilon 1.741362810330974) found in 600 seconds ",
1223,:,1737409201.000,638.000,0,111,0,0,"schlandals --timeout 600 -i /data/schlandals/pwmc_benchmarks/instances/bayesian_networks/pcnf/munin/1223.cnf compile | tr '\n' ' '",/data/schlandals/pwmc_benchmarks/instances/bayesian_networks/pcnf/munin/1223.cnf,"Final circuit size: 373664 Estimated probability 0.22624894 (epsilon 0.11286833428479448) found in 600 seconds ",
1393,:,1737409835.000,4.000,0,113,0,0,"schlandals --timeout 600 -i /data/schlandals/pwmc_benchmarks/instances/bayesian_networks/pcnf/munin/1393.cnf compile | tr '\n' ' '",/data/schlandals/pwmc_benchmarks/instances/bayesian_networks/pcnf/munin/1393.cnf,"Final circuit size: 12234 Estimated probability 0.21797613 (epsilon 0.0000000211521411497273) found in 3 seconds ",
1221,:,1737409198.000,641.000,0,111,0,0,"schlandals --timeout 600 -i /data/schlandals/pwmc_benchmarks/instances/bayesian_networks/pcnf/munin/1221.cnf compile | tr '\n' ' '",/data/schlandals/pwmc_benchmarks/instances/bayesian_networks/pcnf/munin/1221.cnf,"Final circuit size: 392747 Estimated probability 0.13697926 (epsilon 0.18012697475793393) found in 600 seconds ",
1391,:,1737409833.000,7.000,0,113,0,0,"schlandals --timeout 600 -i /data/schlandals/pwmc_benchmarks/instances/bayesian_networks/pcnf/munin/1391.cnf compile | tr '\n' ' '",/data/schlandals/pwmc_benchmarks/instances/bayesian_networks/pcnf/munin/1391.cnf,"Final circuit size: 12233 Estimated probability 0.00910618 (epsilon 0.0000005025760740906549) found in 5 seconds ",
1392,:,1737409834.000,7.000,0,114,0,0,"schlandals --timeout 600 -i /data/schlandals/pwmc_benchmarks/instances/bayesian_networks/pcnf/munin/1392.cnf compile | tr '\n' ' '",/data/schlandals/pwmc_benchmarks/instances/bayesian_networks/pcnf/munin/1392.cnf,"Final circuit size: 12287 Estimated probability 0.06600655 (epsilon 0.00000006985158518268975) found in 5 seconds ",
1224,:,1737409201.000,640.000,0,110,0,0,"schlandals --timeout 600 -i /data/schlandals/pwmc_benchmarks/instances/bayesian_networks/pcnf/munin/1224.cnf compile | tr '\n' ' '",/data/schlandals/pwmc_benchmarks/instances/bayesian_networks/pcnf/munin/1224.cnf,"Final circuit size: 322883 Estimated probability 0.02208248 (epsilon 0.8556782498694171) found in 600 seconds ",
1063,:,1737408899.000,944.000,0,109,0,0,"schlandals --timeout 600 -i /data/schlandals/pwmc_benchmarks/instances/bayesian_networks/pcnf/munin/1063.cnf compile | tr '\n' ' '",/data/schlandals/pwmc_benchmarks/instances/bayesian_networks/pcnf/munin/1063.cnf,"Final circuit size: 18879 Estimated probability 0.00564901 (epsilon 2.2513030762953568) found in 599 seconds ",
1398,:,1737409840.000,4.000,0,114,0,0,"schlandals --timeout 600 -i /data/schlandals/pwmc_benchmarks/instances/bayesian_networks/pcnf/munin/1398.cnf compile | tr '\n' ' '",/data/schlandals/pwmc_benchmarks/instances/bayesian_networks/pcnf/munin/1398.cnf,"Final circuit size: 12289 Estimated probability 0.00154622 (epsilon 0.00000004285363486289384) found in 3 seconds ",
1394,:,1737409839.000,7.000,0,115,0,0,"schlandals --timeout 600 -i /data/schlandals/pwmc_benchmarks/instances/bayesian_networks/pcnf/munin/1394.cnf compile | tr '\n' ' '",/data/schlandals/pwmc_benchmarks/instances/bayesian_networks/pcnf/munin/1394.cnf,"Final circuit size: 12265 Estimated probability 0.33055599 (epsilon 0.000000013948202814972888) found in 5 seconds ",
1395,:,1737409839.000,7.000,0,115,0,0,"schlandals --timeout 600 -i /data/schlandals/pwmc_benchmarks/instances/bayesian_networks/pcnf/munin/1395.cnf compile | tr '\n' ' '",/data/schlandals/pwmc_benchmarks/instances/bayesian_networks/pcnf/munin/1395.cnf,"Final circuit size: 12245 Estimated probability 0.29363592 (epsilon 0.000000015701968392178856) found in 5 seconds ",
1396,:,1737409839.000,7.000,0,114,0,0,"schlandals --timeout 600 -i /data/schlandals/pwmc_benchmarks/instances/bayesian_networks/pcnf/munin/1396.cnf compile | tr '\n' ' '",/data/schlandals/pwmc_benchmarks/instances/bayesian_networks/pcnf/munin/1396.cnf,"Final circuit size: 12332 Estimated probability 0.06031978 (epsilon 0.00000007643698229919949) found in 6 seconds ",
1397,:,1737409839.000,7.000,0,113,0,0,"schlandals --timeout 600 -i /data/schlandals/pwmc_benchmarks/instances/bayesian_networks/pcnf/munin/1397.cnf compile | tr '\n' ' '",/data/schlandals/pwmc_benchmarks/instances/bayesian_networks/pcnf/munin/1397.cnf,"Final circuit size: 12274 Estimated probability 0.00563735 (epsilon 0.0000008178773238665116) found in 5 seconds ",
1399,:,1737409841.000,7.000,0,115,0,0,"schlandals --timeout 600 -i /data/schlandals/pwmc_benchmarks/instances/bayesian_networks/pcnf/munin/1399.cnf compile | tr '\n' ' '",/data/schlandals/pwmc_benchmarks/instances/bayesian_networks/pcnf/munin/1399.cnf,"Final circuit size: 12059 Estimated probability 0.00111706 (epsilon 0.000000059317685208171156) found in 6 seconds ",
1400,:,1737409841.000,7.000,0,114,0,0,"schlandals --timeout 600 -i /data/schlandals/pwmc_benchmarks/instances/bayesian_networks/pcnf/munin/1400.cnf compile | tr '\n' ' '",/data/schlandals/pwmc_benchmarks/instances/bayesian_networks/pcnf/munin/1400.cnf,"Final circuit size: 12012 Estimated probability 0.00128476 (epsilon 0.00000005157476001826922) found in 5 seconds ",
1061,:,1737408884.000,973.000,0,105,0,0,"schlandals --timeout 600 -i /data/schlandals/pwmc_benchmarks/instances/bayesian_networks/pcnf/munin/1061.cnf compile | tr '\n' ' '",/data/schlandals/pwmc_benchmarks/instances/bayesian_networks/pcnf/munin/1061.cnf,"Final circuit size: 2 Estimated probability 0.00000000 (epsilon 144484.26976299376) found in 599 seconds ",
1049,:,1737408833.000,1037.000,0,107,0,0,"schlandals --timeout 600 -i /data/schlandals/pwmc_benchmarks/instances/bayesian_networks/pcnf/munin/1049.cnf compile | tr '\n' ' '",/data/schlandals/pwmc_benchmarks/instances/bayesian_networks/pcnf/munin/1049.cnf,"Final circuit size: 51283 Estimated probability 0.00173711 (epsilon 4.69812875906795) found in 599 seconds ",
1094,:,1737408958.000,918.000,0,114,0,0,"schlandals --timeout 600 -i /data/schlandals/pwmc_benchmarks/instances/bayesian_networks/pcnf/munin/1094.cnf compile | tr '\n' ' '",/data/schlandals/pwmc_benchmarks/instances/bayesian_networks/pcnf/munin/1094.cnf,"Final circuit size: 7192 Estimated probability 0.00002878 (epsilon 0.0000005992676839206013) found in 557 seconds ",
1402,:,1737409844.000,34.000,0,116,0,0,"schlandals --timeout 600 -i /data/schlandals/pwmc_benchmarks/instances/bayesian_networks/pcnf/munin/1402.cnf compile | tr '\n' ' '",/data/schlandals/pwmc_benchmarks/instances/bayesian_networks/pcnf/munin/1402.cnf,"Final circuit size: 10392 Estimated probability 0.00102576 (epsilon 0.000000047354187682202564) found in 23 seconds ",
1401,:,1737409843.000,37.000,0,115,0,0,"schlandals --timeout 600 -i /data/schlandals/pwmc_benchmarks/instances/bayesian_networks/pcnf/munin/1401.cnf compile | tr '\n' ' '",/data/schlandals/pwmc_benchmarks/instances/bayesian_networks/pcnf/munin/1401.cnf,"Final circuit size: 10365 Estimated probability 0.00086863 (epsilon 0.00000005592047469527017) found in 26 seconds ",
1404,:,1737409846.000,35.000,0,115,0,0,"schlandals --timeout 600 -i /data/schlandals/pwmc_benchmarks/instances/bayesian_networks/pcnf/munin/1404.cnf compile | tr '\n' ' '",/data/schlandals/pwmc_benchmarks/instances/bayesian_networks/pcnf/munin/1404.cnf,"Final circuit size: 10368 Estimated probability 0.00214845 (epsilon 0.00000001496266976985794) found in 26 seconds ",
1403,:,1737409846.000,36.000,0,116,0,0,"schlandals --timeout 600 -i /data/schlandals/pwmc_benchmarks/instances/bayesian_networks/pcnf/munin/1403.cnf compile | tr '\n' ' '",/data/schlandals/pwmc_benchmarks/instances/bayesian_networks/pcnf/munin/1403.cnf,"Final circuit size: 10431 Estimated probability 0.00170564 (epsilon 0.000000028478574387591493) found in 25 seconds ",
1405,:,1737409846.000,37.000,0,116,0,0,"schlandals --timeout 600 -i /data/schlandals/pwmc_benchmarks/instances/bayesian_networks/pcnf/munin/1405.cnf compile | tr '\n' ' '",/data/schlandals/pwmc_benchmarks/instances/bayesian_networks/pcnf/munin/1405.cnf,"Final circuit size: 10345 Estimated probability 0.00280730 (epsilon 0.000000011451030568210285) found in 25 seconds ",
1406,:,1737409847.000,38.000,0,116,0,0,"schlandals --timeout 600 -i /data/schlandals/pwmc_benchmarks/instances/bayesian_networks/pcnf/munin/1406.cnf compile | tr '\n' ' '",/data/schlandals/pwmc_benchmarks/instances/bayesian_networks/pcnf/munin/1406.cnf,"Final circuit size: 10290 Estimated probability 0.00341521 (epsilon 0.000000009412755463955591) found in 26 seconds ",
1416,:,1737409883.000,3.000,0,89,0,0,"schlandals --timeout 600 -i /data/schlandals/pwmc_benchmarks/instances/bayesian_networks/pcnf/munin/1416.cnf compile | tr '\n' ' '",/data/schlandals/pwmc_benchmarks/instances/bayesian_networks/pcnf/munin/1416.cnf,"Final circuit size: 9148 Estimated probability 0.83003723 (epsilon 0) found in 2 seconds ",
1418,:,1737409886.000,2.000,0,89,0,0,"schlandals --timeout 600 -i /data/schlandals/pwmc_benchmarks/instances/bayesian_networks/pcnf/munin/1418.cnf compile | tr '\n' ' '",/data/schlandals/pwmc_benchmarks/instances/bayesian_networks/pcnf/munin/1418.cnf,"Final circuit size: 8953 Estimated probability 0.02470034 (epsilon 0) found in 1 seconds ",
1417,:,1737409885.000,3.000,0,89,0,0,"schlandals --timeout 600 -i /data/schlandals/pwmc_benchmarks/instances/bayesian_networks/pcnf/munin/1417.cnf compile | tr '\n' ' '",/data/schlandals/pwmc_benchmarks/instances/bayesian_networks/pcnf/munin/1417.cnf,"Final circuit size: 9179 Estimated probability 0.14443556 (epsilon 0) found in 3 seconds ",
1420,:,1737409888.000,27.000,0,91,0,0,"schlandals --timeout 600 -i /data/schlandals/pwmc_benchmarks/instances/bayesian_networks/pcnf/munin/1420.cnf compile | tr '\n' ' '",/data/schlandals/pwmc_benchmarks/instances/bayesian_networks/pcnf/munin/1420.cnf,"Final circuit size: 78115 Estimated probability 0.08279213 (epsilon 0) found in 25 seconds ",
1414,:,1737409881.000,38.000,0,92,0,0,"schlandals --timeout 600 -i /data/schlandals/pwmc_benchmarks/instances/bayesian_networks/pcnf/munin/1414.cnf compile | tr '\n' ' '",/data/schlandals/pwmc_benchmarks/instances/bayesian_networks/pcnf/munin/1414.cnf,"Final circuit size: 116835 Estimated probability 0.10936260 (epsilon 0) found in 36 seconds ",
1415,:,1737409882.000,38.000,0,92,0,0,"schlandals --timeout 600 -i /data/schlandals/pwmc_benchmarks/instances/bayesian_networks/pcnf/munin/1415.cnf compile | tr '\n' ' '",/data/schlandals/pwmc_benchmarks/instances/bayesian_networks/pcnf/munin/1415.cnf,"Final circuit size: 116855 Estimated probability 0.89063740 (epsilon 0) found in 36 seconds ",
1062,:,1737408893.000,1042.000,0,108,0,0,"schlandals --timeout 600 -i /data/schlandals/pwmc_benchmarks/instances/bayesian_networks/pcnf/munin/1062.cnf compile | tr '\n' ' '",/data/schlandals/pwmc_benchmarks/instances/bayesian_networks/pcnf/munin/1062.cnf,"Final circuit size: 15663 Estimated probability 0.00018611 (epsilon 16.31149995191525) found in 599 seconds ",
1421,:,1737409916.000,27.000,0,91,0,0,"schlandals --timeout 600 -i /data/schlandals/pwmc_benchmarks/instances/bayesian_networks/pcnf/munin/1421.cnf compile | tr '\n' ' '",/data/schlandals/pwmc_benchmarks/instances/bayesian_networks/pcnf/munin/1421.cnf,"Final circuit size: 78302 Estimated probability 0.84666654 (epsilon 0) found in 25 seconds ",
1245,:,1737409320.000,638.000,0,112,0,0,"schlandals --timeout 600 -i /data/schlandals/pwmc_benchmarks/instances/bayesian_networks/pcnf/munin/1245.cnf compile | tr '\n' ' '",/data/schlandals/pwmc_benchmarks/instances/bayesian_networks/pcnf/munin/1245.cnf,"Final circuit size: 306208 Estimated probability 0.81257239 (epsilon 0.032374014688137276) found in 600 seconds ",
1246,:,1737409324.000,638.000,0,110,0,0,"schlandals --timeout 600 -i /data/schlandals/pwmc_benchmarks/instances/bayesian_networks/pcnf/munin/1246.cnf compile | tr '\n' ' '",/data/schlandals/pwmc_benchmarks/instances/bayesian_networks/pcnf/munin/1246.cnf,"Final circuit size: 308080 Estimated probability 0.09318821 (epsilon 0.2544806584107644) found in 600 seconds ",
1236,:,1737409223.000,745.000,0,117,0,0,"schlandals --timeout 600 -i /data/schlandals/pwmc_benchmarks/instances/bayesian_networks/pcnf/munin/1236.cnf compile | tr '\n' ' '",/data/schlandals/pwmc_benchmarks/instances/bayesian_networks/pcnf/munin/1236.cnf,"Final circuit size: 10929 Estimated probability 0.00126639 (epsilon 0.000000019333815437505564) found in 513 seconds ",
1423,:,1737409920.000,50.000,0,91,0,0,"schlandals --timeout 600 -i /data/schlandals/pwmc_benchmarks/instances/bayesian_networks/pcnf/munin/1423.cnf compile | tr '\n' ' '",/data/schlandals/pwmc_benchmarks/instances/bayesian_networks/pcnf/munin/1423.cnf,"Final circuit size: 78483 Estimated probability 0.01821375 (epsilon 0) found in 47 seconds ",
1425,:,1737409943.000,28.000,0,91,0,0,"schlandals --timeout 600 -i /data/schlandals/pwmc_benchmarks/instances/bayesian_networks/pcnf/munin/1425.cnf compile | tr '\n' ' '",/data/schlandals/pwmc_benchmarks/instances/bayesian_networks/pcnf/munin/1425.cnf,"Final circuit size: 78349 Estimated probability 0.86526634 (epsilon 0) found in 25 seconds ",
1422,:,1737409919.000,52.000,0,91,0,0,"schlandals --timeout 600 -i /data/schlandals/pwmc_benchmarks/instances/bayesian_networks/pcnf/munin/1422.cnf compile | tr '\n' ' '",/data/schlandals/pwmc_benchmarks/instances/bayesian_networks/pcnf/munin/1422.cnf,"Final circuit size: 78979 Estimated probability 0.07054134 (epsilon 0) found in 49 seconds ",
1424,:,1737409935.000,53.000,0,91,0,0,"schlandals --timeout 600 -i /data/schlandals/pwmc_benchmarks/instances/bayesian_networks/pcnf/munin/1424.cnf compile | tr '\n' ' '",/data/schlandals/pwmc_benchmarks/instances/bayesian_networks/pcnf/munin/1424.cnf,"Final circuit size: 77654 Estimated probability 0.06135649 (epsilon 0) found in 48 seconds ",
1428,:,1737409968.000,37.000,0,114,0,0,"schlandals --timeout 600 -i /data/schlandals/pwmc_benchmarks/instances/bayesian_networks/pcnf/munin/1428.cnf compile | tr '\n' ' '",/data/schlandals/pwmc_benchmarks/instances/bayesian_networks/pcnf/munin/1428.cnf,"Final circuit size: 78714 Estimated probability 0.00092699 (epsilon 0.0000002396072826815754) found in 33 seconds ",
1426,:,1737409958.000,50.000,0,91,0,0,"schlandals --timeout 600 -i /data/schlandals/pwmc_benchmarks/instances/bayesian_networks/pcnf/munin/1426.cnf compile | tr '\n' ' '",/data/schlandals/pwmc_benchmarks/instances/bayesian_networks/pcnf/munin/1426.cnf,"Final circuit size: 77975 Estimated probability 0.04198492 (epsilon 0) found in 47 seconds ",
1427,:,1737409962.000,51.000,0,91,0,0,"schlandals --timeout 600 -i /data/schlandals/pwmc_benchmarks/instances/bayesian_networks/pcnf/munin/1427.cnf compile | tr '\n' ' '",/data/schlandals/pwmc_benchmarks/instances/bayesian_networks/pcnf/munin/1427.cnf,"Final circuit size: 78218 Estimated probability 0.01317850 (epsilon 0) found in 48 seconds ",
1430,:,1737409971.000,62.000,0,115,0,0,"schlandals --timeout 600 -i /data/schlandals/pwmc_benchmarks/instances/bayesian_networks/pcnf/munin/1430.cnf compile | tr '\n' ' '",/data/schlandals/pwmc_benchmarks/instances/bayesian_networks/pcnf/munin/1430.cnf,"Final circuit size: 78660 Estimated probability 0.00360810 (epsilon 0.00000011219119677718936) found in 57 seconds ",
1429,:,1737409970.000,63.000,0,115,0,0,"schlandals --timeout 600 -i /data/schlandals/pwmc_benchmarks/instances/bayesian_networks/pcnf/munin/1429.cnf compile | tr '\n' ' '",/data/schlandals/pwmc_benchmarks/instances/bayesian_networks/pcnf/munin/1429.cnf,"Final circuit size: 78399 Estimated probability 0.00188240 (epsilon 0.00000011799561372427547) found in 59 seconds ",
1247,:,1737409397.000,640.000,0,110,0,0,"schlandals --timeout 600 -i /data/schlandals/pwmc_benchmarks/instances/bayesian_networks/pcnf/munin/1247.cnf compile | tr '\n' ' '",/data/schlandals/pwmc_benchmarks/instances/bayesian_networks/pcnf/munin/1247.cnf,"Final circuit size: 308434 Estimated probability 0.02113022 (epsilon 0.8788879134451995) found in 600 seconds ",
1431,:,1737409971.000,68.000,0,115,0,0,"schlandals --timeout 600 -i /data/schlandals/pwmc_benchmarks/instances/bayesian_networks/pcnf/munin/1431.cnf compile | tr '\n' ' '",/data/schlandals/pwmc_benchmarks/instances/bayesian_networks/pcnf/munin/1431.cnf,"Final circuit size: 80172 Estimated probability 0.00839111 (epsilon 0.00000004824112598278418) found in 62 seconds ",
1093,:,1737408956.000,1086.000,0,105,0,0,"schlandals --timeout 600 -i /data/schlandals/pwmc_benchmarks/instances/bayesian_networks/pcnf/munin/1093.cnf compile | tr '\n' ' '",/data/schlandals/pwmc_benchmarks/instances/bayesian_networks/pcnf/munin/1093.cnf,"Final circuit size: 2 Estimated probability 0.00000000 (epsilon 135551.57661702976) found in 599 seconds ",
1249,:,1737409404.000,641.000,0,109,0,0,"schlandals --timeout 600 -i /data/schlandals/pwmc_benchmarks/instances/bayesian_networks/pcnf/munin/1249.cnf compile | tr '\n' ' '",/data/schlandals/pwmc_benchmarks/instances/bayesian_networks/pcnf/munin/1249.cnf,"Final circuit size: 324469 Estimated probability 0.00489753 (epsilon 2.475950417748682) found in 600 seconds ",
1250,:,1737409405.000,641.000,0,110,0,0,"schlandals --timeout 600 -i /data/schlandals/pwmc_benchmarks/instances/bayesian_networks/pcnf/munin/1250.cnf compile | tr '\n' ' '",/data/schlandals/pwmc_benchmarks/instances/bayesian_networks/pcnf/munin/1250.cnf,"Final circuit size: 335416 Estimated probability 0.00755711 (epsilon 1.8594756316468026) found in 599 seconds ",
1128,:,1737409125.000,924.000,0,107,0,0,"schlandals --timeout 600 -i /data/schlandals/pwmc_benchmarks/instances/bayesian_networks/pcnf/munin/1128.cnf compile | tr '\n' ' '",/data/schlandals/pwmc_benchmarks/instances/bayesian_networks/pcnf/munin/1128.cnf,"Final circuit size: 1045 Estimated probability 0.00243582 (epsilon 7.346663385644456) found in 599 seconds ",
1172,:,1737409160.000,892.000,0,110,0,0,"schlandals --timeout 600 -i /data/schlandals/pwmc_benchmarks/instances/bayesian_networks/pcnf/munin/1172.cnf compile | tr '\n' ' '",/data/schlandals/pwmc_benchmarks/instances/bayesian_networks/pcnf/munin/1172.cnf,"Final circuit size: 43614 Estimated probability 0.11354086 (epsilon 0.09239319119590261) found in 599 seconds ",
1432,:,1737409988.000,66.000,0,116,0,0,"schlandals --timeout 600 -i /data/schlandals/pwmc_benchmarks/instances/bayesian_networks/pcnf/munin/1432.cnf compile | tr '\n' ' '",/data/schlandals/pwmc_benchmarks/instances/bayesian_networks/pcnf/munin/1432.cnf,"Final circuit size: 79470 Estimated probability 0.02466722 (epsilon 0.000000019783349403112993) found in 61 seconds ",
1248,:,1737409404.000,650.000,0,110,0,0,"schlandals --timeout 600 -i /data/schlandals/pwmc_benchmarks/instances/bayesian_networks/pcnf/munin/1248.cnf compile | tr '\n' ' '",/data/schlandals/pwmc_benchmarks/instances/bayesian_networks/pcnf/munin/1248.cnf,"Final circuit size: 403039 Estimated probability 0.00710344 (epsilon 1.9196248796005033) found in 600 seconds ",
1433,:,1737410005.000,50.000,0,116,0,0,"schlandals --timeout 600 -i /data/schlandals/pwmc_benchmarks/instances/bayesian_networks/pcnf/munin/1433.cnf compile | tr '\n' ' '",/data/schlandals/pwmc_benchmarks/instances/bayesian_networks/pcnf/munin/1433.cnf,"Final circuit size: 79128 Estimated probability 0.06888022 (epsilon 0.000000007084764552800493) found in 47 seconds ",
1159,:,1737409154.000,906.000,0,104,0,0,"schlandals --timeout 600 -i /data/schlandals/pwmc_benchmarks/instances/bayesian_networks/pcnf/munin/1159.cnf compile | tr '\n' ' '",/data/schlandals/pwmc_benchmarks/instances/bayesian_networks/pcnf/munin/1159.cnf,"Final circuit size: 2 Estimated probability 0.00000000 (epsilon 143101.4073829688) found in 599 seconds ",
1160,:,1737409154.000,908.000,0,108,0,0,"schlandals --timeout 600 -i /data/schlandals/pwmc_benchmarks/instances/bayesian_networks/pcnf/munin/1160.cnf compile | tr '\n' ' '",/data/schlandals/pwmc_benchmarks/instances/bayesian_networks/pcnf/munin/1160.cnf,"Final circuit size: 24975 Estimated probability 0.00079690 (epsilon 7.253544291952043) found in 599 seconds ",
1434,:,1737410008.000,57.000,0,117,0,0,"schlandals --timeout 600 -i /data/schlandals/pwmc_benchmarks/instances/bayesian_networks/pcnf/munin/1434.cnf compile | tr '\n' ' '",/data/schlandals/pwmc_benchmarks/instances/bayesian_networks/pcnf/munin/1434.cnf,"Final circuit size: 79383 Estimated probability 0.14643379 (epsilon 0.0000000033325648907123195) found in 51 seconds ",
1171,:,1737409160.000,913.000,0,109,0,0,"schlandals --timeout 600 -i /data/schlandals/pwmc_benchmarks/instances/bayesian_networks/pcnf/munin/1171.cnf compile | tr '\n' ' '",/data/schlandals/pwmc_benchmarks/instances/bayesian_networks/pcnf/munin/1171.cnf,"Final circuit size: 43012 Estimated probability 0.05026200 (epsilon 0.1986352324784899) found in 599 seconds ",
1435,:,1737410013.000,67.000,0,117,0,0,"schlandals --timeout 600 -i /data/schlandals/pwmc_benchmarks/instances/bayesian_networks/pcnf/munin/1435.cnf compile | tr '\n' ' '",/data/schlandals/pwmc_benchmarks/instances/bayesian_networks/pcnf/munin/1435.cnf,"Final circuit size: 79062 Estimated probability 0.21870550 (epsilon 0.0000000022313115799477146) found in 61 seconds ",
1439,:,1737410039.000,42.000,0,116,0,0,"schlandals --timeout 600 -i /data/schlandals/pwmc_benchmarks/instances/bayesian_networks/pcnf/munin/1439.cnf compile | tr '\n' ' '",/data/schlandals/pwmc_benchmarks/instances/bayesian_networks/pcnf/munin/1439.cnf,"Final circuit size: 79580 Estimated probability 0.03261618 (epsilon 0.000000014961900829391084) found in 39 seconds ",
1441,:,1737410045.000,40.000,0,115,0,0,"schlandals --timeout 600 -i /data/schlandals/pwmc_benchmarks/instances/bayesian_networks/pcnf/munin/1441.cnf compile | tr '\n' ' '",/data/schlandals/pwmc_benchmarks/instances/bayesian_networks/pcnf/munin/1441.cnf,"Final circuit size: 79476 Estimated probability 0.00624929 (epsilon 0.00000006934778129519259) found in 37 seconds ",
1238,:,1737409224.000,862.000,0,117,0,0,"schlandals --timeout 600 -i /data/schlandals/pwmc_benchmarks/instances/bayesian_networks/pcnf/munin/1238.cnf compile | tr '\n' ' '",/data/schlandals/pwmc_benchmarks/instances/bayesian_networks/pcnf/munin/1238.cnf,"Final circuit size: 10933 Estimated probability 0.00081298 (epsilon 0.000000030116657168122174) found in 503 seconds ",
1438,:,1737410037.000,51.000,0,116,0,0,"schlandals --timeout 600 -i /data/schlandals/pwmc_benchmarks/instances/bayesian_networks/pcnf/munin/1438.cnf compile | tr '\n' ' '",/data/schlandals/pwmc_benchmarks/instances/bayesian_networks/pcnf/munin/1438.cnf,"Final circuit size: 79687 Estimated probability 0.08148675 (epsilon 0.000000005988704421255875) found in 45 seconds ",
1240,:,1737409227.000,868.000,0,108,0,0,"schlandals --timeout 600 -i /data/schlandals/pwmc_benchmarks/instances/bayesian_networks/pcnf/munin/1240.cnf compile | tr '\n' ' '",/data/schlandals/pwmc_benchmarks/instances/bayesian_networks/pcnf/munin/1240.cnf,"Final circuit size: 9548 Estimated probability 0.00081289 (epsilon 0.8073186175033817) found in 599 seconds ",
1436,:,1737410033.000,64.000,0,117,0,0,"schlandals --timeout 600 -i /data/schlandals/pwmc_benchmarks/instances/bayesian_networks/pcnf/munin/1436.cnf compile | tr '\n' ' '",/data/schlandals/pwmc_benchmarks/instances/bayesian_networks/pcnf/munin/1436.cnf,"Final circuit size: 78463 Estimated probability 0.22517973 (epsilon 0.0000000021671582306481696) found in 59 seconds ",
1437,:,1737410033.000,68.000,0,116,0,0,"schlandals --timeout 600 -i /data/schlandals/pwmc_benchmarks/instances/bayesian_networks/pcnf/munin/1437.cnf compile | tr '\n' ' '",/data/schlandals/pwmc_benchmarks/instances/bayesian_networks/pcnf/munin/1437.cnf,"Final circuit size: 79334 Estimated probability 0.16038368 (epsilon 0.000000003042703866640295) found in 62 seconds ",
1446,:,1737410054.000,47.000,0,114,0,0,"schlandals --timeout 600 -i /data/schlandals/pwmc_benchmarks/instances/bayesian_networks/pcnf/munin/1446.cnf compile | tr '\n' ' '",/data/schlandals/pwmc_benchmarks/instances/bayesian_networks/pcnf/munin/1446.cnf,"Final circuit size: 78930 Estimated probability 0.00033582 (epsilon 0.0000005326893546264699) found in 41 seconds ",
1448,:,1737410060.000,44.000,0,91,0,0,"schlandals --timeout 600 -i /data/schlandals/pwmc_benchmarks/instances/bayesian_networks/pcnf/munin/1448.cnf compile | tr '\n' ' '",/data/schlandals/pwmc_benchmarks/instances/bayesian_networks/pcnf/munin/1448.cnf,"Final circuit size: 78910 Estimated probability 0.00753491 (epsilon 0) found in 40 seconds ",
1440,:,1737410042.000,63.000,0,116,0,0,"schlandals --timeout 600 -i /data/schlandals/pwmc_benchmarks/instances/bayesian_networks/pcnf/munin/1440.cnf compile | tr '\n' ' '",/data/schlandals/pwmc_benchmarks/instances/bayesian_networks/pcnf/munin/1440.cnf,"Final circuit size: 78434 Estimated probability 0.01289184 (epsilon 0.000000033616190053820105) found in 59 seconds ",
1447,:,1737410055.000,51.000,0,114,0,0,"schlandals --timeout 600 -i /data/schlandals/pwmc_benchmarks/instances/bayesian_networks/pcnf/munin/1447.cnf compile | tr '\n' ' '",/data/schlandals/pwmc_benchmarks/instances/bayesian_networks/pcnf/munin/1447.cnf,"Final circuit size: 78483 Estimated probability 0.00016307 (epsilon 0.0000010970083523798024) found in 45 seconds ",
1235,:,1737409223.000,885.000,0,117,0,0,"schlandals --timeout 600 -i /data/schlandals/pwmc_benchmarks/instances/bayesian_networks/pcnf/munin/1235.cnf compile | tr '\n' ' '",/data/schlandals/pwmc_benchmarks/instances/bayesian_networks/pcnf/munin/1235.cnf,"Final circuit size: 10999 Estimated probability 0.00189602 (epsilon 0.000000012913503599776277) found in 586 seconds ",
1237,:,1737409223.000,887.000,0,108,0,0,"schlandals --timeout 600 -i /data/schlandals/pwmc_benchmarks/instances/bayesian_networks/pcnf/munin/1237.cnf compile | tr '\n' ' '",/data/schlandals/pwmc_benchmarks/instances/bayesian_networks/pcnf/munin/1237.cnf,"Final circuit size: 9572 Estimated probability 0.00106383 (epsilon 0.6533323727103417) found in 599 seconds ",
1442,:,1737410046.000,66.000,0,115,0,0,"schlandals --timeout 600 -i /data/schlandals/pwmc_benchmarks/instances/bayesian_networks/pcnf/munin/1442.cnf compile | tr '\n' ' '",/data/schlandals/pwmc_benchmarks/instances/bayesian_networks/pcnf/munin/1442.cnf,"Final circuit size: 81174 Estimated probability 0.00348223 (epsilon 0.00000010383326487506395) found in 60 seconds ",
1449,:,1737410062.000,55.000,0,91,0,0,"schlandals --timeout 600 -i /data/schlandals/pwmc_benchmarks/instances/bayesian_networks/pcnf/munin/1449.cnf compile | tr '\n' ' '",/data/schlandals/pwmc_benchmarks/instances/bayesian_networks/pcnf/munin/1449.cnf,"Final circuit size: 78355 Estimated probability 0.06069735 (epsilon 0) found in 51 seconds ",
1443,:,1737410049.000,69.000,0,115,0,0,"schlandals --timeout 600 -i /data/schlandals/pwmc_benchmarks/instances/bayesian_networks/pcnf/munin/1443.cnf compile | tr '\n' ' '",/data/schlandals/pwmc_benchmarks/instances/bayesian_networks/pcnf/munin/1443.cnf,"Final circuit size: 79293 Estimated probability 0.00196362 (epsilon 0.00000018413550084694918) found in 63 seconds ",
1444,:,1737410052.000,66.000,0,113,0,0,"schlandals --timeout 600 -i /data/schlandals/pwmc_benchmarks/instances/bayesian_networks/pcnf/munin/1444.cnf compile | tr '\n' ' '",/data/schlandals/pwmc_benchmarks/instances/bayesian_networks/pcnf/munin/1444.cnf,"Final circuit size: 78442 Estimated probability 0.00112182 (epsilon 0.000000322309134714871) found in 61 seconds ",
1445,:,1737410054.000,64.000,0,114,0,0,"schlandals --timeout 600 -i /data/schlandals/pwmc_benchmarks/instances/bayesian_networks/pcnf/munin/1445.cnf compile | tr '\n' ' '",/data/schlandals/pwmc_benchmarks/instances/bayesian_networks/pcnf/munin/1445.cnf,"Final circuit size: 79193 Estimated probability 0.00063064 (epsilon 0.0000005733403967145279) found in 59 seconds ",
1451,:,1737410073.000,46.000,0,91,0,0,"schlandals --timeout 600 -i /data/schlandals/pwmc_benchmarks/instances/bayesian_networks/pcnf/munin/1451.cnf compile | tr '\n' ' '",/data/schlandals/pwmc_benchmarks/instances/bayesian_networks/pcnf/munin/1451.cnf,"Final circuit size: 78709 Estimated probability 0.11067614 (epsilon 0) found in 42 seconds ",
1450,:,1737410065.000,58.000,0,91,0,0,"schlandals --timeout 600 -i /data/schlandals/pwmc_benchmarks/instances/bayesian_networks/pcnf/munin/1450.cnf compile | tr '\n' ' '",/data/schlandals/pwmc_benchmarks/instances/bayesian_networks/pcnf/munin/1450.cnf,"Final circuit size: 79052 Estimated probability 0.80875026 (epsilon 0) found in 54 seconds ",
1454,:,1737410085.000,42.000,0,114,0,0,"schlandals --timeout 600 -i /data/schlandals/pwmc_benchmarks/instances/bayesian_networks/pcnf/munin/1454.cnf compile | tr '\n' ' '",/data/schlandals/pwmc_benchmarks/instances/bayesian_networks/pcnf/munin/1454.cnf,"Final circuit size: 78435 Estimated probability 0.00064161 (epsilon 0.0000008194473699596472) found in 36 seconds ",
1452,:,1737410080.000,52.000,0,91,0,0,"schlandals --timeout 600 -i /data/schlandals/pwmc_benchmarks/instances/bayesian_networks/pcnf/munin/1452.cnf compile | tr '\n' ' '",/data/schlandals/pwmc_benchmarks/instances/bayesian_networks/pcnf/munin/1452.cnf,"Final circuit size: 78377 Estimated probability 0.01234134 (epsilon 0) found in 49 seconds ",
1458,:,1737410097.000,36.000,0,115,0,0,"schlandals --timeout 600 -i /data/schlandals/pwmc_benchmarks/instances/bayesian_networks/pcnf/munin/1458.cnf compile | tr '\n' ' '",/data/schlandals/pwmc_benchmarks/instances/bayesian_networks/pcnf/munin/1458.cnf,"Final circuit size: 78624 Estimated probability 0.02239705 (epsilon 0.00000003301654794007902) found in 32 seconds ",
1177,:,1737409166.000,969.000,0,110,0,0,"schlandals --timeout 600 -i /data/schlandals/pwmc_benchmarks/instances/bayesian_networks/pcnf/munin/1177.cnf compile | tr '\n' ' '",/data/schlandals/pwmc_benchmarks/instances/bayesian_networks/pcnf/munin/1177.cnf,"Final circuit size: 22945 Estimated probability 0.05532924 (epsilon 0.40111632992918556) found in 599 seconds ",
1239,:,1737409225.000,912.000,0,117,0,0,"schlandals --timeout 600 -i /data/schlandals/pwmc_benchmarks/instances/bayesian_networks/pcnf/munin/1239.cnf compile | tr '\n' ' '",/data/schlandals/pwmc_benchmarks/instances/bayesian_networks/pcnf/munin/1239.cnf,"Final circuit size: 10933 Estimated probability 0.00110529 (epsilon 0.000000022151777523404803) found in 581 seconds ",
1174,:,1737409165.000,973.000,0,110,0,0,"schlandals --timeout 600 -i /data/schlandals/pwmc_benchmarks/instances/bayesian_networks/pcnf/munin/1174.cnf compile | tr '\n' ' '",/data/schlandals/pwmc_benchmarks/instances/bayesian_networks/pcnf/munin/1174.cnf,"Final circuit size: 26650 Estimated probability 0.20950442 (epsilon 0.11990067694711448) found in 599 seconds ",
1478,:,1737410138.000,2.000,0,90,0,0,"schlandals --timeout 600 -i /data/schlandals/pwmc_benchmarks/instances/bayesian_networks/pcnf/munin/1478.cnf compile | tr '\n' ' '",/data/schlandals/pwmc_benchmarks/instances/bayesian_networks/pcnf/munin/1478.cnf,"Final circuit size: 43879 Estimated probability 0.10638504 (epsilon 0) found in 1 seconds ",
1477,:,1737410137.000,4.000,0,90,0,0,"schlandals --timeout 600 -i /data/schlandals/pwmc_benchmarks/instances/bayesian_networks/pcnf/munin/1477.cnf compile | tr '\n' ' '",/data/schlandals/pwmc_benchmarks/instances/bayesian_networks/pcnf/munin/1477.cnf,"Final circuit size: 43879 Estimated probability 0.89361496 (epsilon 0) found in 3 seconds ",
1241,:,1737409238.000,904.000,0,117,0,0,"schlandals --timeout 600 -i /data/schlandals/pwmc_benchmarks/instances/bayesian_networks/pcnf/munin/1241.cnf compile | tr '\n' ' '",/data/schlandals/pwmc_benchmarks/instances/bayesian_networks/pcnf/munin/1241.cnf,"Final circuit size: 10929 Estimated probability 0.00051839 (epsilon 0.000000047230813260412674) found in 553 seconds ",
1453,:,1737410081.000,62.000,0,114,0,0,"schlandals --timeout 600 -i /data/schlandals/pwmc_benchmarks/instances/bayesian_networks/pcnf/munin/1453.cnf compile | tr '\n' ' '",/data/schlandals/pwmc_benchmarks/instances/bayesian_networks/pcnf/munin/1453.cnf,"Final circuit size: 78363 Estimated probability 0.00021835 (epsilon 0.0000024078640137314977) found in 56 seconds ",
1176,:,1737409166.000,979.000,0,109,0,0,"schlandals --timeout 600 -i /data/schlandals/pwmc_benchmarks/instances/bayesian_networks/pcnf/munin/1176.cnf compile | tr '\n' ' '",/data/schlandals/pwmc_benchmarks/instances/bayesian_networks/pcnf/munin/1176.cnf,"Final circuit size: 25177 Estimated probability 0.11012933 (epsilon 0.2180183618932472) found in 599 seconds ",
1462,:,1737410105.000,40.000,0,117,0,0,"schlandals --timeout 600 -i /data/schlandals/pwmc_benchmarks/instances/bayesian_networks/pcnf/munin/1462.cnf compile | tr '\n' ' '",/data/schlandals/pwmc_benchmarks/instances/bayesian_networks/pcnf/munin/1462.cnf,"Final circuit size: 79104 Estimated probability 0.23696385 (epsilon 0.0000000031528166744010377) found in 35 seconds ",
1479,:,1737410140.000,6.000,0,90,0,0,"schlandals --timeout 600 -i /data/schlandals/pwmc_benchmarks/instances/bayesian_networks/pcnf/munin/1479.cnf compile | tr '\n' ' '",/data/schlandals/pwmc_benchmarks/instances/bayesian_networks/pcnf/munin/1479.cnf,"Final circuit size: 43903 Estimated probability 0.94703114 (epsilon 0) found in 4 seconds ",
1480,:,1737410141.000,6.000,0,90,0,0,"schlandals --timeout 600 -i /data/schlandals/pwmc_benchmarks/instances/bayesian_networks/pcnf/munin/1480.cnf compile | tr '\n' ' '",/data/schlandals/pwmc_benchmarks/instances/bayesian_networks/pcnf/munin/1480.cnf,"Final circuit size: 43903 Estimated probability 0.05296886 (epsilon 0) found in 5 seconds ",
1455,:,1737410086.000,63.000,0,115,0,0,"schlandals --timeout 600 -i /data/schlandals/pwmc_benchmarks/instances/bayesian_networks/pcnf/munin/1455.cnf compile | tr '\n' ' '",/data/schlandals/pwmc_benchmarks/instances/bayesian_networks/pcnf/munin/1455.cnf,"Final circuit size: 78845 Estimated probability 0.00157498 (epsilon 0.00000033382230535394797) found in 59 seconds ",
1190,:,1737409170.000,980.000,0,106,0,0,"schlandals --timeout 600 -i /data/schlandals/pwmc_benchmarks/instances/bayesian_networks/pcnf/munin/1190.cnf compile | tr '\n' ' '",/data/schlandals/pwmc_benchmarks/instances/bayesian_networks/pcnf/munin/1190.cnf,"Final circuit size: 149 Estimated probability 0.00304457 (epsilon 6.287450333358043) found in 599 seconds ",
1456,:,1737410088.000,64.000,0,115,0,0,"schlandals --timeout 600 -i /data/schlandals/pwmc_benchmarks/instances/bayesian_networks/pcnf/munin/1456.cnf compile | tr '\n' ' '",/data/schlandals/pwmc_benchmarks/instances/bayesian_networks/pcnf/munin/1456.cnf,"Final circuit size: 80086 Estimated probability 0.00329270 (epsilon 0.00000015967492394963756) found in 59 seconds ",
1457,:,1737410095.000,60.000,0,115,0,0,"schlandals --timeout 600 -i /data/schlandals/pwmc_benchmarks/instances/bayesian_networks/pcnf/munin/1457.cnf compile | tr '\n' ' '",/data/schlandals/pwmc_benchmarks/instances/bayesian_networks/pcnf/munin/1457.cnf,"Final circuit size: 78339 Estimated probability 0.00720804 (epsilon 0.00000010259006733015497) found in 56 seconds ",
1459,:,1737410101.000,57.000,0,116,0,0,"schlandals --timeout 600 -i /data/schlandals/pwmc_benchmarks/instances/bayesian_networks/pcnf/munin/1459.cnf compile | tr '\n' ' '",/data/schlandals/pwmc_benchmarks/instances/bayesian_networks/pcnf/munin/1459.cnf,"Final circuit size: 78961 Estimated probability 0.07364408 (epsilon 0.000000010041176556896403) found in 52 seconds ",
1468,:,1737410118.000,41.000,0,115,0,0,"schlandals --timeout 600 -i /data/schlandals/pwmc_benchmarks/instances/bayesian_networks/pcnf/munin/1468.cnf compile | tr '\n' ' '",/data/schlandals/pwmc_benchmarks/instances/bayesian_networks/pcnf/munin/1468.cnf,"Final circuit size: 81041 Estimated probability 0.00172849 (epsilon 0.00000035697536437950816) found in 38 seconds ",
1467,:,1737410117.000,43.000,0,115,0,0,"schlandals --timeout 600 -i /data/schlandals/pwmc_benchmarks/instances/bayesian_networks/pcnf/munin/1467.cnf compile | tr '\n' ' '",/data/schlandals/pwmc_benchmarks/instances/bayesian_networks/pcnf/munin/1467.cnf,"Final circuit size: 78756 Estimated probability 0.00370083 (epsilon 0.00000016672674996165426) found in 38 seconds ",
1460,:,1737410101.000,60.000,0,116,0,0,"schlandals --timeout 600 -i /data/schlandals/pwmc_benchmarks/instances/bayesian_networks/pcnf/munin/1460.cnf compile | tr '\n' ' '",/data/schlandals/pwmc_benchmarks/instances/bayesian_networks/pcnf/munin/1460.cnf,"Final circuit size: 79855 Estimated probability 0.17393942 (epsilon 0.000000004295193978265388) found in 56 seconds ",
1419,:,1737409888.000,274.000,0,91,0,0,"schlandals --timeout 600 -i /data/schlandals/pwmc_benchmarks/instances/bayesian_networks/pcnf/munin/1419.cnf compile | tr '\n' ' '",/data/schlandals/pwmc_benchmarks/instances/bayesian_networks/pcnf/munin/1419.cnf,"Final circuit size: 2383 Estimated probability 0.00082688 (epsilon 0) found in 182 seconds ",
1461,:,1737410104.000,62.000,0,116,0,0,"schlandals --timeout 600 -i /data/schlandals/pwmc_benchmarks/instances/bayesian_networks/pcnf/munin/1461.cnf compile | tr '\n' ' '",/data/schlandals/pwmc_benchmarks/instances/bayesian_networks/pcnf/munin/1461.cnf,"Final circuit size: 78844 Estimated probability 0.25881352 (epsilon 0.000000002886648031719119) found in 56 seconds ",
1466,:,1737410112.000,57.000,0,115,0,0,"schlandals --timeout 600 -i /data/schlandals/pwmc_benchmarks/instances/bayesian_networks/pcnf/munin/1466.cnf compile | tr '\n' ' '",/data/schlandals/pwmc_benchmarks/instances/bayesian_networks/pcnf/munin/1466.cnf,"Final circuit size: 79913 Estimated probability 0.00757457 (epsilon 0.00000009153098656788927) found in 53 seconds ",
1463,:,1737410106.000,63.000,0,116,0,0,"schlandals --timeout 600 -i /data/schlandals/pwmc_benchmarks/instances/bayesian_networks/pcnf/munin/1463.cnf compile | tr '\n' ' '",/data/schlandals/pwmc_benchmarks/instances/bayesian_networks/pcnf/munin/1463.cnf,"Final circuit size: 78442 Estimated probability 0.13572471 (epsilon 0.000000005504551037205374) found in 58 seconds ",
1464,:,1737410108.000,64.000,0,116,0,0,"schlandals --timeout 600 -i /data/schlandals/pwmc_benchmarks/instances/bayesian_networks/pcnf/munin/1464.cnf compile | tr '\n' ' '",/data/schlandals/pwmc_benchmarks/instances/bayesian_networks/pcnf/munin/1464.cnf,"Final circuit size: 78899 Estimated probability 0.05303635 (epsilon 0.000000014086631416887485) found in 59 seconds ",
1465,:,1737410110.000,64.000,0,116,0,0,"schlandals --timeout 600 -i /data/schlandals/pwmc_benchmarks/instances/bayesian_networks/pcnf/munin/1465.cnf compile | tr '\n' ' '",/data/schlandals/pwmc_benchmarks/instances/bayesian_networks/pcnf/munin/1465.cnf,"Final circuit size: 78204 Estimated probability 0.01820609 (epsilon 0.000000038081078290730375) found in 59 seconds ",
1472,:,1737410123.000,57.000,0,91,0,0,"schlandals --timeout 600 -i /data/schlandals/pwmc_benchmarks/instances/bayesian_networks/pcnf/munin/1472.cnf compile | tr '\n' ' '",/data/schlandals/pwmc_benchmarks/instances/bayesian_networks/pcnf/munin/1472.cnf,"Final circuit size: 79176 Estimated probability 0.11800558 (epsilon 0) found in 53 seconds ",
1470,:,1737410118.000,63.000,0,114,0,0,"schlandals --timeout 600 -i /data/schlandals/pwmc_benchmarks/instances/bayesian_networks/pcnf/munin/1470.cnf compile | tr '\n' ' '",/data/schlandals/pwmc_benchmarks/instances/bayesian_networks/pcnf/munin/1470.cnf,"Final circuit size: 79238 Estimated probability 0.00037454 (epsilon 0.0000016474398649712896) found in 58 seconds ",
1469,:,1737410118.000,65.000,0,114,0,0,"schlandals --timeout 600 -i /data/schlandals/pwmc_benchmarks/instances/bayesian_networks/pcnf/munin/1469.cnf compile | tr '\n' ' '",/data/schlandals/pwmc_benchmarks/instances/bayesian_networks/pcnf/munin/1469.cnf,"Final circuit size: 80297 Estimated probability 0.00079496 (epsilon 0.0000007761741505074582) found in 59 seconds ",
1473,:,1737410127.000,56.000,0,91,0,0,"schlandals --timeout 600 -i /data/schlandals/pwmc_benchmarks/instances/bayesian_networks/pcnf/munin/1473.cnf compile | tr '\n' ' '",/data/schlandals/pwmc_benchmarks/instances/bayesian_networks/pcnf/munin/1473.cnf,"Final circuit size: 78901 Estimated probability 0.74792576 (epsilon 0) found in 52 seconds ",
1242,:,1737409290.000,893.000,0,116,0,0,"schlandals --timeout 600 -i /data/schlandals/pwmc_benchmarks/instances/bayesian_networks/pcnf/munin/1242.cnf compile | tr '\n' ' '",/data/schlandals/pwmc_benchmarks/instances/bayesian_networks/pcnf/munin/1242.cnf,"Final circuit size: 10905 Estimated probability 0.00047582 (epsilon 0.00000005145719317312114) found in 598 seconds ",
1471,:,1737410119.000,64.000,0,114,0,0,"schlandals --timeout 600 -i /data/schlandals/pwmc_benchmarks/instances/bayesian_networks/pcnf/munin/1471.cnf compile | tr '\n' ' '",/data/schlandals/pwmc_benchmarks/instances/bayesian_networks/pcnf/munin/1471.cnf,"Final circuit size: 78801 Estimated probability 0.00016588 (epsilon 0.0000024313442710255373) found in 59 seconds ",
1474,:,1737410132.000,55.000,0,91,0,0,"schlandals --timeout 600 -i /data/schlandals/pwmc_benchmarks/instances/bayesian_networks/pcnf/munin/1474.cnf compile | tr '\n' ' '",/data/schlandals/pwmc_benchmarks/instances/bayesian_networks/pcnf/munin/1474.cnf,"Final circuit size: 78681 Estimated probability 0.13406866 (epsilon 0) found in 51 seconds ",
1502,:,1737410181.000,7.000,0,90,0,0,"schlandals --timeout 600 -i /data/schlandals/pwmc_benchmarks/instances/bayesian_networks/pcnf/munin/1502.cnf compile | tr '\n' ' '",/data/schlandals/pwmc_benchmarks/instances/bayesian_networks/pcnf/munin/1502.cnf,"Final circuit size: 43905 Estimated probability 0.94648282 (epsilon 0) found in 6 seconds ",
1503,:,1737410183.000,6.000,0,90,0,0,"schlandals --timeout 600 -i /data/schlandals/pwmc_benchmarks/instances/bayesian_networks/pcnf/munin/1503.cnf compile | tr '\n' ' '",/data/schlandals/pwmc_benchmarks/instances/bayesian_networks/pcnf/munin/1503.cnf,"Final circuit size: 43905 Estimated probability 0.02176184 (epsilon 0) found in 5 seconds ",
1505,:,1737410183.000,7.000,0,90,0,0,"schlandals --timeout 600 -i /data/schlandals/pwmc_benchmarks/instances/bayesian_networks/pcnf/munin/1505.cnf compile | tr '\n' ' '",/data/schlandals/pwmc_benchmarks/instances/bayesian_networks/pcnf/munin/1505.cnf,"Final circuit size: 43905 Estimated probability 0.00124373 (epsilon 0) found in 6 seconds ",
1504,:,1737410183.000,7.000,0,90,0,0,"schlandals --timeout 600 -i /data/schlandals/pwmc_benchmarks/instances/bayesian_networks/pcnf/munin/1504.cnf compile | tr '\n' ' '",/data/schlandals/pwmc_benchmarks/instances/bayesian_networks/pcnf/munin/1504.cnf,"Final circuit size: 43905 Estimated probability 0.01051160 (epsilon 0) found in 6 seconds ",
1506,:,1737410183.000,8.000,0,90,0,0,"schlandals --timeout 600 -i /data/schlandals/pwmc_benchmarks/instances/bayesian_networks/pcnf/munin/1506.cnf compile | tr '\n' ' '",/data/schlandals/pwmc_benchmarks/instances/bayesian_networks/pcnf/munin/1506.cnf,"Final circuit size: 43905 Estimated probability 0.02000000 (epsilon 0) found in 6 seconds ",
1475,:,1737410133.000,60.000,0,91,0,0,"schlandals --timeout 600 -i /data/schlandals/pwmc_benchmarks/instances/bayesian_networks/pcnf/munin/1475.cnf compile | tr '\n' ' '",/data/schlandals/pwmc_benchmarks/instances/bayesian_networks/pcnf/munin/1475.cnf,"Final circuit size: 84804 Estimated probability 0.83581904 (epsilon 0) found in 56 seconds ",
1507,:,1737410187.000,7.000,0,90,0,0,"schlandals --timeout 600 -i /data/schlandals/pwmc_benchmarks/instances/bayesian_networks/pcnf/munin/1507.cnf compile | tr '\n' ' '",/data/schlandals/pwmc_benchmarks/instances/bayesian_networks/pcnf/munin/1507.cnf,"Final circuit size: 43906 Estimated probability 0.94920309 (epsilon 0) found in 6 seconds ",
1510,:,1737410190.000,4.000,0,90,0,0,"schlandals --timeout 600 -i /data/schlandals/pwmc_benchmarks/instances/bayesian_networks/pcnf/munin/1510.cnf compile | tr '\n' ' '",/data/schlandals/pwmc_benchmarks/instances/bayesian_networks/pcnf/munin/1510.cnf,"Final circuit size: 43906 Estimated probability 0.02004248 (epsilon 0) found in 3 seconds ",
1508,:,1737410188.000,7.000,0,90,0,0,"schlandals --timeout 600 -i /data/schlandals/pwmc_benchmarks/instances/bayesian_networks/pcnf/munin/1508.cnf compile | tr '\n' ' '",/data/schlandals/pwmc_benchmarks/instances/bayesian_networks/pcnf/munin/1508.cnf,"Final circuit size: 43906 Estimated probability 0.02061091 (epsilon 0) found in 6 seconds ",
1509,:,1737410189.000,7.000,0,90,0,0,"schlandals --timeout 600 -i /data/schlandals/pwmc_benchmarks/instances/bayesian_networks/pcnf/munin/1509.cnf compile | tr '\n' ' '",/data/schlandals/pwmc_benchmarks/instances/bayesian_networks/pcnf/munin/1509.cnf,"Final circuit size: 43906 Estimated probability 0.01014352 (epsilon 0) found in 6 seconds ",
1511,:,1737410190.000,7.000,0,90,0,0,"schlandals --timeout 600 -i /data/schlandals/pwmc_benchmarks/instances/bayesian_networks/pcnf/munin/1511.cnf compile | tr '\n' ' '",/data/schlandals/pwmc_benchmarks/instances/bayesian_networks/pcnf/munin/1511.cnf,"Final circuit size: 43905 Estimated probability 0.94617195 (epsilon 0) found in 6 seconds ",
1512,:,1737410191.000,7.000,0,90,0,0,"schlandals --timeout 600 -i /data/schlandals/pwmc_benchmarks/instances/bayesian_networks/pcnf/munin/1512.cnf compile | tr '\n' ' '",/data/schlandals/pwmc_benchmarks/instances/bayesian_networks/pcnf/munin/1512.cnf,"Final circuit size: 43905 Estimated probability 0.02185620 (epsilon 0) found in 6 seconds ",
1515,:,1737410194.000,4.000,0,90,0,0,"schlandals --timeout 600 -i /data/schlandals/pwmc_benchmarks/instances/bayesian_networks/pcnf/munin/1515.cnf compile | tr '\n' ' '",/data/schlandals/pwmc_benchmarks/instances/bayesian_networks/pcnf/munin/1515.cnf,"Final circuit size: 43904 Estimated probability 0.02001804 (epsilon 0) found in 3 seconds ",
1476,:,1737410135.000,64.000,0,91,0,0,"schlandals --timeout 600 -i /data/schlandals/pwmc_benchmarks/instances/bayesian_networks/pcnf/munin/1476.cnf compile | tr '\n' ' '",/data/schlandals/pwmc_benchmarks/instances/bayesian_networks/pcnf/munin/1476.cnf,"Final circuit size: 84804 Estimated probability 0.16418096 (epsilon 0) found in 60 seconds ",
1173,:,1737409161.000,1038.000,0,110,0,0,"schlandals --timeout 600 -i /data/schlandals/pwmc_benchmarks/instances/bayesian_networks/pcnf/munin/1173.cnf compile | tr '\n' ' '",/data/schlandals/pwmc_benchmarks/instances/bayesian_networks/pcnf/munin/1173.cnf,"Final circuit size: 23682 Estimated probability 0.17935542 (epsilon 0.13888134938070507) found in 599 seconds ",
1514,:,1737410194.000,6.000,0,90,0,0,"schlandals --timeout 600 -i /data/schlandals/pwmc_benchmarks/instances/bayesian_networks/pcnf/munin/1514.cnf compile | tr '\n' ' '",/data/schlandals/pwmc_benchmarks/instances/bayesian_networks/pcnf/munin/1514.cnf,"Final circuit size: 43905 Estimated probability 0.00127794 (epsilon 0) found in 5 seconds ",
1513,:,1737410193.000,7.000,0,90,0,0,"schlandals --timeout 600 -i /data/schlandals/pwmc_benchmarks/instances/bayesian_networks/pcnf/munin/1513.cnf compile | tr '\n' ' '",/data/schlandals/pwmc_benchmarks/instances/bayesian_networks/pcnf/munin/1513.cnf,"Final circuit size: 43905 Estimated probability 0.01067587 (epsilon 0) found in 6 seconds ",
1523,:,1737410200.000,1.000,0,89,0,0,"schlandals --timeout 600 -i /data/schlandals/pwmc_benchmarks/instances/bayesian_networks/pcnf/munin/1523.cnf compile | tr '\n' ' '",/data/schlandals/pwmc_benchmarks/instances/bayesian_networks/pcnf/munin/1523.cnf,"Final circuit size: 4724 Estimated probability 0.93398291 (epsilon 0) found in 0 seconds ",
1524,:,1737410200.000,1.000,0,89,0,0,"schlandals --timeout 600 -i /data/schlandals/pwmc_benchmarks/instances/bayesian_networks/pcnf/munin/1524.cnf compile | tr '\n' ' '",/data/schlandals/pwmc_benchmarks/instances/bayesian_networks/pcnf/munin/1524.cnf,"Final circuit size: 4724 Estimated probability 0.06601709 (epsilon 0) found in 0 seconds ",
1516,:,1737410195.000,7.000,0,90,0,0,"schlandals --timeout 600 -i /data/schlandals/pwmc_benchmarks/instances/bayesian_networks/pcnf/munin/1516.cnf compile | tr '\n' ' '",/data/schlandals/pwmc_benchmarks/instances/bayesian_networks/pcnf/munin/1516.cnf,"Final circuit size: 43898 Estimated probability 0.94653721 (epsilon 0) found in 5 seconds ",
1517,:,1737410196.000,7.000,0,90,0,0,"schlandals --timeout 600 -i /data/schlandals/pwmc_benchmarks/instances/bayesian_networks/pcnf/munin/1517.cnf compile | tr '\n' ' '",/data/schlandals/pwmc_benchmarks/instances/bayesian_networks/pcnf/munin/1517.cnf,"Final circuit size: 43905 Estimated probability 0.05208399 (epsilon 0) found in 5 seconds ",
1525,:,1737410201.000,2.000,0,86,0,0,"schlandals --timeout 600 -i /data/schlandals/pwmc_benchmarks/instances/bayesian_networks/pcnf/munin/1525.cnf compile | tr '\n' ' '",/data/schlandals/pwmc_benchmarks/instances/bayesian_networks/pcnf/munin/1525.cnf,"Final circuit size: 0 Estimated probability 0.00000000 (epsilon 0) found in 1 seconds ",
1526,:,1737410201.000,2.000,0,86,0,0,"schlandals --timeout 600 -i /data/schlandals/pwmc_benchmarks/instances/bayesian_networks/pcnf/munin/1526.cnf compile | tr '\n' ' '",/data/schlandals/pwmc_benchmarks/instances/bayesian_networks/pcnf/munin/1526.cnf,"Final circuit size: 0 Estimated probability 0.00000000 (epsilon 0) found in 1 seconds ",
1518,:,1737410197.000,7.000,0,90,0,0,"schlandals --timeout 600 -i /data/schlandals/pwmc_benchmarks/instances/bayesian_networks/pcnf/munin/1518.cnf compile | tr '\n' ' '",/data/schlandals/pwmc_benchmarks/instances/bayesian_networks/pcnf/munin/1518.cnf,"Final circuit size: 43409 Estimated probability 0.00104500 (epsilon 0) found in 6 seconds ",
1527,:,1737410202.000,2.000,0,86,0,0,"schlandals --timeout 600 -i /data/schlandals/pwmc_benchmarks/instances/bayesian_networks/pcnf/munin/1527.cnf compile | tr '\n' ' '",/data/schlandals/pwmc_benchmarks/instances/bayesian_networks/pcnf/munin/1527.cnf,"Final circuit size: 0 Estimated probability 0.00000000 (epsilon 0) found in 1 seconds ",
1519,:,1737410198.000,6.000,0,90,0,0,"schlandals --timeout 600 -i /data/schlandals/pwmc_benchmarks/instances/bayesian_networks/pcnf/munin/1519.cnf compile | tr '\n' ' '",/data/schlandals/pwmc_benchmarks/instances/bayesian_networks/pcnf/munin/1519.cnf,"Final circuit size: 43409 Estimated probability 0.00033380 (epsilon 0) found in 5 seconds ",
1528,:,1737410203.000,2.000,0,86,0,0,"schlandals --timeout 600 -i /data/schlandals/pwmc_benchmarks/instances/bayesian_networks/pcnf/munin/1528.cnf compile | tr '\n' ' '",/data/schlandals/pwmc_benchmarks/instances/bayesian_networks/pcnf/munin/1528.cnf,"Final circuit size: 0 Estimated probability 0.00000000 (epsilon 0) found in 1 seconds ",
1520,:,1737410198.000,12.000,0,92,0,0,"schlandals --timeout 600 -i /data/schlandals/pwmc_benchmarks/instances/bayesian_networks/pcnf/munin/1520.cnf compile | tr '\n' ' '",/data/schlandals/pwmc_benchmarks/instances/bayesian_networks/pcnf/munin/1520.cnf,"Final circuit size: 110693 Estimated probability 0.92023040 (epsilon 0) found in 10 seconds ",
1521,:,1737410199.000,12.000,0,92,0,0,"schlandals --timeout 600 -i /data/schlandals/pwmc_benchmarks/instances/bayesian_networks/pcnf/munin/1521.cnf compile | tr '\n' ' '",/data/schlandals/pwmc_benchmarks/instances/bayesian_networks/pcnf/munin/1521.cnf,"Final circuit size: 110693 Estimated probability 0.06957918 (epsilon 0) found in 10 seconds ",
1522,:,1737410199.000,12.000,0,92,0,0,"schlandals --timeout 600 -i /data/schlandals/pwmc_benchmarks/instances/bayesian_networks/pcnf/munin/1522.cnf compile | tr '\n' ' '",/data/schlandals/pwmc_benchmarks/instances/bayesian_networks/pcnf/munin/1522.cnf,"Final circuit size: 109738 Estimated probability 0.01019042 (epsilon 0) found in 11 seconds ",
1537,:,1737410211.000,5.000,0,115,0,0,"schlandals --timeout 600 -i /data/schlandals/pwmc_benchmarks/instances/bayesian_networks/pcnf/munin/1537.cnf compile | tr '\n' ' '",/data/schlandals/pwmc_benchmarks/instances/bayesian_networks/pcnf/munin/1537.cnf,"Final circuit size: 12745 Estimated probability 0.01320212 (epsilon 0.000000011908982910924237) found in 3 seconds ",
1538,:,1737410216.000,4.000,0,115,0,0,"schlandals --timeout 600 -i /data/schlandals/pwmc_benchmarks/instances/bayesian_networks/pcnf/munin/1538.cnf compile | tr '\n' ' '",/data/schlandals/pwmc_benchmarks/instances/bayesian_networks/pcnf/munin/1538.cnf,"Final circuit size: 12402 Estimated probability 0.00751396 (epsilon 0.000000049662434165043123) found in 3 seconds ",
1244,:,1737409309.000,916.000,0,105,0,0,"schlandals --timeout 600 -i /data/schlandals/pwmc_benchmarks/instances/bayesian_networks/pcnf/munin/1244.cnf compile | tr '\n' ' '",/data/schlandals/pwmc_benchmarks/instances/bayesian_networks/pcnf/munin/1244.cnf,"Final circuit size: 2 Estimated probability 0.00000000 (epsilon 135629.16442658988) found in 599 seconds ",
1539,:,1737410220.000,5.000,0,115,0,0,"schlandals --timeout 600 -i /data/schlandals/pwmc_benchmarks/instances/bayesian_networks/pcnf/munin/1539.cnf compile | tr '\n' ' '",/data/schlandals/pwmc_benchmarks/instances/bayesian_networks/pcnf/munin/1539.cnf,"Final circuit size: 13008 Estimated probability 0.00630787 (epsilon 0.000000059158041798568206) found in 4 seconds ",
1540,:,1737410225.000,3.000,0,114,0,0,"schlandals --timeout 600 -i /data/schlandals/pwmc_benchmarks/instances/bayesian_networks/pcnf/munin/1540.cnf compile | tr '\n' ' '",/data/schlandals/pwmc_benchmarks/instances/bayesian_networks/pcnf/munin/1540.cnf,"Final circuit size: 12733 Estimated probability 0.00614705 (epsilon 0.00000006070574865013612) found in 2 seconds ",
1541,:,1737410225.000,4.000,0,114,0,0,"schlandals --timeout 600 -i /data/schlandals/pwmc_benchmarks/instances/bayesian_networks/pcnf/munin/1541.cnf compile | tr '\n' ' '",/data/schlandals/pwmc_benchmarks/instances/bayesian_networks/pcnf/munin/1541.cnf,"Final circuit size: 13012 Estimated probability 0.00715473 (epsilon 0.00000009248926224891818) found in 3 seconds ",
1379,:,1737409789.000,442.000,0,117,0,0,"schlandals --timeout 600 -i /data/schlandals/pwmc_benchmarks/instances/bayesian_networks/pcnf/munin/1379.cnf compile | tr '\n' ' '",/data/schlandals/pwmc_benchmarks/instances/bayesian_networks/pcnf/munin/1379.cnf,"Final circuit size: 342296 Estimated probability 0.00425633 (epsilon 0.00000008042240562389225) found in 410 seconds ",
1542,:,1737410228.000,5.000,0,114,0,0,"schlandals --timeout 600 -i /data/schlandals/pwmc_benchmarks/instances/bayesian_networks/pcnf/munin/1542.cnf compile | tr '\n' ' '",/data/schlandals/pwmc_benchmarks/instances/bayesian_networks/pcnf/munin/1542.cnf,"Final circuit size: 12286 Estimated probability 0.01093634 (epsilon 0.00000006050801637513814) found in 4 seconds ",
1543,:,1737410229.000,4.000,0,113,0,0,"schlandals --timeout 600 -i /data/schlandals/pwmc_benchmarks/instances/bayesian_networks/pcnf/munin/1543.cnf compile | tr '\n' ' '",/data/schlandals/pwmc_benchmarks/instances/bayesian_networks/pcnf/munin/1543.cnf,"Final circuit size: 13309 Estimated probability 0.01586706 (epsilon 0.0000003120506932852152) found in 3 seconds ",
1175,:,1737409166.000,1068.000,0,110,0,0,"schlandals --timeout 600 -i /data/schlandals/pwmc_benchmarks/instances/bayesian_networks/pcnf/munin/1175.cnf compile | tr '\n' ' '",/data/schlandals/pwmc_benchmarks/instances/bayesian_networks/pcnf/munin/1175.cnf,"Final circuit size: 26764 Estimated probability 0.17686478 (epsilon 0.14065110553280236) found in 599 seconds ",
1544,:,1737410231.000,7.000,0,114,0,0,"schlandals --timeout 600 -i /data/schlandals/pwmc_benchmarks/instances/bayesian_networks/pcnf/munin/1544.cnf compile | tr '\n' ' '",/data/schlandals/pwmc_benchmarks/instances/bayesian_networks/pcnf/munin/1544.cnf,"Final circuit size: 11171 Estimated probability 0.02437664 (epsilon 0.00000020311768023084653) found in 5 seconds ",
1546,:,1737410233.000,7.000,0,114,0,0,"schlandals --timeout 600 -i /data/schlandals/pwmc_benchmarks/instances/bayesian_networks/pcnf/munin/1546.cnf compile | tr '\n' ' '",/data/schlandals/pwmc_benchmarks/instances/bayesian_networks/pcnf/munin/1546.cnf,"Final circuit size: 11201 Estimated probability 0.29442114 (epsilon 0.00000001681716144119605) found in 5 seconds ",
1545,:,1737410233.000,7.000,0,114,0,0,"schlandals --timeout 600 -i /data/schlandals/pwmc_benchmarks/instances/bayesian_networks/pcnf/munin/1545.cnf compile | tr '\n' ' '",/data/schlandals/pwmc_benchmarks/instances/bayesian_networks/pcnf/munin/1545.cnf,"Final circuit size: 11133 Estimated probability 0.08784517 (epsilon 0.00000005636425393085176) found in 6 seconds ",
1547,:,1737410234.000,7.000,0,115,0,0,"schlandals --timeout 600 -i /data/schlandals/pwmc_benchmarks/instances/bayesian_networks/pcnf/munin/1547.cnf compile | tr '\n' ' '",/data/schlandals/pwmc_benchmarks/instances/bayesian_networks/pcnf/munin/1547.cnf,"Final circuit size: 11228 Estimated probability 0.36247326 (epsilon 0.000000013659842812430156) found in 5 seconds ",
1374,:,1737409785.000,458.000,0,118,0,0,"schlandals --timeout 600 -i /data/schlandals/pwmc_benchmarks/instances/bayesian_networks/pcnf/munin/1374.cnf compile | tr '\n' ' '",/data/schlandals/pwmc_benchmarks/instances/bayesian_networks/pcnf/munin/1374.cnf,"Final circuit size: 348836 Estimated probability 0.00678214 (epsilon 0.000000012913396352232098) found in 432 seconds ",
1548,:,1737410238.000,7.000,0,114,0,0,"schlandals --timeout 600 -i /data/schlandals/pwmc_benchmarks/instances/bayesian_networks/pcnf/munin/1548.cnf compile | tr '\n' ' '",/data/schlandals/pwmc_benchmarks/instances/bayesian_networks/pcnf/munin/1548.cnf,"Final circuit size: 10917 Estimated probability 0.14602125 (epsilon 0.00000003279730842464801) found in 4 seconds ",
1549,:,1737410240.000,8.000,0,113,0,0,"schlandals --timeout 600 -i /data/schlandals/pwmc_benchmarks/instances/bayesian_networks/pcnf/munin/1549.cnf compile | tr '\n' ' '",/data/schlandals/pwmc_benchmarks/instances/bayesian_networks/pcnf/munin/1549.cnf,"Final circuit size: 10041 Estimated probability 0.01773339 (epsilon 0.0000002578845081924186) found in 5 seconds ",
1319,:,1737409627.000,624.000,0,109,0,0,"schlandals --timeout 600 -i /data/schlandals/pwmc_benchmarks/instances/bayesian_networks/pcnf/munin/1319.cnf compile | tr '\n' ' '",/data/schlandals/pwmc_benchmarks/instances/bayesian_networks/pcnf/munin/1319.cnf,"Final circuit size: 336879 Estimated probability 0.00070354 (epsilon 7.814541952761511) found in 599 seconds ",
1533,:,1737410204.000,48.000,0,92,0,0,"schlandals --timeout 600 -i /data/schlandals/pwmc_benchmarks/instances/bayesian_networks/pcnf/munin/1533.cnf compile | tr '\n' ' '",/data/schlandals/pwmc_benchmarks/instances/bayesian_networks/pcnf/munin/1533.cnf,"Final circuit size: 265734 Estimated probability 0.98733655 (epsilon 0) found in 45 seconds ",
1530,:,1737410203.000,49.000,0,92,0,0,"schlandals --timeout 600 -i /data/schlandals/pwmc_benchmarks/instances/bayesian_networks/pcnf/munin/1530.cnf compile | tr '\n' ' '",/data/schlandals/pwmc_benchmarks/instances/bayesian_networks/pcnf/munin/1530.cnf,"Final circuit size: 264562 Estimated probability 0.06837659 (epsilon 0) found in 46 seconds ",
1534,:,1737410205.000,47.000,0,92,0,0,"schlandals --timeout 600 -i /data/schlandals/pwmc_benchmarks/instances/bayesian_networks/pcnf/munin/1534.cnf compile | tr '\n' ' '",/data/schlandals/pwmc_benchmarks/instances/bayesian_networks/pcnf/munin/1534.cnf,"Final circuit size: 265734 Estimated probability 0.01266345 (epsilon 0) found in 45 seconds ",
1531,:,1737410204.000,49.000,0,92,0,0,"schlandals --timeout 600 -i /data/schlandals/pwmc_benchmarks/instances/bayesian_networks/pcnf/munin/1531.cnf compile | tr '\n' ' '",/data/schlandals/pwmc_benchmarks/instances/bayesian_networks/pcnf/munin/1531.cnf,"Final circuit size: 266119 Estimated probability 0.03484757 (epsilon 0) found in 46 seconds ",
1554,:,1737410248.000,5.000,0,113,0,0,"schlandals --timeout 600 -i /data/schlandals/pwmc_benchmarks/instances/bayesian_networks/pcnf/munin/1554.cnf compile | tr '\n' ' '",/data/schlandals/pwmc_benchmarks/instances/bayesian_networks/pcnf/munin/1554.cnf,"Final circuit size: 6616 Estimated probability 0.00156678 (epsilon 0.00000000813172262859041) found in 4 seconds ",
1532,:,1737410204.000,49.000,0,92,0,0,"schlandals --timeout 600 -i /data/schlandals/pwmc_benchmarks/instances/bayesian_networks/pcnf/munin/1532.cnf compile | tr '\n' ' '",/data/schlandals/pwmc_benchmarks/instances/bayesian_networks/pcnf/munin/1532.cnf,"Final circuit size: 261059 Estimated probability 0.00430010 (epsilon 0) found in 46 seconds ",
1380,:,1737409789.000,465.000,0,117,0,0,"schlandals --timeout 600 -i /data/schlandals/pwmc_benchmarks/instances/bayesian_networks/pcnf/munin/1380.cnf compile | tr '\n' ' '",/data/schlandals/pwmc_benchmarks/instances/bayesian_networks/pcnf/munin/1380.cnf,"Final circuit size: 345742 Estimated probability 0.00595554 (epsilon 0.00000005747658993193738) found in 438 seconds ",
1555,:,1737410251.000,5.000,0,114,0,0,"schlandals --timeout 600 -i /data/schlandals/pwmc_benchmarks/instances/bayesian_networks/pcnf/munin/1555.cnf compile | tr '\n' ' '",/data/schlandals/pwmc_benchmarks/instances/bayesian_networks/pcnf/munin/1555.cnf,"Final circuit size: 6949 Estimated probability 0.00137468 (epsilon 0.000000009268035228160443) found in 4 seconds ",
1558,:,1737410252.000,5.000,0,113,0,0,"schlandals --timeout 600 -i /data/schlandals/pwmc_benchmarks/instances/bayesian_networks/pcnf/munin/1558.cnf compile | tr '\n' ' '",/data/schlandals/pwmc_benchmarks/instances/bayesian_networks/pcnf/munin/1558.cnf,"Final circuit size: 6925 Estimated probability 0.00404490 (epsilon 0.00000020548074952664308) found in 3 seconds ",
1535,:,1737410210.000,47.000,0,92,0,0,"schlandals --timeout 600 -i /data/schlandals/pwmc_benchmarks/instances/bayesian_networks/pcnf/munin/1535.cnf compile | tr '\n' ' '",/data/schlandals/pwmc_benchmarks/instances/bayesian_networks/pcnf/munin/1535.cnf,"Final circuit size: 266060 Estimated probability 0.89568117 (epsilon 0) found in 45 seconds ",
1556,:,1737410252.000,5.000,0,113,0,0,"schlandals --timeout 600 -i /data/schlandals/pwmc_benchmarks/instances/bayesian_networks/pcnf/munin/1556.cnf compile | tr '\n' ' '",/data/schlandals/pwmc_benchmarks/instances/bayesian_networks/pcnf/munin/1556.cnf,"Final circuit size: 6999 Estimated probability 0.00188316 (epsilon 0.00000000676553302270122) found in 4 seconds ",
1557,:,1737410252.000,5.000,0,114,0,0,"schlandals --timeout 600 -i /data/schlandals/pwmc_benchmarks/instances/bayesian_networks/pcnf/munin/1557.cnf compile | tr '\n' ' '",/data/schlandals/pwmc_benchmarks/instances/bayesian_networks/pcnf/munin/1557.cnf,"Final circuit size: 7153 Estimated probability 0.00209681 (epsilon 0.000000006076163572288351) found in 4 seconds ",
1559,:,1737410253.000,5.000,0,113,0,0,"schlandals --timeout 600 -i /data/schlandals/pwmc_benchmarks/instances/bayesian_networks/pcnf/munin/1559.cnf compile | tr '\n' ' '",/data/schlandals/pwmc_benchmarks/instances/bayesian_networks/pcnf/munin/1559.cnf,"Final circuit size: 6545 Estimated probability 0.00938882 (epsilon 0.00000008852532640268862) found in 4 seconds ",
1561,:,1737410253.000,5.000,0,114,0,0,"schlandals --timeout 600 -i /data/schlandals/pwmc_benchmarks/instances/bayesian_networks/pcnf/munin/1561.cnf compile | tr '\n' ' '",/data/schlandals/pwmc_benchmarks/instances/bayesian_networks/pcnf/munin/1561.cnf,"Final circuit size: 6509 Estimated probability 0.09472752 (epsilon 0.000000051007231549604626) found in 3 seconds ",
1560,:,1737410253.000,5.000,0,111,0,0,"schlandals --timeout 600 -i /data/schlandals/pwmc_benchmarks/instances/bayesian_networks/pcnf/munin/1560.cnf compile | tr '\n' ' '",/data/schlandals/pwmc_benchmarks/instances/bayesian_networks/pcnf/munin/1560.cnf,"Final circuit size: 6708 Estimated probability 0.03408823 (epsilon 0.000000141743583537135) found in 4 seconds ",
1562,:,1737410254.000,4.000,0,113,0,0,"schlandals --timeout 600 -i /data/schlandals/pwmc_benchmarks/instances/bayesian_networks/pcnf/munin/1562.cnf compile | tr '\n' ' '",/data/schlandals/pwmc_benchmarks/instances/bayesian_networks/pcnf/munin/1562.cnf,"Final circuit size: 6494 Estimated probability 0.29201934 (epsilon 0.00000001654612447055115) found in 3 seconds ",
1321,:,1737409630.000,630.000,0,108,0,0,"schlandals --timeout 600 -i /data/schlandals/pwmc_benchmarks/instances/bayesian_networks/pcnf/munin/1321.cnf compile | tr '\n' ' '",/data/schlandals/pwmc_benchmarks/instances/bayesian_networks/pcnf/munin/1321.cnf,"Final circuit size: 346938 Estimated probability 0.00092327 (epsilon 6.70985891307146) found in 600 seconds ",
1536,:,1737410211.000,49.000,0,92,0,0,"schlandals --timeout 600 -i /data/schlandals/pwmc_benchmarks/instances/bayesian_networks/pcnf/munin/1536.cnf compile | tr '\n' ' '",/data/schlandals/pwmc_benchmarks/instances/bayesian_networks/pcnf/munin/1536.cnf,"Final circuit size: 266060 Estimated probability 0.10431883 (epsilon 0) found in 46 seconds ",
1565,:,1737410257.000,3.000,0,113,0,0,"schlandals --timeout 600 -i /data/schlandals/pwmc_benchmarks/instances/bayesian_networks/pcnf/munin/1565.cnf compile | tr '\n' ' '",/data/schlandals/pwmc_benchmarks/instances/bayesian_networks/pcnf/munin/1565.cnf,"Final circuit size: 6525 Estimated probability 0.03637682 (epsilon 0.00000013282600996866734) found in 2 seconds ",
1566,:,1737410257.000,4.000,0,111,0,0,"schlandals --timeout 600 -i /data/schlandals/pwmc_benchmarks/instances/bayesian_networks/pcnf/munin/1566.cnf compile | tr '\n' ' '",/data/schlandals/pwmc_benchmarks/instances/bayesian_networks/pcnf/munin/1566.cnf,"Final circuit size: 6541 Estimated probability 0.00273653 (epsilon 0.000001765658970587225) found in 2 seconds ",
1563,:,1737410256.000,5.000,0,114,0,0,"schlandals --timeout 600 -i /data/schlandals/pwmc_benchmarks/instances/bayesian_networks/pcnf/munin/1563.cnf compile | tr '\n' ' '",/data/schlandals/pwmc_benchmarks/instances/bayesian_networks/pcnf/munin/1563.cnf,"Final circuit size: 6543 Estimated probability 0.35411397 (epsilon 0.000000013644727125949885) found in 3 seconds ",
1564,:,1737410257.000,5.000,0,113,0,0,"schlandals --timeout 600 -i /data/schlandals/pwmc_benchmarks/instances/bayesian_networks/pcnf/munin/1564.cnf compile | tr '\n' ' '",/data/schlandals/pwmc_benchmarks/instances/bayesian_networks/pcnf/munin/1564.cnf,"Final circuit size: 6597 Estimated probability 0.15438225 (epsilon 0.00000003129756520614535) found in 4 seconds ",
1553,:,1737410245.000,19.000,0,115,0,0,"schlandals --timeout 600 -i /data/schlandals/pwmc_benchmarks/instances/bayesian_networks/pcnf/munin/1553.cnf compile | tr '\n' ' '",/data/schlandals/pwmc_benchmarks/instances/bayesian_networks/pcnf/munin/1553.cnf,"Final circuit size: 5305 Estimated probability 0.00153449 (epsilon 0.000000008302793119696616) found in 14 seconds ",
1318,:,1737409624.000,640.000,0,108,0,0,"schlandals --timeout 600 -i /data/schlandals/pwmc_benchmarks/instances/bayesian_networks/pcnf/munin/1318.cnf compile | tr '\n' ' '",/data/schlandals/pwmc_benchmarks/instances/bayesian_networks/pcnf/munin/1318.cnf,"Final circuit size: 353744 Estimated probability 0.00718000 (epsilon 1.91804752534133) found in 600 seconds ",
1552,:,1737410243.000,27.000,0,114,0,0,"schlandals --timeout 600 -i /data/schlandals/pwmc_benchmarks/instances/bayesian_networks/pcnf/munin/1552.cnf compile | tr '\n' ' '",/data/schlandals/pwmc_benchmarks/instances/bayesian_networks/pcnf/munin/1552.cnf,"Final circuit size: 5267 Estimated probability 0.00082557 (epsilon 0.00000001543239958046172) found in 19 seconds ",
1320,:,1737409629.000,641.000,0,109,0,0,"schlandals --timeout 600 -i /data/schlandals/pwmc_benchmarks/instances/bayesian_networks/pcnf/munin/1320.cnf compile | tr '\n' ' '",/data/schlandals/pwmc_benchmarks/instances/bayesian_networks/pcnf/munin/1320.cnf,"Final circuit size: 365546 Estimated probability 0.00083126 (epsilon 7.128694567399997) found in 600 seconds ",
1323,:,1737409633.000,638.000,0,109,0,0,"schlandals --timeout 600 -i /data/schlandals/pwmc_benchmarks/instances/bayesian_networks/pcnf/munin/1323.cnf compile | tr '\n' ' '",/data/schlandals/pwmc_benchmarks/instances/bayesian_networks/pcnf/munin/1323.cnf,"Final circuit size: 379518 Estimated probability 0.00106074 (epsilon 6.202026196116466) found in 600 seconds ",
1322,:,1737409631.000,640.000,0,109,0,0,"schlandals --timeout 600 -i /data/schlandals/pwmc_benchmarks/instances/bayesian_networks/pcnf/munin/1322.cnf compile | tr '\n' ' '",/data/schlandals/pwmc_benchmarks/instances/bayesian_networks/pcnf/munin/1322.cnf,"Final circuit size: 337949 Estimated probability 0.00098086 (epsilon 6.484073016442772) found in 600 seconds ",
1551,:,1737410241.000,32.000,0,114,0,0,"schlandals --timeout 600 -i /data/schlandals/pwmc_benchmarks/instances/bayesian_networks/pcnf/munin/1551.cnf compile | tr '\n' ' '",/data/schlandals/pwmc_benchmarks/instances/bayesian_networks/pcnf/munin/1551.cnf,"Final circuit size: 4977 Estimated probability 0.00012376 (epsilon 0.00000010294947716538161) found in 23 seconds ",
1324,:,1737409638.000,639.000,0,109,0,0,"schlandals --timeout 600 -i /data/schlandals/pwmc_benchmarks/instances/bayesian_networks/pcnf/munin/1324.cnf compile | tr '\n' ' '",/data/schlandals/pwmc_benchmarks/instances/bayesian_networks/pcnf/munin/1324.cnf,"Final circuit size: 432351 Estimated probability 0.00128943 (epsilon 5.515298734879208) found in 600 seconds ",
1325,:,1737409646.000,632.000,0,108,0,0,"schlandals --timeout 600 -i /data/schlandals/pwmc_benchmarks/instances/bayesian_networks/pcnf/munin/1325.cnf compile | tr '\n' ' '",/data/schlandals/pwmc_benchmarks/instances/bayesian_networks/pcnf/munin/1325.cnf,"Final circuit size: 397598 Estimated probability 0.00184919 (epsilon 4.46842222035012) found in 600 seconds ",
1366,:,1737409726.000,552.000,0,93,0,0,"schlandals --timeout 600 -i /data/schlandals/pwmc_benchmarks/instances/bayesian_networks/pcnf/munin/1366.cnf compile | tr '\n' ' '",/data/schlandals/pwmc_benchmarks/instances/bayesian_networks/pcnf/munin/1366.cnf,"Final circuit size: 207675 Estimated probability 0.87405016 (epsilon 0) found in 402 seconds ",
1326,:,1737409651.000,628.000,0,110,0,0,"schlandals --timeout 600 -i /data/schlandals/pwmc_benchmarks/instances/bayesian_networks/pcnf/munin/1326.cnf compile | tr '\n' ' '",/data/schlandals/pwmc_benchmarks/instances/bayesian_networks/pcnf/munin/1326.cnf,"Final circuit size: 364650 Estimated probability 0.00281384 (epsilon 3.4917393364925147) found in 600 seconds ",
1378,:,1737409788.000,498.000,0,117,0,0,"schlandals --timeout 600 -i /data/schlandals/pwmc_benchmarks/instances/bayesian_networks/pcnf/munin/1378.cnf compile | tr '\n' ' '",/data/schlandals/pwmc_benchmarks/instances/bayesian_networks/pcnf/munin/1378.cnf,"Final circuit size: 346192 Estimated probability 0.00322882 (epsilon 0.00000010601520195052672) found in 473 seconds ",
1328,:,1737409671.000,625.000,0,110,0,0,"schlandals --timeout 600 -i /data/schlandals/pwmc_benchmarks/instances/bayesian_networks/pcnf/munin/1328.cnf compile | tr '\n' ' '",/data/schlandals/pwmc_benchmarks/instances/bayesian_networks/pcnf/munin/1328.cnf,"Final circuit size: 354921 Estimated probability 0.00538858 (epsilon 2.3046135148147386) found in 600 seconds ",
1243,:,1737409300.000,1000.000,0,116,0,0,"schlandals --timeout 600 -i /data/schlandals/pwmc_benchmarks/instances/bayesian_networks/pcnf/munin/1243.cnf compile | tr '\n' ' '",/data/schlandals/pwmc_benchmarks/instances/bayesian_networks/pcnf/munin/1243.cnf,"Final circuit size: 10330 Estimated probability 0.00039134 (epsilon 0.00000001479679068161488) found in 574 seconds ",
1327,:,1737409662.000,645.000,0,109,0,0,"schlandals --timeout 600 -i /data/schlandals/pwmc_benchmarks/instances/bayesian_networks/pcnf/munin/1327.cnf compile | tr '\n' ' '",/data/schlandals/pwmc_benchmarks/instances/bayesian_networks/pcnf/munin/1327.cnf,"Final circuit size: 396922 Estimated probability 0.00408881 (epsilon 2.751246764792088) found in 600 seconds ",
1333,:,1737409686.000,624.000,0,110,0,0,"schlandals --timeout 600 -i /data/schlandals/pwmc_benchmarks/instances/bayesian_networks/pcnf/munin/1333.cnf compile | tr '\n' ' '",/data/schlandals/pwmc_benchmarks/instances/bayesian_networks/pcnf/munin/1333.cnf,"Final circuit size: 338747 Estimated probability 0.02586123 (epsilon 0.7513391280262334) found in 599 seconds ",
1334,:,1737409686.000,625.000,0,110,0,0,"schlandals --timeout 600 -i /data/schlandals/pwmc_benchmarks/instances/bayesian_networks/pcnf/munin/1334.cnf compile | tr '\n' ' '",/data/schlandals/pwmc_benchmarks/instances/bayesian_networks/pcnf/munin/1334.cnf,"Final circuit size: 341115 Estimated probability 0.13379123 (epsilon 0.1846094717054616) found in 599 seconds ",
1336,:,1737409688.000,623.000,0,111,0,0,"schlandals --timeout 600 -i /data/schlandals/pwmc_benchmarks/instances/bayesian_networks/pcnf/munin/1336.cnf compile | tr '\n' ' '",/data/schlandals/pwmc_benchmarks/instances/bayesian_networks/pcnf/munin/1336.cnf,"Final circuit size: 333230 Estimated probability 0.22910067 (epsilon 0.11216174968595727) found in 599 seconds ",
1330,:,1737409676.000,637.000,0,110,0,0,"schlandals --timeout 600 -i /data/schlandals/pwmc_benchmarks/instances/bayesian_networks/pcnf/munin/1330.cnf compile | tr '\n' ' '",/data/schlandals/pwmc_benchmarks/instances/bayesian_networks/pcnf/munin/1330.cnf,"Final circuit size: 333386 Estimated probability 0.00905796 (epsilon 1.6271651441029458) found in 600 seconds ",
1331,:,1737409685.000,628.000,0,110,0,0,"schlandals --timeout 600 -i /data/schlandals/pwmc_benchmarks/instances/bayesian_networks/pcnf/munin/1331.cnf compile | tr '\n' ' '",/data/schlandals/pwmc_benchmarks/instances/bayesian_networks/pcnf/munin/1331.cnf,"Final circuit size: 399070 Estimated probability 0.01141585 (epsilon 1.3899623140754072) found in 600 seconds ",
1332,:,1737409685.000,629.000,0,110,0,0,"schlandals --timeout 600 -i /data/schlandals/pwmc_benchmarks/instances/bayesian_networks/pcnf/munin/1332.cnf compile | tr '\n' ' '",/data/schlandals/pwmc_benchmarks/instances/bayesian_networks/pcnf/munin/1332.cnf,"Final circuit size: 410318 Estimated probability 0.01486771 (epsilon 1.1435681050875885) found in 600 seconds ",
1329,:,1737409671.000,645.000,0,110,0,0,"schlandals --timeout 600 -i /data/schlandals/pwmc_benchmarks/instances/bayesian_networks/pcnf/munin/1329.cnf compile | tr '\n' ' '",/data/schlandals/pwmc_benchmarks/instances/bayesian_networks/pcnf/munin/1329.cnf,"Final circuit size: 455605 Estimated probability 0.00692287 (epsilon 1.9529112598758371) found in 600 seconds ",
1335,:,1737409687.000,634.000,0,111,0,0,"schlandals --timeout 600 -i /data/schlandals/pwmc_benchmarks/instances/bayesian_networks/pcnf/munin/1335.cnf compile | tr '\n' ' '",/data/schlandals/pwmc_benchmarks/instances/bayesian_networks/pcnf/munin/1335.cnf,"Final circuit size: 362545 Estimated probability 0.45386816 (epsilon 0.05725175040962327) found in 600 seconds ",
1376,:,1737409786.000,537.000,0,117,0,0,"schlandals --timeout 600 -i /data/schlandals/pwmc_benchmarks/instances/bayesian_networks/pcnf/munin/1376.cnf compile | tr '\n' ' '",/data/schlandals/pwmc_benchmarks/instances/bayesian_networks/pcnf/munin/1376.cnf,"Final circuit size: 343398 Estimated probability 0.00226804 (epsilon 0.00000015092489791257435) found in 505 seconds ",
1390,:,1737409832.000,494.000,0,119,0,0,"schlandals --timeout 600 -i /data/schlandals/pwmc_benchmarks/instances/bayesian_networks/pcnf/munin/1390.cnf compile | tr '\n' ' '",/data/schlandals/pwmc_benchmarks/instances/bayesian_networks/pcnf/munin/1390.cnf,"Final circuit size: 346008 Estimated probability 0.09983787 (epsilon 0.0000000029860569572548457) found in 471 seconds ",
1337,:,1737409696.000,631.000,0,110,0,0,"schlandals --timeout 600 -i /data/schlandals/pwmc_benchmarks/instances/bayesian_networks/pcnf/munin/1337.cnf compile | tr '\n' ' '",/data/schlandals/pwmc_benchmarks/instances/bayesian_networks/pcnf/munin/1337.cnf,"Final circuit size: 368495 Estimated probability 0.02240712 (epsilon 0.8477201371897867) found in 600 seconds ",
1338,:,1737409696.000,634.000,0,110,0,0,"schlandals --timeout 600 -i /data/schlandals/pwmc_benchmarks/instances/bayesian_networks/pcnf/munin/1338.cnf compile | tr '\n' ' '",/data/schlandals/pwmc_benchmarks/instances/bayesian_networks/pcnf/munin/1338.cnf,"Final circuit size: 438751 Estimated probability 0.01194501 (epsilon 1.3396986370275643) found in 600 seconds ",
1384,:,1737409824.000,506.000,0,118,0,0,"schlandals --timeout 600 -i /data/schlandals/pwmc_benchmarks/instances/bayesian_networks/pcnf/munin/1384.cnf compile | tr '\n' ' '",/data/schlandals/pwmc_benchmarks/instances/bayesian_networks/pcnf/munin/1384.cnf,"Final circuit size: 340243 Estimated probability 0.05286914 (epsilon 0.000000006474555114266423) found in 483 seconds ",
1387,:,1737409825.000,519.000,0,119,0,0,"schlandals --timeout 600 -i /data/schlandals/pwmc_benchmarks/instances/bayesian_networks/pcnf/munin/1387.cnf compile | tr '\n' ' '",/data/schlandals/pwmc_benchmarks/instances/bayesian_networks/pcnf/munin/1387.cnf,"Final circuit size: 341883 Estimated probability 0.18582683 (epsilon 0.0000000018420600600421722) found in 497 seconds ",
1256,:,1737409415.000,938.000,0,107,0,0,"schlandals --timeout 600 -i /data/schlandals/pwmc_benchmarks/instances/bayesian_networks/pcnf/munin/1256.cnf compile | tr '\n' ' '",/data/schlandals/pwmc_benchmarks/instances/bayesian_networks/pcnf/munin/1256.cnf,"Final circuit size: 1110 Estimated probability 0.00338217 (epsilon 3.099368843793197) found in 599 seconds ",
1381,:,1737409818.000,541.000,0,118,0,0,"schlandals --timeout 600 -i /data/schlandals/pwmc_benchmarks/instances/bayesian_networks/pcnf/munin/1381.cnf compile | tr '\n' ' '",/data/schlandals/pwmc_benchmarks/instances/bayesian_networks/pcnf/munin/1381.cnf,"Final circuit size: 342444 Estimated probability 0.00878287 (epsilon 0.000000038974080629472496) found in 518 seconds ",
1382,:,1737409818.000,542.000,0,118,0,0,"schlandals --timeout 600 -i /data/schlandals/pwmc_benchmarks/instances/bayesian_networks/pcnf/munin/1382.cnf compile | tr '\n' ' '",/data/schlandals/pwmc_benchmarks/instances/bayesian_networks/pcnf/munin/1382.cnf,"Final circuit size: 345439 Estimated probability 0.01452743 (epsilon 0.000000023562603868043652) found in 519 seconds ",
1385,:,1737409824.000,545.000,0,118,0,0,"schlandals --timeout 600 -i /data/schlandals/pwmc_benchmarks/instances/bayesian_networks/pcnf/munin/1385.cnf compile | tr '\n' ' '",/data/schlandals/pwmc_benchmarks/instances/bayesian_networks/pcnf/munin/1385.cnf,"Final circuit size: 338662 Estimated probability 0.09563385 (epsilon 0.000000003579319951541038) found in 524 seconds ",
1375,:,1737409785.000,585.000,0,118,0,0,"schlandals --timeout 600 -i /data/schlandals/pwmc_benchmarks/instances/bayesian_networks/pcnf/munin/1375.cnf compile | tr '\n' ' '",/data/schlandals/pwmc_benchmarks/instances/bayesian_networks/pcnf/munin/1375.cnf,"Final circuit size: 342658 Estimated probability 0.00210768 (epsilon 0.000000041553054774823295) found in 563 seconds ",
1386,:,1737409824.000,553.000,0,118,0,0,"schlandals --timeout 600 -i /data/schlandals/pwmc_benchmarks/instances/bayesian_networks/pcnf/munin/1386.cnf compile | tr '\n' ' '",/data/schlandals/pwmc_benchmarks/instances/bayesian_networks/pcnf/munin/1386.cnf,"Final circuit size: 344548 Estimated probability 0.14731396 (epsilon 0.000000002323636616452518) found in 532 seconds ",
1377,:,1737409788.000,596.000,0,117,0,0,"schlandals --timeout 600 -i /data/schlandals/pwmc_benchmarks/instances/bayesian_networks/pcnf/munin/1377.cnf compile | tr '\n' ' '",/data/schlandals/pwmc_benchmarks/instances/bayesian_networks/pcnf/munin/1377.cnf,"Final circuit size: 342525 Estimated probability 0.00259523 (epsilon 0.00000013189762526621962) found in 575 seconds ",
1389,:,1737409829.000,556.000,0,119,0,0,"schlandals --timeout 600 -i /data/schlandals/pwmc_benchmarks/instances/bayesian_networks/pcnf/munin/1389.cnf compile | tr '\n' ' '",/data/schlandals/pwmc_benchmarks/instances/bayesian_networks/pcnf/munin/1389.cnf,"Final circuit size: 340511 Estimated probability 0.15263639 (epsilon 0.0000000022426118739815593) found in 534 seconds ",
1383,:,1737409819.000,574.000,0,118,0,0,"schlandals --timeout 600 -i /data/schlandals/pwmc_benchmarks/instances/bayesian_networks/pcnf/munin/1383.cnf compile | tr '\n' ' '",/data/schlandals/pwmc_benchmarks/instances/bayesian_networks/pcnf/munin/1383.cnf,"Final circuit size: 342330 Estimated probability 0.02717133 (epsilon 0.000000012597993537255547) found in 552 seconds ",
1529,:,1737410203.000,195.000,0,93,0,0,"schlandals --timeout 600 -i /data/schlandals/pwmc_benchmarks/instances/bayesian_networks/pcnf/munin/1529.cnf compile | tr '\n' ' '",/data/schlandals/pwmc_benchmarks/instances/bayesian_networks/pcnf/munin/1529.cnf,"Final circuit size: 204792 Estimated probability 0.89247575 (epsilon 0) found in 146 seconds ",
1413,:,1737409880.000,521.000,0,118,0,0,"schlandals --timeout 600 -i /data/schlandals/pwmc_benchmarks/instances/bayesian_networks/pcnf/munin/1413.cnf compile | tr '\n' ' '",/data/schlandals/pwmc_benchmarks/instances/bayesian_networks/pcnf/munin/1413.cnf,"Final circuit size: 353232 Estimated probability 0.00761285 (epsilon 0.000000011504304620046923) found in 498 seconds ",
1388,:,1737409827.000,574.000,0,119,0,0,"schlandals --timeout 600 -i /data/schlandals/pwmc_benchmarks/instances/bayesian_networks/pcnf/munin/1388.cnf compile | tr '\n' ' '",/data/schlandals/pwmc_benchmarks/instances/bayesian_networks/pcnf/munin/1388.cnf,"Final circuit size: 341643 Estimated probability 0.18820653 (epsilon 0.0000000018187691352977708) found in 553 seconds ",
1409,:,1737409857.000,557.000,0,119,0,0,"schlandals --timeout 600 -i /data/schlandals/pwmc_benchmarks/instances/bayesian_networks/pcnf/munin/1409.cnf compile | tr '\n' ' '",/data/schlandals/pwmc_benchmarks/instances/bayesian_networks/pcnf/munin/1409.cnf,"Final circuit size: 355150 Estimated probability 0.10695331 (epsilon 0.0000000008188665301389619) found in 535 seconds ",
1411,:,1737409876.000,547.000,0,118,0,0,"schlandals --timeout 600 -i /data/schlandals/pwmc_benchmarks/instances/bayesian_networks/pcnf/munin/1411.cnf compile | tr '\n' ' '",/data/schlandals/pwmc_benchmarks/instances/bayesian_networks/pcnf/munin/1411.cnf,"Final circuit size: 353753 Estimated probability 0.00730229 (epsilon 0.000000011993569914992008) found in 521 seconds ",
1408,:,1737409848.000,578.000,0,120,0,0,"schlandals --timeout 600 -i /data/schlandals/pwmc_benchmarks/instances/bayesian_networks/pcnf/munin/1408.cnf compile | tr '\n' ' '",/data/schlandals/pwmc_benchmarks/instances/bayesian_networks/pcnf/munin/1408.cnf,"Final circuit size: 355944 Estimated probability 0.84945500 (epsilon 0.00000000010310197140483979) found in 555 seconds ",
1412,:,1737409878.000,555.000,0,117,0,0,"schlandals --timeout 600 -i /data/schlandals/pwmc_benchmarks/instances/bayesian_networks/pcnf/munin/1412.cnf compile | tr '\n' ' '",/data/schlandals/pwmc_benchmarks/instances/bayesian_networks/pcnf/munin/1412.cnf,"Final circuit size: 353401 Estimated probability 0.00547138 (epsilon 0.00000001600701216020184) found in 533 seconds ",
1410,:,1737409870.000,567.000,0,119,0,0,"schlandals --timeout 600 -i /data/schlandals/pwmc_benchmarks/instances/bayesian_networks/pcnf/munin/1410.cnf compile | tr '\n' ' '",/data/schlandals/pwmc_benchmarks/instances/bayesian_networks/pcnf/munin/1410.cnf,"Final circuit size: 352917 Estimated probability 0.02320516 (epsilon 0.0000000037741827441095666) found in 545 seconds ",
1490,:,1737410155.000,319.000,0,117,0,0,"schlandals --timeout 600 -i /data/schlandals/pwmc_benchmarks/instances/bayesian_networks/pcnf/munin/1490.cnf compile | tr '\n' ' '",/data/schlandals/pwmc_benchmarks/instances/bayesian_networks/pcnf/munin/1490.cnf,"Final circuit size: 344862 Estimated probability 0.00411874 (epsilon 0.00000019321058641885713) found in 299 seconds ",
1492,:,1737410159.000,320.000,0,117,0,0,"schlandals --timeout 600 -i /data/schlandals/pwmc_benchmarks/instances/bayesian_networks/pcnf/munin/1492.cnf compile | tr '\n' ' '",/data/schlandals/pwmc_benchmarks/instances/bayesian_networks/pcnf/munin/1492.cnf,"Final circuit size: 345450 Estimated probability 0.00868036 (epsilon 0.00000009167647041508076) found in 300 seconds ",
1494,:,1737410161.000,322.000,0,117,0,0,"schlandals --timeout 600 -i /data/schlandals/pwmc_benchmarks/instances/bayesian_networks/pcnf/munin/1494.cnf compile | tr '\n' ' '",/data/schlandals/pwmc_benchmarks/instances/bayesian_networks/pcnf/munin/1494.cnf,"Final circuit size: 343326 Estimated probability 0.02665602 (epsilon 0.00000002985385694209697) found in 304 seconds ",
1499,:,1737410172.000,318.000,0,118,0,0,"schlandals --timeout 600 -i /data/schlandals/pwmc_benchmarks/instances/bayesian_networks/pcnf/munin/1499.cnf compile | tr '\n' ' '",/data/schlandals/pwmc_benchmarks/instances/bayesian_networks/pcnf/munin/1499.cnf,"Final circuit size: 342086 Estimated probability 0.18864221 (epsilon 0.000000004218488669494036) found in 299 seconds ",
1481,:,1737410142.000,350.000,0,118,0,0,"schlandals --timeout 600 -i /data/schlandals/pwmc_benchmarks/instances/bayesian_networks/pcnf/munin/1481.cnf compile | tr '\n' ' '",/data/schlandals/pwmc_benchmarks/instances/bayesian_networks/pcnf/munin/1481.cnf,"Final circuit size: 356919 Estimated probability 0.00678745 (epsilon 0.000000006393850338071161) found in 331 seconds ",
1487,:,1737410149.000,346.000,0,116,0,0,"schlandals --timeout 600 -i /data/schlandals/pwmc_benchmarks/instances/bayesian_networks/pcnf/munin/1487.cnf compile | tr '\n' ' '",/data/schlandals/pwmc_benchmarks/instances/bayesian_networks/pcnf/munin/1487.cnf,"Final circuit size: 342868 Estimated probability 0.00168553 (epsilon 0.0000002467655222382348) found in 327 seconds ",
1485,:,1737410146.000,349.000,0,116,0,0,"schlandals --timeout 600 -i /data/schlandals/pwmc_benchmarks/instances/bayesian_networks/pcnf/munin/1485.cnf compile | tr '\n' ' '",/data/schlandals/pwmc_benchmarks/instances/bayesian_networks/pcnf/munin/1485.cnf,"Final circuit size: 345311 Estimated probability 0.00117226 (epsilon 0.0000001375171165829414) found in 331 seconds ",
1495,:,1737410162.000,334.000,0,118,0,0,"schlandals --timeout 600 -i /data/schlandals/pwmc_benchmarks/instances/bayesian_networks/pcnf/munin/1495.cnf compile | tr '\n' ' '",/data/schlandals/pwmc_benchmarks/instances/bayesian_networks/pcnf/munin/1495.cnf,"Final circuit size: 347661 Estimated probability 0.05213969 (epsilon 0.000000015262556329886934) found in 314 seconds ",
1484,:,1737410145.000,352.000,0,117,0,0,"schlandals --timeout 600 -i /data/schlandals/pwmc_benchmarks/instances/bayesian_networks/pcnf/munin/1484.cnf compile | tr '\n' ' '",/data/schlandals/pwmc_benchmarks/instances/bayesian_networks/pcnf/munin/1484.cnf,"Final circuit size: 347121 Estimated probability 0.00102649 (epsilon 0.00000015704604128252697) found in 333 seconds ",
1489,:,1737410152.000,350.000,0,117,0,0,"schlandals --timeout 600 -i /data/schlandals/pwmc_benchmarks/instances/bayesian_networks/pcnf/munin/1489.cnf compile | tr '\n' ' '",/data/schlandals/pwmc_benchmarks/instances/bayesian_networks/pcnf/munin/1489.cnf,"Final circuit size: 345236 Estimated probability 0.00297987 (epsilon 0.00000026705312361485767) found in 330 seconds ",
1498,:,1737410169.000,335.000,0,118,0,0,"schlandals --timeout 600 -i /data/schlandals/pwmc_benchmarks/instances/bayesian_networks/pcnf/munin/1498.cnf compile | tr '\n' ' '",/data/schlandals/pwmc_benchmarks/instances/bayesian_networks/pcnf/munin/1498.cnf,"Final circuit size: 346078 Estimated probability 0.18589752 (epsilon 0.000000004280772625264717) found in 316 seconds ",
1486,:,1737410147.000,358.000,0,116,0,0,"schlandals --timeout 600 -i /data/schlandals/pwmc_benchmarks/instances/bayesian_networks/pcnf/munin/1486.cnf compile | tr '\n' ' '",/data/schlandals/pwmc_benchmarks/instances/bayesian_networks/pcnf/munin/1486.cnf,"Final circuit size: 346276 Estimated probability 0.00137238 (epsilon 0.0000003030722286467835) found in 338 seconds ",
1483,:,1737410145.000,360.000,0,117,0,0,"schlandals --timeout 600 -i /data/schlandals/pwmc_benchmarks/instances/bayesian_networks/pcnf/munin/1483.cnf compile | tr '\n' ' '",/data/schlandals/pwmc_benchmarks/instances/bayesian_networks/pcnf/munin/1483.cnf,"Final circuit size: 347700 Estimated probability 0.00089042 (epsilon 0.00000018104504739824279) found in 341 seconds ",
1488,:,1737410150.000,357.000,0,117,0,0,"schlandals --timeout 600 -i /data/schlandals/pwmc_benchmarks/instances/bayesian_networks/pcnf/munin/1488.cnf compile | tr '\n' ' '",/data/schlandals/pwmc_benchmarks/instances/bayesian_networks/pcnf/munin/1488.cnf,"Final circuit size: 343433 Estimated probability 0.00219594 (epsilon 0.00000018940871959749472) found in 335 seconds ",
1496,:,1737410166.000,342.000,0,118,0,0,"schlandals --timeout 600 -i /data/schlandals/pwmc_benchmarks/instances/bayesian_networks/pcnf/munin/1496.cnf compile | tr '\n' ' '",/data/schlandals/pwmc_benchmarks/instances/bayesian_networks/pcnf/munin/1496.cnf,"Final circuit size: 342187 Estimated probability 0.09492341 (epsilon 0.000000008383443050874462) found in 323 seconds ",
1491,:,1737410158.000,351.000,0,117,0,0,"schlandals --timeout 600 -i /data/schlandals/pwmc_benchmarks/instances/bayesian_networks/pcnf/munin/1491.cnf compile | tr '\n' ' '",/data/schlandals/pwmc_benchmarks/instances/bayesian_networks/pcnf/munin/1491.cnf,"Final circuit size: 343619 Estimated probability 0.00586473 (epsilon 0.00000013568997947466244) found in 332 seconds ",
1500,:,1737410174.000,337.000,0,118,0,0,"schlandals --timeout 600 -i /data/schlandals/pwmc_benchmarks/instances/bayesian_networks/pcnf/munin/1500.cnf compile | tr '\n' ' '",/data/schlandals/pwmc_benchmarks/instances/bayesian_networks/pcnf/munin/1500.cnf,"Final circuit size: 343554 Estimated probability 0.15309257 (epsilon 0.000000005198063979250378) found in 319 seconds ",
1501,:,1737410180.000,332.000,0,118,0,0,"schlandals --timeout 600 -i /data/schlandals/pwmc_benchmarks/instances/bayesian_networks/pcnf/munin/1501.cnf compile | tr '\n' ' '",/data/schlandals/pwmc_benchmarks/instances/bayesian_networks/pcnf/munin/1501.cnf,"Final circuit size: 344006 Estimated probability 0.09994594 (epsilon 0.000000007962153825147311) found in 312 seconds ",
1493,:,1737410160.000,353.000,0,118,0,0,"schlandals --timeout 600 -i /data/schlandals/pwmc_benchmarks/instances/bayesian_networks/pcnf/munin/1493.cnf compile | tr '\n' ' '",/data/schlandals/pwmc_benchmarks/instances/bayesian_networks/pcnf/munin/1493.cnf,"Final circuit size: 344057 Estimated probability 0.01426767 (epsilon 0.000000055775379870226516) found in 333 seconds ",
1497,:,1737410169.000,347.000,0,117,0,0,"schlandals --timeout 600 -i /data/schlandals/pwmc_benchmarks/instances/bayesian_networks/pcnf/munin/1497.cnf compile | tr '\n' ' '",/data/schlandals/pwmc_benchmarks/instances/bayesian_networks/pcnf/munin/1497.cnf,"Final circuit size: 344003 Estimated probability 0.14691322 (epsilon 0.00000000541670064357902) found in 329 seconds ",
1482,:,1737410143.000,377.000,0,117,0,0,"schlandals --timeout 600 -i /data/schlandals/pwmc_benchmarks/instances/bayesian_networks/pcnf/munin/1482.cnf compile | tr '\n' ' '",/data/schlandals/pwmc_benchmarks/instances/bayesian_networks/pcnf/munin/1482.cnf,"Final circuit size: 342639 Estimated probability 0.00074757 (epsilon 0.00000021564079832891991) found in 358 seconds ",
1407,:,1737409848.000,770.000,0,106,0,0,"schlandals --timeout 600 -i /data/schlandals/pwmc_benchmarks/instances/bayesian_networks/pcnf/munin/1407.cnf compile | tr '\n' ' '",/data/schlandals/pwmc_benchmarks/instances/bayesian_networks/pcnf/munin/1407.cnf,"Final circuit size: 677 Estimated probability 0.00070646 (epsilon 7.783564151066743) found in 599 seconds ",
1550,:,1737410240.000,938.000,0,108,0,0,"schlandals --timeout 600 -i /data/schlandals/pwmc_benchmarks/instances/bayesian_networks/pcnf/munin/1550.cnf compile | tr '\n' ' '",/data/schlandals/pwmc_benchmarks/instances/bayesian_networks/pcnf/munin/1550.cnf,"Final circuit size: 5009 Estimated probability 0.00337652 (epsilon 1.7448142693469881) found in 599 seconds ",
