Seq,Host,Starttime,JobRuntime,Send,Receive,Exitval,Signal,Command,V1,Stdout,Stderr
67,:,1737448180.000,1.000,0,106,0,0,"schlandals --timeout 1500 -i /data/schlandals/pwmc_benchmarks/instances/bayesian_networks/pcnf/munin/67.cnf | tr '\n' ' '",/data/schlandals/pwmc_benchmarks/instances/bayesian_networks/pcnf/munin/67.cnf,"Estimated probability 8.7622231e-2 with bounds [8.7622231e-2 8.7622231e-2] (epsilon 0) found in 0 seconds ",
69,:,1737448180.000,1.000,0,106,0,0,"schlandals --timeout 1500 -i /data/schlandals/pwmc_benchmarks/instances/bayesian_networks/pcnf/munin/69.cnf | tr '\n' ' '",/data/schlandals/pwmc_benchmarks/instances/bayesian_networks/pcnf/munin/69.cnf,"Estimated probability 4.2242241e-1 with bounds [4.2242241e-1 4.2242241e-1] (epsilon 0) found in 0 seconds ",
68,:,1737448180.000,1.000,0,106,0,0,"schlandals --timeout 1500 -i /data/schlandals/pwmc_benchmarks/instances/bayesian_networks/pcnf/munin/68.cnf | tr '\n' ' '",/data/schlandals/pwmc_benchmarks/instances/bayesian_networks/pcnf/munin/68.cnf,"Estimated probability 4.1793219e-1 with bounds [4.1793219e-1 4.1793219e-1] (epsilon 0) found in 0 seconds ",
73,:,1737448180.000,1.000,0,106,0,0,"schlandals --timeout 1500 -i /data/schlandals/pwmc_benchmarks/instances/bayesian_networks/pcnf/munin/73.cnf | tr '\n' ' '",/data/schlandals/pwmc_benchmarks/instances/bayesian_networks/pcnf/munin/73.cnf,"Estimated probability 2.9877111e-4 with bounds [2.9877111e-4 2.9877111e-4] (epsilon 0) found in 0 seconds ",
75,:,1737448180.000,1.000,0,106,0,0,"schlandals --timeout 1500 -i /data/schlandals/pwmc_benchmarks/instances/bayesian_networks/pcnf/munin/75.cnf | tr '\n' ' '",/data/schlandals/pwmc_benchmarks/instances/bayesian_networks/pcnf/munin/75.cnf,"Estimated probability 1.5534765e-5 with bounds [1.5534764e-5 1.5534765e-5] (epsilon 0) found in 0 seconds ",
71,:,1737448180.000,1.000,0,106,0,0,"schlandals --timeout 1500 -i /data/schlandals/pwmc_benchmarks/instances/bayesian_networks/pcnf/munin/71.cnf | tr '\n' ' '",/data/schlandals/pwmc_benchmarks/instances/bayesian_networks/pcnf/munin/71.cnf,"Estimated probability 9.3636439e-4 with bounds [9.3636439e-4 9.3636439e-4] (epsilon 0) found in 0 seconds ",
72,:,1737448180.000,1.000,0,106,0,0,"schlandals --timeout 1500 -i /data/schlandals/pwmc_benchmarks/instances/bayesian_networks/pcnf/munin/72.cnf | tr '\n' ' '",/data/schlandals/pwmc_benchmarks/instances/bayesian_networks/pcnf/munin/72.cnf,"Estimated probability 3.3388296e-4 with bounds [3.3388296e-4 3.3388296e-4] (epsilon 0) found in 0 seconds ",
70,:,1737448180.000,1.000,0,106,0,0,"schlandals --timeout 1500 -i /data/schlandals/pwmc_benchmarks/instances/bayesian_networks/pcnf/munin/70.cnf | tr '\n' ' '",/data/schlandals/pwmc_benchmarks/instances/bayesian_networks/pcnf/munin/70.cnf,"Estimated probability 7.0296568e-2 with bounds [7.0296568e-2 7.0296568e-2] (epsilon 0) found in 0 seconds ",
74,:,1737448180.000,1.000,0,106,0,0,"schlandals --timeout 1500 -i /data/schlandals/pwmc_benchmarks/instances/bayesian_networks/pcnf/munin/74.cnf | tr '\n' ' '",/data/schlandals/pwmc_benchmarks/instances/bayesian_networks/pcnf/munin/74.cnf,"Estimated probability 6.1598069e-5 with bounds [6.1598069e-5 6.1598069e-5] (epsilon 0) found in 0 seconds ",
76,:,1737448180.000,1.000,0,106,0,0,"schlandals --timeout 1500 -i /data/schlandals/pwmc_benchmarks/instances/bayesian_networks/pcnf/munin/76.cnf | tr '\n' ' '",/data/schlandals/pwmc_benchmarks/instances/bayesian_networks/pcnf/munin/76.cnf,"Estimated probability 3.0557350e-5 with bounds [3.0557350e-5 3.0557350e-5] (epsilon 0) found in 0 seconds ",
77,:,1737448180.000,1.000,0,106,0,0,"schlandals --timeout 1500 -i /data/schlandals/pwmc_benchmarks/instances/bayesian_networks/pcnf/munin/77.cnf | tr '\n' ' '",/data/schlandals/pwmc_benchmarks/instances/bayesian_networks/pcnf/munin/77.cnf,"Estimated probability 3.0718461e-5 with bounds [3.0718460e-5 3.0718461e-5] (epsilon 0) found in 0 seconds ",
78,:,1737448180.000,1.000,0,106,0,0,"schlandals --timeout 1500 -i /data/schlandals/pwmc_benchmarks/instances/bayesian_networks/pcnf/munin/78.cnf | tr '\n' ' '",/data/schlandals/pwmc_benchmarks/instances/bayesian_networks/pcnf/munin/78.cnf,"Estimated probability 1.9178625e-5 with bounds [1.9178625e-5 1.9178625e-5] (epsilon 0) found in 0 seconds ",
7,:,1737448180.000,3.000,0,132,0,0,"schlandals --timeout 1500 -i /data/schlandals/pwmc_benchmarks/instances/bayesian_networks/pcnf/munin/7.cnf | tr '\n' ' '",/data/schlandals/pwmc_benchmarks/instances/bayesian_networks/pcnf/munin/7.cnf,"Estimated probability 1.0716503e-1 with bounds [1.0716503e-1 1.0716503e-1] (epsilon 0.0000000016510324218899086) found in 2 seconds ",
6,:,1737448180.000,3.000,0,132,0,0,"schlandals --timeout 1500 -i /data/schlandals/pwmc_benchmarks/instances/bayesian_networks/pcnf/munin/6.cnf | tr '\n' ' '",/data/schlandals/pwmc_benchmarks/instances/bayesian_networks/pcnf/munin/6.cnf,"Estimated probability 3.1840937e-1 with bounds [3.1840937e-1 3.1840937e-1] (epsilon 0.0000000005556775040105322) found in 2 seconds ",
3,:,1737448180.000,3.000,0,106,0,0,"schlandals --timeout 1500 -i /data/schlandals/pwmc_benchmarks/instances/bayesian_networks/pcnf/munin/3.cnf | tr '\n' ' '",/data/schlandals/pwmc_benchmarks/instances/bayesian_networks/pcnf/munin/3.cnf,"Estimated probability 1.0319497e-3 with bounds [1.0319497e-3 1.0319497e-3] (epsilon 0) found in 2 seconds ",
10,:,1737448180.000,4.000,0,131,0,0,"schlandals --timeout 1500 -i /data/schlandals/pwmc_benchmarks/instances/bayesian_networks/pcnf/munin/10.cnf | tr '\n' ' '",/data/schlandals/pwmc_benchmarks/instances/bayesian_networks/pcnf/munin/10.cnf,"Estimated probability 1.8543251e-2 with bounds [1.8543250e-2 1.8543251e-2] (epsilon 0.000000009541633483323153) found in 3 seconds ",
13,:,1737448180.000,4.000,0,131,0,0,"schlandals --timeout 1500 -i /data/schlandals/pwmc_benchmarks/instances/bayesian_networks/pcnf/munin/13.cnf | tr '\n' ' '",/data/schlandals/pwmc_benchmarks/instances/bayesian_networks/pcnf/munin/13.cnf,"Estimated probability 8.1543923e-3 with bounds [8.1543922e-3 8.1543923e-3] (epsilon 0.000000002221560047033222) found in 4 seconds ",
2,:,1737448180.000,5.000,0,106,0,0,"schlandals --timeout 1500 -i /data/schlandals/pwmc_benchmarks/instances/bayesian_networks/pcnf/munin/2.cnf | tr '\n' ' '",/data/schlandals/pwmc_benchmarks/instances/bayesian_networks/pcnf/munin/2.cnf,"Estimated probability 8.4312195e-5 with bounds [8.4312194e-5 8.4312195e-5] (epsilon 0) found in 4 seconds ",
15,:,1737448180.000,5.000,0,130,0,0,"schlandals --timeout 1500 -i /data/schlandals/pwmc_benchmarks/instances/bayesian_networks/pcnf/munin/15.cnf | tr '\n' ' '",/data/schlandals/pwmc_benchmarks/instances/bayesian_networks/pcnf/munin/15.cnf,"Estimated probability 6.2007839e-4 with bounds [6.2007836e-4 6.2007843e-4] (epsilon 0.00000004480588500221927) found in 4 seconds ",
29,:,1737448180.000,5.000,0,131,0,0,"schlandals --timeout 1500 -i /data/schlandals/pwmc_benchmarks/instances/bayesian_networks/pcnf/munin/29.cnf | tr '\n' ' '",/data/schlandals/pwmc_benchmarks/instances/bayesian_networks/pcnf/munin/29.cnf,"Estimated probability 2.8201043e-1 with bounds [2.8201043e-1 2.8201043e-1] (epsilon 0.000000002532686060874312) found in 4 seconds ",
16,:,1737448180.000,5.000,0,130,0,0,"schlandals --timeout 1500 -i /data/schlandals/pwmc_benchmarks/instances/bayesian_networks/pcnf/munin/16.cnf | tr '\n' ' '",/data/schlandals/pwmc_benchmarks/instances/bayesian_networks/pcnf/munin/16.cnf,"Estimated probability 9.4899580e-4 with bounds [9.4899576e-4 9.4899583e-4] (epsilon 0.00000002927637976490871) found in 4 seconds ",
8,:,1737448180.000,5.000,0,131,0,0,"schlandals --timeout 1500 -i /data/schlandals/pwmc_benchmarks/instances/bayesian_networks/pcnf/munin/8.cnf | tr '\n' ' '",/data/schlandals/pwmc_benchmarks/instances/bayesian_networks/pcnf/munin/8.cnf,"Estimated probability 3.9457695e-2 with bounds [3.9457694e-2 3.9457695e-2] (epsilon 0.000000004484117077652172) found in 4 seconds ",
27,:,1737448180.000,5.000,0,131,0,0,"schlandals --timeout 1500 -i /data/schlandals/pwmc_benchmarks/instances/bayesian_networks/pcnf/munin/27.cnf | tr '\n' ' '",/data/schlandals/pwmc_benchmarks/instances/bayesian_networks/pcnf/munin/27.cnf,"Estimated probability 1.3037389e-1 with bounds [1.3037389e-1 1.3037389e-1] (epsilon 0.000000005478427489435944) found in 4 seconds ",
1,:,1737448180.000,5.000,0,106,0,0,"schlandals --timeout 1500 -i /data/schlandals/pwmc_benchmarks/instances/bayesian_networks/pcnf/munin/1.cnf | tr '\n' ' '",/data/schlandals/pwmc_benchmarks/instances/bayesian_networks/pcnf/munin/1.cnf,"Estimated probability 1.8118500e-5 with bounds [1.8118500e-5 1.8118500e-5] (epsilon 0) found in 4 seconds ",
32,:,1737448180.000,5.000,0,131,0,0,"schlandals --timeout 1500 -i /data/schlandals/pwmc_benchmarks/instances/bayesian_networks/pcnf/munin/32.cnf | tr '\n' ' '",/data/schlandals/pwmc_benchmarks/instances/bayesian_networks/pcnf/munin/32.cnf,"Estimated probability 2.1865860e-2 with bounds [2.1865859e-2 2.1865860e-2] (epsilon 0.000000027419041703780067) found in 4 seconds ",
5,:,1737448180.000,5.000,0,133,0,0,"schlandals --timeout 1500 -i /data/schlandals/pwmc_benchmarks/instances/bayesian_networks/pcnf/munin/5.cnf | tr '\n' ' '",/data/schlandals/pwmc_benchmarks/instances/bayesian_networks/pcnf/munin/5.cnf,"Estimated probability 3.8245172e-1 with bounds [3.8245172e-1 3.8245172e-1] (epsilon 0.00000000046262815800446333) found in 4 seconds ",
9,:,1737448180.000,5.000,0,131,0,0,"schlandals --timeout 1500 -i /data/schlandals/pwmc_benchmarks/instances/bayesian_networks/pcnf/munin/9.cnf | tr '\n' ' '",/data/schlandals/pwmc_benchmarks/instances/bayesian_networks/pcnf/munin/9.cnf,"Estimated probability 2.3814999e-2 with bounds [2.3814999e-2 2.3814999e-2] (epsilon 0.000000007429473036779655) found in 4 seconds ",
4,:,1737448180.000,6.000,0,131,0,0,"schlandals --timeout 1500 -i /data/schlandals/pwmc_benchmarks/instances/bayesian_networks/pcnf/munin/4.cnf | tr '\n' ' '",/data/schlandals/pwmc_benchmarks/instances/bayesian_networks/pcnf/munin/4.cnf,"Estimated probability 8.4049927e-2 with bounds [8.4049927e-2 8.4049927e-2] (epsilon 0.000000002076491867342156) found in 5 seconds ",
11,:,1737448180.000,6.000,0,131,0,0,"schlandals --timeout 1500 -i /data/schlandals/pwmc_benchmarks/instances/bayesian_networks/pcnf/munin/11.cnf | tr '\n' ' '",/data/schlandals/pwmc_benchmarks/instances/bayesian_networks/pcnf/munin/11.cnf,"Estimated probability 1.5136152e-2 with bounds [1.5136152e-2 1.5136152e-2] (epsilon 0.000000011689426759886601) found in 5 seconds ",
12,:,1737448180.000,6.000,0,132,0,0,"schlandals --timeout 1500 -i /data/schlandals/pwmc_benchmarks/instances/bayesian_networks/pcnf/munin/12.cnf | tr '\n' ' '",/data/schlandals/pwmc_benchmarks/instances/bayesian_networks/pcnf/munin/12.cnf,"Estimated probability 9.8374812e-3 with bounds [9.8374812e-3 9.8374812e-3] (epsilon 0.0000000003782321122969279) found in 5 seconds ",
30,:,1737448180.000,6.000,0,131,0,0,"schlandals --timeout 1500 -i /data/schlandals/pwmc_benchmarks/instances/bayesian_networks/pcnf/munin/30.cnf | tr '\n' ' '",/data/schlandals/pwmc_benchmarks/instances/bayesian_networks/pcnf/munin/30.cnf,"Estimated probability 1.6615402e-1 with bounds [1.6615402e-1 1.6615402e-1] (epsilon 0.000000004298685185588624) found in 5 seconds ",
18,:,1737448180.000,7.000,0,130,0,0,"schlandals --timeout 1500 -i /data/schlandals/pwmc_benchmarks/instances/bayesian_networks/pcnf/munin/18.cnf | tr '\n' ' '",/data/schlandals/pwmc_benchmarks/instances/bayesian_networks/pcnf/munin/18.cnf,"Estimated probability 1.2537082e-3 with bounds [1.2537081e-3 1.2537082e-3] (epsilon 0.00000003454801733582258) found in 6 seconds ",
21,:,1737448180.000,7.000,0,130,0,0,"schlandals --timeout 1500 -i /data/schlandals/pwmc_benchmarks/instances/bayesian_networks/pcnf/munin/21.cnf | tr '\n' ' '",/data/schlandals/pwmc_benchmarks/instances/bayesian_networks/pcnf/munin/21.cnf,"Estimated probability 1.5497200e-3 with bounds [1.5497198e-3 1.5497201e-3] (epsilon 0.00000010196431077247325) found in 6 seconds ",
19,:,1737448180.000,8.000,0,130,0,0,"schlandals --timeout 1500 -i /data/schlandals/pwmc_benchmarks/instances/bayesian_networks/pcnf/munin/19.cnf | tr '\n' ' '",/data/schlandals/pwmc_benchmarks/instances/bayesian_networks/pcnf/munin/19.cnf,"Estimated probability 1.1480775e-3 with bounds [1.1480775e-3 1.1480776e-3] (epsilon 0.00000003772666201662389) found in 7 seconds ",
14,:,1737448180.000,8.000,0,129,0,0,"schlandals --timeout 1500 -i /data/schlandals/pwmc_benchmarks/instances/bayesian_networks/pcnf/munin/14.cnf | tr '\n' ' '",/data/schlandals/pwmc_benchmarks/instances/bayesian_networks/pcnf/munin/14.cnf,"Estimated probability 1.4824191e-5 with bounds [1.4824168e-5 1.4824215e-5] (epsilon 0.0000012220212470825942) found in 7 seconds ",
17,:,1737448180.000,8.000,0,131,0,0,"schlandals --timeout 1500 -i /data/schlandals/pwmc_benchmarks/instances/bayesian_networks/pcnf/munin/17.cnf | tr '\n' ' '",/data/schlandals/pwmc_benchmarks/instances/bayesian_networks/pcnf/munin/17.cnf,"Estimated probability 1.2434532e-3 with bounds [1.2434532e-3 1.2434532e-3] (epsilon 0.000000022343552119608034) found in 7 seconds ",
20,:,1737448180.000,8.000,0,130,0,0,"schlandals --timeout 1500 -i /data/schlandals/pwmc_benchmarks/instances/bayesian_networks/pcnf/munin/20.cnf | tr '\n' ' '",/data/schlandals/pwmc_benchmarks/instances/bayesian_networks/pcnf/munin/20.cnf,"Estimated probability 1.4132238e-3 with bounds [1.4132238e-3 1.4132239e-3] (epsilon 0.00000003064845865985433) found in 7 seconds ",
24,:,1737448180.000,8.000,0,130,0,0,"schlandals --timeout 1500 -i /data/schlandals/pwmc_benchmarks/instances/bayesian_networks/pcnf/munin/24.cnf | tr '\n' ' '",/data/schlandals/pwmc_benchmarks/instances/bayesian_networks/pcnf/munin/24.cnf,"Estimated probability 8.2852044e-3 with bounds [8.2852037e-3 8.2852052e-3] (epsilon 0.00000008808157669903949) found in 7 seconds ",
23,:,1737448180.000,8.000,0,130,0,0,"schlandals --timeout 1500 -i /data/schlandals/pwmc_benchmarks/instances/bayesian_networks/pcnf/munin/23.cnf | tr '\n' ' '",/data/schlandals/pwmc_benchmarks/instances/bayesian_networks/pcnf/munin/23.cnf,"Estimated probability 4.4795286e-3 with bounds [4.4795279e-3 4.4795294e-3] (epsilon 0.00000016291310100946532) found in 7 seconds ",
26,:,1737448180.000,8.000,0,130,0,0,"schlandals --timeout 1500 -i /data/schlandals/pwmc_benchmarks/instances/bayesian_networks/pcnf/munin/26.cnf | tr '\n' ' '",/data/schlandals/pwmc_benchmarks/instances/bayesian_networks/pcnf/munin/26.cnf,"Estimated probability 4.4633793e-2 with bounds [4.4633793e-2 4.4633794e-2] (epsilon 0.00000001635025270729784) found in 7 seconds ",
22,:,1737448180.000,8.000,0,129,0,0,"schlandals --timeout 1500 -i /data/schlandals/pwmc_benchmarks/instances/bayesian_networks/pcnf/munin/22.cnf | tr '\n' ' '",/data/schlandals/pwmc_benchmarks/instances/bayesian_networks/pcnf/munin/22.cnf,"Estimated probability 2.2641672e-3 with bounds [2.2641670e-3 2.2641673e-3] (epsilon 0.0000000655200906862774) found in 7 seconds ",
25,:,1737448180.000,9.000,0,131,0,0,"schlandals --timeout 1500 -i /data/schlandals/pwmc_benchmarks/instances/bayesian_networks/pcnf/munin/25.cnf | tr '\n' ' '",/data/schlandals/pwmc_benchmarks/instances/bayesian_networks/pcnf/munin/25.cnf,"Estimated probability 1.9460469e-2 with bounds [1.9460469e-2 1.9460470e-2] (epsilon 0.000000037500318850192116) found in 8 seconds ",
28,:,1737448180.000,9.000,0,132,0,0,"schlandals --timeout 1500 -i /data/schlandals/pwmc_benchmarks/instances/bayesian_networks/pcnf/munin/28.cnf | tr '\n' ' '",/data/schlandals/pwmc_benchmarks/instances/bayesian_networks/pcnf/munin/28.cnf,"Estimated probability 2.3581937e-1 with bounds [2.3581937e-1 2.3581937e-1] (epsilon 0.0000000030287752306179527) found in 8 seconds ",
31,:,1737448180.000,9.000,0,131,0,0,"schlandals --timeout 1500 -i /data/schlandals/pwmc_benchmarks/instances/bayesian_networks/pcnf/munin/31.cnf | tr '\n' ' '",/data/schlandals/pwmc_benchmarks/instances/bayesian_networks/pcnf/munin/31.cnf,"Estimated probability 6.8306794e-2 with bounds [6.8306793e-2 6.8306795e-2] (epsilon 0.000000010456410848291853) found in 8 seconds ",
36,:,1737448180.000,12.000,0,131,0,0,"schlandals --timeout 1500 -i /data/schlandals/pwmc_benchmarks/instances/bayesian_networks/pcnf/munin/36.cnf | tr '\n' ' '",/data/schlandals/pwmc_benchmarks/instances/bayesian_networks/pcnf/munin/36.cnf,"Estimated probability 1.2557670e-2 with bounds [1.2557669e-2 1.2557670e-2] (epsilon 0.00000004156944521938044) found in 11 seconds ",
39,:,1737448180.000,12.000,0,132,0,0,"schlandals --timeout 1500 -i /data/schlandals/pwmc_benchmarks/instances/bayesian_networks/pcnf/munin/39.cnf | tr '\n' ' '",/data/schlandals/pwmc_benchmarks/instances/bayesian_networks/pcnf/munin/39.cnf,"Estimated probability 1.6911572e-2 with bounds [1.6911571e-2 1.6911572e-2] (epsilon 0.000000047546021786359915) found in 11 seconds ",
80,:,1737448180.000,14.000,0,131,0,0,"schlandals --timeout 1500 -i /data/schlandals/pwmc_benchmarks/instances/bayesian_networks/pcnf/munin/80.cnf | tr '\n' ' '",/data/schlandals/pwmc_benchmarks/instances/bayesian_networks/pcnf/munin/80.cnf,"Estimated probability 1.5082469e-4 with bounds [1.5082467e-4 1.5082470e-4] (epsilon 0.00000004837260836332291) found in 13 seconds ",
43,:,1737448180.000,14.000,0,132,0,0,"schlandals --timeout 1500 -i /data/schlandals/pwmc_benchmarks/instances/bayesian_networks/pcnf/munin/43.cnf | tr '\n' ' '",/data/schlandals/pwmc_benchmarks/instances/bayesian_networks/pcnf/munin/43.cnf,"Estimated probability 2.1495531e-1 with bounds [2.1495531e-1 2.1495531e-1] (epsilon 0.000000003740675103003355) found in 13 seconds ",
44,:,1737448180.000,14.000,0,131,0,0,"schlandals --timeout 1500 -i /data/schlandals/pwmc_benchmarks/instances/bayesian_networks/pcnf/munin/44.cnf | tr '\n' ' '",/data/schlandals/pwmc_benchmarks/instances/bayesian_networks/pcnf/munin/44.cnf,"Estimated probability 3.0707110e-1 with bounds [3.0707110e-1 3.0707110e-1] (epsilon 0.00000000261853982941318) found in 13 seconds ",
41,:,1737448180.000,15.000,0,132,0,0,"schlandals --timeout 1500 -i /data/schlandals/pwmc_benchmarks/instances/bayesian_networks/pcnf/munin/41.cnf | tr '\n' ' '",/data/schlandals/pwmc_benchmarks/instances/bayesian_networks/pcnf/munin/41.cnf,"Estimated probability 2.9272740e-2 with bounds [2.9272739e-2 2.9272741e-2] (epsilon 0.000000027468488594806217) found in 14 seconds ",
79,:,1737448180.000,15.000,0,133,0,0,"schlandals --timeout 1500 -i /data/schlandals/pwmc_benchmarks/instances/bayesian_networks/pcnf/munin/79.cnf | tr '\n' ' '",/data/schlandals/pwmc_benchmarks/instances/bayesian_networks/pcnf/munin/79.cnf,"Estimated probability 7.2392981e-3 with bounds [7.2392981e-3 7.2392981e-3] (epsilon 0.0000000010078025081128317) found in 14 seconds ",
97,:,1737448184.000,12.000,0,133,0,0,"schlandals --timeout 1500 -i /data/schlandals/pwmc_benchmarks/instances/bayesian_networks/pcnf/munin/97.cnf | tr '\n' ' '",/data/schlandals/pwmc_benchmarks/instances/bayesian_networks/pcnf/munin/97.cnf,"Estimated probability 8.4874029e-3 with bounds [8.4874029e-3 8.4874030e-3] (epsilon 0.0000000008595963940649654) found in 11 seconds ",
33,:,1737448180.000,17.000,0,132,0,0,"schlandals --timeout 1500 -i /data/schlandals/pwmc_benchmarks/instances/bayesian_networks/pcnf/munin/33.cnf | tr '\n' ' '",/data/schlandals/pwmc_benchmarks/instances/bayesian_networks/pcnf/munin/33.cnf,"Estimated probability 2.0337286e-2 with bounds [2.0337286e-2 2.0337287e-2] (epsilon 0.000000011053399751048687) found in 16 seconds ",
59,:,1737448180.000,17.000,0,131,0,0,"schlandals --timeout 1500 -i /data/schlandals/pwmc_benchmarks/instances/bayesian_networks/pcnf/munin/59.cnf | tr '\n' ' '",/data/schlandals/pwmc_benchmarks/instances/bayesian_networks/pcnf/munin/59.cnf,"Estimated probability 1.8920405e-2 with bounds [1.8920401e-2 1.8920410e-2] (epsilon 0.00000025872201625531943) found in 15 seconds ",
61,:,1737448180.000,17.000,0,132,0,0,"schlandals --timeout 1500 -i /data/schlandals/pwmc_benchmarks/instances/bayesian_networks/pcnf/munin/61.cnf | tr '\n' ' '",/data/schlandals/pwmc_benchmarks/instances/bayesian_networks/pcnf/munin/61.cnf,"Estimated probability 1.0531909e-1 with bounds [1.0531908e-1 1.0531909e-1] (epsilon 0.000000045511366675299314) found in 16 seconds ",
63,:,1737448180.000,17.000,0,132,0,0,"schlandals --timeout 1500 -i /data/schlandals/pwmc_benchmarks/instances/bayesian_networks/pcnf/munin/63.cnf | tr '\n' ' '",/data/schlandals/pwmc_benchmarks/instances/bayesian_networks/pcnf/munin/63.cnf,"Estimated probability 2.9253211e-1 with bounds [2.9253210e-1 2.9253211e-1] (epsilon 0.000000015915908369024123) found in 16 seconds ",
83,:,1737448181.000,16.000,0,132,0,0,"schlandals --timeout 1500 -i /data/schlandals/pwmc_benchmarks/instances/bayesian_networks/pcnf/munin/83.cnf | tr '\n' ' '",/data/schlandals/pwmc_benchmarks/instances/bayesian_networks/pcnf/munin/83.cnf,"Estimated probability 1.3670803e-3 with bounds [1.3670803e-3 1.3670804e-3] (epsilon 0.000000013565772283286037) found in 15 seconds ",
48,:,1737448180.000,17.000,0,131,0,0,"schlandals --timeout 1500 -i /data/schlandals/pwmc_benchmarks/instances/bayesian_networks/pcnf/munin/48.cnf | tr '\n' ' '",/data/schlandals/pwmc_benchmarks/instances/bayesian_networks/pcnf/munin/48.cnf,"Estimated probability 8.1543923e-3 with bounds [8.1543922e-3 8.1543924e-3] (epsilon 0.00000000686035561692222) found in 16 seconds ",
60,:,1737448180.000,18.000,0,131,0,0,"schlandals --timeout 1500 -i /data/schlandals/pwmc_benchmarks/instances/bayesian_networks/pcnf/munin/60.cnf | tr '\n' ' '",/data/schlandals/pwmc_benchmarks/instances/bayesian_networks/pcnf/munin/60.cnf,"Estimated probability 3.5971651e-2 with bounds [3.5971646e-2 3.5971655e-2] (epsilon 0.00000013324981673612513) found in 16 seconds ",
57,:,1737448180.000,18.000,0,131,0,0,"schlandals --timeout 1500 -i /data/schlandals/pwmc_benchmarks/instances/bayesian_networks/pcnf/munin/57.cnf | tr '\n' ' '",/data/schlandals/pwmc_benchmarks/instances/bayesian_networks/pcnf/munin/57.cnf,"Estimated probability 1.5733519e-2 with bounds [1.5733518e-2 1.5733520e-2] (epsilon 0.00000005471951136648556) found in 17 seconds ",
84,:,1737448181.000,18.000,0,130,0,0,"schlandals --timeout 1500 -i /data/schlandals/pwmc_benchmarks/instances/bayesian_networks/pcnf/munin/84.cnf | tr '\n' ' '",/data/schlandals/pwmc_benchmarks/instances/bayesian_networks/pcnf/munin/84.cnf,"Estimated probability 1.3202948e-3 with bounds [1.3202948e-3 1.3202948e-3] (epsilon 0.0000000140464839759602) found in 17 seconds ",
53,:,1737448180.000,19.000,0,131,0,0,"schlandals --timeout 1500 -i /data/schlandals/pwmc_benchmarks/instances/bayesian_networks/pcnf/munin/53.cnf | tr '\n' ' '",/data/schlandals/pwmc_benchmarks/instances/bayesian_networks/pcnf/munin/53.cnf,"Estimated probability 3.6250682e-3 with bounds [3.6250680e-3 3.6250684e-3] (epsilon 0.00000005064432473389502) found in 18 seconds ",
47,:,1737448180.000,19.000,0,132,0,0,"schlandals --timeout 1500 -i /data/schlandals/pwmc_benchmarks/instances/bayesian_networks/pcnf/munin/47.cnf | tr '\n' ' '",/data/schlandals/pwmc_benchmarks/instances/bayesian_networks/pcnf/munin/47.cnf,"Estimated probability 5.7284218e-3 with bounds [5.7284215e-3 5.7284221e-3] (epsilon 0.000000048366290306134374) found in 18 seconds ",
81,:,1737448181.000,18.000,0,132,0,0,"schlandals --timeout 1500 -i /data/schlandals/pwmc_benchmarks/instances/bayesian_networks/pcnf/munin/81.cnf | tr '\n' ' '",/data/schlandals/pwmc_benchmarks/instances/bayesian_networks/pcnf/munin/81.cnf,"Estimated probability 9.5892005e-4 with bounds [9.5892003e-4 9.5892006e-4] (epsilon 0.000000007608333740805051) found in 17 seconds ",
56,:,1737448180.000,19.000,0,131,0,0,"schlandals --timeout 1500 -i /data/schlandals/pwmc_benchmarks/instances/bayesian_networks/pcnf/munin/56.cnf | tr '\n' ' '",/data/schlandals/pwmc_benchmarks/instances/bayesian_networks/pcnf/munin/56.cnf,"Estimated probability 1.2784010e-2 with bounds [1.2784010e-2 1.2784011e-2] (epsilon 0.00000004021797050945963) found in 18 seconds ",
90,:,1737448181.000,19.000,0,133,0,0,"schlandals --timeout 1500 -i /data/schlandals/pwmc_benchmarks/instances/bayesian_networks/pcnf/munin/90.cnf | tr '\n' ' '",/data/schlandals/pwmc_benchmarks/instances/bayesian_networks/pcnf/munin/90.cnf,"Estimated probability 1.9078956e-2 with bounds [1.9078956e-2 1.9078956e-2] (epsilon 0.0000000029313635963035267) found in 18 seconds ",
87,:,1737448181.000,19.000,0,132,0,0,"schlandals --timeout 1500 -i /data/schlandals/pwmc_benchmarks/instances/bayesian_networks/pcnf/munin/87.cnf | tr '\n' ' '",/data/schlandals/pwmc_benchmarks/instances/bayesian_networks/pcnf/munin/87.cnf,"Estimated probability 4.4534671e-3 with bounds [4.4534670e-3 4.4534671e-3] (epsilon 0.000000015084214544103247) found in 18 seconds ",
82,:,1737448181.000,19.000,0,131,0,0,"schlandals --timeout 1500 -i /data/schlandals/pwmc_benchmarks/instances/bayesian_networks/pcnf/munin/82.cnf | tr '\n' ' '",/data/schlandals/pwmc_benchmarks/instances/bayesian_networks/pcnf/munin/82.cnf,"Estimated probability 1.1991517e-3 with bounds [1.1991516e-3 1.1991517e-3] (epsilon 0.00000001546551664510787) found in 18 seconds ",
55,:,1737448180.000,20.000,0,131,0,0,"schlandals --timeout 1500 -i /data/schlandals/pwmc_benchmarks/instances/bayesian_networks/pcnf/munin/55.cnf | tr '\n' ' '",/data/schlandals/pwmc_benchmarks/instances/bayesian_networks/pcnf/munin/55.cnf,"Estimated probability 1.0647482e-2 with bounds [1.0647481e-2 1.0647482e-2] (epsilon 0.00000004828812727453169) found in 19 seconds ",
95,:,1737448183.000,17.000,0,135,0,0,"schlandals --timeout 1500 -i /data/schlandals/pwmc_benchmarks/instances/bayesian_networks/pcnf/munin/95.cnf | tr '\n' ' '",/data/schlandals/pwmc_benchmarks/instances/bayesian_networks/pcnf/munin/95.cnf,"Estimated probability 1.3898204e-1 with bounds [1.3898204e-1 1.3898204e-1] (epsilon 0.000000000052494231184141427) found in 16 seconds ",
88,:,1737448181.000,19.000,0,132,0,0,"schlandals --timeout 1500 -i /data/schlandals/pwmc_benchmarks/instances/bayesian_networks/pcnf/munin/88.cnf | tr '\n' ' '",/data/schlandals/pwmc_benchmarks/instances/bayesian_networks/pcnf/munin/88.cnf,"Estimated probability 1.0349042e-2 with bounds [1.0349042e-2 1.0349042e-2] (epsilon 0.000000006491137849451434) found in 18 seconds ",
45,:,1737448180.000,20.000,0,132,0,0,"schlandals --timeout 1500 -i /data/schlandals/pwmc_benchmarks/instances/bayesian_networks/pcnf/munin/45.cnf | tr '\n' ' '",/data/schlandals/pwmc_benchmarks/instances/bayesian_networks/pcnf/munin/45.cnf,"Estimated probability 1.9218296e-1 with bounds [1.9218296e-1 1.9218296e-1] (epsilon 0.000000002988202796316841) found in 19 seconds ",
42,:,1737448180.000,20.000,0,132,0,0,"schlandals --timeout 1500 -i /data/schlandals/pwmc_benchmarks/instances/bayesian_networks/pcnf/munin/42.cnf | tr '\n' ' '",/data/schlandals/pwmc_benchmarks/instances/bayesian_networks/pcnf/munin/42.cnf,"Estimated probability 7.6489466e-2 with bounds [7.6489465e-2 7.6489466e-2] (epsilon 0.000000010512270609552843) found in 19 seconds ",
85,:,1737448181.000,19.000,0,131,0,0,"schlandals --timeout 1500 -i /data/schlandals/pwmc_benchmarks/instances/bayesian_networks/pcnf/munin/85.cnf | tr '\n' ' '",/data/schlandals/pwmc_benchmarks/instances/bayesian_networks/pcnf/munin/85.cnf,"Estimated probability 1.6619897e-3 with bounds [1.6619896e-3 1.6619897e-3] (epsilon 0.00000004041965850909435) found in 18 seconds ",
34,:,1737448180.000,20.000,0,132,0,0,"schlandals --timeout 1500 -i /data/schlandals/pwmc_benchmarks/instances/bayesian_networks/pcnf/munin/34.cnf | tr '\n' ' '",/data/schlandals/pwmc_benchmarks/instances/bayesian_networks/pcnf/munin/34.cnf,"Estimated probability 1.3542085e-2 with bounds [1.3542085e-2 1.3542085e-2] (epsilon 0.000000016599819074869515) found in 19 seconds ",
86,:,1737448181.000,19.000,0,132,0,0,"schlandals --timeout 1500 -i /data/schlandals/pwmc_benchmarks/instances/bayesian_networks/pcnf/munin/86.cnf | tr '\n' ' '",/data/schlandals/pwmc_benchmarks/instances/bayesian_networks/pcnf/munin/86.cnf,"Estimated probability 2.5962974e-3 with bounds [2.5962974e-3 2.5962975e-3] (epsilon 0.000000025874175024753754) found in 18 seconds ",
92,:,1737448181.000,19.000,0,134,0,0,"schlandals --timeout 1500 -i /data/schlandals/pwmc_benchmarks/instances/bayesian_networks/pcnf/munin/92.cnf | tr '\n' ' '",/data/schlandals/pwmc_benchmarks/instances/bayesian_networks/pcnf/munin/92.cnf,"Estimated probability 1.5515058e-1 with bounds [1.5515058e-1 1.5515058e-1] (epsilon 0.00000000036047098639357955) found in 18 seconds ",
91,:,1737448181.000,19.000,0,132,0,0,"schlandals --timeout 1500 -i /data/schlandals/pwmc_benchmarks/instances/bayesian_networks/pcnf/munin/91.cnf | tr '\n' ' '",/data/schlandals/pwmc_benchmarks/instances/bayesian_networks/pcnf/munin/91.cnf,"Estimated probability 5.6298722e-2 with bounds [5.6298722e-2 5.6298722e-2] (epsilon 0.000000000993403803661863) found in 18 seconds ",
46,:,1737448180.000,20.000,0,132,0,0,"schlandals --timeout 1500 -i /data/schlandals/pwmc_benchmarks/instances/bayesian_networks/pcnf/munin/46.cnf | tr '\n' ' '",/data/schlandals/pwmc_benchmarks/instances/bayesian_networks/pcnf/munin/46.cnf,"Estimated probability 4.9821485e-2 with bounds [4.9821484e-2 4.9821486e-2] (epsilon 0.000000011526787968563212) found in 19 seconds ",
38,:,1737448180.000,21.000,0,130,0,0,"schlandals --timeout 1500 -i /data/schlandals/pwmc_benchmarks/instances/bayesian_networks/pcnf/munin/38.cnf | tr '\n' ' '",/data/schlandals/pwmc_benchmarks/instances/bayesian_networks/pcnf/munin/38.cnf,"Estimated probability 1.4306480e-2 with bounds [1.4306480e-2 1.4306481e-2] (epsilon 0.0000000562037578699659) found in 19 seconds ",
89,:,1737448181.000,20.000,0,132,0,0,"schlandals --timeout 1500 -i /data/schlandals/pwmc_benchmarks/instances/bayesian_networks/pcnf/munin/89.cnf | tr '\n' ' '",/data/schlandals/pwmc_benchmarks/instances/bayesian_networks/pcnf/munin/89.cnf,"Estimated probability 1.1681671e-2 with bounds [1.1681671e-2 1.1681671e-2] (epsilon 0.000000005750637965817873) found in 19 seconds ",
35,:,1737448180.000,21.000,0,131,0,0,"schlandals --timeout 1500 -i /data/schlandals/pwmc_benchmarks/instances/bayesian_networks/pcnf/munin/35.cnf | tr '\n' ' '",/data/schlandals/pwmc_benchmarks/instances/bayesian_networks/pcnf/munin/35.cnf,"Estimated probability 1.1927815e-2 with bounds [1.1927815e-2 1.1927816e-2] (epsilon 0.00000004376454110222028) found in 20 seconds ",
37,:,1737448180.000,21.000,0,130,0,0,"schlandals --timeout 1500 -i /data/schlandals/pwmc_benchmarks/instances/bayesian_networks/pcnf/munin/37.cnf | tr '\n' ' '",/data/schlandals/pwmc_benchmarks/instances/bayesian_networks/pcnf/munin/37.cnf,"Estimated probability 1.3509852e-2 with bounds [1.3509852e-2 1.3509853e-2] (epsilon 0.0000000386396048490667) found in 20 seconds ",
40,:,1737448180.000,21.000,0,132,0,0,"schlandals --timeout 1500 -i /data/schlandals/pwmc_benchmarks/instances/bayesian_networks/pcnf/munin/40.cnf | tr '\n' ' '",/data/schlandals/pwmc_benchmarks/instances/bayesian_networks/pcnf/munin/40.cnf,"Estimated probability 2.1385764e-2 with bounds [2.1385763e-2 2.1385765e-2] (epsilon 0.000000037598745894484864) found in 20 seconds ",
94,:,1737448183.000,19.000,0,135,0,0,"schlandals --timeout 1500 -i /data/schlandals/pwmc_benchmarks/instances/bayesian_networks/pcnf/munin/94.cnf | tr '\n' ' '",/data/schlandals/pwmc_benchmarks/instances/bayesian_networks/pcnf/munin/94.cnf,"Estimated probability 2.6329411e-1 with bounds [2.6329411e-1 2.6329411e-1] (epsilon 0.000000000027709390337804507) found in 18 seconds ",
93,:,1737448183.000,20.000,0,134,0,0,"schlandals --timeout 1500 -i /data/schlandals/pwmc_benchmarks/instances/bayesian_networks/pcnf/munin/93.cnf | tr '\n' ' '",/data/schlandals/pwmc_benchmarks/instances/bayesian_networks/pcnf/munin/93.cnf,"Estimated probability 2.7289825e-1 with bounds [2.7289825e-1 2.7289825e-1] (epsilon 0.00000000020493806651700197) found in 19 seconds ",
96,:,1737448184.000,19.000,0,133,0,0,"schlandals --timeout 1500 -i /data/schlandals/pwmc_benchmarks/instances/bayesian_networks/pcnf/munin/96.cnf | tr '\n' ' '",/data/schlandals/pwmc_benchmarks/instances/bayesian_networks/pcnf/munin/96.cnf,"Estimated probability 4.2831907e-2 with bounds [4.2831907e-2 4.2831907e-2] (epsilon 0.0000000001703337471070654) found in 18 seconds ",
49,:,1737448180.000,23.000,0,131,0,0,"schlandals --timeout 1500 -i /data/schlandals/pwmc_benchmarks/instances/bayesian_networks/pcnf/munin/49.cnf | tr '\n' ' '",/data/schlandals/pwmc_benchmarks/instances/bayesian_networks/pcnf/munin/49.cnf,"Estimated probability 4.7095673e-4 with bounds [4.7095667e-4 4.7095679e-4] (epsilon 0.00000011878380989926995) found in 22 seconds ",
54,:,1737448180.000,23.000,0,132,0,0,"schlandals --timeout 1500 -i /data/schlandals/pwmc_benchmarks/instances/bayesian_networks/pcnf/munin/54.cnf | tr '\n' ' '",/data/schlandals/pwmc_benchmarks/instances/bayesian_networks/pcnf/munin/54.cnf,"Estimated probability 7.4887904e-3 with bounds [7.4887901e-3 7.4887908e-3] (epsilon 0.000000042849437109637734) found in 22 seconds ",
62,:,1737448180.000,23.000,0,131,0,0,"schlandals --timeout 1500 -i /data/schlandals/pwmc_benchmarks/instances/bayesian_networks/pcnf/munin/62.cnf | tr '\n' ' '",/data/schlandals/pwmc_benchmarks/instances/bayesian_networks/pcnf/munin/62.cnf,"Estimated probability 2.7150764e-1 with bounds [2.7150763e-1 2.7150764e-1] (epsilon 0.00000001765407264819885) found in 22 seconds ",
52,:,1737448180.000,23.000,0,131,0,0,"schlandals --timeout 1500 -i /data/schlandals/pwmc_benchmarks/instances/bayesian_networks/pcnf/munin/52.cnf | tr '\n' ' '",/data/schlandals/pwmc_benchmarks/instances/bayesian_networks/pcnf/munin/52.cnf,"Estimated probability 4.6427232e-3 with bounds [4.6427230e-3 4.6427234e-3] (epsilon 0.00000003954341498690894) found in 22 seconds ",
65,:,1737448180.000,24.000,0,130,0,0,"schlandals --timeout 1500 -i /data/schlandals/pwmc_benchmarks/instances/bayesian_networks/pcnf/munin/65.cnf | tr '\n' ' '",/data/schlandals/pwmc_benchmarks/instances/bayesian_networks/pcnf/munin/65.cnf,"Estimated probability 3.2865420e-2 with bounds [3.2865415e-2 3.2865424e-2] (epsilon 0.0000001357858194772632) found in 23 seconds ",
51,:,1737448180.000,24.000,0,132,0,0,"schlandals --timeout 1500 -i /data/schlandals/pwmc_benchmarks/instances/bayesian_networks/pcnf/munin/51.cnf | tr '\n' ' '",/data/schlandals/pwmc_benchmarks/instances/bayesian_networks/pcnf/munin/51.cnf,"Estimated probability 6.1319899e-3 with bounds [6.1319898e-3 6.1319900e-3] (epsilon 0.000000013320279768080923) found in 23 seconds ",
50,:,1737448180.000,26.000,0,132,0,0,"schlandals --timeout 1500 -i /data/schlandals/pwmc_benchmarks/instances/bayesian_networks/pcnf/munin/50.cnf | tr '\n' ' '",/data/schlandals/pwmc_benchmarks/instances/bayesian_networks/pcnf/munin/50.cnf,"Estimated probability 8.8597016e-3 with bounds [8.8597015e-3 8.8597017e-3] (epsilon 0.000000006314211598024144) found in 25 seconds ",
66,:,1737448180.000,26.000,0,130,0,0,"schlandals --timeout 1500 -i /data/schlandals/pwmc_benchmarks/instances/bayesian_networks/pcnf/munin/66.cnf | tr '\n' ' '",/data/schlandals/pwmc_benchmarks/instances/bayesian_networks/pcnf/munin/66.cnf,"Estimated probability 4.5605437e-3 with bounds [4.5605393e-3 4.5605482e-3] (epsilon 0.0000009785368082493306) found in 25 seconds ",
58,:,1737448180.000,26.000,0,132,0,0,"schlandals --timeout 1500 -i /data/schlandals/pwmc_benchmarks/instances/bayesian_networks/pcnf/munin/58.cnf | tr '\n' ' '",/data/schlandals/pwmc_benchmarks/instances/bayesian_networks/pcnf/munin/58.cnf,"Estimated probability 1.6654189e-2 with bounds [1.6654188e-2 1.6654189e-2] (epsilon 0.000000050149105534913474) found in 25 seconds ",
64,:,1737448180.000,27.000,0,132,0,0,"schlandals --timeout 1500 -i /data/schlandals/pwmc_benchmarks/instances/bayesian_networks/pcnf/munin/64.cnf | tr '\n' ' '",/data/schlandals/pwmc_benchmarks/instances/bayesian_networks/pcnf/munin/64.cnf,"Estimated probability 1.4313036e-1 with bounds [1.4313035e-1 1.4313036e-1] (epsilon 0.000000032529187343754984) found in 25 seconds ",
142,:,1737448199.000,9.000,0,106,0,0,"schlandals --timeout 1500 -i /data/schlandals/pwmc_benchmarks/instances/bayesian_networks/pcnf/munin/142.cnf | tr '\n' ' '",/data/schlandals/pwmc_benchmarks/instances/bayesian_networks/pcnf/munin/142.cnf,"Estimated probability 7.9116996e-1 with bounds [7.9116996e-1 7.9116996e-1] (epsilon 0) found in 9 seconds ",
143,:,1737448199.000,10.000,0,106,0,0,"schlandals --timeout 1500 -i /data/schlandals/pwmc_benchmarks/instances/bayesian_networks/pcnf/munin/143.cnf | tr '\n' ' '",/data/schlandals/pwmc_benchmarks/instances/bayesian_networks/pcnf/munin/143.cnf,"Estimated probability 1.6012185e-1 with bounds [1.6012185e-1 1.6012185e-1] (epsilon 0) found in 9 seconds ",
144,:,1737448199.000,10.000,0,106,0,0,"schlandals --timeout 1500 -i /data/schlandals/pwmc_benchmarks/instances/bayesian_networks/pcnf/munin/144.cnf | tr '\n' ' '",/data/schlandals/pwmc_benchmarks/instances/bayesian_networks/pcnf/munin/144.cnf,"Estimated probability 4.0796719e-2 with bounds [4.0796719e-2 4.0796719e-2] (epsilon 0) found in 9 seconds ",
145,:,1737448199.000,10.000,0,106,0,0,"schlandals --timeout 1500 -i /data/schlandals/pwmc_benchmarks/instances/bayesian_networks/pcnf/munin/145.cnf | tr '\n' ' '",/data/schlandals/pwmc_benchmarks/instances/bayesian_networks/pcnf/munin/145.cnf,"Estimated probability 7.9114699e-3 with bounds [7.9114699e-3 7.9114699e-3] (epsilon 0) found in 9 seconds ",
128,:,1737448194.000,17.000,0,132,0,0,"schlandals --timeout 1500 -i /data/schlandals/pwmc_benchmarks/instances/bayesian_networks/pcnf/munin/128.cnf | tr '\n' ' '",/data/schlandals/pwmc_benchmarks/instances/bayesian_networks/pcnf/munin/128.cnf,"Estimated probability 2.2387485e-3 with bounds [2.2387484e-3 2.2387486e-3] (epsilon 0.000000057994514746084747) found in 16 seconds ",
116,:,1737448188.000,24.000,0,132,0,0,"schlandals --timeout 1500 -i /data/schlandals/pwmc_benchmarks/instances/bayesian_networks/pcnf/munin/116.cnf | tr '\n' ' '",/data/schlandals/pwmc_benchmarks/instances/bayesian_networks/pcnf/munin/116.cnf,"Estimated probability 1.1019442e-1 with bounds [1.1019442e-1 1.1019442e-1] (epsilon 0.000000003633198852881492) found in 23 seconds ",
119,:,1737448188.000,24.000,0,132,0,0,"schlandals --timeout 1500 -i /data/schlandals/pwmc_benchmarks/instances/bayesian_networks/pcnf/munin/119.cnf | tr '\n' ' '",/data/schlandals/pwmc_benchmarks/instances/bayesian_networks/pcnf/munin/119.cnf,"Estimated probability 6.8347682e-2 with bounds [6.8347681e-2 6.8347683e-2] (epsilon 0.000000009382410182112721) found in 23 seconds ",
130,:,1737448195.000,19.000,0,130,0,0,"schlandals --timeout 1500 -i /data/schlandals/pwmc_benchmarks/instances/bayesian_networks/pcnf/munin/130.cnf | tr '\n' ' '",/data/schlandals/pwmc_benchmarks/instances/bayesian_networks/pcnf/munin/130.cnf,"Estimated probability 8.2976721e-4 with bounds [8.2976707e-4 8.2976734e-4] (epsilon 0.0000001564717642121849) found in 18 seconds ",
124,:,1737448189.000,26.000,0,130,0,0,"schlandals --timeout 1500 -i /data/schlandals/pwmc_benchmarks/instances/bayesian_networks/pcnf/munin/124.cnf | tr '\n' ' '",/data/schlandals/pwmc_benchmarks/instances/bayesian_networks/pcnf/munin/124.cnf,"Estimated probability 3.1179334e-3 with bounds [3.1179330e-3 3.1179338e-3] (epsilon 0.0000001189066278772799) found in 25 seconds ",
126,:,1737448192.000,23.000,0,132,0,0,"schlandals --timeout 1500 -i /data/schlandals/pwmc_benchmarks/instances/bayesian_networks/pcnf/munin/126.cnf | tr '\n' ' '",/data/schlandals/pwmc_benchmarks/instances/bayesian_networks/pcnf/munin/126.cnf,"Estimated probability 2.5051685e-3 with bounds [2.5051683e-3 2.5051686e-3] (epsilon 0.000000051826907210283935) found in 23 seconds ",
125,:,1737448192.000,23.000,0,131,0,0,"schlandals --timeout 1500 -i /data/schlandals/pwmc_benchmarks/instances/bayesian_networks/pcnf/munin/125.cnf | tr '\n' ' '",/data/schlandals/pwmc_benchmarks/instances/bayesian_networks/pcnf/munin/125.cnf,"Estimated probability 2.8145597e-3 with bounds [2.8145596e-3 2.8145599e-3] (epsilon 0.00000004612981974183583) found in 23 seconds ",
133,:,1737448197.000,19.000,0,132,0,0,"schlandals --timeout 1500 -i /data/schlandals/pwmc_benchmarks/instances/bayesian_networks/pcnf/munin/133.cnf | tr '\n' ' '",/data/schlandals/pwmc_benchmarks/instances/bayesian_networks/pcnf/munin/133.cnf,"Estimated probability 7.2407463e-3 with bounds [7.2407462e-3 7.2407464e-3] (epsilon 0.000000012864097342912828) found in 19 seconds ",
117,:,1737448188.000,29.000,0,133,0,0,"schlandals --timeout 1500 -i /data/schlandals/pwmc_benchmarks/instances/bayesian_networks/pcnf/munin/117.cnf | tr '\n' ' '",/data/schlandals/pwmc_benchmarks/instances/bayesian_networks/pcnf/munin/117.cnf,"Estimated probability 4.2411168e-1 with bounds [4.2411168e-1 4.2411168e-1] (epsilon 0.0000000015120213969765928) found in 28 seconds ",
120,:,1737448188.000,30.000,0,129,0,0,"schlandals --timeout 1500 -i /data/schlandals/pwmc_benchmarks/instances/bayesian_networks/pcnf/munin/120.cnf | tr '\n' ' '",/data/schlandals/pwmc_benchmarks/instances/bayesian_networks/pcnf/munin/120.cnf,"Estimated probability 2.8076679e-2 with bounds [2.8076679e-2 2.8076680e-2] (epsilon 0.000000022839809155073) found in 29 seconds ",
115,:,1737448188.000,31.000,0,131,0,0,"schlandals --timeout 1500 -i /data/schlandals/pwmc_benchmarks/instances/bayesian_networks/pcnf/munin/115.cnf | tr '\n' ' '",/data/schlandals/pwmc_benchmarks/instances/bayesian_networks/pcnf/munin/115.cnf,"Estimated probability 4.8944761e-3 with bounds [4.8944757e-3 4.8944765e-3] (epsilon 0.00000008179797239549202) found in 30 seconds ",
121,:,1737448188.000,31.000,0,131,0,0,"schlandals --timeout 1500 -i /data/schlandals/pwmc_benchmarks/instances/bayesian_networks/pcnf/munin/121.cnf | tr '\n' ' '",/data/schlandals/pwmc_benchmarks/instances/bayesian_networks/pcnf/munin/121.cnf,"Estimated probability 2.3738202e-2 with bounds [2.3738201e-2 2.3738202e-2] (epsilon 0.00000002701409362870777) found in 30 seconds ",
118,:,1737448188.000,31.000,0,133,0,0,"schlandals --timeout 1500 -i /data/schlandals/pwmc_benchmarks/instances/bayesian_networks/pcnf/munin/118.cnf | tr '\n' ' '",/data/schlandals/pwmc_benchmarks/instances/bayesian_networks/pcnf/munin/118.cnf,"Estimated probability 2.9673558e-1 with bounds [2.9673558e-1 2.9673558e-1] (epsilon 0.0000000021610686573581006) found in 30 seconds ",
123,:,1737448189.000,30.000,0,131,0,0,"schlandals --timeout 1500 -i /data/schlandals/pwmc_benchmarks/instances/bayesian_networks/pcnf/munin/123.cnf | tr '\n' ' '",/data/schlandals/pwmc_benchmarks/instances/bayesian_networks/pcnf/munin/123.cnf,"Estimated probability 4.7137906e-3 with bounds [4.7137902e-3 4.7137910e-3] (epsilon 0.00000007865070239532201) found in 30 seconds ",
122,:,1737448189.000,31.000,0,132,0,0,"schlandals --timeout 1500 -i /data/schlandals/pwmc_benchmarks/instances/bayesian_networks/pcnf/munin/122.cnf | tr '\n' ' '",/data/schlandals/pwmc_benchmarks/instances/bayesian_networks/pcnf/munin/122.cnf,"Estimated probability 1.5815345e-2 with bounds [1.5815345e-2 1.5815346e-2] (epsilon 0.000000023441974805749055) found in 30 seconds ",
131,:,1737448195.000,25.000,0,131,0,0,"schlandals --timeout 1500 -i /data/schlandals/pwmc_benchmarks/instances/bayesian_networks/pcnf/munin/131.cnf | tr '\n' ' '",/data/schlandals/pwmc_benchmarks/instances/bayesian_networks/pcnf/munin/131.cnf,"Estimated probability 6.6038170e-4 with bounds [6.6038157e-4 6.6038184e-4] (epsilon 0.00000019660620531603001) found in 24 seconds ",
132,:,1737448196.000,25.000,0,130,0,0,"schlandals --timeout 1500 -i /data/schlandals/pwmc_benchmarks/instances/bayesian_networks/pcnf/munin/132.cnf | tr '\n' ' '",/data/schlandals/pwmc_benchmarks/instances/bayesian_networks/pcnf/munin/132.cnf,"Estimated probability 5.6723075e-4 with bounds [5.6723062e-4 5.6723089e-4] (epsilon 0.0000002288929892291236) found in 24 seconds ",
127,:,1737448194.000,28.000,0,130,0,0,"schlandals --timeout 1500 -i /data/schlandals/pwmc_benchmarks/instances/bayesian_networks/pcnf/munin/127.cnf | tr '\n' ' '",/data/schlandals/pwmc_benchmarks/instances/bayesian_networks/pcnf/munin/127.cnf,"Estimated probability 1.6208445e-3 with bounds [1.6208444e-3 1.6208446e-3] (epsilon 0.0000000801033874786583) found in 27 seconds ",
129,:,1737448194.000,29.000,0,130,0,0,"schlandals --timeout 1500 -i /data/schlandals/pwmc_benchmarks/instances/bayesian_networks/pcnf/munin/129.cnf | tr '\n' ' '",/data/schlandals/pwmc_benchmarks/instances/bayesian_networks/pcnf/munin/129.cnf,"Estimated probability 1.7767624e-3 with bounds [1.7767622e-3 1.7767625e-3] (epsilon 0.0000000730740001841923) found in 28 seconds ",
148,:,1737448200.000,83.000,0,107,0,0,"schlandals --timeout 1500 -i /data/schlandals/pwmc_benchmarks/instances/bayesian_networks/pcnf/munin/148.cnf | tr '\n' ' '",/data/schlandals/pwmc_benchmarks/instances/bayesian_networks/pcnf/munin/148.cnf,"Estimated probability 6.6160446e-2 with bounds [6.6160446e-2 6.6160446e-2] (epsilon 0) found in 83 seconds ",
153,:,1737448200.000,86.000,0,107,0,0,"schlandals --timeout 1500 -i /data/schlandals/pwmc_benchmarks/instances/bayesian_networks/pcnf/munin/153.cnf | tr '\n' ' '",/data/schlandals/pwmc_benchmarks/instances/bayesian_networks/pcnf/munin/153.cnf,"Estimated probability 1.1424950e-2 with bounds [1.1424950e-2 1.1424950e-2] (epsilon 0) found in 85 seconds ",
146,:,1737448200.000,86.000,0,107,0,0,"schlandals --timeout 1500 -i /data/schlandals/pwmc_benchmarks/instances/bayesian_networks/pcnf/munin/146.cnf | tr '\n' ' '",/data/schlandals/pwmc_benchmarks/instances/bayesian_networks/pcnf/munin/146.cnf,"Estimated probability 1.0429586e-1 with bounds [1.0429586e-1 1.0429586e-1] (epsilon 0) found in 86 seconds ",
155,:,1737448200.000,92.000,0,130,0,0,"schlandals --timeout 1500 -i /data/schlandals/pwmc_benchmarks/instances/bayesian_networks/pcnf/munin/155.cnf | tr '\n' ' '",/data/schlandals/pwmc_benchmarks/instances/bayesian_networks/pcnf/munin/155.cnf,"Estimated probability 1.9192401e-4 with bounds [1.9192396e-4 1.9192406e-4] (epsilon 0.0000002229917028806483) found in 91 seconds ",
140,:,1737448198.000,99.000,0,107,0,0,"schlandals --timeout 1500 -i /data/schlandals/pwmc_benchmarks/instances/bayesian_networks/pcnf/munin/140.cnf | tr '\n' ' '",/data/schlandals/pwmc_benchmarks/instances/bayesian_networks/pcnf/munin/140.cnf,"Estimated probability 1.4036492e-1 with bounds [1.4036492e-1 1.4036492e-1] (epsilon 0) found in 98 seconds ",
204,:,1737448292.000,8.000,0,106,0,0,"schlandals --timeout 1500 -i /data/schlandals/pwmc_benchmarks/instances/bayesian_networks/pcnf/munin/204.cnf | tr '\n' ' '",/data/schlandals/pwmc_benchmarks/instances/bayesian_networks/pcnf/munin/204.cnf,"Estimated probability 1.3206922e-1 with bounds [1.3206922e-1 1.3206922e-1] (epsilon 0) found in 8 seconds ",
203,:,1737448286.000,15.000,0,107,0,0,"schlandals --timeout 1500 -i /data/schlandals/pwmc_benchmarks/instances/bayesian_networks/pcnf/munin/203.cnf | tr '\n' ' '",/data/schlandals/pwmc_benchmarks/instances/bayesian_networks/pcnf/munin/203.cnf,"Estimated probability 8.6793078e-1 with bounds [8.6793078e-1 8.6793078e-1] (epsilon 0) found in 13 seconds ",
184,:,1737448212.000,89.000,0,132,0,0,"schlandals --timeout 1500 -i /data/schlandals/pwmc_benchmarks/instances/bayesian_networks/pcnf/munin/184.cnf | tr '\n' ' '",/data/schlandals/pwmc_benchmarks/instances/bayesian_networks/pcnf/munin/184.cnf,"Estimated probability 1.6937996e-1 with bounds [1.6937996e-1 1.6937996e-1] (epsilon 0.000000002858409509087778) found in 88 seconds ",
162,:,1737448201.000,100.000,0,131,0,0,"schlandals --timeout 1500 -i /data/schlandals/pwmc_benchmarks/instances/bayesian_networks/pcnf/munin/162.cnf | tr '\n' ' '",/data/schlandals/pwmc_benchmarks/instances/bayesian_networks/pcnf/munin/162.cnf,"Estimated probability 6.1951145e-2 with bounds [6.1951141e-2 6.1951150e-2] (epsilon 0.00000007129518242443567) found in 99 seconds ",
141,:,1737448199.000,104.000,0,108,0,0,"schlandals --timeout 1500 -i /data/schlandals/pwmc_benchmarks/instances/bayesian_networks/pcnf/munin/141.cnf | tr '\n' ' '",/data/schlandals/pwmc_benchmarks/instances/bayesian_networks/pcnf/munin/141.cnf,"Estimated probability 8.5963508e-1 with bounds [8.5963508e-1 8.5963508e-1] (epsilon 0) found in 103 seconds ",
189,:,1737448216.000,88.000,0,131,0,0,"schlandals --timeout 1500 -i /data/schlandals/pwmc_benchmarks/instances/bayesian_networks/pcnf/munin/189.cnf | tr '\n' ' '",/data/schlandals/pwmc_benchmarks/instances/bayesian_networks/pcnf/munin/189.cnf,"Estimated probability 2.2699753e-2 with bounds [2.2699752e-2 2.2699753e-2] (epsilon 0.00000002132874832305731) found in 86 seconds ",
169,:,1737448203.000,101.000,0,132,0,0,"schlandals --timeout 1500 -i /data/schlandals/pwmc_benchmarks/instances/bayesian_networks/pcnf/munin/169.cnf | tr '\n' ' '",/data/schlandals/pwmc_benchmarks/instances/bayesian_networks/pcnf/munin/169.cnf,"Estimated probability 1.7730381e-2 with bounds [1.7730377e-2 1.7730386e-2] (epsilon 0.00000024646902030411866) found in 100 seconds ",
190,:,1737448217.000,91.000,0,132,0,0,"schlandals --timeout 1500 -i /data/schlandals/pwmc_benchmarks/instances/bayesian_networks/pcnf/munin/190.cnf | tr '\n' ' '",/data/schlandals/pwmc_benchmarks/instances/bayesian_networks/pcnf/munin/190.cnf,"Estimated probability 1.1916685e-2 with bounds [1.1916685e-2 1.1916686e-2] (epsilon 0.000000040628521880137214) found in 90 seconds ",
171,:,1737448203.000,112.000,0,131,0,0,"schlandals --timeout 1500 -i /data/schlandals/pwmc_benchmarks/instances/bayesian_networks/pcnf/munin/171.cnf | tr '\n' ' '",/data/schlandals/pwmc_benchmarks/instances/bayesian_networks/pcnf/munin/171.cnf,"Estimated probability 6.8242005e-3 with bounds [6.8241961e-3 6.8242049e-3] (epsilon 0.0000006403666772403227) found in 111 seconds ",
205,:,1737448297.000,20.000,0,107,0,0,"schlandals --timeout 1500 -i /data/schlandals/pwmc_benchmarks/instances/bayesian_networks/pcnf/munin/205.cnf | tr '\n' ' '",/data/schlandals/pwmc_benchmarks/instances/bayesian_networks/pcnf/munin/205.cnf,"Estimated probability 9.4567878e-1 with bounds [9.4567878e-1 9.4567878e-1] (epsilon 0) found in 19 seconds ",
206,:,1737448300.000,21.000,0,107,0,0,"schlandals --timeout 1500 -i /data/schlandals/pwmc_benchmarks/instances/bayesian_networks/pcnf/munin/206.cnf | tr '\n' ' '",/data/schlandals/pwmc_benchmarks/instances/bayesian_networks/pcnf/munin/206.cnf,"Estimated probability 5.4321218e-2 with bounds [5.4321218e-2 5.4321218e-2] (epsilon 0) found in 20 seconds ",
152,:,1737448200.000,123.000,0,108,0,0,"schlandals --timeout 1500 -i /data/schlandals/pwmc_benchmarks/instances/bayesian_networks/pcnf/munin/152.cnf | tr '\n' ' '",/data/schlandals/pwmc_benchmarks/instances/bayesian_networks/pcnf/munin/152.cnf,"Estimated probability 3.9553194e-2 with bounds [3.9553194e-2 3.9553194e-2] (epsilon 0) found in 122 seconds ",
150,:,1737448200.000,133.000,0,108,0,0,"schlandals --timeout 1500 -i /data/schlandals/pwmc_benchmarks/instances/bayesian_networks/pcnf/munin/150.cnf | tr '\n' ' '",/data/schlandals/pwmc_benchmarks/instances/bayesian_networks/pcnf/munin/150.cnf,"Estimated probability 7.2553180e-2 with bounds [7.2553180e-2 7.2553180e-2] (epsilon 0) found in 132 seconds ",
147,:,1737448200.000,133.000,0,108,0,0,"schlandals --timeout 1500 -i /data/schlandals/pwmc_benchmarks/instances/bayesian_networks/pcnf/munin/147.cnf | tr '\n' ' '",/data/schlandals/pwmc_benchmarks/instances/bayesian_networks/pcnf/munin/147.cnf,"Estimated probability 8.2954369e-1 with bounds [8.2954369e-1 8.2954369e-1] (epsilon 0) found in 132 seconds ",
151,:,1737448200.000,133.000,0,108,0,0,"schlandals --timeout 1500 -i /data/schlandals/pwmc_benchmarks/instances/bayesian_networks/pcnf/munin/151.cnf | tr '\n' ' '",/data/schlandals/pwmc_benchmarks/instances/bayesian_networks/pcnf/munin/151.cnf,"Estimated probability 8.4375304e-1 with bounds [8.4375304e-1 8.4375304e-1] (epsilon 0) found in 132 seconds ",
159,:,1737448200.000,134.000,0,131,0,0,"schlandals --timeout 1500 -i /data/schlandals/pwmc_benchmarks/instances/bayesian_networks/pcnf/munin/159.cnf | tr '\n' ' '",/data/schlandals/pwmc_benchmarks/instances/bayesian_networks/pcnf/munin/159.cnf,"Estimated probability 3.0631051e-3 with bounds [3.0631007e-3 3.0631096e-3] (epsilon 0.0000014419424103628842) found in 133 seconds ",
149,:,1737448200.000,135.000,0,108,0,0,"schlandals --timeout 1500 -i /data/schlandals/pwmc_benchmarks/instances/bayesian_networks/pcnf/munin/149.cnf | tr '\n' ' '",/data/schlandals/pwmc_benchmarks/instances/bayesian_networks/pcnf/munin/149.cnf,"Estimated probability 3.2715636e-2 with bounds [3.2715636e-2 3.2715636e-2] (epsilon 0) found in 134 seconds ",
181,:,1737448209.000,131.000,0,132,0,0,"schlandals --timeout 1500 -i /data/schlandals/pwmc_benchmarks/instances/bayesian_networks/pcnf/munin/181.cnf | tr '\n' ' '",/data/schlandals/pwmc_benchmarks/instances/bayesian_networks/pcnf/munin/181.cnf,"Estimated probability 6.7154674e-3 with bounds [6.7154671e-3 6.7154677e-3] (epsilon 0.00000004524051222531966) found in 130 seconds ",
172,:,1737448204.000,136.000,0,108,0,0,"schlandals --timeout 1500 -i /data/schlandals/pwmc_benchmarks/instances/bayesian_networks/pcnf/munin/172.cnf | tr '\n' ' '",/data/schlandals/pwmc_benchmarks/instances/bayesian_networks/pcnf/munin/172.cnf,"Estimated probability 4.6335794e-3 with bounds [4.6335794e-3 4.6335794e-3] (epsilon 0) found in 135 seconds ",
179,:,1737448209.000,137.000,0,132,0,0,"schlandals --timeout 1500 -i /data/schlandals/pwmc_benchmarks/instances/bayesian_networks/pcnf/munin/179.cnf | tr '\n' ' '",/data/schlandals/pwmc_benchmarks/instances/bayesian_networks/pcnf/munin/179.cnf,"Estimated probability 1.4428301e-3 with bounds [1.4428301e-3 1.4428302e-3] (epsilon 0.00000004409464615662273) found in 136 seconds ",
177,:,1737448207.000,140.000,0,108,0,0,"schlandals --timeout 1500 -i /data/schlandals/pwmc_benchmarks/instances/bayesian_networks/pcnf/munin/177.cnf | tr '\n' ' '",/data/schlandals/pwmc_benchmarks/instances/bayesian_networks/pcnf/munin/177.cnf,"Estimated probability 1.2173589e-1 with bounds [1.2173589e-1 1.2173589e-1] (epsilon 0) found in 140 seconds ",
164,:,1737448201.000,148.000,0,132,0,0,"schlandals --timeout 1500 -i /data/schlandals/pwmc_benchmarks/instances/bayesian_networks/pcnf/munin/164.cnf | tr '\n' ' '",/data/schlandals/pwmc_benchmarks/instances/bayesian_networks/pcnf/munin/164.cnf,"Estimated probability 2.0969864e-1 with bounds [2.0969863e-1 2.0969864e-1] (epsilon 0.00000002106269358925772) found in 147 seconds ",
165,:,1737448202.000,148.000,0,132,0,0,"schlandals --timeout 1500 -i /data/schlandals/pwmc_benchmarks/instances/bayesian_networks/pcnf/munin/165.cnf | tr '\n' ' '",/data/schlandals/pwmc_benchmarks/instances/bayesian_networks/pcnf/munin/165.cnf,"Estimated probability 2.2324506e-1 with bounds [2.2324506e-1 2.2324507e-1] (epsilon 0.00000001978461705576251) found in 147 seconds ",
176,:,1737448206.000,144.000,0,108,0,0,"schlandals --timeout 1500 -i /data/schlandals/pwmc_benchmarks/instances/bayesian_networks/pcnf/munin/176.cnf | tr '\n' ' '",/data/schlandals/pwmc_benchmarks/instances/bayesian_networks/pcnf/munin/176.cnf,"Estimated probability 7.8978082e-1 with bounds [7.8978082e-1 7.8978082e-1] (epsilon 0) found in 143 seconds ",
175,:,1737448206.000,144.000,0,108,0,0,"schlandals --timeout 1500 -i /data/schlandals/pwmc_benchmarks/instances/bayesian_networks/pcnf/munin/175.cnf | tr '\n' ' '",/data/schlandals/pwmc_benchmarks/instances/bayesian_networks/pcnf/munin/175.cnf,"Estimated probability 5.7856297e-2 with bounds [5.7856297e-2 5.7856297e-2] (epsilon 0) found in 144 seconds ",
180,:,1737448209.000,142.000,0,132,0,0,"schlandals --timeout 1500 -i /data/schlandals/pwmc_benchmarks/instances/bayesian_networks/pcnf/munin/180.cnf | tr '\n' ' '",/data/schlandals/pwmc_benchmarks/instances/bayesian_networks/pcnf/munin/180.cnf,"Estimated probability 3.0141471e-3 with bounds [3.0141470e-3 3.0141472e-3] (epsilon 0.00000002110748731354306) found in 140 seconds ",
166,:,1737448203.000,148.000,0,133,0,0,"schlandals --timeout 1500 -i /data/schlandals/pwmc_benchmarks/instances/bayesian_networks/pcnf/munin/166.cnf | tr '\n' ' '",/data/schlandals/pwmc_benchmarks/instances/bayesian_networks/pcnf/munin/166.cnf,"Estimated probability 1.6510305e-1 with bounds [1.6510304e-1 1.6510305e-1] (epsilon 0.000000026751886927911528) found in 147 seconds ",
167,:,1737448203.000,148.000,0,133,0,0,"schlandals --timeout 1500 -i /data/schlandals/pwmc_benchmarks/instances/bayesian_networks/pcnf/munin/167.cnf | tr '\n' ' '",/data/schlandals/pwmc_benchmarks/instances/bayesian_networks/pcnf/munin/167.cnf,"Estimated probability 8.8243642e-2 with bounds [8.8243638e-2 8.8243646e-2] (epsilon 0.000000050052536337830134) found in 147 seconds ",
174,:,1737448206.000,146.000,0,108,0,0,"schlandals --timeout 1500 -i /data/schlandals/pwmc_benchmarks/instances/bayesian_networks/pcnf/munin/174.cnf | tr '\n' ' '",/data/schlandals/pwmc_benchmarks/instances/bayesian_networks/pcnf/munin/174.cnf,"Estimated probability 6.7525567e-3 with bounds [6.7525567e-3 6.7525567e-3] (epsilon 0) found in 145 seconds ",
178,:,1737448208.000,144.000,0,108,0,0,"schlandals --timeout 1500 -i /data/schlandals/pwmc_benchmarks/instances/bayesian_networks/pcnf/munin/178.cnf | tr '\n' ' '",/data/schlandals/pwmc_benchmarks/instances/bayesian_networks/pcnf/munin/178.cnf,"Estimated probability 2.3874443e-2 with bounds [2.3874443e-2 2.3874443e-2] (epsilon 0) found in 143 seconds ",
173,:,1737448204.000,149.000,0,108,0,0,"schlandals --timeout 1500 -i /data/schlandals/pwmc_benchmarks/instances/bayesian_networks/pcnf/munin/173.cnf | tr '\n' ' '",/data/schlandals/pwmc_benchmarks/instances/bayesian_networks/pcnf/munin/173.cnf,"Estimated probability 3.1003149e-3 with bounds [3.1003149e-3 3.1003149e-3] (epsilon 0) found in 148 seconds ",
154,:,1737448200.000,153.000,0,132,0,0,"schlandals --timeout 1500 -i /data/schlandals/pwmc_benchmarks/instances/bayesian_networks/pcnf/munin/154.cnf | tr '\n' ' '",/data/schlandals/pwmc_benchmarks/instances/bayesian_networks/pcnf/munin/154.cnf,"Estimated probability 9.7494570e-5 with bounds [9.7494522e-5 9.7494618e-5] (epsilon 0.00000043897279522475685) found in 152 seconds ",
194,:,1737448219.000,136.000,0,132,0,0,"schlandals --timeout 1500 -i /data/schlandals/pwmc_benchmarks/instances/bayesian_networks/pcnf/munin/194.cnf | tr '\n' ' '",/data/schlandals/pwmc_benchmarks/instances/bayesian_networks/pcnf/munin/194.cnf,"Estimated probability 1.2865573e-3 with bounds [1.2865568e-3 1.2865577e-3] (epsilon 0.00000032373601532853513) found in 135 seconds ",
158,:,1737448200.000,157.000,0,133,0,0,"schlandals --timeout 1500 -i /data/schlandals/pwmc_benchmarks/instances/bayesian_networks/pcnf/munin/158.cnf | tr '\n' ' '",/data/schlandals/pwmc_benchmarks/instances/bayesian_networks/pcnf/munin/158.cnf,"Estimated probability 1.5304846e-3 with bounds [1.5304846e-3 1.5304847e-3] (epsilon 0.000000027963337423386747) found in 155 seconds ",
156,:,1737448200.000,157.000,0,132,0,0,"schlandals --timeout 1500 -i /data/schlandals/pwmc_benchmarks/instances/bayesian_networks/pcnf/munin/156.cnf | tr '\n' ' '",/data/schlandals/pwmc_benchmarks/instances/bayesian_networks/pcnf/munin/156.cnf,"Estimated probability 3.9056141e-4 with bounds [3.9056137e-4 3.9056146e-4] (epsilon 0.00000010957933627153693) found in 156 seconds ",
157,:,1737448200.000,158.000,0,132,0,0,"schlandals --timeout 1500 -i /data/schlandals/pwmc_benchmarks/instances/bayesian_networks/pcnf/munin/157.cnf | tr '\n' ' '",/data/schlandals/pwmc_benchmarks/instances/bayesian_networks/pcnf/munin/157.cnf,"Estimated probability 7.9759160e-4 with bounds [7.9759156e-4 7.9759165e-4] (epsilon 0.00000005365836042159344) found in 156 seconds ",
163,:,1737448201.000,157.000,0,132,0,0,"schlandals --timeout 1500 -i /data/schlandals/pwmc_benchmarks/instances/bayesian_networks/pcnf/munin/163.cnf | tr '\n' ' '",/data/schlandals/pwmc_benchmarks/instances/bayesian_networks/pcnf/munin/163.cnf,"Estimated probability 1.3595678e-1 with bounds [1.3595678e-1 1.3595679e-1] (epsilon 0.00000003248692670432263) found in 156 seconds ",
160,:,1737448201.000,157.000,0,131,0,0,"schlandals --timeout 1500 -i /data/schlandals/pwmc_benchmarks/instances/bayesian_networks/pcnf/munin/160.cnf | tr '\n' ' '",/data/schlandals/pwmc_benchmarks/instances/bayesian_networks/pcnf/munin/160.cnf,"Estimated probability 7.1613377e-3 with bounds [7.1613333e-3 7.1613422e-3] (epsilon 0.0000006167589821082231) found in 156 seconds ",
168,:,1737448203.000,157.000,0,132,0,0,"schlandals --timeout 1500 -i /data/schlandals/pwmc_benchmarks/instances/bayesian_networks/pcnf/munin/168.cnf | tr '\n' ' '",/data/schlandals/pwmc_benchmarks/instances/bayesian_networks/pcnf/munin/168.cnf,"Estimated probability 3.8527757e-2 with bounds [3.8527752e-2 3.8527761e-2] (epsilon 0.00000011463990290394577) found in 156 seconds ",
191,:,1737448218.000,143.000,0,132,0,0,"schlandals --timeout 1500 -i /data/schlandals/pwmc_benchmarks/instances/bayesian_networks/pcnf/munin/191.cnf | tr '\n' ' '",/data/schlandals/pwmc_benchmarks/instances/bayesian_networks/pcnf/munin/191.cnf,"Estimated probability 7.0239600e-3 with bounds [7.0239595e-3 7.0239604e-3] (epsilon 0.00000005929773005952654) found in 142 seconds ",
161,:,1737448201.000,161.000,0,132,0,0,"schlandals --timeout 1500 -i /data/schlandals/pwmc_benchmarks/instances/bayesian_networks/pcnf/munin/161.cnf | tr '\n' ' '",/data/schlandals/pwmc_benchmarks/instances/bayesian_networks/pcnf/munin/161.cnf,"Estimated probability 2.1484906e-2 with bounds [2.1484902e-2 2.1484911e-2] (epsilon 0.00000020557774282892183) found in 160 seconds ",
170,:,1737448203.000,159.000,0,131,0,0,"schlandals --timeout 1500 -i /data/schlandals/pwmc_benchmarks/instances/bayesian_networks/pcnf/munin/170.cnf | tr '\n' ' '",/data/schlandals/pwmc_benchmarks/instances/bayesian_networks/pcnf/munin/170.cnf,"Estimated probability 1.0268096e-2 with bounds [1.0268091e-2 1.0268100e-2] (epsilon 0.0000004255891465909656) found in 157 seconds ",
200,:,1737448223.000,139.000,0,108,0,0,"schlandals --timeout 1500 -i /data/schlandals/pwmc_benchmarks/instances/bayesian_networks/pcnf/munin/200.cnf | tr '\n' ' '",/data/schlandals/pwmc_benchmarks/instances/bayesian_networks/pcnf/munin/200.cnf,"Estimated probability 1.5296249e-1 with bounds [1.5296249e-1 1.5296249e-1] (epsilon 0) found in 138 seconds ",
192,:,1737448219.000,144.000,0,132,0,0,"schlandals --timeout 1500 -i /data/schlandals/pwmc_benchmarks/instances/bayesian_networks/pcnf/munin/192.cnf | tr '\n' ' '",/data/schlandals/pwmc_benchmarks/instances/bayesian_networks/pcnf/munin/192.cnf,"Estimated probability 3.9781993e-3 with bounds [3.9781989e-3 3.9781997e-3] (epsilon 0.00000010469683431324484) found in 143 seconds ",
198,:,1737448221.000,142.000,0,108,0,0,"schlandals --timeout 1500 -i /data/schlandals/pwmc_benchmarks/instances/bayesian_networks/pcnf/munin/198.cnf | tr '\n' ' '",/data/schlandals/pwmc_benchmarks/instances/bayesian_networks/pcnf/munin/198.cnf,"Estimated probability 1.1334880e-1 with bounds [1.1334880e-1 1.1334880e-1] (epsilon 0) found in 141 seconds ",
228,:,1737448350.000,13.000,0,107,0,0,"schlandals --timeout 1500 -i /data/schlandals/pwmc_benchmarks/instances/bayesian_networks/pcnf/munin/228.cnf | tr '\n' ' '",/data/schlandals/pwmc_benchmarks/instances/bayesian_networks/pcnf/munin/228.cnf,"Estimated probability 9.4533621e-1 with bounds [9.4533621e-1 9.4533621e-1] (epsilon 0) found in 12 seconds ",
182,:,1737448211.000,152.000,0,133,0,0,"schlandals --timeout 1500 -i /data/schlandals/pwmc_benchmarks/instances/bayesian_networks/pcnf/munin/182.cnf | tr '\n' ' '",/data/schlandals/pwmc_benchmarks/instances/bayesian_networks/pcnf/munin/182.cnf,"Estimated probability 2.1444667e-2 with bounds [2.1444666e-2 2.1444667e-2] (epsilon 0.000000014167216733085297) found in 151 seconds ",
249,:,1737448363.000,1.000,0,106,0,0,"schlandals --timeout 1500 -i /data/schlandals/pwmc_benchmarks/instances/bayesian_networks/pcnf/munin/249.cnf | tr '\n' ' '",/data/schlandals/pwmc_benchmarks/instances/bayesian_networks/pcnf/munin/249.cnf,"Estimated probability 9.0214423e-1 with bounds [9.0214423e-1 9.0214423e-1] (epsilon 0) found in 0 seconds ",
250,:,1737448363.000,1.000,0,106,0,0,"schlandals --timeout 1500 -i /data/schlandals/pwmc_benchmarks/instances/bayesian_networks/pcnf/munin/250.cnf | tr '\n' ' '",/data/schlandals/pwmc_benchmarks/instances/bayesian_networks/pcnf/munin/250.cnf,"Estimated probability 9.7855768e-2 with bounds [9.7855768e-2 9.7855768e-2] (epsilon 0) found in 0 seconds ",
251,:,1737448363.000,1.000,0,87,0,0,"schlandals --timeout 1500 -i /data/schlandals/pwmc_benchmarks/instances/bayesian_networks/pcnf/munin/251.cnf | tr '\n' ' '",/data/schlandals/pwmc_benchmarks/instances/bayesian_networks/pcnf/munin/251.cnf,"Estimated probability -0 with bounds [0 -1.5384974e-16] (epsilon 0) found in 0 seconds ",
199,:,1737448222.000,142.000,0,108,0,0,"schlandals --timeout 1500 -i /data/schlandals/pwmc_benchmarks/instances/bayesian_networks/pcnf/munin/199.cnf | tr '\n' ' '",/data/schlandals/pwmc_benchmarks/instances/bayesian_networks/pcnf/munin/199.cnf,"Estimated probability 7.3368871e-1 with bounds [7.3368871e-1 7.3368871e-1] (epsilon 0) found in 141 seconds ",
187,:,1737448215.000,149.000,0,134,0,0,"schlandals --timeout 1500 -i /data/schlandals/pwmc_benchmarks/instances/bayesian_networks/pcnf/munin/187.cnf | tr '\n' ' '",/data/schlandals/pwmc_benchmarks/instances/bayesian_networks/pcnf/munin/187.cnf,"Estimated probability 1.3524725e-1 with bounds [1.3524725e-1 1.3524725e-1] (epsilon 0.0000000035797942388171577) found in 148 seconds ",
252,:,1737448363.000,2.000,0,87,0,0,"schlandals --timeout 1500 -i /data/schlandals/pwmc_benchmarks/instances/bayesian_networks/pcnf/munin/252.cnf | tr '\n' ' '",/data/schlandals/pwmc_benchmarks/instances/bayesian_networks/pcnf/munin/252.cnf,"Estimated probability -0 with bounds [0 -1.5384974e-16] (epsilon 0) found in 0 seconds ",
253,:,1737448364.000,1.000,0,87,0,0,"schlandals --timeout 1500 -i /data/schlandals/pwmc_benchmarks/instances/bayesian_networks/pcnf/munin/253.cnf | tr '\n' ' '",/data/schlandals/pwmc_benchmarks/instances/bayesian_networks/pcnf/munin/253.cnf,"Estimated probability -0 with bounds [0 -1.5384974e-16] (epsilon 0) found in 0 seconds ",
254,:,1737448364.000,1.000,0,87,0,0,"schlandals --timeout 1500 -i /data/schlandals/pwmc_benchmarks/instances/bayesian_networks/pcnf/munin/254.cnf | tr '\n' ' '",/data/schlandals/pwmc_benchmarks/instances/bayesian_networks/pcnf/munin/254.cnf,"Estimated probability -0 with bounds [0 -1.5384974e-16] (epsilon 0) found in 0 seconds ",
235,:,1737448352.000,15.000,0,107,0,0,"schlandals --timeout 1500 -i /data/schlandals/pwmc_benchmarks/instances/bayesian_networks/pcnf/munin/235.cnf | tr '\n' ' '",/data/schlandals/pwmc_benchmarks/instances/bayesian_networks/pcnf/munin/235.cnf,"Estimated probability 1.0208894e-2 with bounds [1.0208894e-2 1.0208894e-2] (epsilon 0) found in 13 seconds ",
183,:,1737448212.000,155.000,0,133,0,0,"schlandals --timeout 1500 -i /data/schlandals/pwmc_benchmarks/instances/bayesian_networks/pcnf/munin/183.cnf | tr '\n' ' '",/data/schlandals/pwmc_benchmarks/instances/bayesian_networks/pcnf/munin/183.cnf,"Estimated probability 7.1420363e-2 with bounds [7.1420363e-2 7.1420363e-2] (epsilon 0.000000006256717588470906) found in 154 seconds ",
193,:,1737448219.000,148.000,0,132,0,0,"schlandals --timeout 1500 -i /data/schlandals/pwmc_benchmarks/instances/bayesian_networks/pcnf/munin/193.cnf | tr '\n' ' '",/data/schlandals/pwmc_benchmarks/instances/bayesian_networks/pcnf/munin/193.cnf,"Estimated probability 2.2574112e-3 with bounds [2.2574108e-3 2.2574116e-3] (epsilon 0.00000018450555061555463) found in 147 seconds ",
196,:,1737448220.000,148.000,0,131,0,0,"schlandals --timeout 1500 -i /data/schlandals/pwmc_benchmarks/instances/bayesian_networks/pcnf/munin/196.cnf | tr '\n' ' '",/data/schlandals/pwmc_benchmarks/instances/bayesian_networks/pcnf/munin/196.cnf,"Estimated probability 3.0628226e-4 with bounds [3.0628207e-4 3.0628244e-4] (epsilon 0.0000005756610996776601) found in 147 seconds ",
263,:,1737448367.000,1.000,0,106,0,0,"schlandals --timeout 1500 -i /data/schlandals/pwmc_benchmarks/instances/bayesian_networks/pcnf/munin/263.cnf | tr '\n' ' '",/data/schlandals/pwmc_benchmarks/instances/bayesian_networks/pcnf/munin/263.cnf,"Estimated probability 5.0000000e-1 with bounds [5.0000000e-1 5.0000000e-1] (epsilon 0) found in 0 seconds ",
186,:,1737448215.000,153.000,0,134,0,0,"schlandals --timeout 1500 -i /data/schlandals/pwmc_benchmarks/instances/bayesian_networks/pcnf/munin/186.cnf | tr '\n' ' '",/data/schlandals/pwmc_benchmarks/instances/bayesian_networks/pcnf/munin/186.cnf,"Estimated probability 2.3245172e-1 with bounds [2.3245171e-1 2.3245172e-1] (epsilon 0.0000000020828296865005314) found in 152 seconds ",
238,:,1737448355.000,13.000,0,107,0,0,"schlandals --timeout 1500 -i /data/schlandals/pwmc_benchmarks/instances/bayesian_networks/pcnf/munin/238.cnf | tr '\n' ' '",/data/schlandals/pwmc_benchmarks/instances/bayesian_networks/pcnf/munin/238.cnf,"Estimated probability 2.2701719e-2 with bounds [2.2701719e-2 2.2701719e-2] (epsilon 0) found in 13 seconds ",
230,:,1737448350.000,18.000,0,107,0,0,"schlandals --timeout 1500 -i /data/schlandals/pwmc_benchmarks/instances/bayesian_networks/pcnf/munin/230.cnf | tr '\n' ' '",/data/schlandals/pwmc_benchmarks/instances/bayesian_networks/pcnf/munin/230.cnf,"Estimated probability 1.0744641e-2 with bounds [1.0744641e-2 1.0744641e-2] (epsilon 0) found in 17 seconds ",
264,:,1737448368.000,1.000,0,106,0,0,"schlandals --timeout 1500 -i /data/schlandals/pwmc_benchmarks/instances/bayesian_networks/pcnf/munin/264.cnf | tr '\n' ' '",/data/schlandals/pwmc_benchmarks/instances/bayesian_networks/pcnf/munin/264.cnf,"Estimated probability 5.0000000e-1 with bounds [5.0000000e-1 5.0000000e-1] (epsilon 0) found in 0 seconds ",
265,:,1737448368.000,1.000,0,106,0,0,"schlandals --timeout 1500 -i /data/schlandals/pwmc_benchmarks/instances/bayesian_networks/pcnf/munin/265.cnf | tr '\n' ' '",/data/schlandals/pwmc_benchmarks/instances/bayesian_networks/pcnf/munin/265.cnf,"Estimated probability 5.0000000e-1 with bounds [5.0000000e-1 5.0000000e-1] (epsilon 0) found in 0 seconds ",
185,:,1737448214.000,155.000,0,133,0,0,"schlandals --timeout 1500 -i /data/schlandals/pwmc_benchmarks/instances/bayesian_networks/pcnf/munin/185.cnf | tr '\n' ' '",/data/schlandals/pwmc_benchmarks/instances/bayesian_networks/pcnf/munin/185.cnf,"Estimated probability 2.5266872e-1 with bounds [2.5266872e-1 2.5266872e-1] (epsilon 0.000000001916174108274049) found in 154 seconds ",
267,:,1737448368.000,1.000,0,106,0,0,"schlandals --timeout 1500 -i /data/schlandals/pwmc_benchmarks/instances/bayesian_networks/pcnf/munin/267.cnf | tr '\n' ' '",/data/schlandals/pwmc_benchmarks/instances/bayesian_networks/pcnf/munin/267.cnf,"Estimated probability 5.0000000e-1 with bounds [5.0000000e-1 5.0000000e-1] (epsilon 0) found in 0 seconds ",
266,:,1737448368.000,1.000,0,106,0,0,"schlandals --timeout 1500 -i /data/schlandals/pwmc_benchmarks/instances/bayesian_networks/pcnf/munin/266.cnf | tr '\n' ' '",/data/schlandals/pwmc_benchmarks/instances/bayesian_networks/pcnf/munin/266.cnf,"Estimated probability 5.0000000e-1 with bounds [5.0000000e-1 5.0000000e-1] (epsilon 0) found in 0 seconds ",
268,:,1737448368.000,1.000,0,106,0,0,"schlandals --timeout 1500 -i /data/schlandals/pwmc_benchmarks/instances/bayesian_networks/pcnf/munin/268.cnf | tr '\n' ' '",/data/schlandals/pwmc_benchmarks/instances/bayesian_networks/pcnf/munin/268.cnf,"Estimated probability 5.0000000e-1 with bounds [5.0000000e-1 5.0000000e-1] (epsilon 0) found in 0 seconds ",
188,:,1737448215.000,154.000,0,133,0,0,"schlandals --timeout 1500 -i /data/schlandals/pwmc_benchmarks/instances/bayesian_networks/pcnf/munin/188.cnf | tr '\n' ' '",/data/schlandals/pwmc_benchmarks/instances/bayesian_networks/pcnf/munin/188.cnf,"Estimated probability 5.6020529e-2 with bounds [5.6020528e-2 5.6020529e-2] (epsilon 0.000000008642497828503792) found in 153 seconds ",
195,:,1737448219.000,152.000,0,131,0,0,"schlandals --timeout 1500 -i /data/schlandals/pwmc_benchmarks/instances/bayesian_networks/pcnf/munin/195.cnf | tr '\n' ' '",/data/schlandals/pwmc_benchmarks/instances/bayesian_networks/pcnf/munin/195.cnf,"Estimated probability 6.8098374e-4 with bounds [6.8098356e-4 6.8098392e-4] (epsilon 0.0000002589118410778468) found in 151 seconds ",
229,:,1737448350.000,22.000,0,107,0,0,"schlandals --timeout 1500 -i /data/schlandals/pwmc_benchmarks/instances/bayesian_networks/pcnf/munin/229.cnf | tr '\n' ' '",/data/schlandals/pwmc_benchmarks/instances/bayesian_networks/pcnf/munin/229.cnf,"Estimated probability 2.2564390e-2 with bounds [2.2564390e-2 2.2564390e-2] (epsilon 0) found in 21 seconds ",
237,:,1737448353.000,19.000,0,107,0,0,"schlandals --timeout 1500 -i /data/schlandals/pwmc_benchmarks/instances/bayesian_networks/pcnf/munin/237.cnf | tr '\n' ' '",/data/schlandals/pwmc_benchmarks/instances/bayesian_networks/pcnf/munin/237.cnf,"Estimated probability 9.4488374e-1 with bounds [9.4488374e-1 9.4488374e-1] (epsilon 0) found in 19 seconds ",
231,:,1737448351.000,22.000,0,107,0,0,"schlandals --timeout 1500 -i /data/schlandals/pwmc_benchmarks/instances/bayesian_networks/pcnf/munin/231.cnf | tr '\n' ' '",/data/schlandals/pwmc_benchmarks/instances/bayesian_networks/pcnf/munin/231.cnf,"Estimated probability 1.3547579e-3 with bounds [1.3547579e-3 1.3547579e-3] (epsilon 0) found in 21 seconds ",
233,:,1737448351.000,22.000,0,107,0,0,"schlandals --timeout 1500 -i /data/schlandals/pwmc_benchmarks/instances/bayesian_networks/pcnf/munin/233.cnf | tr '\n' ' '",/data/schlandals/pwmc_benchmarks/instances/bayesian_networks/pcnf/munin/233.cnf,"Estimated probability 9.4884009e-1 with bounds [9.4884009e-1 9.4884009e-1] (epsilon 0) found in 21 seconds ",
197,:,1737448220.000,153.000,0,131,0,0,"schlandals --timeout 1500 -i /data/schlandals/pwmc_benchmarks/instances/bayesian_networks/pcnf/munin/197.cnf | tr '\n' ' '",/data/schlandals/pwmc_benchmarks/instances/bayesian_networks/pcnf/munin/197.cnf,"Estimated probability 4.4518137e-5 with bounds [4.4518099e-5 4.4518175e-5] (epsilon 0.0000007473122836110235) found in 152 seconds ",
232,:,1737448351.000,23.000,0,107,0,0,"schlandals --timeout 1500 -i /data/schlandals/pwmc_benchmarks/instances/bayesian_networks/pcnf/munin/232.cnf | tr '\n' ' '",/data/schlandals/pwmc_benchmarks/instances/bayesian_networks/pcnf/munin/232.cnf,"Estimated probability 2.0000000e-2 with bounds [2.0000000e-2 2.0000000e-2] (epsilon 0) found in 22 seconds ",
234,:,1737448352.000,22.000,0,107,0,0,"schlandals --timeout 1500 -i /data/schlandals/pwmc_benchmarks/instances/bayesian_networks/pcnf/munin/234.cnf | tr '\n' ' '",/data/schlandals/pwmc_benchmarks/instances/bayesian_networks/pcnf/munin/234.cnf,"Estimated probability 2.0889193e-2 with bounds [2.0889193e-2 2.0889193e-2] (epsilon 0) found in 21 seconds ",
242,:,1737448358.000,16.000,0,107,0,0,"schlandals --timeout 1500 -i /data/schlandals/pwmc_benchmarks/instances/bayesian_networks/pcnf/munin/242.cnf | tr '\n' ' '",/data/schlandals/pwmc_benchmarks/instances/bayesian_networks/pcnf/munin/242.cnf,"Estimated probability 9.4495986e-1 with bounds [9.4495986e-1 9.4495986e-1] (epsilon 0) found in 16 seconds ",
236,:,1737448353.000,22.000,0,107,0,0,"schlandals --timeout 1500 -i /data/schlandals/pwmc_benchmarks/instances/bayesian_networks/pcnf/munin/236.cnf | tr '\n' ' '",/data/schlandals/pwmc_benchmarks/instances/bayesian_networks/pcnf/munin/236.cnf,"Estimated probability 2.0061825e-2 with bounds [2.0061825e-2 2.0061825e-2] (epsilon 0) found in 21 seconds ",
245,:,1737448361.000,15.000,0,107,0,0,"schlandals --timeout 1500 -i /data/schlandals/pwmc_benchmarks/instances/bayesian_networks/pcnf/munin/245.cnf | tr '\n' ' '",/data/schlandals/pwmc_benchmarks/instances/bayesian_networks/pcnf/munin/245.cnf,"Estimated probability 4.8584979e-4 with bounds [4.8584979e-4 4.8584979e-4] (epsilon 0) found in 15 seconds ",
241,:,1737448358.000,19.000,0,107,0,0,"schlandals --timeout 1500 -i /data/schlandals/pwmc_benchmarks/instances/bayesian_networks/pcnf/munin/241.cnf | tr '\n' ' '",/data/schlandals/pwmc_benchmarks/instances/bayesian_networks/pcnf/munin/241.cnf,"Estimated probability 2.0026262e-2 with bounds [2.0026262e-2 2.0026262e-2] (epsilon 0) found in 19 seconds ",
243,:,1737448358.000,21.000,0,107,0,0,"schlandals --timeout 1500 -i /data/schlandals/pwmc_benchmarks/instances/bayesian_networks/pcnf/munin/243.cnf | tr '\n' ' '",/data/schlandals/pwmc_benchmarks/instances/bayesian_networks/pcnf/munin/243.cnf,"Estimated probability 5.3033278e-2 with bounds [5.3033278e-2 5.3033278e-2] (epsilon 0) found in 20 seconds ",
240,:,1737448357.000,22.000,0,107,0,0,"schlandals --timeout 1500 -i /data/schlandals/pwmc_benchmarks/instances/bayesian_networks/pcnf/munin/240.cnf | tr '\n' ' '",/data/schlandals/pwmc_benchmarks/instances/bayesian_networks/pcnf/munin/240.cnf,"Estimated probability 1.4045465e-3 with bounds [1.4045465e-3 1.4045465e-3] (epsilon 0) found in 21 seconds ",
239,:,1737448357.000,22.000,0,107,0,0,"schlandals --timeout 1500 -i /data/schlandals/pwmc_benchmarks/instances/bayesian_networks/pcnf/munin/239.cnf | tr '\n' ' '",/data/schlandals/pwmc_benchmarks/instances/bayesian_networks/pcnf/munin/239.cnf,"Estimated probability 1.0983736e-2 with bounds [1.0983736e-2 1.0983736e-2] (epsilon 0) found in 22 seconds ",
201,:,1737448283.000,97.000,0,107,0,0,"schlandals --timeout 1500 -i /data/schlandals/pwmc_benchmarks/instances/bayesian_networks/pcnf/munin/201.cnf | tr '\n' ' '",/data/schlandals/pwmc_benchmarks/instances/bayesian_networks/pcnf/munin/201.cnf,"Estimated probability 8.1120574e-1 with bounds [8.1120574e-1 8.1120574e-1] (epsilon 0) found in 96 seconds ",
244,:,1737448360.000,21.000,0,107,0,0,"schlandals --timeout 1500 -i /data/schlandals/pwmc_benchmarks/instances/bayesian_networks/pcnf/munin/244.cnf | tr '\n' ' '",/data/schlandals/pwmc_benchmarks/instances/bayesian_networks/pcnf/munin/244.cnf,"Estimated probability 1.5210162e-3 with bounds [1.5210162e-3 1.5210162e-3] (epsilon 0) found in 20 seconds ",
246,:,1737448362.000,19.000,0,107,0,0,"schlandals --timeout 1500 -i /data/schlandals/pwmc_benchmarks/instances/bayesian_networks/pcnf/munin/246.cnf | tr '\n' ' '",/data/schlandals/pwmc_benchmarks/instances/bayesian_networks/pcnf/munin/246.cnf,"Estimated probability 8.9812571e-1 with bounds [8.9812571e-1 8.9812571e-1] (epsilon 0) found in 18 seconds ",
202,:,1737448286.000,96.000,0,107,0,0,"schlandals --timeout 1500 -i /data/schlandals/pwmc_benchmarks/instances/bayesian_networks/pcnf/munin/202.cnf | tr '\n' ' '",/data/schlandals/pwmc_benchmarks/instances/bayesian_networks/pcnf/munin/202.cnf,"Estimated probability 1.8879426e-1 with bounds [1.8879426e-1 1.8879426e-1] (epsilon 0) found in 95 seconds ",
275,:,1737448369.000,13.000,0,133,0,0,"schlandals --timeout 1500 -i /data/schlandals/pwmc_benchmarks/instances/bayesian_networks/pcnf/munin/275.cnf | tr '\n' ' '",/data/schlandals/pwmc_benchmarks/instances/bayesian_networks/pcnf/munin/275.cnf,"Estimated probability 1.1213438e-1 with bounds [1.1213438e-1 1.1213438e-1] (epsilon 0.0000000030641487125393496) found in 12 seconds ",
269,:,1737448369.000,15.000,0,107,0,0,"schlandals --timeout 1500 -i /data/schlandals/pwmc_benchmarks/instances/bayesian_networks/pcnf/munin/269.cnf | tr '\n' ' '",/data/schlandals/pwmc_benchmarks/instances/bayesian_networks/pcnf/munin/269.cnf,"Estimated probability 1.9480835e-3 with bounds [1.9480835e-3 1.9480835e-3] (epsilon 0) found in 14 seconds ",
276,:,1737448371.000,13.000,0,133,0,0,"schlandals --timeout 1500 -i /data/schlandals/pwmc_benchmarks/instances/bayesian_networks/pcnf/munin/276.cnf | tr '\n' ' '",/data/schlandals/pwmc_benchmarks/instances/bayesian_networks/pcnf/munin/276.cnf,"Estimated probability 3.7152209e-1 with bounds [3.7152209e-1 3.7152209e-1] (epsilon 0.0000000009248344312595691) found in 12 seconds ",
247,:,1737448362.000,24.000,0,107,0,0,"schlandals --timeout 1500 -i /data/schlandals/pwmc_benchmarks/instances/bayesian_networks/pcnf/munin/247.cnf | tr '\n' ' '",/data/schlandals/pwmc_benchmarks/instances/bayesian_networks/pcnf/munin/247.cnf,"Estimated probability 8.4849026e-2 with bounds [8.4849026e-2 8.4849026e-2] (epsilon 0) found in 24 seconds ",
248,:,1737448362.000,25.000,0,107,0,0,"schlandals --timeout 1500 -i /data/schlandals/pwmc_benchmarks/instances/bayesian_networks/pcnf/munin/248.cnf | tr '\n' ' '",/data/schlandals/pwmc_benchmarks/instances/bayesian_networks/pcnf/munin/248.cnf,"Estimated probability 1.7025262e-2 with bounds [1.7025262e-2 1.7025262e-2] (epsilon 0) found in 23 seconds ",
270,:,1737448369.000,19.000,0,132,0,0,"schlandals --timeout 1500 -i /data/schlandals/pwmc_benchmarks/instances/bayesian_networks/pcnf/munin/270.cnf | tr '\n' ' '",/data/schlandals/pwmc_benchmarks/instances/bayesian_networks/pcnf/munin/270.cnf,"Estimated probability 1.3343801e-3 with bounds [1.3343800e-3 1.3343801e-3] (epsilon 0.000000007321282247119143) found in 19 seconds ",
271,:,1737448369.000,21.000,0,132,0,0,"schlandals --timeout 1500 -i /data/schlandals/pwmc_benchmarks/instances/bayesian_networks/pcnf/munin/271.cnf | tr '\n' ' '",/data/schlandals/pwmc_benchmarks/instances/bayesian_networks/pcnf/munin/271.cnf,"Estimated probability 2.0412752e-3 with bounds [2.0412752e-3 2.0412753e-3] (epsilon 0.000000008183767663538788) found in 20 seconds ",
272,:,1737448369.000,21.000,0,131,0,0,"schlandals --timeout 1500 -i /data/schlandals/pwmc_benchmarks/instances/bayesian_networks/pcnf/munin/272.cnf | tr '\n' ' '",/data/schlandals/pwmc_benchmarks/instances/bayesian_networks/pcnf/munin/272.cnf,"Estimated probability 2.6446155e-3 with bounds [2.6446155e-3 2.6446156e-3] (epsilon 0.00000001845519559395825) found in 20 seconds ",
301,:,1737448390.000,1.000,0,106,0,0,"schlandals --timeout 1500 -i /data/schlandals/pwmc_benchmarks/instances/bayesian_networks/pcnf/munin/301.cnf | tr '\n' ' '",/data/schlandals/pwmc_benchmarks/instances/bayesian_networks/pcnf/munin/301.cnf,"Estimated probability 1.8118500e-5 with bounds [1.8118500e-5 1.8118500e-5] (epsilon 0) found in 0 seconds ",
302,:,1737448390.000,1.000,0,106,0,0,"schlandals --timeout 1500 -i /data/schlandals/pwmc_benchmarks/instances/bayesian_networks/pcnf/munin/302.cnf | tr '\n' ' '",/data/schlandals/pwmc_benchmarks/instances/bayesian_networks/pcnf/munin/302.cnf,"Estimated probability 9.8012233e-5 with bounds [9.8012232e-5 9.8012233e-5] (epsilon 0) found in 0 seconds ",
273,:,1737448369.000,22.000,0,131,0,0,"schlandals --timeout 1500 -i /data/schlandals/pwmc_benchmarks/instances/bayesian_networks/pcnf/munin/273.cnf | tr '\n' ' '",/data/schlandals/pwmc_benchmarks/instances/bayesian_networks/pcnf/munin/273.cnf,"Estimated probability 8.7577340e-3 with bounds [8.7577338e-3 8.7577343e-3] (epsilon 0.00000003046795149508341) found in 22 seconds ",
274,:,1737448369.000,23.000,0,131,0,0,"schlandals --timeout 1500 -i /data/schlandals/pwmc_benchmarks/instances/bayesian_networks/pcnf/munin/274.cnf | tr '\n' ' '",/data/schlandals/pwmc_benchmarks/instances/bayesian_networks/pcnf/munin/274.cnf,"Estimated probability 1.6510774e-2 with bounds [1.6510774e-2 1.6510774e-2] (epsilon 0.00000001616097677903383) found in 22 seconds ",
303,:,1737448391.000,1.000,0,106,0,0,"schlandals --timeout 1500 -i /data/schlandals/pwmc_benchmarks/instances/bayesian_networks/pcnf/munin/303.cnf | tr '\n' ' '",/data/schlandals/pwmc_benchmarks/instances/bayesian_networks/pcnf/munin/303.cnf,"Estimated probability 1.4397573e-3 with bounds [1.4397573e-3 1.4397573e-3] (epsilon 0) found in 0 seconds ",
304,:,1737448391.000,1.000,0,132,0,0,"schlandals --timeout 1500 -i /data/schlandals/pwmc_benchmarks/instances/bayesian_networks/pcnf/munin/304.cnf | tr '\n' ' '",/data/schlandals/pwmc_benchmarks/instances/bayesian_networks/pcnf/munin/304.cnf,"Estimated probability 9.4098176e-2 with bounds [9.4098176e-2 9.4098176e-2] (epsilon 0.0000000017279311315121504) found in 0 seconds ",
305,:,1737448391.000,2.000,0,132,0,0,"schlandals --timeout 1500 -i /data/schlandals/pwmc_benchmarks/instances/bayesian_networks/pcnf/munin/305.cnf | tr '\n' ' '",/data/schlandals/pwmc_benchmarks/instances/bayesian_networks/pcnf/munin/305.cnf,"Estimated probability 4.2413788e-1 with bounds [4.2413788e-1 4.2413788e-1] (epsilon 0.0000000003887796751200767) found in 0 seconds ",
306,:,1737448392.000,1.000,0,132,0,0,"schlandals --timeout 1500 -i /data/schlandals/pwmc_benchmarks/instances/bayesian_networks/pcnf/munin/306.cnf | tr '\n' ' '",/data/schlandals/pwmc_benchmarks/instances/bayesian_networks/pcnf/munin/306.cnf,"Estimated probability 3.4405241e-1 with bounds [3.4405241e-1 3.4405241e-1] (epsilon 0.0000000004792763963479274) found in 0 seconds ",
307,:,1737448392.000,1.000,0,132,0,0,"schlandals --timeout 1500 -i /data/schlandals/pwmc_benchmarks/instances/bayesian_networks/pcnf/munin/307.cnf | tr '\n' ' '",/data/schlandals/pwmc_benchmarks/instances/bayesian_networks/pcnf/munin/307.cnf,"Estimated probability 1.0035092e-1 with bounds [1.0035092e-1 1.0035092e-1] (epsilon 0.0000000016431953575590796) found in 0 seconds ",
308,:,1737448392.000,2.000,0,131,0,0,"schlandals --timeout 1500 -i /data/schlandals/pwmc_benchmarks/instances/bayesian_networks/pcnf/munin/308.cnf | tr '\n' ' '",/data/schlandals/pwmc_benchmarks/instances/bayesian_networks/pcnf/munin/308.cnf,"Estimated probability 2.3026507e-2 with bounds [2.3026507e-2 2.3026507e-2] (epsilon 0.000000007161145232359445) found in 0 seconds ",
309,:,1737448393.000,1.000,0,131,0,0,"schlandals --timeout 1500 -i /data/schlandals/pwmc_benchmarks/instances/bayesian_networks/pcnf/munin/309.cnf | tr '\n' ' '",/data/schlandals/pwmc_benchmarks/instances/bayesian_networks/pcnf/munin/309.cnf,"Estimated probability 6.7968296e-3 with bounds [6.7968294e-3 6.7968297e-3] (epsilon 0.000000024260743414217245) found in 0 seconds ",
310,:,1737448393.000,1.000,0,131,0,0,"schlandals --timeout 1500 -i /data/schlandals/pwmc_benchmarks/instances/bayesian_networks/pcnf/munin/310.cnf | tr '\n' ' '",/data/schlandals/pwmc_benchmarks/instances/bayesian_networks/pcnf/munin/310.cnf,"Estimated probability 3.4255145e-3 with bounds [3.4255143e-3 3.4255146e-3] (epsilon 0.000000048137630548339416) found in 0 seconds ",
311,:,1737448393.000,1.000,0,130,0,0,"schlandals --timeout 1500 -i /data/schlandals/pwmc_benchmarks/instances/bayesian_networks/pcnf/munin/311.cnf | tr '\n' ' '",/data/schlandals/pwmc_benchmarks/instances/bayesian_networks/pcnf/munin/311.cnf,"Estimated probability 1.8666878e-3 with bounds [1.8666876e-3 1.8666880e-3] (epsilon 0.00000008833624431936471) found in 0 seconds ",
280,:,1737448373.000,22.000,0,131,0,0,"schlandals --timeout 1500 -i /data/schlandals/pwmc_benchmarks/instances/bayesian_networks/pcnf/munin/280.cnf | tr '\n' ' '",/data/schlandals/pwmc_benchmarks/instances/bayesian_networks/pcnf/munin/280.cnf,"Estimated probability 2.4640559e-3 with bounds [2.4640558e-3 2.4640560e-3] (epsilon 0.00000004342031156845394) found in 21 seconds ",
312,:,1737448394.000,1.000,0,131,0,0,"schlandals --timeout 1500 -i /data/schlandals/pwmc_benchmarks/instances/bayesian_networks/pcnf/munin/312.cnf | tr '\n' ' '",/data/schlandals/pwmc_benchmarks/instances/bayesian_networks/pcnf/munin/312.cnf,"Estimated probability 6.8918884e-4 with bounds [6.8918883e-4 6.8918884e-4] (epsilon 0.000000004864303848606255) found in 0 seconds ",
278,:,1737448372.000,23.000,0,132,0,0,"schlandals --timeout 1500 -i /data/schlandals/pwmc_benchmarks/instances/bayesian_networks/pcnf/munin/278.cnf | tr '\n' ' '",/data/schlandals/pwmc_benchmarks/instances/bayesian_networks/pcnf/munin/278.cnf,"Estimated probability 1.2262869e-1 with bounds [1.2262869e-1 1.2262869e-1] (epsilon 0.000000002801925358397739) found in 22 seconds ",
285,:,1737448375.000,20.000,0,132,0,0,"schlandals --timeout 1500 -i /data/schlandals/pwmc_benchmarks/instances/bayesian_networks/pcnf/munin/285.cnf | tr '\n' ' '",/data/schlandals/pwmc_benchmarks/instances/bayesian_networks/pcnf/munin/285.cnf,"Estimated probability 4.0072847e-3 with bounds [4.0072846e-3 4.0072847e-3] (epsilon 0.000000020549649093482003) found in 20 seconds ",
277,:,1737448372.000,23.000,0,133,0,0,"schlandals --timeout 1500 -i /data/schlandals/pwmc_benchmarks/instances/bayesian_networks/pcnf/munin/277.cnf | tr '\n' ' '",/data/schlandals/pwmc_benchmarks/instances/bayesian_networks/pcnf/munin/277.cnf,"Estimated probability 3.2753772e-1 with bounds [3.2753772e-1 3.2753773e-1] (epsilon 0.0000000010490286417308425) found in 22 seconds ",
279,:,1737448373.000,23.000,0,132,0,0,"schlandals --timeout 1500 -i /data/schlandals/pwmc_benchmarks/instances/bayesian_networks/pcnf/munin/279.cnf | tr '\n' ' '",/data/schlandals/pwmc_benchmarks/instances/bayesian_networks/pcnf/munin/279.cnf,"Estimated probability 3.0476187e-2 with bounds [3.0476187e-2 3.0476188e-2] (epsilon 0.000000011046674019965508) found in 23 seconds ",
319,:,1737448395.000,3.000,0,129,0,0,"schlandals --timeout 1500 -i /data/schlandals/pwmc_benchmarks/instances/bayesian_networks/pcnf/munin/319.cnf | tr '\n' ' '",/data/schlandals/pwmc_benchmarks/instances/bayesian_networks/pcnf/munin/319.cnf,"Estimated probability 1.3235793e-3 with bounds [1.3235792e-3 1.3235793e-3] (epsilon 0.0000000374645612311042) found in 2 seconds ",
313,:,1737448394.000,5.000,0,131,0,0,"schlandals --timeout 1500 -i /data/schlandals/pwmc_benchmarks/instances/bayesian_networks/pcnf/munin/313.cnf | tr '\n' ' '",/data/schlandals/pwmc_benchmarks/instances/bayesian_networks/pcnf/munin/313.cnf,"Estimated probability 8.2389367e-3 with bounds [8.2389367e-3 8.2389367e-3] (epsilon 0.000000002093623274745937) found in 4 seconds ",
314,:,1737448394.000,5.000,0,129,0,0,"schlandals --timeout 1500 -i /data/schlandals/pwmc_benchmarks/instances/bayesian_networks/pcnf/munin/314.cnf | tr '\n' ' '",/data/schlandals/pwmc_benchmarks/instances/bayesian_networks/pcnf/munin/314.cnf,"Estimated probability 2.8783851e-5 with bounds [2.8783829e-5 2.8783873e-5] (epsilon 0.0000005992676839206013) found in 4 seconds ",
291,:,1737448380.000,19.000,0,130,0,0,"schlandals --timeout 1500 -i /data/schlandals/pwmc_benchmarks/instances/bayesian_networks/pcnf/munin/291.cnf | tr '\n' ' '",/data/schlandals/pwmc_benchmarks/instances/bayesian_networks/pcnf/munin/291.cnf,"Estimated probability 7.6433267e-3 with bounds [7.6433219e-3 7.6433314e-3] (epsilon 0.0000006150434546103867) found in 19 seconds ",
315,:,1737448394.000,5.000,0,130,0,0,"schlandals --timeout 1500 -i /data/schlandals/pwmc_benchmarks/instances/bayesian_networks/pcnf/munin/315.cnf | tr '\n' ' '",/data/schlandals/pwmc_benchmarks/instances/bayesian_networks/pcnf/munin/315.cnf,"Estimated probability 6.2857709e-4 with bounds [6.2857706e-4 6.2857711e-4] (epsilon 0.00000002744170912727384) found in 4 seconds ",
316,:,1737448395.000,5.000,0,130,0,0,"schlandals --timeout 1500 -i /data/schlandals/pwmc_benchmarks/instances/bayesian_networks/pcnf/munin/316.cnf | tr '\n' ' '",/data/schlandals/pwmc_benchmarks/instances/bayesian_networks/pcnf/munin/316.cnf,"Estimated probability 1.0685865e-3 with bounds [1.0685865e-3 1.0685865e-3] (epsilon 0.00000001614209921285692) found in 4 seconds ",
317,:,1737448395.000,5.000,0,131,0,0,"schlandals --timeout 1500 -i /data/schlandals/pwmc_benchmarks/instances/bayesian_networks/pcnf/munin/317.cnf | tr '\n' ' '",/data/schlandals/pwmc_benchmarks/instances/bayesian_networks/pcnf/munin/317.cnf,"Estimated probability 1.2821688e-3 with bounds [1.2821688e-3 1.2821689e-3] (epsilon 0.000000025691834659724577) found in 4 seconds ",
318,:,1737448395.000,5.000,0,130,0,0,"schlandals --timeout 1500 -i /data/schlandals/pwmc_benchmarks/instances/bayesian_networks/pcnf/munin/318.cnf | tr '\n' ' '",/data/schlandals/pwmc_benchmarks/instances/bayesian_networks/pcnf/munin/318.cnf,"Estimated probability 1.2423214e-3 with bounds [1.2423213e-3 1.2423214e-3] (epsilon 0.00000002651589992019865) found in 4 seconds ",
320,:,1737448395.000,5.000,0,130,0,0,"schlandals --timeout 1500 -i /data/schlandals/pwmc_benchmarks/instances/bayesian_networks/pcnf/munin/320.cnf | tr '\n' ' '",/data/schlandals/pwmc_benchmarks/instances/bayesian_networks/pcnf/munin/320.cnf,"Estimated probability 1.5463978e-3 with bounds [1.5463976e-3 1.5463979e-3] (epsilon 0.00000010388131221894525) found in 4 seconds ",
321,:,1737448396.000,6.000,0,130,0,0,"schlandals --timeout 1500 -i /data/schlandals/pwmc_benchmarks/instances/bayesian_networks/pcnf/munin/321.cnf | tr '\n' ' '",/data/schlandals/pwmc_benchmarks/instances/bayesian_networks/pcnf/munin/321.cnf,"Estimated probability 1.9437233e-3 with bounds [1.9437232e-3 1.9437235e-3] (epsilon 0.00000008264644635325169) found in 4 seconds ",
325,:,1737448399.000,3.000,0,130,0,0,"schlandals --timeout 1500 -i /data/schlandals/pwmc_benchmarks/instances/bayesian_networks/pcnf/munin/325.cnf | tr '\n' ' '",/data/schlandals/pwmc_benchmarks/instances/bayesian_networks/pcnf/munin/325.cnf,"Estimated probability 4.2878974e-2 with bounds [4.2878973e-2 4.2878974e-2] (epsilon 0.00000001440522323647997) found in 2 seconds ",
322,:,1737448398.000,5.000,0,130,0,0,"schlandals --timeout 1500 -i /data/schlandals/pwmc_benchmarks/instances/bayesian_networks/pcnf/munin/322.cnf | tr '\n' ' '",/data/schlandals/pwmc_benchmarks/instances/bayesian_networks/pcnf/munin/322.cnf,"Estimated probability 3.6210644e-3 with bounds [3.6210638e-3 3.6210650e-3] (epsilon 0.00000017058002033110142) found in 4 seconds ",
288,:,1737448379.000,24.000,0,131,0,0,"schlandals --timeout 1500 -i /data/schlandals/pwmc_benchmarks/instances/bayesian_networks/pcnf/munin/288.cnf | tr '\n' ' '",/data/schlandals/pwmc_benchmarks/instances/bayesian_networks/pcnf/munin/288.cnf,"Estimated probability 2.7335605e-3 with bounds [2.7335604e-3 2.7335606e-3] (epsilon 0.00000003012492011400525) found in 23 seconds ",
324,:,1737448399.000,5.000,0,130,0,0,"schlandals --timeout 1500 -i /data/schlandals/pwmc_benchmarks/instances/bayesian_networks/pcnf/munin/324.cnf | tr '\n' ' '",/data/schlandals/pwmc_benchmarks/instances/bayesian_networks/pcnf/munin/324.cnf,"Estimated probability 1.4367893e-2 with bounds [1.4367893e-2 1.4367894e-2] (epsilon 0.00000004299037925648008) found in 4 seconds ",
323,:,1737448399.000,5.000,0,130,0,0,"schlandals --timeout 1500 -i /data/schlandals/pwmc_benchmarks/instances/bayesian_networks/pcnf/munin/323.cnf | tr '\n' ' '",/data/schlandals/pwmc_benchmarks/instances/bayesian_networks/pcnf/munin/323.cnf,"Estimated probability 7.1517515e-3 with bounds [7.1517509e-3 7.1517522e-3] (epsilon 0.00000008636782444781943) found in 4 seconds ",
326,:,1737448399.000,5.000,0,130,0,0,"schlandals --timeout 1500 -i /data/schlandals/pwmc_benchmarks/instances/bayesian_networks/pcnf/munin/326.cnf | tr '\n' ' '",/data/schlandals/pwmc_benchmarks/instances/bayesian_networks/pcnf/munin/326.cnf,"Estimated probability 1.0302540e-1 with bounds [1.0302540e-1 1.0302540e-1] (epsilon 0.00000000584311421469863) found in 4 seconds ",
327,:,1737448400.000,5.000,0,132,0,0,"schlandals --timeout 1500 -i /data/schlandals/pwmc_benchmarks/instances/bayesian_networks/pcnf/munin/327.cnf | tr '\n' ' '",/data/schlandals/pwmc_benchmarks/instances/bayesian_networks/pcnf/munin/327.cnf,"Estimated probability 2.0584522e-1 with bounds [2.0584522e-1 2.0584522e-1] (epsilon 0.0000000029244748844803325) found in 4 seconds ",
328,:,1737448400.000,5.000,0,131,0,0,"schlandals --timeout 1500 -i /data/schlandals/pwmc_benchmarks/instances/bayesian_networks/pcnf/munin/328.cnf | tr '\n' ' '",/data/schlandals/pwmc_benchmarks/instances/bayesian_networks/pcnf/munin/328.cnf,"Estimated probability 2.4744940e-1 with bounds [2.4744940e-1 2.4744940e-1] (epsilon 0.000000002432776868843689) found in 4 seconds ",
329,:,1737448400.000,5.000,0,131,0,0,"schlandals --timeout 1500 -i /data/schlandals/pwmc_benchmarks/instances/bayesian_networks/pcnf/munin/329.cnf | tr '\n' ' '",/data/schlandals/pwmc_benchmarks/instances/bayesian_networks/pcnf/munin/329.cnf,"Estimated probability 2.0223135e-1 with bounds [2.0223135e-1 2.0223135e-1] (epsilon 0.000000002894423367649779) found in 4 seconds ",
332,:,1737448402.000,3.000,0,130,0,0,"schlandals --timeout 1500 -i /data/schlandals/pwmc_benchmarks/instances/bayesian_networks/pcnf/munin/332.cnf | tr '\n' ' '",/data/schlandals/pwmc_benchmarks/instances/bayesian_networks/pcnf/munin/332.cnf,"Estimated probability 1.4769736e-2 with bounds [1.4769736e-2 1.4769737e-2] (epsilon 0.00000003211219135046406) found in 2 seconds ",
281,:,1737448373.000,32.000,0,132,0,0,"schlandals --timeout 1500 -i /data/schlandals/pwmc_benchmarks/instances/bayesian_networks/pcnf/munin/281.cnf | tr '\n' ' '",/data/schlandals/pwmc_benchmarks/instances/bayesian_networks/pcnf/munin/281.cnf,"Estimated probability 8.2389367e-3 with bounds [8.2389367e-3 8.2389368e-3] (epsilon 0.000000006057115475854857) found in 32 seconds ",
330,:,1737448400.000,6.000,0,131,0,0,"schlandals --timeout 1500 -i /data/schlandals/pwmc_benchmarks/instances/bayesian_networks/pcnf/munin/330.cnf | tr '\n' ' '",/data/schlandals/pwmc_benchmarks/instances/bayesian_networks/pcnf/munin/330.cnf,"Estimated probability 1.0043013e-1 with bounds [1.0043013e-1 1.0043013e-1] (epsilon 0.000000005828362015236621) found in 4 seconds ",
293,:,1737448381.000,25.000,0,131,0,0,"schlandals --timeout 1500 -i /data/schlandals/pwmc_benchmarks/instances/bayesian_networks/pcnf/munin/293.cnf | tr '\n' ' '",/data/schlandals/pwmc_benchmarks/instances/bayesian_networks/pcnf/munin/293.cnf,"Estimated probability 2.5680784e-2 with bounds [2.5680780e-2 2.5680789e-2] (epsilon 0.00000018305426041642647) found in 24 seconds ",
331,:,1737448402.000,5.000,0,131,0,0,"schlandals --timeout 1500 -i /data/schlandals/pwmc_benchmarks/instances/bayesian_networks/pcnf/munin/331.cnf | tr '\n' ' '",/data/schlandals/pwmc_benchmarks/instances/bayesian_networks/pcnf/munin/331.cnf,"Estimated probability 4.0926016e-2 with bounds [4.0926015e-2 4.0926016e-2] (epsilon 0.000000014302470985327886) found in 4 seconds ",
282,:,1737448374.000,34.000,0,130,0,0,"schlandals --timeout 1500 -i /data/schlandals/pwmc_benchmarks/instances/bayesian_networks/pcnf/munin/282.cnf | tr '\n' ' '",/data/schlandals/pwmc_benchmarks/instances/bayesian_networks/pcnf/munin/282.cnf,"Estimated probability 2.0230031e-4 with bounds [2.0230026e-4 2.0230037e-4] (epsilon 0.0000002466837334402783) found in 33 seconds ",
333,:,1737448403.000,6.000,0,106,0,0,"schlandals --timeout 1500 -i /data/schlandals/pwmc_benchmarks/instances/bayesian_networks/pcnf/munin/333.cnf | tr '\n' ' '",/data/schlandals/pwmc_benchmarks/instances/bayesian_networks/pcnf/munin/333.cnf,"Estimated probability 1.3794423e-2 with bounds [1.3794423e-2 1.3794423e-2] (epsilon 0) found in 5 seconds ",
338,:,1737448405.000,5.000,0,130,0,0,"schlandals --timeout 1500 -i /data/schlandals/pwmc_benchmarks/instances/bayesian_networks/pcnf/munin/338.cnf | tr '\n' ' '",/data/schlandals/pwmc_benchmarks/instances/bayesian_networks/pcnf/munin/338.cnf,"Estimated probability 1.4195173e-2 with bounds [1.4195168e-2 1.4195178e-2] (epsilon 0.00000033463435156200205) found in 4 seconds ",
283,:,1737448374.000,37.000,0,132,0,0,"schlandals --timeout 1500 -i /data/schlandals/pwmc_benchmarks/instances/bayesian_networks/pcnf/munin/283.cnf | tr '\n' ' '",/data/schlandals/pwmc_benchmarks/instances/bayesian_networks/pcnf/munin/283.cnf,"Estimated probability 6.1215441e-3 with bounds [6.1215440e-3 6.1215442e-3] (epsilon 0.000000013452209124409364) found in 35 seconds ",
287,:,1737448377.000,35.000,0,131,0,0,"schlandals --timeout 1500 -i /data/schlandals/pwmc_benchmarks/instances/bayesian_networks/pcnf/munin/287.cnf | tr '\n' ' '",/data/schlandals/pwmc_benchmarks/instances/bayesian_networks/pcnf/munin/287.cnf,"Estimated probability 2.7159568e-3 with bounds [2.7159567e-3 2.7159569e-3] (epsilon 0.00000003032017836801515) found in 33 seconds ",
286,:,1737448376.000,36.000,0,131,0,0,"schlandals --timeout 1500 -i /data/schlandals/pwmc_benchmarks/instances/bayesian_networks/pcnf/munin/286.cnf | tr '\n' ' '",/data/schlandals/pwmc_benchmarks/instances/bayesian_networks/pcnf/munin/286.cnf,"Estimated probability 3.4351689e-3 with bounds [3.4351688e-3 3.4351690e-3] (epsilon 0.00000002397212361948675) found in 34 seconds ",
284,:,1737448374.000,38.000,0,132,0,0,"schlandals --timeout 1500 -i /data/schlandals/pwmc_benchmarks/instances/bayesian_networks/pcnf/munin/284.cnf | tr '\n' ' '",/data/schlandals/pwmc_benchmarks/instances/bayesian_networks/pcnf/munin/284.cnf,"Estimated probability 4.1088931e-3 with bounds [4.1088930e-3 4.1088931e-3] (epsilon 0.000000020041479142918206) found in 37 seconds ",
334,:,1737448403.000,10.000,0,131,0,0,"schlandals --timeout 1500 -i /data/schlandals/pwmc_benchmarks/instances/bayesian_networks/pcnf/munin/334.cnf | tr '\n' ' '",/data/schlandals/pwmc_benchmarks/instances/bayesian_networks/pcnf/munin/334.cnf,"Estimated probability 8.9170996e-3 with bounds [8.9170994e-3 8.9170999e-3] (epsilon 0.000000026645727180252265) found in 9 seconds ",
347,:,1737448409.000,4.000,0,128,0,0,"schlandals --timeout 1500 -i /data/schlandals/pwmc_benchmarks/instances/bayesian_networks/pcnf/munin/347.cnf | tr '\n' ' '",/data/schlandals/pwmc_benchmarks/instances/bayesian_networks/pcnf/munin/347.cnf,"Estimated probability 2.5248945e-4 with bounds [2.5248524e-4 2.5249366e-4] (epsilon 0.000016645057622222126) found in 3 seconds ",
295,:,1737448382.000,31.000,0,132,0,0,"schlandals --timeout 1500 -i /data/schlandals/pwmc_benchmarks/instances/bayesian_networks/pcnf/munin/295.cnf | tr '\n' ' '",/data/schlandals/pwmc_benchmarks/instances/bayesian_networks/pcnf/munin/295.cnf,"Estimated probability 1.3757367e-1 with bounds [1.3757367e-1 1.3757368e-1] (epsilon 0.000000034170612783768206) found in 31 seconds ",
336,:,1737448404.000,9.000,0,130,0,0,"schlandals --timeout 1500 -i /data/schlandals/pwmc_benchmarks/instances/bayesian_networks/pcnf/munin/336.cnf | tr '\n' ' '",/data/schlandals/pwmc_benchmarks/instances/bayesian_networks/pcnf/munin/336.cnf,"Estimated probability 8.5845131e-3 with bounds [8.5845125e-3 8.5845136e-3] (epsilon 0.00000006319811673982656) found in 9 seconds ",
343,:,1737448406.000,8.000,0,130,0,0,"schlandals --timeout 1500 -i /data/schlandals/pwmc_benchmarks/instances/bayesian_networks/pcnf/munin/343.cnf | tr '\n' ' '",/data/schlandals/pwmc_benchmarks/instances/bayesian_networks/pcnf/munin/343.cnf,"Estimated probability 2.7225408e-1 with bounds [2.7225408e-1 2.7225409e-1] (epsilon 0.00000001744764199784754) found in 7 seconds ",
340,:,1737448405.000,9.000,0,129,0,0,"schlandals --timeout 1500 -i /data/schlandals/pwmc_benchmarks/instances/bayesian_networks/pcnf/munin/340.cnf | tr '\n' ' '",/data/schlandals/pwmc_benchmarks/instances/bayesian_networks/pcnf/munin/340.cnf,"Estimated probability 5.0398523e-2 with bounds [5.0398518e-2 5.0398528e-2] (epsilon 0.0000000942526019453993) found in 8 seconds ",
335,:,1737448404.000,10.000,0,131,0,0,"schlandals --timeout 1500 -i /data/schlandals/pwmc_benchmarks/instances/bayesian_networks/pcnf/munin/335.cnf | tr '\n' ' '",/data/schlandals/pwmc_benchmarks/instances/bayesian_networks/pcnf/munin/335.cnf,"Estimated probability 8.1589718e-3 with bounds [8.1589715e-3 8.1589720e-3] (epsilon 0.000000029121635991558037) found in 9 seconds ",
341,:,1737448405.000,9.000,0,131,0,0,"schlandals --timeout 1500 -i /data/schlandals/pwmc_benchmarks/instances/bayesian_networks/pcnf/munin/341.cnf | tr '\n' ' '",/data/schlandals/pwmc_benchmarks/instances/bayesian_networks/pcnf/munin/341.cnf,"Estimated probability 1.4283210e-1 with bounds [1.4283209e-1 1.4283210e-1] (epsilon 0.000000033257173459588785) found in 8 seconds ",
339,:,1737448405.000,9.000,0,130,0,0,"schlandals --timeout 1500 -i /data/schlandals/pwmc_benchmarks/instances/bayesian_networks/pcnf/munin/339.cnf | tr '\n' ' '",/data/schlandals/pwmc_benchmarks/instances/bayesian_networks/pcnf/munin/339.cnf,"Estimated probability 2.1424899e-2 with bounds [2.1424894e-2 2.1424904e-2] (epsilon 0.00000022171363345258044) found in 8 seconds ",
344,:,1737448406.000,8.000,0,131,0,0,"schlandals --timeout 1500 -i /data/schlandals/pwmc_benchmarks/instances/bayesian_networks/pcnf/munin/344.cnf | tr '\n' ' '",/data/schlandals/pwmc_benchmarks/instances/bayesian_networks/pcnf/munin/344.cnf,"Estimated probability 1.3768642e-1 with bounds [1.3768642e-1 1.3768643e-1] (epsilon 0.000000034500074352905585) found in 8 seconds ",
337,:,1737448404.000,10.000,0,129,0,0,"schlandals --timeout 1500 -i /data/schlandals/pwmc_benchmarks/instances/bayesian_networks/pcnf/munin/337.cnf | tr '\n' ' '",/data/schlandals/pwmc_benchmarks/instances/bayesian_networks/pcnf/munin/337.cnf,"Estimated probability 1.0402888e-2 with bounds [1.0402887e-2 1.0402888e-2] (epsilon 0.0000000521513907614235) found in 9 seconds ",
342,:,1737448405.000,10.000,0,131,0,0,"schlandals --timeout 1500 -i /data/schlandals/pwmc_benchmarks/instances/bayesian_networks/pcnf/munin/342.cnf | tr '\n' ' '",/data/schlandals/pwmc_benchmarks/instances/bayesian_networks/pcnf/munin/342.cnf,"Estimated probability 2.7359280e-1 with bounds [2.7359280e-1 2.7359281e-1] (epsilon 0.000000017362268511789125) found in 8 seconds ",
290,:,1737448379.000,36.000,0,131,0,0,"schlandals --timeout 1500 -i /data/schlandals/pwmc_benchmarks/instances/bayesian_networks/pcnf/munin/290.cnf | tr '\n' ' '",/data/schlandals/pwmc_benchmarks/instances/bayesian_networks/pcnf/munin/290.cnf,"Estimated probability 5.8181944e-3 with bounds [5.8181940e-3 5.8181948e-3] (epsilon 0.00000007184896766432303) found in 35 seconds ",
346,:,1737448408.000,7.000,0,129,0,0,"schlandals --timeout 1500 -i /data/schlandals/pwmc_benchmarks/instances/bayesian_networks/pcnf/munin/346.cnf | tr '\n' ' '",/data/schlandals/pwmc_benchmarks/instances/bayesian_networks/pcnf/munin/346.cnf,"Estimated probability 3.9922010e-3 with bounds [3.9921965e-3 3.9922055e-3] (epsilon 0.0000011290993460200127) found in 6 seconds ",
345,:,1737448407.000,9.000,0,129,0,0,"schlandals --timeout 1500 -i /data/schlandals/pwmc_benchmarks/instances/bayesian_networks/pcnf/munin/345.cnf | tr '\n' ' '",/data/schlandals/pwmc_benchmarks/instances/bayesian_networks/pcnf/munin/345.cnf,"Estimated probability 3.3513457e-2 with bounds [3.3513453e-2 3.3513462e-2] (epsilon 0.0000001417398369785161) found in 8 seconds ",
289,:,1737448379.000,37.000,0,131,0,0,"schlandals --timeout 1500 -i /data/schlandals/pwmc_benchmarks/instances/bayesian_networks/pcnf/munin/289.cnf | tr '\n' ' '",/data/schlandals/pwmc_benchmarks/instances/bayesian_networks/pcnf/munin/289.cnf,"Estimated probability 3.8835339e-3 with bounds [3.8835339e-3 3.8835340e-3] (epsilon 0.00000002120447351039445) found in 36 seconds ",
367,:,1737448416.000,0.000,0,106,0,0,"schlandals --timeout 1500 -i /data/schlandals/pwmc_benchmarks/instances/bayesian_networks/pcnf/munin/367.cnf | tr '\n' ' '",/data/schlandals/pwmc_benchmarks/instances/bayesian_networks/pcnf/munin/367.cnf,"Estimated probability 9.7338253e-2 with bounds [9.7338253e-2 9.7338253e-2] (epsilon 0) found in 0 seconds ",
368,:,1737448416.000,1.000,0,106,0,0,"schlandals --timeout 1500 -i /data/schlandals/pwmc_benchmarks/instances/bayesian_networks/pcnf/munin/368.cnf | tr '\n' ' '",/data/schlandals/pwmc_benchmarks/instances/bayesian_networks/pcnf/munin/368.cnf,"Estimated probability 5.4820564e-1 with bounds [5.4820564e-1 5.4820564e-1] (epsilon 0) found in 0 seconds ",
292,:,1737448381.000,36.000,0,131,0,0,"schlandals --timeout 1500 -i /data/schlandals/pwmc_benchmarks/instances/bayesian_networks/pcnf/munin/292.cnf | tr '\n' ' '",/data/schlandals/pwmc_benchmarks/instances/bayesian_networks/pcnf/munin/292.cnf,"Estimated probability 1.0944984e-2 with bounds [1.0944980e-2 1.0944989e-2] (epsilon 0.00000042950976597566637) found in 35 seconds ",
369,:,1737448416.000,1.000,0,106,0,0,"schlandals --timeout 1500 -i /data/schlandals/pwmc_benchmarks/instances/bayesian_networks/pcnf/munin/369.cnf | tr '\n' ' '",/data/schlandals/pwmc_benchmarks/instances/bayesian_networks/pcnf/munin/369.cnf,"Estimated probability 3.1676146e-1 with bounds [3.1676146e-1 3.1676146e-1] (epsilon 0) found in 0 seconds ",
370,:,1737448417.000,0.000,0,106,0,0,"schlandals --timeout 1500 -i /data/schlandals/pwmc_benchmarks/instances/bayesian_networks/pcnf/munin/370.cnf | tr '\n' ' '",/data/schlandals/pwmc_benchmarks/instances/bayesian_networks/pcnf/munin/370.cnf,"Estimated probability 2.5523409e-2 with bounds [2.5523409e-2 2.5523409e-2] (epsilon 0) found in 0 seconds ",
371,:,1737448417.000,1.000,0,106,0,0,"schlandals --timeout 1500 -i /data/schlandals/pwmc_benchmarks/instances/bayesian_networks/pcnf/munin/371.cnf | tr '\n' ' '",/data/schlandals/pwmc_benchmarks/instances/bayesian_networks/pcnf/munin/371.cnf,"Estimated probability 2.7831620e-3 with bounds [2.7831620e-3 2.7831620e-3] (epsilon 0) found in 0 seconds ",
354,:,1737448413.000,5.000,0,131,0,0,"schlandals --timeout 1500 -i /data/schlandals/pwmc_benchmarks/instances/bayesian_networks/pcnf/munin/354.cnf | tr '\n' ' '",/data/schlandals/pwmc_benchmarks/instances/bayesian_networks/pcnf/munin/354.cnf,"Estimated probability 2.7712148e-3 with bounds [2.7712147e-3 2.7712148e-3] (epsilon 0.000000031037869607786206) found in 4 seconds ",
372,:,1737448417.000,1.000,0,106,0,0,"schlandals --timeout 1500 -i /data/schlandals/pwmc_benchmarks/instances/bayesian_networks/pcnf/munin/372.cnf | tr '\n' ' '",/data/schlandals/pwmc_benchmarks/instances/bayesian_networks/pcnf/munin/372.cnf,"Estimated probability 3.0480228e-3 with bounds [3.0480228e-3 3.0480228e-3] (epsilon 0) found in 0 seconds ",
373,:,1737448417.000,1.000,0,106,0,0,"schlandals --timeout 1500 -i /data/schlandals/pwmc_benchmarks/instances/bayesian_networks/pcnf/munin/373.cnf | tr '\n' ' '",/data/schlandals/pwmc_benchmarks/instances/bayesian_networks/pcnf/munin/373.cnf,"Estimated probability 2.4481295e-3 with bounds [2.4481295e-3 2.4481295e-3] (epsilon 0) found in 0 seconds ",
374,:,1737448418.000,1.000,0,106,0,0,"schlandals --timeout 1500 -i /data/schlandals/pwmc_benchmarks/instances/bayesian_networks/pcnf/munin/374.cnf | tr '\n' ' '",/data/schlandals/pwmc_benchmarks/instances/bayesian_networks/pcnf/munin/374.cnf,"Estimated probability 4.7315610e-4 with bounds [4.7315610e-4 4.7315610e-4] (epsilon 0) found in 0 seconds ",
297,:,1737448384.000,35.000,0,132,0,0,"schlandals --timeout 1500 -i /data/schlandals/pwmc_benchmarks/instances/bayesian_networks/pcnf/munin/297.cnf | tr '\n' ' '",/data/schlandals/pwmc_benchmarks/instances/bayesian_networks/pcnf/munin/297.cnf,"Estimated probability 2.2167404e-1 with bounds [2.2167404e-1 2.2167405e-1] (epsilon 0.000000021206707723209206) found in 34 seconds ",
348,:,1737448410.000,9.000,0,130,0,0,"schlandals --timeout 1500 -i /data/schlandals/pwmc_benchmarks/instances/bayesian_networks/pcnf/munin/348.cnf | tr '\n' ' '",/data/schlandals/pwmc_benchmarks/instances/bayesian_networks/pcnf/munin/348.cnf,"Estimated probability 8.2389367e-3 with bounds [8.2389367e-3 8.2389368e-3] (epsilon 0.00000000480694706261886) found in 8 seconds ",
375,:,1737448418.000,1.000,0,106,0,0,"schlandals --timeout 1500 -i /data/schlandals/pwmc_benchmarks/instances/bayesian_networks/pcnf/munin/375.cnf | tr '\n' ' '",/data/schlandals/pwmc_benchmarks/instances/bayesian_networks/pcnf/munin/375.cnf,"Estimated probability 2.9745681e-4 with bounds [2.9745681e-4 2.9745681e-4] (epsilon 0) found in 0 seconds ",
376,:,1737448418.000,1.000,0,106,0,0,"schlandals --timeout 1500 -i /data/schlandals/pwmc_benchmarks/instances/bayesian_networks/pcnf/munin/376.cnf | tr '\n' ' '",/data/schlandals/pwmc_benchmarks/instances/bayesian_networks/pcnf/munin/376.cnf,"Estimated probability 5.9117955e-4 with bounds [5.9117955e-4 5.9117955e-4] (epsilon 0) found in 0 seconds ",
294,:,1737448382.000,37.000,0,131,0,0,"schlandals --timeout 1500 -i /data/schlandals/pwmc_benchmarks/instances/bayesian_networks/pcnf/munin/294.cnf | tr '\n' ' '",/data/schlandals/pwmc_benchmarks/instances/bayesian_networks/pcnf/munin/294.cnf,"Estimated probability 6.0039308e-2 with bounds [6.0039303e-2 6.0039313e-2] (epsilon 0.00000007829831694117217) found in 37 seconds ",
377,:,1737448418.000,1.000,0,106,0,0,"schlandals --timeout 1500 -i /data/schlandals/pwmc_benchmarks/instances/bayesian_networks/pcnf/munin/377.cnf | tr '\n' ' '",/data/schlandals/pwmc_benchmarks/instances/bayesian_networks/pcnf/munin/377.cnf,"Estimated probability 5.7098451e-4 with bounds [5.7098451e-4 5.7098451e-4] (epsilon 0) found in 0 seconds ",
378,:,1737448419.000,0.000,0,106,0,0,"schlandals --timeout 1500 -i /data/schlandals/pwmc_benchmarks/instances/bayesian_networks/pcnf/munin/378.cnf | tr '\n' ' '",/data/schlandals/pwmc_benchmarks/instances/bayesian_networks/pcnf/munin/378.cnf,"Estimated probability 1.9591414e-3 with bounds [1.9591414e-3 1.9591414e-3] (epsilon 0) found in 0 seconds ",
349,:,1737448411.000,9.000,0,130,0,0,"schlandals --timeout 1500 -i /data/schlandals/pwmc_benchmarks/instances/bayesian_networks/pcnf/munin/349.cnf | tr '\n' ' '",/data/schlandals/pwmc_benchmarks/instances/bayesian_networks/pcnf/munin/349.cnf,"Estimated probability 9.3332395e-5 with bounds [9.3332350e-5 9.3332440e-5] (epsilon 0.00000042433433367072837) found in 8 seconds ",
296,:,1737448384.000,36.000,0,130,0,0,"schlandals --timeout 1500 -i /data/schlandals/pwmc_benchmarks/instances/bayesian_networks/pcnf/munin/296.cnf | tr '\n' ' '",/data/schlandals/pwmc_benchmarks/instances/bayesian_networks/pcnf/munin/296.cnf,"Estimated probability 1.9968718e-1 with bounds [1.9968718e-1 1.9968719e-1] (epsilon 0.0000000235417045857389) found in 35 seconds ",
350,:,1737448412.000,8.000,0,131,0,0,"schlandals --timeout 1500 -i /data/schlandals/pwmc_benchmarks/instances/bayesian_networks/pcnf/munin/350.cnf | tr '\n' ' '",/data/schlandals/pwmc_benchmarks/instances/bayesian_networks/pcnf/munin/350.cnf,"Estimated probability 1.6232401e-3 with bounds [1.6232401e-3 1.6232401e-3] (epsilon 0.000000024398198350539246) found in 8 seconds ",
366,:,1737448415.000,6.000,0,128,0,0,"schlandals --timeout 1500 -i /data/schlandals/pwmc_benchmarks/instances/bayesian_networks/pcnf/munin/366.cnf | tr '\n' ' '",/data/schlandals/pwmc_benchmarks/instances/bayesian_networks/pcnf/munin/366.cnf,"Estimated probability 5.8351070e-3 with bounds [5.8351021e-3 5.8351118e-3] (epsilon 0.000000824912546493195) found in 5 seconds ",
351,:,1737448412.000,9.000,0,131,0,0,"schlandals --timeout 1500 -i /data/schlandals/pwmc_benchmarks/instances/bayesian_networks/pcnf/munin/351.cnf | tr '\n' ' '",/data/schlandals/pwmc_benchmarks/instances/bayesian_networks/pcnf/munin/351.cnf,"Estimated probability 2.8355462e-3 with bounds [2.8355461e-3 2.8355462e-3] (epsilon 0.000000013967021095240284) found in 8 seconds ",
358,:,1737448414.000,7.000,0,130,0,0,"schlandals --timeout 1500 -i /data/schlandals/pwmc_benchmarks/instances/bayesian_networks/pcnf/munin/358.cnf | tr '\n' ' '",/data/schlandals/pwmc_benchmarks/instances/bayesian_networks/pcnf/munin/358.cnf,"Estimated probability 6.9351404e-3 with bounds [6.9351399e-3 6.9351410e-3] (epsilon 0.00000007563049897463259) found in 6 seconds ",
299,:,1737448387.000,34.000,0,131,0,0,"schlandals --timeout 1500 -i /data/schlandals/pwmc_benchmarks/instances/bayesian_networks/pcnf/munin/299.cnf | tr '\n' ' '",/data/schlandals/pwmc_benchmarks/instances/bayesian_networks/pcnf/munin/299.cnf,"Estimated probability 9.2963327e-2 with bounds [9.2963322e-2 9.2963332e-2] (epsilon 0.00000005056807728109902) found in 34 seconds ",
352,:,1737448412.000,9.000,0,129,0,0,"schlandals --timeout 1500 -i /data/schlandals/pwmc_benchmarks/instances/bayesian_networks/pcnf/munin/352.cnf | tr '\n' ' '",/data/schlandals/pwmc_benchmarks/instances/bayesian_networks/pcnf/munin/352.cnf,"Estimated probability 3.1588237e-3 with bounds [3.1588236e-3 3.1588237e-3] (epsilon 0.0000000214350941440955) found in 8 seconds ",
298,:,1737448386.000,35.000,0,132,0,0,"schlandals --timeout 1500 -i /data/schlandals/pwmc_benchmarks/instances/bayesian_networks/pcnf/munin/298.cnf | tr '\n' ' '",/data/schlandals/pwmc_benchmarks/instances/bayesian_networks/pcnf/munin/298.cnf,"Estimated probability 1.5349068e-1 with bounds [1.5349067e-1 1.5349068e-1] (epsilon 0.000000030627115288339724) found in 34 seconds ",
300,:,1737448388.000,34.000,0,131,0,0,"schlandals --timeout 1500 -i /data/schlandals/pwmc_benchmarks/instances/bayesian_networks/pcnf/munin/300.cnf | tr '\n' ' '",/data/schlandals/pwmc_benchmarks/instances/bayesian_networks/pcnf/munin/300.cnf,"Estimated probability 4.9037361e-2 with bounds [4.9037356e-2 4.9037366e-2] (epsilon 0.00000009586520843818391) found in 33 seconds ",
353,:,1737448413.000,9.000,0,129,0,0,"schlandals --timeout 1500 -i /data/schlandals/pwmc_benchmarks/instances/bayesian_networks/pcnf/munin/353.cnf | tr '\n' ' '",/data/schlandals/pwmc_benchmarks/instances/bayesian_networks/pcnf/munin/353.cnf,"Estimated probability 2.8162619e-3 with bounds [2.8162619e-3 2.8162620e-3] (epsilon 0.0000000240423951858304) found in 9 seconds ",
356,:,1737448413.000,10.000,0,130,0,0,"schlandals --timeout 1500 -i /data/schlandals/pwmc_benchmarks/instances/bayesian_networks/pcnf/munin/356.cnf | tr '\n' ' '",/data/schlandals/pwmc_benchmarks/instances/bayesian_networks/pcnf/munin/356.cnf,"Estimated probability 2.4835896e-3 with bounds [2.4835895e-3 2.4835897e-3] (epsilon 0.00000003463237385759044) found in 9 seconds ",
359,:,1737448414.000,9.000,0,130,0,0,"schlandals --timeout 1500 -i /data/schlandals/pwmc_benchmarks/instances/bayesian_networks/pcnf/munin/359.cnf | tr '\n' ' '",/data/schlandals/pwmc_benchmarks/instances/bayesian_networks/pcnf/munin/359.cnf,"Estimated probability 1.4799201e-2 with bounds [1.4799196e-2 1.4799206e-2] (epsilon 0.00000032838666452761345) found in 8 seconds ",
355,:,1737448413.000,10.000,0,129,0,0,"schlandals --timeout 1500 -i /data/schlandals/pwmc_benchmarks/instances/bayesian_networks/pcnf/munin/355.cnf | tr '\n' ' '",/data/schlandals/pwmc_benchmarks/instances/bayesian_networks/pcnf/munin/355.cnf,"Estimated probability 2.7432299e-3 with bounds [2.7432298e-3 2.7432299e-3] (epsilon 0.0000000313545005514726) found in 9 seconds ",
360,:,1737448414.000,10.000,0,130,0,0,"schlandals --timeout 1500 -i /data/schlandals/pwmc_benchmarks/instances/bayesian_networks/pcnf/munin/360.cnf | tr '\n' ' '",/data/schlandals/pwmc_benchmarks/instances/bayesian_networks/pcnf/munin/360.cnf,"Estimated probability 4.9067219e-2 with bounds [4.9067214e-2 4.9067224e-2] (epsilon 0.00000009847214044178543) found in 9 seconds ",
357,:,1737448414.000,10.000,0,130,0,0,"schlandals --timeout 1500 -i /data/schlandals/pwmc_benchmarks/instances/bayesian_networks/pcnf/munin/357.cnf | tr '\n' ' '",/data/schlandals/pwmc_benchmarks/instances/bayesian_networks/pcnf/munin/357.cnf,"Estimated probability 3.8453619e-3 with bounds [3.8453614e-3 3.8453624e-3] (epsilon 0.00000013640020557481591) found in 9 seconds ",
361,:,1737448414.000,10.000,0,131,0,0,"schlandals --timeout 1500 -i /data/schlandals/pwmc_benchmarks/instances/bayesian_networks/pcnf/munin/361.cnf | tr '\n' ' '",/data/schlandals/pwmc_benchmarks/instances/bayesian_networks/pcnf/munin/361.cnf,"Estimated probability 1.4360146e-1 with bounds [1.4360146e-1 1.4360147e-1] (epsilon 0.000000033646967656508764) found in 9 seconds ",
398,:,1737448423.000,1.000,0,106,0,0,"schlandals --timeout 1500 -i /data/schlandals/pwmc_benchmarks/instances/bayesian_networks/pcnf/munin/398.cnf | tr '\n' ' '",/data/schlandals/pwmc_benchmarks/instances/bayesian_networks/pcnf/munin/398.cnf,"Estimated probability 2.8807940e-2 with bounds [2.8807940e-2 2.8807940e-2] (epsilon 0) found in 0 seconds ",
399,:,1737448423.000,1.000,0,106,0,0,"schlandals --timeout 1500 -i /data/schlandals/pwmc_benchmarks/instances/bayesian_networks/pcnf/munin/399.cnf | tr '\n' ' '",/data/schlandals/pwmc_benchmarks/instances/bayesian_networks/pcnf/munin/399.cnf,"Estimated probability 2.8241892e-1 with bounds [2.8241892e-1 2.8241892e-1] (epsilon 0) found in 0 seconds ",
363,:,1737448414.000,10.000,0,131,0,0,"schlandals --timeout 1500 -i /data/schlandals/pwmc_benchmarks/instances/bayesian_networks/pcnf/munin/363.cnf | tr '\n' ' '",/data/schlandals/pwmc_benchmarks/instances/bayesian_networks/pcnf/munin/363.cnf,"Estimated probability 2.8374014e-1 with bounds [2.8374014e-1 2.8374015e-1] (epsilon 0.000000016964293303445288) found in 8 seconds ",
362,:,1737448414.000,10.000,0,130,0,0,"schlandals --timeout 1500 -i /data/schlandals/pwmc_benchmarks/instances/bayesian_networks/pcnf/munin/362.cnf | tr '\n' ' '",/data/schlandals/pwmc_benchmarks/instances/bayesian_networks/pcnf/munin/362.cnf,"Estimated probability 2.9315189e-1 with bounds [2.9315189e-1 2.9315190e-1] (epsilon 0.00000001648208325377709) found in 9 seconds ",
400,:,1737448424.000,0.000,0,106,0,0,"schlandals --timeout 1500 -i /data/schlandals/pwmc_benchmarks/instances/bayesian_networks/pcnf/munin/400.cnf | tr '\n' ' '",/data/schlandals/pwmc_benchmarks/instances/bayesian_networks/pcnf/munin/400.cnf,"Estimated probability 5.1567683e-1 with bounds [5.1567683e-1 5.1567683e-1] (epsilon 0) found in 0 seconds ",
401,:,1737448424.000,0.000,0,106,0,0,"schlandals --timeout 1500 -i /data/schlandals/pwmc_benchmarks/instances/bayesian_networks/pcnf/munin/401.cnf | tr '\n' ' '",/data/schlandals/pwmc_benchmarks/instances/bayesian_networks/pcnf/munin/401.cnf,"Estimated probability 1.6901953e-1 with bounds [1.6901953e-1 1.6901953e-1] (epsilon 0) found in 0 seconds ",
402,:,1737448424.000,0.000,0,106,0,0,"schlandals --timeout 1500 -i /data/schlandals/pwmc_benchmarks/instances/bayesian_networks/pcnf/munin/402.cnf | tr '\n' ' '",/data/schlandals/pwmc_benchmarks/instances/bayesian_networks/pcnf/munin/402.cnf,"Estimated probability 3.2043614e-3 with bounds [3.2043614e-3 3.2043614e-3] (epsilon 0) found in 0 seconds ",
364,:,1737448415.000,9.000,0,131,0,0,"schlandals --timeout 1500 -i /data/schlandals/pwmc_benchmarks/instances/bayesian_networks/pcnf/munin/364.cnf | tr '\n' ' '",/data/schlandals/pwmc_benchmarks/instances/bayesian_networks/pcnf/munin/364.cnf,"Estimated probability 1.3754388e-1 with bounds [1.3754388e-1 1.3754389e-1] (epsilon 0.000000034995747855148807) found in 9 seconds ",
403,:,1737448424.000,0.000,0,106,0,0,"schlandals --timeout 1500 -i /data/schlandals/pwmc_benchmarks/instances/bayesian_networks/pcnf/munin/403.cnf | tr '\n' ' '",/data/schlandals/pwmc_benchmarks/instances/bayesian_networks/pcnf/munin/403.cnf,"Estimated probability 3.3095247e-4 with bounds [3.3095247e-4 3.3095247e-4] (epsilon 0) found in 0 seconds ",
404,:,1737448424.000,0.000,0,106,0,0,"schlandals --timeout 1500 -i /data/schlandals/pwmc_benchmarks/instances/bayesian_networks/pcnf/munin/404.cnf | tr '\n' ' '",/data/schlandals/pwmc_benchmarks/instances/bayesian_networks/pcnf/munin/404.cnf,"Estimated probability 3.4905230e-4 with bounds [3.4905230e-4 3.4905230e-4] (epsilon 0) found in 0 seconds ",
405,:,1737448424.000,0.000,0,106,0,0,"schlandals --timeout 1500 -i /data/schlandals/pwmc_benchmarks/instances/bayesian_networks/pcnf/munin/405.cnf | tr '\n' ' '",/data/schlandals/pwmc_benchmarks/instances/bayesian_networks/pcnf/munin/405.cnf,"Estimated probability 9.4373031e-5 with bounds [9.4373030e-5 9.4373031e-5] (epsilon 0) found in 0 seconds ",
365,:,1737448415.000,10.000,0,130,0,0,"schlandals --timeout 1500 -i /data/schlandals/pwmc_benchmarks/instances/bayesian_networks/pcnf/munin/365.cnf | tr '\n' ' '",/data/schlandals/pwmc_benchmarks/instances/bayesian_networks/pcnf/munin/365.cnf,"Estimated probability 3.4716449e-2 with bounds [3.4716444e-2 3.4716454e-2] (epsilon 0.00000013865044956595796) found in 9 seconds ",
406,:,1737448424.000,1.000,0,106,0,0,"schlandals --timeout 1500 -i /data/schlandals/pwmc_benchmarks/instances/bayesian_networks/pcnf/munin/406.cnf | tr '\n' ' '",/data/schlandals/pwmc_benchmarks/instances/bayesian_networks/pcnf/munin/406.cnf,"Estimated probability 1.5579374e-5 with bounds [1.5579374e-5 1.5579375e-5] (epsilon 0) found in 0 seconds ",
407,:,1737448424.000,1.000,0,106,0,0,"schlandals --timeout 1500 -i /data/schlandals/pwmc_benchmarks/instances/bayesian_networks/pcnf/munin/407.cnf | tr '\n' ' '",/data/schlandals/pwmc_benchmarks/instances/bayesian_networks/pcnf/munin/407.cnf,"Estimated probability 3.0366567e-5 with bounds [3.0366567e-5 3.0366568e-5] (epsilon 0) found in 0 seconds ",
408,:,1737448424.000,1.000,0,106,0,0,"schlandals --timeout 1500 -i /data/schlandals/pwmc_benchmarks/instances/bayesian_networks/pcnf/munin/408.cnf | tr '\n' ' '",/data/schlandals/pwmc_benchmarks/instances/bayesian_networks/pcnf/munin/408.cnf,"Estimated probability 3.2926201e-5 with bounds [3.2926201e-5 3.2926202e-5] (epsilon 0) found in 0 seconds ",
409,:,1737448424.000,1.000,0,106,0,0,"schlandals --timeout 1500 -i /data/schlandals/pwmc_benchmarks/instances/bayesian_networks/pcnf/munin/409.cnf | tr '\n' ' '",/data/schlandals/pwmc_benchmarks/instances/bayesian_networks/pcnf/munin/409.cnf,"Estimated probability 1.9178625e-5 with bounds [1.9178625e-5 1.9178625e-5] (epsilon 0) found in 0 seconds ",
410,:,1737448424.000,5.000,0,132,0,0,"schlandals --timeout 1500 -i /data/schlandals/pwmc_benchmarks/instances/bayesian_networks/pcnf/munin/410.cnf | tr '\n' ' '",/data/schlandals/pwmc_benchmarks/instances/bayesian_networks/pcnf/munin/410.cnf,"Estimated probability 6.9951927e-3 with bounds [6.9951927e-3 6.9951927e-3] (epsilon 0.0000000009667098233023808) found in 4 seconds ",
412,:,1737448424.000,6.000,0,131,0,0,"schlandals --timeout 1500 -i /data/schlandals/pwmc_benchmarks/instances/bayesian_networks/pcnf/munin/412.cnf | tr '\n' ' '",/data/schlandals/pwmc_benchmarks/instances/bayesian_networks/pcnf/munin/412.cnf,"Estimated probability 9.0942990e-4 with bounds [9.0942989e-4 9.0942991e-4] (epsilon 0.000000007435780879916365) found in 4 seconds ",
411,:,1737448424.000,6.000,0,130,0,0,"schlandals --timeout 1500 -i /data/schlandals/pwmc_benchmarks/instances/bayesian_networks/pcnf/munin/411.cnf | tr '\n' ' '",/data/schlandals/pwmc_benchmarks/instances/bayesian_networks/pcnf/munin/411.cnf,"Estimated probability 1.0347150e-4 with bounds [1.0347149e-4 1.0347151e-4] (epsilon 0.00000006535443453081768) found in 5 seconds ",
414,:,1737448425.000,5.000,0,131,0,0,"schlandals --timeout 1500 -i /data/schlandals/pwmc_benchmarks/instances/bayesian_networks/pcnf/munin/414.cnf | tr '\n' ' '",/data/schlandals/pwmc_benchmarks/instances/bayesian_networks/pcnf/munin/414.cnf,"Estimated probability 1.2631140e-3 with bounds [1.2631140e-3 1.2631140e-3] (epsilon 0.000000005353690601950234) found in 4 seconds ",
413,:,1737448424.000,6.000,0,131,0,0,"schlandals --timeout 1500 -i /data/schlandals/pwmc_benchmarks/instances/bayesian_networks/pcnf/munin/413.cnf | tr '\n' ' '",/data/schlandals/pwmc_benchmarks/instances/bayesian_networks/pcnf/munin/413.cnf,"Estimated probability 1.0212251e-3 with bounds [1.0212251e-3 1.0212251e-3] (epsilon 0.000000006621773573911582) found in 5 seconds ",
415,:,1737448425.000,5.000,0,131,0,0,"schlandals --timeout 1500 -i /data/schlandals/pwmc_benchmarks/instances/bayesian_networks/pcnf/munin/415.cnf | tr '\n' ' '",/data/schlandals/pwmc_benchmarks/instances/bayesian_networks/pcnf/munin/415.cnf,"Estimated probability 1.2280476e-3 with bounds [1.2280476e-3 1.2280476e-3] (epsilon 0.000000005506563205415205) found in 4 seconds ",
416,:,1737448425.000,5.000,0,132,0,0,"schlandals --timeout 1500 -i /data/schlandals/pwmc_benchmarks/instances/bayesian_networks/pcnf/munin/416.cnf | tr '\n' ' '",/data/schlandals/pwmc_benchmarks/instances/bayesian_networks/pcnf/munin/416.cnf,"Estimated probability 1.3702471e-3 with bounds [1.3702471e-3 1.3702471e-3] (epsilon 0.0000000049351109865369835) found in 5 seconds ",
417,:,1737448425.000,5.000,0,130,0,0,"schlandals --timeout 1500 -i /data/schlandals/pwmc_benchmarks/instances/bayesian_networks/pcnf/munin/417.cnf | tr '\n' ' '",/data/schlandals/pwmc_benchmarks/instances/bayesian_networks/pcnf/munin/417.cnf,"Estimated probability 2.0170466e-3 with bounds [2.0170464e-3 2.0170467e-3] (epsilon 0.00000007324505180150709) found in 5 seconds ",
418,:,1737448425.000,5.000,0,131,0,0,"schlandals --timeout 1500 -i /data/schlandals/pwmc_benchmarks/instances/bayesian_networks/pcnf/munin/418.cnf | tr '\n' ' '",/data/schlandals/pwmc_benchmarks/instances/bayesian_networks/pcnf/munin/418.cnf,"Estimated probability 2.9225252e-3 with bounds [2.9225250e-3 2.9225253e-3] (epsilon 0.000000050551721475500244) found in 5 seconds ",
261,:,1737448367.000,66.000,0,107,0,0,"schlandals --timeout 1500 -i /data/schlandals/pwmc_benchmarks/instances/bayesian_networks/pcnf/munin/261.cnf | tr '\n' ' '",/data/schlandals/pwmc_benchmarks/instances/bayesian_networks/pcnf/munin/261.cnf,"Estimated probability 8.6445284e-1 with bounds [8.6445284e-1 8.6445284e-1] (epsilon 0) found in 65 seconds ",
419,:,1737448429.000,6.000,0,130,0,0,"schlandals --timeout 1500 -i /data/schlandals/pwmc_benchmarks/instances/bayesian_networks/pcnf/munin/419.cnf | tr '\n' ' '",/data/schlandals/pwmc_benchmarks/instances/bayesian_networks/pcnf/munin/419.cnf,"Estimated probability 6.5548240e-3 with bounds [6.5548237e-3 6.5548244e-3] (epsilon 0.00000005792860835462932) found in 4 seconds ",
420,:,1737448430.000,5.000,0,130,0,0,"schlandals --timeout 1500 -i /data/schlandals/pwmc_benchmarks/instances/bayesian_networks/pcnf/munin/420.cnf | tr '\n' ' '",/data/schlandals/pwmc_benchmarks/instances/bayesian_networks/pcnf/munin/420.cnf,"Estimated probability 7.6215828e-3 with bounds [7.6215824e-3 7.6215831e-3] (epsilon 0.00000004982060053393411) found in 4 seconds ",
423,:,1737448430.000,5.000,0,130,0,0,"schlandals --timeout 1500 -i /data/schlandals/pwmc_benchmarks/instances/bayesian_networks/pcnf/munin/423.cnf | tr '\n' ' '",/data/schlandals/pwmc_benchmarks/instances/bayesian_networks/pcnf/munin/423.cnf,"Estimated probability 7.0208359e-2 with bounds [7.0208354e-2 7.0208363e-2] (epsilon 0.00000006571458910364925) found in 4 seconds ",
421,:,1737448430.000,5.000,0,128,0,0,"schlandals --timeout 1500 -i /data/schlandals/pwmc_benchmarks/instances/bayesian_networks/pcnf/munin/421.cnf | tr '\n' ' '",/data/schlandals/pwmc_benchmarks/instances/bayesian_networks/pcnf/munin/421.cnf,"Estimated probability 9.8653422e-3 with bounds [9.8653376e-3 9.8653469e-3] (epsilon 0.000000467668969328372) found in 5 seconds ",
424,:,1737448430.000,6.000,0,131,0,0,"schlandals --timeout 1500 -i /data/schlandals/pwmc_benchmarks/instances/bayesian_networks/pcnf/munin/424.cnf | tr '\n' ' '",/data/schlandals/pwmc_benchmarks/instances/bayesian_networks/pcnf/munin/424.cnf,"Estimated probability 1.9754569e-1 with bounds [1.9754568e-1 1.9754569e-1] (epsilon 0.000000023355171574479527) found in 5 seconds ",
422,:,1737448430.000,6.000,0,130,0,0,"schlandals --timeout 1500 -i /data/schlandals/pwmc_benchmarks/instances/bayesian_networks/pcnf/munin/422.cnf | tr '\n' ' '",/data/schlandals/pwmc_benchmarks/instances/bayesian_networks/pcnf/munin/422.cnf,"Estimated probability 1.9182486e-2 with bounds [1.9182482e-2 1.9182491e-2] (epsilon 0.00000024051699143434746) found in 5 seconds ",
425,:,1737448430.000,6.000,0,131,0,0,"schlandals --timeout 1500 -i /data/schlandals/pwmc_benchmarks/instances/bayesian_networks/pcnf/munin/425.cnf | tr '\n' ' '",/data/schlandals/pwmc_benchmarks/instances/bayesian_networks/pcnf/munin/425.cnf,"Estimated probability 2.9720549e-1 with bounds [2.9720549e-1 2.9720550e-1] (epsilon 0.000000015523647700632637) found in 5 seconds ",
427,:,1737448430.000,6.000,0,130,0,0,"schlandals --timeout 1500 -i /data/schlandals/pwmc_benchmarks/instances/bayesian_networks/pcnf/munin/427.cnf | tr '\n' ' '",/data/schlandals/pwmc_benchmarks/instances/bayesian_networks/pcnf/munin/427.cnf,"Estimated probability 1.0654894e-1 with bounds [1.0654893e-1 1.0654894e-1] (epsilon 0.00000004330135494612364) found in 5 seconds ",
426,:,1737448430.000,6.000,0,131,0,0,"schlandals --timeout 1500 -i /data/schlandals/pwmc_benchmarks/instances/bayesian_networks/pcnf/munin/426.cnf | tr '\n' ' '",/data/schlandals/pwmc_benchmarks/instances/bayesian_networks/pcnf/munin/426.cnf,"Estimated probability 2.3706221e-1 with bounds [2.3706221e-1 2.3706222e-1] (epsilon 0.000000019462036426887153) found in 5 seconds ",
428,:,1737448433.000,3.000,0,130,0,0,"schlandals --timeout 1500 -i /data/schlandals/pwmc_benchmarks/instances/bayesian_networks/pcnf/munin/428.cnf | tr '\n' ' '",/data/schlandals/pwmc_benchmarks/instances/bayesian_networks/pcnf/munin/428.cnf,"Estimated probability 3.0374807e-2 with bounds [3.0374802e-2 3.0374811e-2] (epsilon 0.00000015189277657867706) found in 3 seconds ",
262,:,1737448367.000,77.000,0,107,0,0,"schlandals --timeout 1500 -i /data/schlandals/pwmc_benchmarks/instances/bayesian_networks/pcnf/munin/262.cnf | tr '\n' ' '",/data/schlandals/pwmc_benchmarks/instances/bayesian_networks/pcnf/munin/262.cnf,"Estimated probability 1.3554716e-1 with bounds [1.3554716e-1 1.3554716e-1] (epsilon 0) found in 76 seconds ",
389,:,1737448421.000,23.000,0,130,0,0,"schlandals --timeout 1500 -i /data/schlandals/pwmc_benchmarks/instances/bayesian_networks/pcnf/munin/389.cnf | tr '\n' ' '",/data/schlandals/pwmc_benchmarks/instances/bayesian_networks/pcnf/munin/389.cnf,"Estimated probability 1.2266056e-2 with bounds [1.2266052e-2 1.2266061e-2] (epsilon 0.0000003378364381578791) found in 23 seconds ",
257,:,1737448364.000,83.000,0,107,0,0,"schlandals --timeout 1500 -i /data/schlandals/pwmc_benchmarks/instances/bayesian_networks/pcnf/munin/257.cnf | tr '\n' ' '",/data/schlandals/pwmc_benchmarks/instances/bayesian_networks/pcnf/munin/257.cnf,"Estimated probability 4.4041457e-2 with bounds [4.4041457e-2 4.4041457e-2] (epsilon 0) found in 81 seconds ",
394,:,1737448422.000,32.000,0,132,0,0,"schlandals --timeout 1500 -i /data/schlandals/pwmc_benchmarks/instances/bayesian_networks/pcnf/munin/394.cnf | tr '\n' ' '",/data/schlandals/pwmc_benchmarks/instances/bayesian_networks/pcnf/munin/394.cnf,"Estimated probability 2.1482961e-1 with bounds [2.1482960e-1 2.1482961e-1] (epsilon 0.000000018982352356644583) found in 31 seconds ",
256,:,1737448364.000,91.000,0,107,0,0,"schlandals --timeout 1500 -i /data/schlandals/pwmc_benchmarks/instances/bayesian_networks/pcnf/munin/256.cnf | tr '\n' ' '",/data/schlandals/pwmc_benchmarks/instances/bayesian_networks/pcnf/munin/256.cnf,"Estimated probability 8.1698295e-2 with bounds [8.1698295e-2 8.1698295e-2] (epsilon 0) found in 89 seconds ",
393,:,1737448421.000,36.000,0,132,0,0,"schlandals --timeout 1500 -i /data/schlandals/pwmc_benchmarks/instances/bayesian_networks/pcnf/munin/393.cnf | tr '\n' ' '",/data/schlandals/pwmc_benchmarks/instances/bayesian_networks/pcnf/munin/393.cnf,"Estimated probability 1.8690493e-1 with bounds [1.8690492e-1 1.8690493e-1] (epsilon 0.000000021818425954833742) found in 35 seconds ",
379,:,1737448419.000,38.000,0,132,0,0,"schlandals --timeout 1500 -i /data/schlandals/pwmc_benchmarks/instances/bayesian_networks/pcnf/munin/379.cnf | tr '\n' ' '",/data/schlandals/pwmc_benchmarks/instances/bayesian_networks/pcnf/munin/379.cnf,"Estimated probability 6.9952829e-3 with bounds [6.9952828e-3 6.9952829e-3] (epsilon 0.000000004082298055152478) found in 38 seconds ",
255,:,1737448364.000,94.000,0,107,0,0,"schlandals --timeout 1500 -i /data/schlandals/pwmc_benchmarks/instances/bayesian_networks/pcnf/munin/255.cnf | tr '\n' ' '",/data/schlandals/pwmc_benchmarks/instances/bayesian_networks/pcnf/munin/255.cnf,"Estimated probability 8.5992458e-1 with bounds [8.5992458e-1 8.5992458e-1] (epsilon 0) found in 93 seconds ",
380,:,1737448419.000,39.000,0,132,0,0,"schlandals --timeout 1500 -i /data/schlandals/pwmc_benchmarks/instances/bayesian_networks/pcnf/munin/380.cnf | tr '\n' ' '",/data/schlandals/pwmc_benchmarks/instances/bayesian_networks/pcnf/munin/380.cnf,"Estimated probability 8.6948807e-4 with bounds [8.6948804e-4 8.6948811e-4] (epsilon 0.000000032843266994930786) found in 39 seconds ",
382,:,1737448419.000,41.000,0,132,0,0,"schlandals --timeout 1500 -i /data/schlandals/pwmc_benchmarks/instances/bayesian_networks/pcnf/munin/382.cnf | tr '\n' ' '",/data/schlandals/pwmc_benchmarks/instances/bayesian_networks/pcnf/munin/382.cnf,"Estimated probability 3.2821211e-3 with bounds [3.2821210e-3 3.2821212e-3] (epsilon 0.000000026267455321971056) found in 40 seconds ",
384,:,1737448419.000,41.000,0,132,0,0,"schlandals --timeout 1500 -i /data/schlandals/pwmc_benchmarks/instances/bayesian_networks/pcnf/munin/384.cnf | tr '\n' ' '",/data/schlandals/pwmc_benchmarks/instances/bayesian_networks/pcnf/munin/384.cnf,"Estimated probability 3.6645942e-3 with bounds [3.6645941e-3 3.6645943e-3] (epsilon 0.000000031885833307043754) found in 40 seconds ",
386,:,1737448420.000,40.000,0,131,0,0,"schlandals --timeout 1500 -i /data/schlandals/pwmc_benchmarks/instances/bayesian_networks/pcnf/munin/386.cnf | tr '\n' ' '",/data/schlandals/pwmc_benchmarks/instances/bayesian_networks/pcnf/munin/386.cnf,"Estimated probability 3.8323985e-3 with bounds [3.8323982e-3 3.8323989e-3] (epsilon 0.00000008001689222325581) found in 39 seconds ",
385,:,1737448419.000,41.000,0,130,0,0,"schlandals --timeout 1500 -i /data/schlandals/pwmc_benchmarks/instances/bayesian_networks/pcnf/munin/385.cnf | tr '\n' ' '",/data/schlandals/pwmc_benchmarks/instances/bayesian_networks/pcnf/munin/385.cnf,"Estimated probability 3.2422597e-3 with bounds [3.2422596e-3 3.2422598e-3] (epsilon 0.0000000360392604648041) found in 40 seconds ",
390,:,1737448421.000,39.000,0,131,0,0,"schlandals --timeout 1500 -i /data/schlandals/pwmc_benchmarks/instances/bayesian_networks/pcnf/munin/390.cnf | tr '\n' ' '",/data/schlandals/pwmc_benchmarks/instances/bayesian_networks/pcnf/munin/390.cnf,"Estimated probability 2.2050929e-2 with bounds [2.2050925e-2 2.2050933e-2] (epsilon 0.00000018792498823749781) found in 39 seconds ",
383,:,1737448419.000,42.000,0,132,0,0,"schlandals --timeout 1500 -i /data/schlandals/pwmc_benchmarks/instances/bayesian_networks/pcnf/munin/383.cnf | tr '\n' ' '",/data/schlandals/pwmc_benchmarks/instances/bayesian_networks/pcnf/munin/383.cnf,"Estimated probability 3.5729740e-3 with bounds [3.5729738e-3 3.5729741e-3] (epsilon 0.000000032703468155759197) found in 40 seconds ",
392,:,1737448421.000,40.000,0,131,0,0,"schlandals --timeout 1500 -i /data/schlandals/pwmc_benchmarks/instances/bayesian_networks/pcnf/munin/392.cnf | tr '\n' ' '",/data/schlandals/pwmc_benchmarks/instances/bayesian_networks/pcnf/munin/392.cnf,"Estimated probability 1.1585583e-1 with bounds [1.1585583e-1 1.1585584e-1] (epsilon 0.00000003546310045621226) found in 39 seconds ",
388,:,1737448420.000,41.000,0,132,0,0,"schlandals --timeout 1500 -i /data/schlandals/pwmc_benchmarks/instances/bayesian_networks/pcnf/munin/388.cnf | tr '\n' ' '",/data/schlandals/pwmc_benchmarks/instances/bayesian_networks/pcnf/munin/388.cnf,"Estimated probability 1.0597407e-2 with bounds [1.0597407e-2 1.0597408e-2] (epsilon 0.000000026828606447537595) found in 40 seconds ",
387,:,1737448420.000,41.000,0,132,0,0,"schlandals --timeout 1500 -i /data/schlandals/pwmc_benchmarks/instances/bayesian_networks/pcnf/munin/387.cnf | tr '\n' ' '",/data/schlandals/pwmc_benchmarks/instances/bayesian_networks/pcnf/munin/387.cnf,"Estimated probability 5.4865595e-3 with bounds [5.4865592e-3 5.4865598e-3] (epsilon 0.000000055892333650220394) found in 41 seconds ",
381,:,1737448419.000,43.000,0,132,0,0,"schlandals --timeout 1500 -i /data/schlandals/pwmc_benchmarks/instances/bayesian_networks/pcnf/munin/381.cnf | tr '\n' ' '",/data/schlandals/pwmc_benchmarks/instances/bayesian_networks/pcnf/munin/381.cnf,"Estimated probability 6.4327533e-3 with bounds [6.4327533e-3 6.4327534e-3] (epsilon 0.000000007912595689774093) found in 42 seconds ",
260,:,1737448365.000,97.000,0,107,0,0,"schlandals --timeout 1500 -i /data/schlandals/pwmc_benchmarks/instances/bayesian_networks/pcnf/munin/260.cnf | tr '\n' ' '",/data/schlandals/pwmc_benchmarks/instances/bayesian_networks/pcnf/munin/260.cnf,"Estimated probability 1.3932275e-2 with bounds [1.3932275e-2 1.3932275e-2] (epsilon 0) found in 96 seconds ",
396,:,1737448422.000,40.000,0,131,0,0,"schlandals --timeout 1500 -i /data/schlandals/pwmc_benchmarks/instances/bayesian_networks/pcnf/munin/396.cnf | tr '\n' ' '",/data/schlandals/pwmc_benchmarks/instances/bayesian_networks/pcnf/munin/396.cnf,"Estimated probability 1.1150266e-1 with bounds [1.1150266e-1 1.1150267e-1] (epsilon 0.00000003657285985170233) found in 39 seconds ",
391,:,1737448421.000,41.000,0,130,0,0,"schlandals --timeout 1500 -i /data/schlandals/pwmc_benchmarks/instances/bayesian_networks/pcnf/munin/391.cnf | tr '\n' ' '",/data/schlandals/pwmc_benchmarks/instances/bayesian_networks/pcnf/munin/391.cnf,"Estimated probability 5.2879826e-2 with bounds [5.2879822e-2 5.2879830e-2] (epsilon 0.0000000776970610072425) found in 41 seconds ",
395,:,1737448422.000,41.000,0,132,0,0,"schlandals --timeout 1500 -i /data/schlandals/pwmc_benchmarks/instances/bayesian_networks/pcnf/munin/395.cnf | tr '\n' ' '",/data/schlandals/pwmc_benchmarks/instances/bayesian_networks/pcnf/munin/395.cnf,"Estimated probability 1.7985397e-1 with bounds [1.7985397e-1 1.7985398e-1] (epsilon 0.000000022673790622818046) found in 40 seconds ",
397,:,1737448423.000,40.000,0,131,0,0,"schlandals --timeout 1500 -i /data/schlandals/pwmc_benchmarks/instances/bayesian_networks/pcnf/munin/397.cnf | tr '\n' ' '",/data/schlandals/pwmc_benchmarks/instances/bayesian_networks/pcnf/munin/397.cnf,"Estimated probability 5.5880377e-2 with bounds [5.5880373e-2 5.5880381e-2] (epsilon 0.00000007297680570950149) found in 39 seconds ",
259,:,1737448365.000,99.000,0,107,0,0,"schlandals --timeout 1500 -i /data/schlandals/pwmc_benchmarks/instances/bayesian_networks/pcnf/munin/259.cnf | tr '\n' ' '",/data/schlandals/pwmc_benchmarks/instances/bayesian_networks/pcnf/munin/259.cnf,"Estimated probability 9.8606773e-1 with bounds [9.8606773e-1 9.8606773e-1] (epsilon 0) found in 98 seconds ",
453,:,1737448461.000,5.000,0,131,0,0,"schlandals --timeout 1500 -i /data/schlandals/pwmc_benchmarks/instances/bayesian_networks/pcnf/munin/453.cnf | tr '\n' ' '",/data/schlandals/pwmc_benchmarks/instances/bayesian_networks/pcnf/munin/453.cnf,"Estimated probability 2.1057338e-3 with bounds [2.1057337e-3 2.1057338e-3] (epsilon 0.000000011627401930169867) found in 5 seconds ",
446,:,1737448458.000,9.000,0,131,0,0,"schlandals --timeout 1500 -i /data/schlandals/pwmc_benchmarks/instances/bayesian_networks/pcnf/munin/446.cnf | tr '\n' ' '",/data/schlandals/pwmc_benchmarks/instances/bayesian_networks/pcnf/munin/446.cnf,"Estimated probability 1.9799259e-1 with bounds [1.9799259e-1 1.9799259e-1] (epsilon 0.000000002474882965231018) found in 8 seconds ",
258,:,1737448365.000,102.000,0,108,0,0,"schlandals --timeout 1500 -i /data/schlandals/pwmc_benchmarks/instances/bayesian_networks/pcnf/munin/258.cnf | tr '\n' ' '",/data/schlandals/pwmc_benchmarks/instances/bayesian_networks/pcnf/munin/258.cnf,"Estimated probability 1.4335668e-2 with bounds [1.4335668e-2 1.4335668e-2] (epsilon 0) found in 101 seconds ",
447,:,1737448458.000,11.000,0,133,0,0,"schlandals --timeout 1500 -i /data/schlandals/pwmc_benchmarks/instances/bayesian_networks/pcnf/munin/447.cnf | tr '\n' ' '",/data/schlandals/pwmc_benchmarks/instances/bayesian_networks/pcnf/munin/447.cnf,"Estimated probability 4.9172484e-1 with bounds [4.9172484e-1 4.9172484e-1] (epsilon 0.0000000009965095415509495) found in 10 seconds ",
448,:,1737448460.000,11.000,0,132,0,0,"schlandals --timeout 1500 -i /data/schlandals/pwmc_benchmarks/instances/bayesian_networks/pcnf/munin/448.cnf | tr '\n' ' '",/data/schlandals/pwmc_benchmarks/instances/bayesian_networks/pcnf/munin/448.cnf,"Estimated probability 2.3057701e-1 with bounds [2.3057701e-1 2.3057701e-1] (epsilon 0.000000002125140063924391) found in 10 seconds ",
451,:,1737448460.000,11.000,0,130,0,0,"schlandals --timeout 1500 -i /data/schlandals/pwmc_benchmarks/instances/bayesian_networks/pcnf/munin/451.cnf | tr '\n' ' '",/data/schlandals/pwmc_benchmarks/instances/bayesian_networks/pcnf/munin/451.cnf,"Estimated probability 3.3463192e-3 with bounds [3.3463187e-3 3.3463197e-3] (epsilon 0.0000001464320942279329) found in 10 seconds ",
449,:,1737448460.000,11.000,0,132,0,0,"schlandals --timeout 1500 -i /data/schlandals/pwmc_benchmarks/instances/bayesian_networks/pcnf/munin/449.cnf | tr '\n' ' '",/data/schlandals/pwmc_benchmarks/instances/bayesian_networks/pcnf/munin/449.cnf,"Estimated probability 4.2827254e-2 with bounds [4.2827253e-2 4.2827254e-2] (epsilon 0.000000011441511960086359) found in 10 seconds ",
450,:,1737448460.000,11.000,0,131,0,0,"schlandals --timeout 1500 -i /data/schlandals/pwmc_benchmarks/instances/bayesian_networks/pcnf/munin/450.cnf | tr '\n' ' '",/data/schlandals/pwmc_benchmarks/instances/bayesian_networks/pcnf/munin/450.cnf,"Estimated probability 1.1450728e-2 with bounds [1.1450728e-2 1.1450729e-2] (epsilon 0.00000004279278242869111) found in 10 seconds ",
452,:,1737448460.000,11.000,0,131,0,0,"schlandals --timeout 1500 -i /data/schlandals/pwmc_benchmarks/instances/bayesian_networks/pcnf/munin/452.cnf | tr '\n' ' '",/data/schlandals/pwmc_benchmarks/instances/bayesian_networks/pcnf/munin/452.cnf,"Estimated probability 2.4386066e-3 with bounds [2.4386064e-3 2.4386068e-3] (epsilon 0.00000007475071073237416) found in 10 seconds ",
454,:,1737448461.000,10.000,0,130,0,0,"schlandals --timeout 1500 -i /data/schlandals/pwmc_benchmarks/instances/bayesian_networks/pcnf/munin/454.cnf | tr '\n' ' '",/data/schlandals/pwmc_benchmarks/instances/bayesian_networks/pcnf/munin/454.cnf,"Estimated probability 2.1471161e-3 with bounds [2.1471161e-3 2.1471162e-3] (epsilon 0.00000001140330163629244) found in 9 seconds ",
455,:,1737448461.000,10.000,0,131,0,0,"schlandals --timeout 1500 -i /data/schlandals/pwmc_benchmarks/instances/bayesian_networks/pcnf/munin/455.cnf | tr '\n' ' '",/data/schlandals/pwmc_benchmarks/instances/bayesian_networks/pcnf/munin/455.cnf,"Estimated probability 1.8960162e-3 with bounds [1.8960162e-3 1.8960163e-3] (epsilon 0.000000012913503599776277) found in 9 seconds ",
457,:,1737448462.000,10.000,0,131,0,0,"schlandals --timeout 1500 -i /data/schlandals/pwmc_benchmarks/instances/bayesian_networks/pcnf/munin/457.cnf | tr '\n' ' '",/data/schlandals/pwmc_benchmarks/instances/bayesian_networks/pcnf/munin/457.cnf,"Estimated probability 1.0946503e-3 with bounds [1.0946503e-3 1.0946504e-3] (epsilon 0.000000022367154128843936) found in 9 seconds ",
456,:,1737448461.000,11.000,0,132,0,0,"schlandals --timeout 1500 -i /data/schlandals/pwmc_benchmarks/instances/bayesian_networks/pcnf/munin/456.cnf | tr '\n' ' '",/data/schlandals/pwmc_benchmarks/instances/bayesian_networks/pcnf/munin/456.cnf,"Estimated probability 1.2663932e-3 with bounds [1.2663932e-3 1.2663933e-3] (epsilon 0.000000019333815437505564) found in 10 seconds ",
464,:,1737448466.000,6.000,0,106,0,0,"schlandals --timeout 1500 -i /data/schlandals/pwmc_benchmarks/instances/bayesian_networks/pcnf/munin/464.cnf | tr '\n' ' '",/data/schlandals/pwmc_benchmarks/instances/bayesian_networks/pcnf/munin/464.cnf,"Estimated probability 6.9965919e-3 with bounds [6.9965919e-3 6.9965919e-3] (epsilon 0) found in 5 seconds ",
458,:,1737448462.000,10.000,0,131,0,0,"schlandals --timeout 1500 -i /data/schlandals/pwmc_benchmarks/instances/bayesian_networks/pcnf/munin/458.cnf | tr '\n' ' '",/data/schlandals/pwmc_benchmarks/instances/bayesian_networks/pcnf/munin/458.cnf,"Estimated probability 8.1297910e-4 with bounds [8.1297907e-4 8.1297913e-4] (epsilon 0.000000030116657168122174) found in 9 seconds ",
462,:,1737448463.000,10.000,0,130,0,0,"schlandals --timeout 1500 -i /data/schlandals/pwmc_benchmarks/instances/bayesian_networks/pcnf/munin/462.cnf | tr '\n' ' '",/data/schlandals/pwmc_benchmarks/instances/bayesian_networks/pcnf/munin/462.cnf,"Estimated probability 4.7581709e-4 with bounds [4.7581706e-4 4.7581712e-4] (epsilon 0.00000005145719317312114) found in 9 seconds ",
459,:,1737448462.000,11.000,0,132,0,0,"schlandals --timeout 1500 -i /data/schlandals/pwmc_benchmarks/instances/bayesian_networks/pcnf/munin/459.cnf | tr '\n' ' '",/data/schlandals/pwmc_benchmarks/instances/bayesian_networks/pcnf/munin/459.cnf,"Estimated probability 1.1052934e-3 with bounds [1.1052933e-3 1.1052934e-3] (epsilon 0.000000022151777523404803) found in 10 seconds ",
461,:,1737448463.000,10.000,0,131,0,0,"schlandals --timeout 1500 -i /data/schlandals/pwmc_benchmarks/instances/bayesian_networks/pcnf/munin/461.cnf | tr '\n' ' '",/data/schlandals/pwmc_benchmarks/instances/bayesian_networks/pcnf/munin/461.cnf,"Estimated probability 5.1839488e-4 with bounds [5.1839485e-4 5.1839491e-4] (epsilon 0.000000047230813260412674) found in 9 seconds ",
460,:,1737448462.000,11.000,0,130,0,0,"schlandals --timeout 1500 -i /data/schlandals/pwmc_benchmarks/instances/bayesian_networks/pcnf/munin/460.cnf | tr '\n' ' '",/data/schlandals/pwmc_benchmarks/instances/bayesian_networks/pcnf/munin/460.cnf,"Estimated probability 8.3232031e-4 with bounds [8.3232028e-4 8.3232033e-4] (epsilon 0.0000000294168143177842) found in 10 seconds ",
463,:,1737448464.000,11.000,0,131,0,0,"schlandals --timeout 1500 -i /data/schlandals/pwmc_benchmarks/instances/bayesian_networks/pcnf/munin/463.cnf | tr '\n' ' '",/data/schlandals/pwmc_benchmarks/instances/bayesian_networks/pcnf/munin/463.cnf,"Estimated probability 3.9134398e-4 with bounds [3.9134397e-4 3.9134399e-4] (epsilon 0.00000001479679068161488) found in 10 seconds ",
473,:,1737448471.000,6.000,0,106,0,0,"schlandals --timeout 1500 -i /data/schlandals/pwmc_benchmarks/instances/bayesian_networks/pcnf/munin/473.cnf | tr '\n' ' '",/data/schlandals/pwmc_benchmarks/instances/bayesian_networks/pcnf/munin/473.cnf,"Estimated probability 8.0882638e-1 with bounds [8.0882638e-1 8.0882638e-1] (epsilon 0) found in 5 seconds ",
474,:,1737448471.000,6.000,0,106,0,0,"schlandals --timeout 1500 -i /data/schlandals/pwmc_benchmarks/instances/bayesian_networks/pcnf/munin/474.cnf | tr '\n' ' '",/data/schlandals/pwmc_benchmarks/instances/bayesian_networks/pcnf/munin/474.cnf,"Estimated probability 1.4627668e-1 with bounds [1.4627668e-1 1.4627668e-1] (epsilon 0) found in 5 seconds ",
476,:,1737448472.000,5.000,0,106,0,0,"schlandals --timeout 1500 -i /data/schlandals/pwmc_benchmarks/instances/bayesian_networks/pcnf/munin/476.cnf | tr '\n' ' '",/data/schlandals/pwmc_benchmarks/instances/bayesian_networks/pcnf/munin/476.cnf,"Estimated probability 6.8753870e-3 with bounds [6.8753870e-3 6.8753870e-3] (epsilon 0) found in 4 seconds ",
475,:,1737448472.000,5.000,0,106,0,0,"schlandals --timeout 1500 -i /data/schlandals/pwmc_benchmarks/instances/bayesian_networks/pcnf/munin/475.cnf | tr '\n' ' '",/data/schlandals/pwmc_benchmarks/instances/bayesian_networks/pcnf/munin/475.cnf,"Estimated probability 3.8021551e-2 with bounds [3.8021551e-2 3.8021551e-2] (epsilon 0) found in 5 seconds ",
471,:,1737448471.000,70.000,0,107,0,0,"schlandals --timeout 1500 -i /data/schlandals/pwmc_benchmarks/instances/bayesian_networks/pcnf/munin/471.cnf | tr '\n' ' '",/data/schlandals/pwmc_benchmarks/instances/bayesian_networks/pcnf/munin/471.cnf,"Estimated probability 1.2760698e-1 with bounds [1.2760698e-1 1.2760698e-1] (epsilon 0) found in 69 seconds ",
472,:,1737448471.000,74.000,0,107,0,0,"schlandals --timeout 1500 -i /data/schlandals/pwmc_benchmarks/instances/bayesian_networks/pcnf/munin/472.cnf | tr '\n' ' '",/data/schlandals/pwmc_benchmarks/instances/bayesian_networks/pcnf/munin/472.cnf,"Estimated probability 8.7239302e-1 with bounds [8.7239302e-1 8.7239302e-1] (epsilon 0) found in 73 seconds ",
477,:,1737448472.000,79.000,0,107,0,0,"schlandals --timeout 1500 -i /data/schlandals/pwmc_benchmarks/instances/bayesian_networks/pcnf/munin/477.cnf | tr '\n' ' '",/data/schlandals/pwmc_benchmarks/instances/bayesian_networks/pcnf/munin/477.cnf,"Estimated probability 9.6295621e-2 with bounds [9.6295621e-2 9.6295621e-2] (epsilon 0) found in 78 seconds ",
478,:,1737448472.000,79.000,0,107,0,0,"schlandals --timeout 1500 -i /data/schlandals/pwmc_benchmarks/instances/bayesian_networks/pcnf/munin/478.cnf | tr '\n' ' '",/data/schlandals/pwmc_benchmarks/instances/bayesian_networks/pcnf/munin/478.cnf,"Estimated probability 8.3699384e-1 with bounds [8.3699384e-1 8.3699384e-1] (epsilon 0) found in 78 seconds ",
480,:,1737448473.000,78.000,0,107,0,0,"schlandals --timeout 1500 -i /data/schlandals/pwmc_benchmarks/instances/bayesian_networks/pcnf/munin/480.cnf | tr '\n' ' '",/data/schlandals/pwmc_benchmarks/instances/bayesian_networks/pcnf/munin/480.cnf,"Estimated probability 2.8460079e-2 with bounds [2.8460079e-2 2.8460079e-2] (epsilon 0) found in 78 seconds ",
479,:,1737448473.000,80.000,0,107,0,0,"schlandals --timeout 1500 -i /data/schlandals/pwmc_benchmarks/instances/bayesian_networks/pcnf/munin/479.cnf | tr '\n' ' '",/data/schlandals/pwmc_benchmarks/instances/bayesian_networks/pcnf/munin/479.cnf,"Estimated probability 6.6710539e-2 with bounds [6.6710539e-2 6.6710539e-2] (epsilon 0) found in 79 seconds ",
483,:,1737448475.000,80.000,0,107,0,0,"schlandals --timeout 1500 -i /data/schlandals/pwmc_benchmarks/instances/bayesian_networks/pcnf/munin/483.cnf | tr '\n' ' '",/data/schlandals/pwmc_benchmarks/instances/bayesian_networks/pcnf/munin/483.cnf,"Estimated probability 3.9874463e-2 with bounds [3.9874463e-2 3.9874463e-2] (epsilon 0) found in 79 seconds ",
482,:,1737448473.000,82.000,0,107,0,0,"schlandals --timeout 1500 -i /data/schlandals/pwmc_benchmarks/instances/bayesian_networks/pcnf/munin/482.cnf | tr '\n' ' '",/data/schlandals/pwmc_benchmarks/instances/bayesian_networks/pcnf/munin/482.cnf,"Estimated probability 8.5501604e-1 with bounds [8.5501604e-1 8.5501604e-1] (epsilon 0) found in 81 seconds ",
481,:,1737448473.000,84.000,0,107,0,0,"schlandals --timeout 1500 -i /data/schlandals/pwmc_benchmarks/instances/bayesian_networks/pcnf/munin/481.cnf | tr '\n' ' '",/data/schlandals/pwmc_benchmarks/instances/bayesian_networks/pcnf/munin/481.cnf,"Estimated probability 6.5237139e-2 with bounds [6.5237139e-2 6.5237139e-2] (epsilon 0) found in 83 seconds ",
484,:,1737448477.000,83.000,0,107,0,0,"schlandals --timeout 1500 -i /data/schlandals/pwmc_benchmarks/instances/bayesian_networks/pcnf/munin/484.cnf | tr '\n' ' '",/data/schlandals/pwmc_benchmarks/instances/bayesian_networks/pcnf/munin/484.cnf,"Estimated probability 1.1412278e-2 with bounds [1.1412278e-2 1.1412278e-2] (epsilon 0) found in 82 seconds ",
486,:,1737448477.000,102.000,0,132,0,0,"schlandals --timeout 1500 -i /data/schlandals/pwmc_benchmarks/instances/bayesian_networks/pcnf/munin/486.cnf | tr '\n' ' '",/data/schlandals/pwmc_benchmarks/instances/bayesian_networks/pcnf/munin/486.cnf,"Estimated probability 1.9186663e-4 with bounds [1.9186659e-4 1.9186668e-4] (epsilon 0.00000022208455674466165) found in 101 seconds ",
487,:,1737448477.000,103.000,0,132,0,0,"schlandals --timeout 1500 -i /data/schlandals/pwmc_benchmarks/instances/bayesian_networks/pcnf/munin/487.cnf | tr '\n' ' '",/data/schlandals/pwmc_benchmarks/instances/bayesian_networks/pcnf/munin/487.cnf,"Estimated probability 3.9032980e-4 with bounds [3.9032975e-4 3.9032985e-4] (epsilon 0.00000010916567227958751) found in 101 seconds ",
485,:,1737448477.000,103.000,0,132,0,0,"schlandals --timeout 1500 -i /data/schlandals/pwmc_benchmarks/instances/bayesian_networks/pcnf/munin/485.cnf | tr '\n' ' '",/data/schlandals/pwmc_benchmarks/instances/bayesian_networks/pcnf/munin/485.cnf,"Estimated probability 9.7483308e-5 with bounds [9.7483260e-5 9.7483356e-5] (epsilon 0.00000043710681563169373) found in 103 seconds ",
495,:,1737448555.000,57.000,0,132,0,0,"schlandals --timeout 1500 -i /data/schlandals/pwmc_benchmarks/instances/bayesian_networks/pcnf/munin/495.cnf | tr '\n' ' '",/data/schlandals/pwmc_benchmarks/instances/bayesian_networks/pcnf/munin/495.cnf,"Estimated probability 2.1194662e-1 with bounds [2.1194662e-1 2.1194663e-1] (epsilon 0.000000021140707406885895) found in 56 seconds ",
488,:,1737448541.000,101.000,0,133,0,0,"schlandals --timeout 1500 -i /data/schlandals/pwmc_benchmarks/instances/bayesian_networks/pcnf/munin/488.cnf | tr '\n' ' '",/data/schlandals/pwmc_benchmarks/instances/bayesian_networks/pcnf/munin/488.cnf,"Estimated probability 7.9686480e-4 with bounds [7.9686475e-4 7.9686484e-4] (epsilon 0.000000053472825722877815) found in 101 seconds ",
490,:,1737448551.000,99.000,0,130,0,0,"schlandals --timeout 1500 -i /data/schlandals/pwmc_benchmarks/instances/bayesian_networks/pcnf/munin/490.cnf | tr '\n' ' '",/data/schlandals/pwmc_benchmarks/instances/bayesian_networks/pcnf/munin/490.cnf,"Estimated probability 3.0648128e-3 with bounds [3.0648083e-3 3.0648173e-3] (epsilon 0.0000014619831800732896) found in 99 seconds ",
491,:,1737448551.000,101.000,0,131,0,0,"schlandals --timeout 1500 -i /data/schlandals/pwmc_benchmarks/instances/bayesian_networks/pcnf/munin/491.cnf | tr '\n' ' '",/data/schlandals/pwmc_benchmarks/instances/bayesian_networks/pcnf/munin/491.cnf,"Estimated probability 7.1958052e-3 with bounds [7.1958008e-3 7.1958097e-3] (epsilon 0.0000006226826207988978) found in 101 seconds ",
489,:,1737448545.000,108.000,0,131,0,0,"schlandals --timeout 1500 -i /data/schlandals/pwmc_benchmarks/instances/bayesian_networks/pcnf/munin/489.cnf | tr '\n' ' '",/data/schlandals/pwmc_benchmarks/instances/bayesian_networks/pcnf/munin/489.cnf,"Estimated probability 1.5286192e-3 with bounds [1.5286192e-3 1.5286193e-3] (epsilon 0.0000000278752303461971) found in 107 seconds ",
493,:,1737448553.000,101.000,0,131,0,0,"schlandals --timeout 1500 -i /data/schlandals/pwmc_benchmarks/instances/bayesian_networks/pcnf/munin/493.cnf | tr '\n' ' '",/data/schlandals/pwmc_benchmarks/instances/bayesian_networks/pcnf/munin/493.cnf,"Estimated probability 6.2652562e-2 with bounds [6.2652557e-2 6.2652566e-2] (epsilon 0.0000000715166545983692) found in 100 seconds ",
492,:,1737448551.000,103.000,0,130,0,0,"schlandals --timeout 1500 -i /data/schlandals/pwmc_benchmarks/instances/bayesian_networks/pcnf/munin/492.cnf | tr '\n' ' '",/data/schlandals/pwmc_benchmarks/instances/bayesian_networks/pcnf/munin/492.cnf,"Estimated probability 2.1686156e-2 with bounds [2.1686152e-2 2.1686161e-2] (epsilon 0.000000206615776265906) found in 101 seconds ",
496,:,1737448557.000,104.000,0,133,0,0,"schlandals --timeout 1500 -i /data/schlandals/pwmc_benchmarks/instances/bayesian_networks/pcnf/munin/496.cnf | tr '\n' ' '",/data/schlandals/pwmc_benchmarks/instances/bayesian_networks/pcnf/munin/496.cnf,"Estimated probability 2.2510136e-1 with bounds [2.2510135e-1 2.2510136e-1] (epsilon 0.000000019905262105268662) found in 103 seconds ",
494,:,1737448555.000,109.000,0,133,0,0,"schlandals --timeout 1500 -i /data/schlandals/pwmc_benchmarks/instances/bayesian_networks/pcnf/munin/494.cnf | tr '\n' ' '",/data/schlandals/pwmc_benchmarks/instances/bayesian_networks/pcnf/munin/494.cnf,"Estimated probability 1.3753041e-1 with bounds [1.3753040e-1 1.3753041e-1] (epsilon 0.000000032579715814051724) found in 108 seconds ",
497,:,1737448560.000,105.000,0,133,0,0,"schlandals --timeout 1500 -i /data/schlandals/pwmc_benchmarks/instances/bayesian_networks/pcnf/munin/497.cnf | tr '\n' ' '",/data/schlandals/pwmc_benchmarks/instances/bayesian_networks/pcnf/munin/497.cnf,"Estimated probability 1.6550498e-1 with bounds [1.6550497e-1 1.6550498e-1] (epsilon 0.000000027072910802061756) found in 104 seconds ",
500,:,1737448580.000,100.000,0,130,0,0,"schlandals --timeout 1500 -i /data/schlandals/pwmc_benchmarks/instances/bayesian_networks/pcnf/munin/500.cnf | tr '\n' ' '",/data/schlandals/pwmc_benchmarks/instances/bayesian_networks/pcnf/munin/500.cnf,"Estimated probability 1.6089146e-2 with bounds [1.6089141e-2 1.6089150e-2] (epsilon 0.0000002755860484260353) found in 98 seconds ",
498,:,1737448579.000,102.000,0,133,0,0,"schlandals --timeout 1500 -i /data/schlandals/pwmc_benchmarks/instances/bayesian_networks/pcnf/munin/498.cnf | tr '\n' ' '",/data/schlandals/pwmc_benchmarks/instances/bayesian_networks/pcnf/munin/498.cnf,"Estimated probability 8.7166598e-2 with bounds [8.7166594e-2 8.7166603e-2] (epsilon 0.000000051403882261880085) found in 101 seconds ",
499,:,1737448580.000,104.000,0,132,0,0,"schlandals --timeout 1500 -i /data/schlandals/pwmc_benchmarks/instances/bayesian_networks/pcnf/munin/499.cnf | tr '\n' ' '",/data/schlandals/pwmc_benchmarks/instances/bayesian_networks/pcnf/munin/499.cnf,"Estimated probability 3.6778726e-2 with bounds [3.6778721e-2 3.6778730e-2] (epsilon 0.00000012182862940690597) found in 103 seconds ",
501,:,1737448612.000,106.000,0,131,0,0,"schlandals --timeout 1500 -i /data/schlandals/pwmc_benchmarks/instances/bayesian_networks/pcnf/munin/501.cnf | tr '\n' ' '",/data/schlandals/pwmc_benchmarks/instances/bayesian_networks/pcnf/munin/501.cnf,"Estimated probability 9.0807109e-3 with bounds [9.0807065e-3 9.0807154e-3] (epsilon 0.0000004882816588835936) found in 104 seconds ",
507,:,1737448654.000,83.000,0,107,0,0,"schlandals --timeout 1500 -i /data/schlandals/pwmc_benchmarks/instances/bayesian_networks/pcnf/munin/507.cnf | tr '\n' ' '",/data/schlandals/pwmc_benchmarks/instances/bayesian_networks/pcnf/munin/507.cnf,"Estimated probability 7.9866221e-1 with bounds [7.9866221e-1 7.9866221e-1] (epsilon 0) found in 83 seconds ",
506,:,1737448654.000,83.000,0,107,0,0,"schlandals --timeout 1500 -i /data/schlandals/pwmc_benchmarks/instances/bayesian_networks/pcnf/munin/506.cnf | tr '\n' ' '",/data/schlandals/pwmc_benchmarks/instances/bayesian_networks/pcnf/munin/506.cnf,"Estimated probability 5.8368376e-2 with bounds [5.8368376e-2 5.8368376e-2] (epsilon 0) found in 83 seconds ",
505,:,1737448653.000,85.000,0,107,0,0,"schlandals --timeout 1500 -i /data/schlandals/pwmc_benchmarks/instances/bayesian_networks/pcnf/munin/505.cnf | tr '\n' ' '",/data/schlandals/pwmc_benchmarks/instances/bayesian_networks/pcnf/munin/505.cnf,"Estimated probability 6.7432109e-3 with bounds [6.7432109e-3 6.7432109e-3] (epsilon 0) found in 85 seconds ",
503,:,1737448650.000,94.000,0,107,0,0,"schlandals --timeout 1500 -i /data/schlandals/pwmc_benchmarks/instances/bayesian_networks/pcnf/munin/503.cnf | tr '\n' ' '",/data/schlandals/pwmc_benchmarks/instances/bayesian_networks/pcnf/munin/503.cnf,"Estimated probability 4.2243607e-3 with bounds [4.2243607e-3 4.2243607e-3] (epsilon 0) found in 93 seconds ",
502,:,1737448642.000,104.000,0,131,0,0,"schlandals --timeout 1500 -i /data/schlandals/pwmc_benchmarks/instances/bayesian_networks/pcnf/munin/502.cnf | tr '\n' ' '",/data/schlandals/pwmc_benchmarks/instances/bayesian_networks/pcnf/munin/502.cnf,"Estimated probability 6.0941834e-3 with bounds [6.0941790e-3 6.0941879e-3] (epsilon 0.0000007275700208975167) found in 103 seconds ",
504,:,1737448652.000,95.000,0,107,0,0,"schlandals --timeout 1500 -i /data/schlandals/pwmc_benchmarks/instances/bayesian_networks/pcnf/munin/504.cnf | tr '\n' ' '",/data/schlandals/pwmc_benchmarks/instances/bayesian_networks/pcnf/munin/504.cnf,"Estimated probability 2.8784587e-3 with bounds [2.8784587e-3 2.8784587e-3] (epsilon 0) found in 94 seconds ",
509,:,1737448664.000,84.000,0,107,0,0,"schlandals --timeout 1500 -i /data/schlandals/pwmc_benchmarks/instances/bayesian_networks/pcnf/munin/509.cnf | tr '\n' ' '",/data/schlandals/pwmc_benchmarks/instances/bayesian_networks/pcnf/munin/509.cnf,"Estimated probability 2.1546798e-2 with bounds [2.1546798e-2 2.1546798e-2] (epsilon 0) found in 83 seconds ",
508,:,1737448661.000,87.000,0,107,0,0,"schlandals --timeout 1500 -i /data/schlandals/pwmc_benchmarks/instances/bayesian_networks/pcnf/munin/508.cnf | tr '\n' ' '",/data/schlandals/pwmc_benchmarks/instances/bayesian_networks/pcnf/munin/508.cnf,"Estimated probability 1.1467941e-1 with bounds [1.1467941e-1 1.1467941e-1] (epsilon 0) found in 86 seconds ",
510,:,1737448665.000,105.000,0,133,0,0,"schlandals --timeout 1500 -i /data/schlandals/pwmc_benchmarks/instances/bayesian_networks/pcnf/munin/510.cnf | tr '\n' ' '",/data/schlandals/pwmc_benchmarks/instances/bayesian_networks/pcnf/munin/510.cnf,"Estimated probability 1.4410888e-3 with bounds [1.4410887e-3 1.4410888e-3] (epsilon 0.000000043880668876283835) found in 104 seconds ",
511,:,1737448680.000,100.000,0,133,0,0,"schlandals --timeout 1500 -i /data/schlandals/pwmc_benchmarks/instances/bayesian_networks/pcnf/munin/511.cnf | tr '\n' ' '",/data/schlandals/pwmc_benchmarks/instances/bayesian_networks/pcnf/munin/511.cnf,"Estimated probability 3.0126502e-3 with bounds [3.0126502e-3 3.0126503e-3] (epsilon 0.000000020990131854858873) found in 100 seconds ",
512,:,1737448681.000,101.000,0,132,0,0,"schlandals --timeout 1500 -i /data/schlandals/pwmc_benchmarks/instances/bayesian_networks/pcnf/munin/512.cnf | tr '\n' ' '",/data/schlandals/pwmc_benchmarks/instances/bayesian_networks/pcnf/munin/512.cnf,"Estimated probability 6.7384158e-3 with bounds [6.7384155e-3 6.7384161e-3] (epsilon 0.00000003870582654386112) found in 100 seconds ",
513,:,1737448684.000,101.000,0,132,0,0,"schlandals --timeout 1500 -i /data/schlandals/pwmc_benchmarks/instances/bayesian_networks/pcnf/munin/513.cnf | tr '\n' ' '",/data/schlandals/pwmc_benchmarks/instances/bayesian_networks/pcnf/munin/513.cnf,"Estimated probability 2.1652677e-2 with bounds [2.1652677e-2 2.1652678e-2] (epsilon 0.00000001204543931265789) found in 100 seconds ",
519,:,1737448746.000,69.000,0,132,0,0,"schlandals --timeout 1500 -i /data/schlandals/pwmc_benchmarks/instances/bayesian_networks/pcnf/munin/519.cnf | tr '\n' ' '",/data/schlandals/pwmc_benchmarks/instances/bayesian_networks/pcnf/munin/519.cnf,"Estimated probability 5.4022470e-2 with bounds [5.4022469e-2 5.4022470e-2] (epsilon 0.000000007721084438472303) found in 68 seconds ",
514,:,1737448718.000,103.000,0,133,0,0,"schlandals --timeout 1500 -i /data/schlandals/pwmc_benchmarks/instances/bayesian_networks/pcnf/munin/514.cnf | tr '\n' ' '",/data/schlandals/pwmc_benchmarks/instances/bayesian_networks/pcnf/munin/514.cnf,"Estimated probability 7.2308117e-2 with bounds [7.2308116e-2 7.2308117e-2] (epsilon 0.000000005282158044295215) found in 102 seconds ",
515,:,1737448737.000,99.000,0,133,0,0,"schlandals --timeout 1500 -i /data/schlandals/pwmc_benchmarks/instances/bayesian_networks/pcnf/munin/515.cnf | tr '\n' ' '",/data/schlandals/pwmc_benchmarks/instances/bayesian_networks/pcnf/munin/515.cnf,"Estimated probability 1.7152647e-1 with bounds [1.7152647e-1 1.7152647e-1] (epsilon 0.0000000024317647895344408) found in 98 seconds ",
517,:,1737448738.000,99.000,0,133,0,0,"schlandals --timeout 1500 -i /data/schlandals/pwmc_benchmarks/instances/bayesian_networks/pcnf/munin/517.cnf | tr '\n' ' '",/data/schlandals/pwmc_benchmarks/instances/bayesian_networks/pcnf/munin/517.cnf,"Estimated probability 2.3417023e-1 with bounds [2.3417023e-1 2.3417023e-1] (epsilon 0.0000000017812344932366386) found in 98 seconds ",
516,:,1737448737.000,103.000,0,134,0,0,"schlandals --timeout 1500 -i /data/schlandals/pwmc_benchmarks/instances/bayesian_networks/pcnf/munin/516.cnf | tr '\n' ' '",/data/schlandals/pwmc_benchmarks/instances/bayesian_networks/pcnf/munin/516.cnf,"Estimated probability 2.5553850e-1 with bounds [2.5553850e-1 2.5553850e-1] (epsilon 0.0000000016322863061191129) found in 102 seconds ",
520,:,1737448747.000,99.000,0,132,0,0,"schlandals --timeout 1500 -i /data/schlandals/pwmc_benchmarks/instances/bayesian_networks/pcnf/munin/520.cnf | tr '\n' ' '",/data/schlandals/pwmc_benchmarks/instances/bayesian_networks/pcnf/munin/520.cnf,"Estimated probability 2.0579486e-2 with bounds [2.0579486e-2 2.0579487e-2] (epsilon 0.000000020268341893725506) found in 98 seconds ",
521,:,1737448748.000,98.000,0,132,0,0,"schlandals --timeout 1500 -i /data/schlandals/pwmc_benchmarks/instances/bayesian_networks/pcnf/munin/521.cnf | tr '\n' ' '",/data/schlandals/pwmc_benchmarks/instances/bayesian_networks/pcnf/munin/521.cnf,"Estimated probability 1.0372517e-2 with bounds [1.0372516e-2 1.0372517e-2] (epsilon 0.000000040213196106364535) found in 98 seconds ",
518,:,1737448744.000,107.000,0,134,0,0,"schlandals --timeout 1500 -i /data/schlandals/pwmc_benchmarks/instances/bayesian_networks/pcnf/munin/518.cnf | tr '\n' ' '",/data/schlandals/pwmc_benchmarks/instances/bayesian_networks/pcnf/munin/518.cnf,"Estimated probability 1.3470693e-1 with bounds [1.3470693e-1 1.3470693e-1] (epsilon 0.0000000030964411035228068) found in 105 seconds ",
525,:,1737448782.000,70.000,0,130,0,0,"schlandals --timeout 1500 -i /data/schlandals/pwmc_benchmarks/instances/bayesian_networks/pcnf/munin/525.cnf | tr '\n' ' '",/data/schlandals/pwmc_benchmarks/instances/bayesian_networks/pcnf/munin/525.cnf,"Estimated probability 1.2015357e-3 with bounds [1.2015353e-3 1.2015360e-3] (epsilon 0.0000002910682044277024) found in 69 seconds ",
522,:,1737448748.000,105.000,0,132,0,0,"schlandals --timeout 1500 -i /data/schlandals/pwmc_benchmarks/instances/bayesian_networks/pcnf/munin/522.cnf | tr '\n' ' '",/data/schlandals/pwmc_benchmarks/instances/bayesian_networks/pcnf/munin/522.cnf,"Estimated probability 6.1368203e-3 with bounds [6.1368199e-3 6.1368206e-3] (epsilon 0.00000005698860228164904) found in 104 seconds ",
534,:,1737448851.000,4.000,0,106,0,0,"schlandals --timeout 1500 -i /data/schlandals/pwmc_benchmarks/instances/bayesian_networks/pcnf/munin/534.cnf | tr '\n' ' '",/data/schlandals/pwmc_benchmarks/instances/bayesian_networks/pcnf/munin/534.cnf,"Estimated probability 8.8020006e-1 with bounds [8.8020006e-1 8.8020006e-1] (epsilon 0) found in 3 seconds ",
535,:,1737448852.000,4.000,0,106,0,0,"schlandals --timeout 1500 -i /data/schlandals/pwmc_benchmarks/instances/bayesian_networks/pcnf/munin/535.cnf | tr '\n' ' '",/data/schlandals/pwmc_benchmarks/instances/bayesian_networks/pcnf/munin/535.cnf,"Estimated probability 1.1979994e-1 with bounds [1.1979994e-1 1.1979994e-1] (epsilon 0) found in 3 seconds ",
536,:,1737448853.000,9.000,0,106,0,0,"schlandals --timeout 1500 -i /data/schlandals/pwmc_benchmarks/instances/bayesian_networks/pcnf/munin/536.cnf | tr '\n' ' '",/data/schlandals/pwmc_benchmarks/instances/bayesian_networks/pcnf/munin/536.cnf,"Estimated probability 9.4632480e-1 with bounds [9.4632480e-1 9.4632480e-1] (epsilon 0) found in 7 seconds ",
537,:,1737448855.000,8.000,0,106,0,0,"schlandals --timeout 1500 -i /data/schlandals/pwmc_benchmarks/instances/bayesian_networks/pcnf/munin/537.cnf | tr '\n' ' '",/data/schlandals/pwmc_benchmarks/instances/bayesian_networks/pcnf/munin/537.cnf,"Estimated probability 5.3675200e-2 with bounds [5.3675200e-2 5.3675200e-2] (epsilon 0) found in 7 seconds ",
523,:,1737448770.000,106.000,0,132,0,0,"schlandals --timeout 1500 -i /data/schlandals/pwmc_benchmarks/instances/bayesian_networks/pcnf/munin/523.cnf | tr '\n' ' '",/data/schlandals/pwmc_benchmarks/instances/bayesian_networks/pcnf/munin/523.cnf,"Estimated probability 3.5506232e-3 with bounds [3.5506228e-3 3.5506235e-3] (epsilon 0.00000009849786408722139) found in 105 seconds ",
524,:,1737448780.000,99.000,0,131,0,0,"schlandals --timeout 1500 -i /data/schlandals/pwmc_benchmarks/instances/bayesian_networks/pcnf/munin/524.cnf | tr '\n' ' '",/data/schlandals/pwmc_benchmarks/instances/bayesian_networks/pcnf/munin/524.cnf,"Estimated probability 2.0688035e-3 with bounds [2.0688031e-3 2.0688038e-3] (epsilon 0.00000016904883426427375) found in 97 seconds ",
526,:,1737448785.000,99.000,0,131,0,0,"schlandals --timeout 1500 -i /data/schlandals/pwmc_benchmarks/instances/bayesian_networks/pcnf/munin/526.cnf | tr '\n' ' '",/data/schlandals/pwmc_benchmarks/instances/bayesian_networks/pcnf/munin/526.cnf,"Estimated probability 6.4127000e-4 with bounds [6.4126984e-4 6.4127016e-4] (epsilon 0.00000023726162901027692) found in 98 seconds ",
527,:,1737448815.000,101.000,0,131,0,0,"schlandals --timeout 1500 -i /data/schlandals/pwmc_benchmarks/instances/bayesian_networks/pcnf/munin/527.cnf | tr '\n' ' '",/data/schlandals/pwmc_benchmarks/instances/bayesian_networks/pcnf/munin/527.cnf,"Estimated probability 2.8930809e-4 with bounds [2.8930793e-4 2.8930825e-4] (epsilon 0.0000005259057416218127) found in 100 seconds ",
529,:,1737448836.000,82.000,0,107,0,0,"schlandals --timeout 1500 -i /data/schlandals/pwmc_benchmarks/instances/bayesian_networks/pcnf/munin/529.cnf | tr '\n' ' '",/data/schlandals/pwmc_benchmarks/instances/bayesian_networks/pcnf/munin/529.cnf,"Estimated probability 1.1456274e-1 with bounds [1.1456274e-1 1.1456274e-1] (epsilon 0) found in 81 seconds ",
531,:,1737448840.000,81.000,0,107,0,0,"schlandals --timeout 1500 -i /data/schlandals/pwmc_benchmarks/instances/bayesian_networks/pcnf/munin/531.cnf | tr '\n' ' '",/data/schlandals/pwmc_benchmarks/instances/bayesian_networks/pcnf/munin/531.cnf,"Estimated probability 1.4616052e-1 with bounds [1.4616052e-1 1.4616052e-1] (epsilon 0) found in 80 seconds ",
530,:,1737448837.000,84.000,0,107,0,0,"schlandals --timeout 1500 -i /data/schlandals/pwmc_benchmarks/instances/bayesian_networks/pcnf/munin/530.cnf | tr '\n' ' '",/data/schlandals/pwmc_benchmarks/instances/bayesian_networks/pcnf/munin/530.cnf,"Estimated probability 7.3927674e-1 with bounds [7.3927674e-1 7.3927674e-1] (epsilon 0) found in 82 seconds ",
532,:,1737448846.000,76.000,0,107,0,0,"schlandals --timeout 1500 -i /data/schlandals/pwmc_benchmarks/instances/bayesian_networks/pcnf/munin/532.cnf | tr '\n' ' '",/data/schlandals/pwmc_benchmarks/instances/bayesian_networks/pcnf/munin/532.cnf,"Estimated probability 8.2270645e-1 with bounds [8.2270645e-1 8.2270645e-1] (epsilon 0) found in 75 seconds ",
528,:,1737448821.000,101.000,0,131,0,0,"schlandals --timeout 1500 -i /data/schlandals/pwmc_benchmarks/instances/bayesian_networks/pcnf/munin/528.cnf | tr '\n' ' '",/data/schlandals/pwmc_benchmarks/instances/bayesian_networks/pcnf/munin/528.cnf,"Estimated probability 4.2088905e-5 with bounds [4.2088869e-5 4.2088941e-5] (epsilon 0.0000007370557899566421) found in 100 seconds ",
533,:,1737448846.000,81.000,0,107,0,0,"schlandals --timeout 1500 -i /data/schlandals/pwmc_benchmarks/instances/bayesian_networks/pcnf/munin/533.cnf | tr '\n' ' '",/data/schlandals/pwmc_benchmarks/instances/bayesian_networks/pcnf/munin/533.cnf,"Estimated probability 1.7729355e-1 with bounds [1.7729355e-1 1.7729355e-1] (epsilon 0) found in 80 seconds ",
114,:,1737448188.000,1278.000,0,133,0,0,"schlandals --timeout 1500 -i /data/schlandals/pwmc_benchmarks/instances/bayesian_networks/pcnf/munin/114.cnf | tr '\n' ' '",/data/schlandals/pwmc_benchmarks/instances/bayesian_networks/pcnf/munin/114.cnf,"Estimated probability 1.9137409e-2 with bounds [1.9137405e-2 1.9137413e-2] (epsilon 0.00000022677497968359717) found in 1277 seconds ",
211,:,1737448304.000,1180.000,0,133,0,0,"schlandals --timeout 1500 -i /data/schlandals/pwmc_benchmarks/instances/bayesian_networks/pcnf/munin/211.cnf | tr '\n' ' '",/data/schlandals/pwmc_benchmarks/instances/bayesian_networks/pcnf/munin/211.cnf,"Estimated probability 1.4964436e-3 with bounds [1.4964433e-3 1.4964439e-3] (epsilon 0.00000020977052828108356) found in 1179 seconds ",
113,:,1737448187.000,1346.000,0,133,0,0,"schlandals --timeout 1500 -i /data/schlandals/pwmc_benchmarks/instances/bayesian_networks/pcnf/munin/113.cnf | tr '\n' ' '",/data/schlandals/pwmc_benchmarks/instances/bayesian_networks/pcnf/munin/113.cnf,"Estimated probability 5.2761935e-2 with bounds [5.2761930e-2 5.2761939e-2] (epsilon 0.00000008827176389836211) found in 1344 seconds ",
443,:,1737448455.000,1094.000,0,135,0,0,"schlandals --timeout 1500 -i /data/schlandals/pwmc_benchmarks/instances/bayesian_networks/pcnf/munin/443.cnf | tr '\n' ' '",/data/schlandals/pwmc_benchmarks/instances/bayesian_networks/pcnf/munin/443.cnf,"Estimated probability 2.2931410e-1 with bounds [2.2931410e-1 2.2931410e-1] (epsilon 0.0000000019743606749500486) found in 1093 seconds ",
215,:,1737448317.000,1256.000,0,133,0,0,"schlandals --timeout 1500 -i /data/schlandals/pwmc_benchmarks/instances/bayesian_networks/pcnf/munin/215.cnf | tr '\n' ' '",/data/schlandals/pwmc_benchmarks/instances/bayesian_networks/pcnf/munin/215.cnf,"Estimated probability 5.6387728e-3 with bounds [5.6387722e-3 5.6387735e-3] (epsilon 0.00000011197711802246602) found in 1254 seconds ",
111,:,1737448186.000,1414.000,0,132,0,0,"schlandals --timeout 1500 -i /data/schlandals/pwmc_benchmarks/instances/bayesian_networks/pcnf/munin/111.cnf | tr '\n' ' '",/data/schlandals/pwmc_benchmarks/instances/bayesian_networks/pcnf/munin/111.cnf,"Estimated probability 2.0724685e-1 with bounds [2.0724684e-1 2.0724685e-1] (epsilon 0.0000000235270205539706) found in 1413 seconds ",
207,:,1737448301.000,1317.000,0,134,0,0,"schlandals --timeout 1500 -i /data/schlandals/pwmc_benchmarks/instances/bayesian_networks/pcnf/munin/207.cnf | tr '\n' ' '",/data/schlandals/pwmc_benchmarks/instances/bayesian_networks/pcnf/munin/207.cnf,"Estimated probability 1.2325337e-2 with bounds [1.2325337e-2 1.2325337e-2] (epsilon 0.000000011178272085743401) found in 1316 seconds ",
221,:,1737448334.000,1286.000,0,134,0,0,"schlandals --timeout 1500 -i /data/schlandals/pwmc_benchmarks/instances/bayesian_networks/pcnf/munin/221.cnf | tr '\n' ' '",/data/schlandals/pwmc_benchmarks/instances/bayesian_networks/pcnf/munin/221.cnf,"Estimated probability 8.3328044e-2 with bounds [8.3328039e-2 8.3328049e-2] (epsilon 0.000000058940127445339385) found in 1285 seconds ",
138,:,1737448197.000,1443.000,0,134,0,0,"schlandals --timeout 1500 -i /data/schlandals/pwmc_benchmarks/instances/bayesian_networks/pcnf/munin/138.cnf | tr '\n' ' '",/data/schlandals/pwmc_benchmarks/instances/bayesian_networks/pcnf/munin/138.cnf,"Estimated probability 5.9751938e-3 with bounds [5.9751936e-3 5.9751939e-3] (epsilon 0.000000023057991516139964) found in 1442 seconds ",
559,:,1737449640.000,8.000,0,106,0,0,"schlandals --timeout 1500 -i /data/schlandals/pwmc_benchmarks/instances/bayesian_networks/pcnf/munin/559.cnf | tr '\n' ' '",/data/schlandals/pwmc_benchmarks/instances/bayesian_networks/pcnf/munin/559.cnf,"Estimated probability 9.4588394e-1 with bounds [9.4588394e-1 9.4588394e-1] (epsilon 0) found in 7 seconds ",
560,:,1737449648.000,8.000,0,106,0,0,"schlandals --timeout 1500 -i /data/schlandals/pwmc_benchmarks/instances/bayesian_networks/pcnf/munin/560.cnf | tr '\n' ' '",/data/schlandals/pwmc_benchmarks/instances/bayesian_networks/pcnf/munin/560.cnf,"Estimated probability 2.2181015e-2 with bounds [2.2181015e-2 2.2181015e-2] (epsilon 0) found in 7 seconds ",
561,:,1737449656.000,8.000,0,106,0,0,"schlandals --timeout 1500 -i /data/schlandals/pwmc_benchmarks/instances/bayesian_networks/pcnf/munin/561.cnf | tr '\n' ' '",/data/schlandals/pwmc_benchmarks/instances/bayesian_networks/pcnf/munin/561.cnf,"Estimated probability 1.0633318e-2 with bounds [1.0633318e-2 1.0633318e-2] (epsilon 0) found in 7 seconds ",
562,:,1737449664.000,8.000,0,106,0,0,"schlandals --timeout 1500 -i /data/schlandals/pwmc_benchmarks/instances/bayesian_networks/pcnf/munin/562.cnf | tr '\n' ' '",/data/schlandals/pwmc_benchmarks/instances/bayesian_networks/pcnf/munin/562.cnf,"Estimated probability 1.3017219e-3 with bounds [1.3017219e-3 1.3017219e-3] (epsilon 0) found in 7 seconds ",
445,:,1737448457.000,1222.000,0,134,0,0,"schlandals --timeout 1500 -i /data/schlandals/pwmc_benchmarks/instances/bayesian_networks/pcnf/munin/445.cnf | tr '\n' ' '",/data/schlandals/pwmc_benchmarks/instances/bayesian_networks/pcnf/munin/445.cnf,"Estimated probability 1.4685583e-2 with bounds [1.4685583e-2 1.4685583e-2] (epsilon 0.000000012110723979219529) found in 1220 seconds ",
563,:,1737449672.000,8.000,0,106,0,0,"schlandals --timeout 1500 -i /data/schlandals/pwmc_benchmarks/instances/bayesian_networks/pcnf/munin/563.cnf | tr '\n' ' '",/data/schlandals/pwmc_benchmarks/instances/bayesian_networks/pcnf/munin/563.cnf,"Estimated probability 2.0000000e-2 with bounds [2.0000000e-2 2.0000000e-2] (epsilon 0) found in 7 seconds ",
98,:,1737448185.000,1501.000,0,129,0,0,"schlandals --timeout 1500 -i /data/schlandals/pwmc_benchmarks/instances/bayesian_networks/pcnf/munin/98.cnf | tr '\n' ' '",/data/schlandals/pwmc_benchmarks/instances/bayesian_networks/pcnf/munin/98.cnf,"Estimated probability 1.2321675e-2 with bounds [1.2296484e-2 1.2346917e-2] (epsilon 0.0020486091955704833) found in 1500 seconds ",
100,:,1737448185.000,1501.000,0,126,0,0,"schlandals --timeout 1500 -i /data/schlandals/pwmc_benchmarks/instances/bayesian_networks/pcnf/munin/100.cnf | tr '\n' ' '",/data/schlandals/pwmc_benchmarks/instances/bayesian_networks/pcnf/munin/100.cnf,"Estimated probability 5.3984226e-3 with bounds [3.2277607e-3 9.0288496e-3] (epsilon 0.6724977493104718) found in 1500 seconds ",
99,:,1737448185.000,1501.000,0,128,0,0,"schlandals --timeout 1500 -i /data/schlandals/pwmc_benchmarks/instances/bayesian_networks/pcnf/munin/99.cnf | tr '\n' ' '",/data/schlandals/pwmc_benchmarks/instances/bayesian_networks/pcnf/munin/99.cnf,"Estimated probability 2.9109645e-3 with bounds [2.8857245e-3 2.9364253e-3] (epsilon 0.008746509774487876) found in 1500 seconds ",
102,:,1737448185.000,1501.000,0,127,0,0,"schlandals --timeout 1500 -i /data/schlandals/pwmc_benchmarks/instances/bayesian_networks/pcnf/munin/102.cnf | tr '\n' ' '",/data/schlandals/pwmc_benchmarks/instances/bayesian_networks/pcnf/munin/102.cnf,"Estimated probability 6.2437562e-3 with bounds [6.0457717e-3 6.4482243e-3] (epsilon 0.03274760668199361) found in 1500 seconds ",
101,:,1737448185.000,1501.000,0,126,0,0,"schlandals --timeout 1500 -i /data/schlandals/pwmc_benchmarks/instances/bayesian_networks/pcnf/munin/101.cnf | tr '\n' ' '",/data/schlandals/pwmc_benchmarks/instances/bayesian_networks/pcnf/munin/101.cnf,"Estimated probability 4.9348054e-3 with bounds [4.3345647e-3 5.6181660e-3] (epsilon 0.1384777255644447) found in 1500 seconds ",
103,:,1737448185.000,1501.000,0,127,0,0,"schlandals --timeout 1500 -i /data/schlandals/pwmc_benchmarks/instances/bayesian_networks/pcnf/munin/103.cnf | tr '\n' ' '",/data/schlandals/pwmc_benchmarks/instances/bayesian_networks/pcnf/munin/103.cnf,"Estimated probability 9.3374782e-3 with bounds [8.1120214e-3 1.0748061e-2] (epsilon 0.15106675950789916) found in 1500 seconds ",
104,:,1737448185.000,1501.000,0,126,0,0,"schlandals --timeout 1500 -i /data/schlandals/pwmc_benchmarks/instances/bayesian_networks/pcnf/munin/104.cnf | tr '\n' ' '",/data/schlandals/pwmc_benchmarks/instances/bayesian_networks/pcnf/munin/104.cnf,"Estimated probability 1.2900887e-2 with bounds [1.0640868e-2 1.5640911e-2] (epsilon 0.2123904015145992) found in 1500 seconds ",
105,:,1737448185.000,1501.000,0,127,0,0,"schlandals --timeout 1500 -i /data/schlandals/pwmc_benchmarks/instances/bayesian_networks/pcnf/munin/105.cnf | tr '\n' ' '",/data/schlandals/pwmc_benchmarks/instances/bayesian_networks/pcnf/munin/105.cnf,"Estimated probability 1.7120742e-2 with bounds [1.4464589e-2 2.0264648e-2] (epsilon 0.18363138580373417) found in 1500 seconds ",
107,:,1737448185.000,1501.000,0,127,0,0,"schlandals --timeout 1500 -i /data/schlandals/pwmc_benchmarks/instances/bayesian_networks/pcnf/munin/107.cnf | tr '\n' ' '",/data/schlandals/pwmc_benchmarks/instances/bayesian_networks/pcnf/munin/107.cnf,"Estimated probability 4.2149910e-2 with bounds [3.9455974e-2 4.5027779e-2] (epsilon 0.06827701110257123) found in 1500 seconds ",
106,:,1737448185.000,1502.000,0,128,0,0,"schlandals --timeout 1500 -i /data/schlandals/pwmc_benchmarks/instances/bayesian_networks/pcnf/munin/106.cnf | tr '\n' ' '",/data/schlandals/pwmc_benchmarks/instances/bayesian_networks/pcnf/munin/106.cnf,"Estimated probability 2.2292179e-2 with bounds [2.1781937e-2 2.2814373e-2] (epsilon 0.023424977499583166) found in 1500 seconds ",
108,:,1737448186.000,1501.000,0,128,0,0,"schlandals --timeout 1500 -i /data/schlandals/pwmc_benchmarks/instances/bayesian_networks/pcnf/munin/108.cnf | tr '\n' ' '",/data/schlandals/pwmc_benchmarks/instances/bayesian_networks/pcnf/munin/108.cnf,"Estimated probability 8.5215042e-2 with bounds [8.4656106e-2 8.5777669e-2] (epsilon 0.006602433516759154) found in 1500 seconds ",
564,:,1737449679.000,8.000,0,106,0,0,"schlandals --timeout 1500 -i /data/schlandals/pwmc_benchmarks/instances/bayesian_networks/pcnf/munin/564.cnf | tr '\n' ' '",/data/schlandals/pwmc_benchmarks/instances/bayesian_networks/pcnf/munin/564.cnf,"Estimated probability 9.4901349e-1 with bounds [9.4901349e-1 9.4901349e-1] (epsilon 0) found in 7 seconds ",
109,:,1737448186.000,1501.000,0,128,0,0,"schlandals --timeout 1500 -i /data/schlandals/pwmc_benchmarks/instances/bayesian_networks/pcnf/munin/109.cnf | tr '\n' ' '",/data/schlandals/pwmc_benchmarks/instances/bayesian_networks/pcnf/munin/109.cnf,"Estimated probability 1.6278926e-1 with bounds [1.6228986e-1 1.6329019e-1] (epsilon 0.003077189114056411) found in 1500 seconds ",
110,:,1737448186.000,1501.000,0,128,0,0,"schlandals --timeout 1500 -i /data/schlandals/pwmc_benchmarks/instances/bayesian_networks/pcnf/munin/110.cnf | tr '\n' ' '",/data/schlandals/pwmc_benchmarks/instances/bayesian_networks/pcnf/munin/110.cnf,"Estimated probability 2.2516030e-1 with bounds [2.2451842e-1 2.2580401e-1] (epsilon 0.002858918369392782) found in 1500 seconds ",
112,:,1737448187.000,1501.000,0,128,0,0,"schlandals --timeout 1500 -i /data/schlandals/pwmc_benchmarks/instances/bayesian_networks/pcnf/munin/112.cnf | tr '\n' ' '",/data/schlandals/pwmc_benchmarks/instances/bayesian_networks/pcnf/munin/112.cnf,"Estimated probability 1.2665660e-1 with bounds [1.2569940e-1 1.2762109e-1] (epsilon 0.007614968031204095) found in 1500 seconds ",
565,:,1737449680.000,8.000,0,106,0,0,"schlandals --timeout 1500 -i /data/schlandals/pwmc_benchmarks/instances/bayesian_networks/pcnf/munin/565.cnf | tr '\n' ' '",/data/schlandals/pwmc_benchmarks/instances/bayesian_networks/pcnf/munin/565.cnf,"Estimated probability 2.0756259e-2 with bounds [2.0756259e-2 2.0756259e-2] (epsilon 0) found in 8 seconds ",
580,:,1737449688.000,1.000,0,106,0,0,"schlandals --timeout 1500 -i /data/schlandals/pwmc_benchmarks/instances/bayesian_networks/pcnf/munin/580.cnf | tr '\n' ' '",/data/schlandals/pwmc_benchmarks/instances/bayesian_networks/pcnf/munin/580.cnf,"Estimated probability 9.2221932e-1 with bounds [9.2221932e-1 9.2221932e-1] (epsilon 0) found in 0 seconds ",
581,:,1737449688.000,1.000,0,106,0,0,"schlandals --timeout 1500 -i /data/schlandals/pwmc_benchmarks/instances/bayesian_networks/pcnf/munin/581.cnf | tr '\n' ' '",/data/schlandals/pwmc_benchmarks/instances/bayesian_networks/pcnf/munin/581.cnf,"Estimated probability 7.7780683e-2 with bounds [7.7780683e-2 7.7780683e-2] (epsilon 0) found in 0 seconds ",
582,:,1737449689.000,1.000,0,87,0,0,"schlandals --timeout 1500 -i /data/schlandals/pwmc_benchmarks/instances/bayesian_networks/pcnf/munin/582.cnf | tr '\n' ' '",/data/schlandals/pwmc_benchmarks/instances/bayesian_networks/pcnf/munin/582.cnf,"Estimated probability -0 with bounds [0 -6.7353649e-17] (epsilon 0) found in 0 seconds ",
583,:,1737449689.000,1.000,0,87,0,0,"schlandals --timeout 1500 -i /data/schlandals/pwmc_benchmarks/instances/bayesian_networks/pcnf/munin/583.cnf | tr '\n' ' '",/data/schlandals/pwmc_benchmarks/instances/bayesian_networks/pcnf/munin/583.cnf,"Estimated probability -0 with bounds [0 -6.7353649e-17] (epsilon 0) found in 0 seconds ",
584,:,1737449690.000,1.000,0,87,0,0,"schlandals --timeout 1500 -i /data/schlandals/pwmc_benchmarks/instances/bayesian_networks/pcnf/munin/584.cnf | tr '\n' ' '",/data/schlandals/pwmc_benchmarks/instances/bayesian_networks/pcnf/munin/584.cnf,"Estimated probability -0 with bounds [0 -6.7353649e-17] (epsilon 0) found in 0 seconds ",
585,:,1737449690.000,2.000,0,87,0,0,"schlandals --timeout 1500 -i /data/schlandals/pwmc_benchmarks/instances/bayesian_networks/pcnf/munin/585.cnf | tr '\n' ' '",/data/schlandals/pwmc_benchmarks/instances/bayesian_networks/pcnf/munin/585.cnf,"Estimated probability -0 with bounds [0 -6.7353649e-17] (epsilon 0) found in 0 seconds ",
569,:,1737449686.000,6.000,0,106,0,0,"schlandals --timeout 1500 -i /data/schlandals/pwmc_benchmarks/instances/bayesian_networks/pcnf/munin/569.cnf | tr '\n' ' '",/data/schlandals/pwmc_benchmarks/instances/bayesian_networks/pcnf/munin/569.cnf,"Estimated probability 2.2297814e-2 with bounds [2.2297814e-2 2.2297814e-2] (epsilon 0) found in 5 seconds ",
568,:,1737449686.000,8.000,0,106,0,0,"schlandals --timeout 1500 -i /data/schlandals/pwmc_benchmarks/instances/bayesian_networks/pcnf/munin/568.cnf | tr '\n' ' '",/data/schlandals/pwmc_benchmarks/instances/bayesian_networks/pcnf/munin/568.cnf,"Estimated probability 9.4549911e-1 with bounds [9.4549911e-1 9.4549911e-1] (epsilon 0) found in 7 seconds ",
566,:,1737449686.000,8.000,0,106,0,0,"schlandals --timeout 1500 -i /data/schlandals/pwmc_benchmarks/instances/bayesian_networks/pcnf/munin/566.cnf | tr '\n' ' '",/data/schlandals/pwmc_benchmarks/instances/bayesian_networks/pcnf/munin/566.cnf,"Estimated probability 1.0177664e-2 with bounds [1.0177664e-2 1.0177664e-2] (epsilon 0) found in 7 seconds ",
570,:,1737449686.000,8.000,0,106,0,0,"schlandals --timeout 1500 -i /data/schlandals/pwmc_benchmarks/instances/bayesian_networks/pcnf/munin/570.cnf | tr '\n' ' '",/data/schlandals/pwmc_benchmarks/instances/bayesian_networks/pcnf/munin/570.cnf,"Estimated probability 1.0836669e-2 with bounds [1.0836669e-2 1.0836669e-2] (epsilon 0) found in 7 seconds ",
567,:,1737449686.000,8.000,0,106,0,0,"schlandals --timeout 1500 -i /data/schlandals/pwmc_benchmarks/instances/bayesian_networks/pcnf/munin/567.cnf | tr '\n' ' '",/data/schlandals/pwmc_benchmarks/instances/bayesian_networks/pcnf/munin/567.cnf,"Estimated probability 2.0052583e-2 with bounds [2.0052583e-2 2.0052583e-2] (epsilon 0) found in 8 seconds ",
575,:,1737449687.000,7.000,0,106,0,0,"schlandals --timeout 1500 -i /data/schlandals/pwmc_benchmarks/instances/bayesian_networks/pcnf/munin/575.cnf | tr '\n' ' '",/data/schlandals/pwmc_benchmarks/instances/bayesian_networks/pcnf/munin/575.cnf,"Estimated probability 1.2936256e-3 with bounds [1.2936256e-3 1.2936256e-3] (epsilon 0) found in 7 seconds ",
576,:,1737449687.000,8.000,0,106,0,0,"schlandals --timeout 1500 -i /data/schlandals/pwmc_benchmarks/instances/bayesian_networks/pcnf/munin/576.cnf | tr '\n' ' '",/data/schlandals/pwmc_benchmarks/instances/bayesian_networks/pcnf/munin/576.cnf,"Estimated probability 4.1321565e-4 with bounds [4.1321565e-4 4.1321565e-4] (epsilon 0) found in 7 seconds ",
571,:,1737449686.000,9.000,0,106,0,0,"schlandals --timeout 1500 -i /data/schlandals/pwmc_benchmarks/instances/bayesian_networks/pcnf/munin/571.cnf | tr '\n' ' '",/data/schlandals/pwmc_benchmarks/instances/bayesian_networks/pcnf/munin/571.cnf,"Estimated probability 1.3440672e-3 with bounds [1.3440672e-3 1.3440672e-3] (epsilon 0) found in 8 seconds ",
572,:,1737449686.000,9.000,0,106,0,0,"schlandals --timeout 1500 -i /data/schlandals/pwmc_benchmarks/instances/bayesian_networks/pcnf/munin/572.cnf | tr '\n' ' '",/data/schlandals/pwmc_benchmarks/instances/bayesian_networks/pcnf/munin/572.cnf,"Estimated probability 2.0022336e-2 with bounds [2.0022336e-2 2.0022336e-2] (epsilon 0) found in 8 seconds ",
574,:,1737449686.000,9.000,0,106,0,0,"schlandals --timeout 1500 -i /data/schlandals/pwmc_benchmarks/instances/bayesian_networks/pcnf/munin/574.cnf | tr '\n' ' '",/data/schlandals/pwmc_benchmarks/instances/bayesian_networks/pcnf/munin/574.cnf,"Estimated probability 5.2579806e-2 with bounds [5.2579806e-2 5.2579806e-2] (epsilon 0) found in 8 seconds ",
573,:,1737449686.000,9.000,0,106,0,0,"schlandals --timeout 1500 -i /data/schlandals/pwmc_benchmarks/instances/bayesian_networks/pcnf/munin/573.cnf | tr '\n' ' '",/data/schlandals/pwmc_benchmarks/instances/bayesian_networks/pcnf/munin/573.cnf,"Estimated probability 9.4571335e-1 with bounds [9.4571335e-1 9.4571335e-1] (epsilon 0) found in 8 seconds ",
134,:,1737448197.000,1501.000,0,129,0,0,"schlandals --timeout 1500 -i /data/schlandals/pwmc_benchmarks/instances/bayesian_networks/pcnf/munin/134.cnf | tr '\n' ' '",/data/schlandals/pwmc_benchmarks/instances/bayesian_networks/pcnf/munin/134.cnf,"Estimated probability 8.2102880e-1 with bounds [8.2038375e-1 8.2167435e-1] (epsilon 0.0007862718141733449) found in 1500 seconds ",
135,:,1737448197.000,1501.000,0,127,0,0,"schlandals --timeout 1500 -i /data/schlandals/pwmc_benchmarks/instances/bayesian_networks/pcnf/munin/135.cnf | tr '\n' ' '",/data/schlandals/pwmc_benchmarks/instances/bayesian_networks/pcnf/munin/135.cnf,"Estimated probability 1.2095476e-1 with bounds [1.1963219e-1 1.2229196e-1] (epsilon 0.01105535644306821) found in 1500 seconds ",
136,:,1737448197.000,1501.000,0,127,0,0,"schlandals --timeout 1500 -i /data/schlandals/pwmc_benchmarks/instances/bayesian_networks/pcnf/munin/136.cnf | tr '\n' ' '",/data/schlandals/pwmc_benchmarks/instances/bayesian_networks/pcnf/munin/136.cnf,"Estimated probability 3.4643125e-2 with bounds [3.1825691e-2 3.7709979e-2] (epsilon 0.08852704319819371) found in 1500 seconds ",
137,:,1737448197.000,1501.000,0,127,0,0,"schlandals --timeout 1500 -i /data/schlandals/pwmc_benchmarks/instances/bayesian_networks/pcnf/munin/137.cnf | tr '\n' ' '",/data/schlandals/pwmc_benchmarks/instances/bayesian_networks/pcnf/munin/137.cnf,"Estimated probability 1.2030371e-2 with bounds [9.4253344e-3 1.5355404e-2] (epsilon 0.27638660312282237) found in 1500 seconds ",
139,:,1737448198.000,1501.000,0,128,0,0,"schlandals --timeout 1500 -i /data/schlandals/pwmc_benchmarks/instances/bayesian_networks/pcnf/munin/139.cnf | tr '\n' ' '",/data/schlandals/pwmc_benchmarks/instances/bayesian_networks/pcnf/munin/139.cnf,"Estimated probability 1.1790898e-2 with bounds [1.1301467e-2 1.2301525e-2] (epsilon 0.043306888656385434) found in 1500 seconds ",
579,:,1737449687.000,13.000,0,107,0,0,"schlandals --timeout 1500 -i /data/schlandals/pwmc_benchmarks/instances/bayesian_networks/pcnf/munin/579.cnf | tr '\n' ' '",/data/schlandals/pwmc_benchmarks/instances/bayesian_networks/pcnf/munin/579.cnf,"Estimated probability 1.6283367e-2 with bounds [1.6283367e-2 1.6283367e-2] (epsilon 0) found in 12 seconds ",
578,:,1737449687.000,13.000,0,107,0,0,"schlandals --timeout 1500 -i /data/schlandals/pwmc_benchmarks/instances/bayesian_networks/pcnf/munin/578.cnf | tr '\n' ' '",/data/schlandals/pwmc_benchmarks/instances/bayesian_networks/pcnf/munin/578.cnf,"Estimated probability 7.7236892e-2 with bounds [7.7236892e-2 7.7236892e-2] (epsilon 0) found in 12 seconds ",
577,:,1737449687.000,14.000,0,107,0,0,"schlandals --timeout 1500 -i /data/schlandals/pwmc_benchmarks/instances/bayesian_networks/pcnf/munin/577.cnf | tr '\n' ' '",/data/schlandals/pwmc_benchmarks/instances/bayesian_networks/pcnf/munin/577.cnf,"Estimated probability 9.0647974e-1 with bounds [9.0647974e-1 9.0647974e-1] (epsilon 0) found in 13 seconds ",
429,:,1737448435.000,1276.000,0,133,0,0,"schlandals --timeout 1500 -i /data/schlandals/pwmc_benchmarks/instances/bayesian_networks/pcnf/munin/429.cnf | tr '\n' ' '",/data/schlandals/pwmc_benchmarks/instances/bayesian_networks/pcnf/munin/429.cnf,"Estimated probability 1.1180487e-2 with bounds [1.1180487e-2 1.1180487e-2] (epsilon 0.00000000696314605974635) found in 1275 seconds ",
590,:,1737449694.000,50.000,0,107,0,0,"schlandals --timeout 1500 -i /data/schlandals/pwmc_benchmarks/instances/bayesian_networks/pcnf/munin/590.cnf | tr '\n' ' '",/data/schlandals/pwmc_benchmarks/instances/bayesian_networks/pcnf/munin/590.cnf,"Estimated probability 9.8642707e-1 with bounds [9.8642707e-1 9.8642707e-1] (epsilon 0) found in 49 seconds ",
587,:,1737449692.000,66.000,0,107,0,0,"schlandals --timeout 1500 -i /data/schlandals/pwmc_benchmarks/instances/bayesian_networks/pcnf/munin/587.cnf | tr '\n' ' '",/data/schlandals/pwmc_benchmarks/instances/bayesian_networks/pcnf/munin/587.cnf,"Estimated probability 7.1036563e-2 with bounds [7.1036563e-2 7.1036563e-2] (epsilon 0) found in 65 seconds ",
586,:,1737449691.000,67.000,0,107,0,0,"schlandals --timeout 1500 -i /data/schlandals/pwmc_benchmarks/instances/bayesian_networks/pcnf/munin/586.cnf | tr '\n' ' '",/data/schlandals/pwmc_benchmarks/instances/bayesian_networks/pcnf/munin/586.cnf,"Estimated probability 8.7405016e-1 with bounds [8.7405016e-1 8.7405016e-1] (epsilon 0) found in 66 seconds ",
588,:,1737449692.000,69.000,0,107,0,0,"schlandals --timeout 1500 -i /data/schlandals/pwmc_benchmarks/instances/bayesian_networks/pcnf/munin/588.cnf | tr '\n' ' '",/data/schlandals/pwmc_benchmarks/instances/bayesian_networks/pcnf/munin/588.cnf,"Estimated probability 4.0725131e-2 with bounds [4.0725131e-2 4.0725131e-2] (epsilon 0) found in 68 seconds ",
589,:,1737449694.000,68.000,0,107,0,0,"schlandals --timeout 1500 -i /data/schlandals/pwmc_benchmarks/instances/bayesian_networks/pcnf/munin/589.cnf | tr '\n' ' '",/data/schlandals/pwmc_benchmarks/instances/bayesian_networks/pcnf/munin/589.cnf,"Estimated probability 1.4188150e-2 with bounds [1.4188150e-2 1.4188150e-2] (epsilon 0) found in 67 seconds ",
593,:,1737449694.000,68.000,0,107,0,0,"schlandals --timeout 1500 -i /data/schlandals/pwmc_benchmarks/instances/bayesian_networks/pcnf/munin/593.cnf | tr '\n' ' '",/data/schlandals/pwmc_benchmarks/instances/bayesian_networks/pcnf/munin/593.cnf,"Estimated probability 1.2190820e-1 with bounds [1.2190820e-1 1.2190820e-1] (epsilon 0) found in 66 seconds ",
591,:,1737449694.000,68.000,0,107,0,0,"schlandals --timeout 1500 -i /data/schlandals/pwmc_benchmarks/instances/bayesian_networks/pcnf/munin/591.cnf | tr '\n' ' '",/data/schlandals/pwmc_benchmarks/instances/bayesian_networks/pcnf/munin/591.cnf,"Estimated probability 1.3572932e-2 with bounds [1.3572932e-2 1.3572932e-2] (epsilon 0) found in 67 seconds ",
592,:,1737449694.000,70.000,0,107,0,0,"schlandals --timeout 1500 -i /data/schlandals/pwmc_benchmarks/instances/bayesian_networks/pcnf/munin/592.cnf | tr '\n' ' '",/data/schlandals/pwmc_benchmarks/instances/bayesian_networks/pcnf/munin/592.cnf,"Estimated probability 8.7809180e-1 with bounds [8.7809180e-1 8.7809180e-1] (epsilon 0) found in 69 seconds ",
611,:,1737449761.000,6.000,0,129,0,0,"schlandals --timeout 1500 -i /data/schlandals/pwmc_benchmarks/instances/bayesian_networks/pcnf/munin/611.cnf | tr '\n' ' '",/data/schlandals/pwmc_benchmarks/instances/bayesian_networks/pcnf/munin/611.cnf,"Estimated probability 9.1061802e-3 with bounds [9.1061756e-3 9.1061847e-3] (epsilon 0.0000005025760740906549) found in 6 seconds ",
612,:,1737449762.000,6.000,0,130,0,0,"schlandals --timeout 1500 -i /data/schlandals/pwmc_benchmarks/instances/bayesian_networks/pcnf/munin/612.cnf | tr '\n' ' '",/data/schlandals/pwmc_benchmarks/instances/bayesian_networks/pcnf/munin/612.cnf,"Estimated probability 6.6006550e-2 with bounds [6.6006545e-2 6.6006555e-2] (epsilon 0.00000006985158518268975) found in 6 seconds ",
613,:,1737449762.000,6.000,0,129,0,0,"schlandals --timeout 1500 -i /data/schlandals/pwmc_benchmarks/instances/bayesian_networks/pcnf/munin/613.cnf | tr '\n' ' '",/data/schlandals/pwmc_benchmarks/instances/bayesian_networks/pcnf/munin/613.cnf,"Estimated probability 2.1797613e-1 with bounds [2.1797613e-1 2.1797614e-1] (epsilon 0.0000000211521411497273) found in 6 seconds ",
614,:,1737449762.000,7.000,0,131,0,0,"schlandals --timeout 1500 -i /data/schlandals/pwmc_benchmarks/instances/bayesian_networks/pcnf/munin/614.cnf | tr '\n' ' '",/data/schlandals/pwmc_benchmarks/instances/bayesian_networks/pcnf/munin/614.cnf,"Estimated probability 3.3055599e-1 with bounds [3.3055599e-1 3.3055600e-1] (epsilon 0.000000013948202814972888) found in 6 seconds ",
615,:,1737449764.000,7.000,0,131,0,0,"schlandals --timeout 1500 -i /data/schlandals/pwmc_benchmarks/instances/bayesian_networks/pcnf/munin/615.cnf | tr '\n' ' '",/data/schlandals/pwmc_benchmarks/instances/bayesian_networks/pcnf/munin/615.cnf,"Estimated probability 2.9363592e-1 with bounds [2.9363592e-1 2.9363593e-1] (epsilon 0.000000015701968392178856) found in 6 seconds ",
616,:,1737449767.000,7.000,0,130,0,0,"schlandals --timeout 1500 -i /data/schlandals/pwmc_benchmarks/instances/bayesian_networks/pcnf/munin/616.cnf | tr '\n' ' '",/data/schlandals/pwmc_benchmarks/instances/bayesian_networks/pcnf/munin/616.cnf,"Estimated probability 6.0319783e-2 with bounds [6.0319778e-2 6.0319787e-2] (epsilon 0.00000007643698229919949) found in 6 seconds ",
617,:,1737449768.000,7.000,0,129,0,0,"schlandals --timeout 1500 -i /data/schlandals/pwmc_benchmarks/instances/bayesian_networks/pcnf/munin/617.cnf | tr '\n' ' '",/data/schlandals/pwmc_benchmarks/instances/bayesian_networks/pcnf/munin/617.cnf,"Estimated probability 5.6373538e-3 with bounds [5.6373492e-3 5.6373584e-3] (epsilon 0.0000008178773238665116) found in 5 seconds ",
618,:,1737449768.000,7.000,0,130,0,0,"schlandals --timeout 1500 -i /data/schlandals/pwmc_benchmarks/instances/bayesian_networks/pcnf/munin/618.cnf | tr '\n' ' '",/data/schlandals/pwmc_benchmarks/instances/bayesian_networks/pcnf/munin/618.cnf,"Estimated probability 1.5462251e-3 with bounds [1.5462250e-3 1.5462251e-3] (epsilon 0.00000004285363486289384) found in 6 seconds ",
619,:,1737449769.000,6.000,0,131,0,0,"schlandals --timeout 1500 -i /data/schlandals/pwmc_benchmarks/instances/bayesian_networks/pcnf/munin/619.cnf | tr '\n' ' '",/data/schlandals/pwmc_benchmarks/instances/bayesian_networks/pcnf/munin/619.cnf,"Estimated probability 1.1170591e-3 with bounds [1.1170591e-3 1.1170592e-3] (epsilon 0.000000059317685208171156) found in 5 seconds ",
620,:,1737449771.000,6.000,0,130,0,0,"schlandals --timeout 1500 -i /data/schlandals/pwmc_benchmarks/instances/bayesian_networks/pcnf/munin/620.cnf | tr '\n' ' '",/data/schlandals/pwmc_benchmarks/instances/bayesian_networks/pcnf/munin/620.cnf,"Estimated probability 1.2847634e-3 with bounds [1.2847633e-3 1.2847635e-3] (epsilon 0.00000005157476001826922) found in 6 seconds ",
621,:,1737449774.000,7.000,0,130,0,0,"schlandals --timeout 1500 -i /data/schlandals/pwmc_benchmarks/instances/bayesian_networks/pcnf/munin/621.cnf | tr '\n' ' '",/data/schlandals/pwmc_benchmarks/instances/bayesian_networks/pcnf/munin/621.cnf,"Estimated probability 8.6862754e-4 with bounds [8.6862749e-4 8.6862760e-4] (epsilon 0.00000005592047469527017) found in 6 seconds ",
622,:,1737449775.000,6.000,0,131,0,0,"schlandals --timeout 1500 -i /data/schlandals/pwmc_benchmarks/instances/bayesian_networks/pcnf/munin/622.cnf | tr '\n' ' '",/data/schlandals/pwmc_benchmarks/instances/bayesian_networks/pcnf/munin/622.cnf,"Estimated probability 1.0257607e-3 with bounds [1.0257606e-3 1.0257607e-3] (epsilon 0.000000047354187682202564) found in 5 seconds ",
623,:,1737449775.000,6.000,0,131,0,0,"schlandals --timeout 1500 -i /data/schlandals/pwmc_benchmarks/instances/bayesian_networks/pcnf/munin/623.cnf | tr '\n' ' '",/data/schlandals/pwmc_benchmarks/instances/bayesian_networks/pcnf/munin/623.cnf,"Estimated probability 1.7056354e-3 with bounds [1.7056353e-3 1.7056354e-3] (epsilon 0.000000028478574387591493) found in 5 seconds ",
624,:,1737449775.000,6.000,0,130,0,0,"schlandals --timeout 1500 -i /data/schlandals/pwmc_benchmarks/instances/bayesian_networks/pcnf/munin/624.cnf | tr '\n' ' '",/data/schlandals/pwmc_benchmarks/instances/bayesian_networks/pcnf/munin/624.cnf,"Estimated probability 2.1484469e-3 with bounds [2.1484468e-3 2.1484469e-3] (epsilon 0.00000001496266976985794) found in 5 seconds ",
625,:,1737449777.000,7.000,0,131,0,0,"schlandals --timeout 1500 -i /data/schlandals/pwmc_benchmarks/instances/bayesian_networks/pcnf/munin/625.cnf | tr '\n' ' '",/data/schlandals/pwmc_benchmarks/instances/bayesian_networks/pcnf/munin/625.cnf,"Estimated probability 2.8073020e-3 with bounds [2.8073020e-3 2.8073021e-3] (epsilon 0.000000011451030568210285) found in 6 seconds ",
627,:,1737449781.000,6.000,0,106,0,0,"schlandals --timeout 1500 -i /data/schlandals/pwmc_benchmarks/instances/bayesian_networks/pcnf/munin/627.cnf | tr '\n' ' '",/data/schlandals/pwmc_benchmarks/instances/bayesian_networks/pcnf/munin/627.cnf,"Estimated probability 8.4307940e-4 with bounds [8.4307940e-4 8.4307940e-4] (epsilon 0) found in 5 seconds ",
626,:,1737449781.000,6.000,0,131,0,0,"schlandals --timeout 1500 -i /data/schlandals/pwmc_benchmarks/instances/bayesian_networks/pcnf/munin/626.cnf | tr '\n' ' '",/data/schlandals/pwmc_benchmarks/instances/bayesian_networks/pcnf/munin/626.cnf,"Estimated probability 3.4152062e-3 with bounds [3.4152062e-3 3.4152062e-3] (epsilon 0.000000009412755463955591) found in 6 seconds ",
208,:,1737448301.000,1501.000,0,126,0,0,"schlandals --timeout 1500 -i /data/schlandals/pwmc_benchmarks/instances/bayesian_networks/pcnf/munin/208.cnf | tr '\n' ' '",/data/schlandals/pwmc_benchmarks/instances/bayesian_networks/pcnf/munin/208.cnf,"Estimated probability 1.4985018e-3 with bounds [9.8775139e-4 2.2733530e-3] (epsilon 0.5170839499644764) found in 1500 seconds ",
209,:,1737448301.000,1501.000,0,126,0,0,"schlandals --timeout 1500 -i /data/schlandals/pwmc_benchmarks/instances/bayesian_networks/pcnf/munin/209.cnf | tr '\n' ' '",/data/schlandals/pwmc_benchmarks/instances/bayesian_networks/pcnf/munin/209.cnf,"Estimated probability 2.7667612e-3 with bounds [1.1047853e-3 6.9289186e-3] (epsilon 1.5043428553447797) found in 1500 seconds ",
210,:,1737448303.000,1501.000,0,126,0,0,"schlandals --timeout 1500 -i /data/schlandals/pwmc_benchmarks/instances/bayesian_networks/pcnf/munin/210.cnf | tr '\n' ' '",/data/schlandals/pwmc_benchmarks/instances/bayesian_networks/pcnf/munin/210.cnf,"Estimated probability 2.9591921e-3 with bounds [1.2432786e-3 7.0433272e-3] (epsilon 1.3801520477084672) found in 1500 seconds ",
212,:,1737448304.000,1501.000,0,126,0,0,"schlandals --timeout 1500 -i /data/schlandals/pwmc_benchmarks/instances/bayesian_networks/pcnf/munin/212.cnf | tr '\n' ' '",/data/schlandals/pwmc_benchmarks/instances/bayesian_networks/pcnf/munin/212.cnf,"Estimated probability 2.3839252e-3 with bounds [1.9327758e-3 2.9403821e-3] (epsilon 0.2334204470735013) found in 1500 seconds ",
213,:,1737448308.000,1498.000,0,133,0,0,"schlandals --timeout 1500 -i /data/schlandals/pwmc_benchmarks/instances/bayesian_networks/pcnf/munin/213.cnf | tr '\n' ' '",/data/schlandals/pwmc_benchmarks/instances/bayesian_networks/pcnf/munin/213.cnf,"Estimated probability 2.7358911e-3 with bounds [2.7358904e-3 2.7358917e-3] (epsilon 0.00000023078900235340427) found in 1496 seconds ",
636,:,1737449805.000,3.000,0,106,0,0,"schlandals --timeout 1500 -i /data/schlandals/pwmc_benchmarks/instances/bayesian_networks/pcnf/munin/636.cnf | tr '\n' ' '",/data/schlandals/pwmc_benchmarks/instances/bayesian_networks/pcnf/munin/636.cnf,"Estimated probability 8.3003723e-1 with bounds [8.3003723e-1 8.3003723e-1] (epsilon 0) found in 1 seconds ",
637,:,1737449806.000,3.000,0,106,0,0,"schlandals --timeout 1500 -i /data/schlandals/pwmc_benchmarks/instances/bayesian_networks/pcnf/munin/637.cnf | tr '\n' ' '",/data/schlandals/pwmc_benchmarks/instances/bayesian_networks/pcnf/munin/637.cnf,"Estimated probability 1.4443556e-1 with bounds [1.4443556e-1 1.4443556e-1] (epsilon 0) found in 3 seconds ",
638,:,1737449808.000,3.000,0,106,0,0,"schlandals --timeout 1500 -i /data/schlandals/pwmc_benchmarks/instances/bayesian_networks/pcnf/munin/638.cnf | tr '\n' ' '",/data/schlandals/pwmc_benchmarks/instances/bayesian_networks/pcnf/munin/638.cnf,"Estimated probability 2.4700342e-2 with bounds [2.4700342e-2 2.4700342e-2] (epsilon 0) found in 3 seconds ",
639,:,1737449809.000,4.000,0,106,0,0,"schlandals --timeout 1500 -i /data/schlandals/pwmc_benchmarks/instances/bayesian_networks/pcnf/munin/639.cnf | tr '\n' ' '",/data/schlandals/pwmc_benchmarks/instances/bayesian_networks/pcnf/munin/639.cnf,"Estimated probability 8.2687553e-4 with bounds [8.2687553e-4 8.2687553e-4] (epsilon 0) found in 3 seconds ",
214,:,1737448315.000,1501.000,0,126,0,0,"schlandals --timeout 1500 -i /data/schlandals/pwmc_benchmarks/instances/bayesian_networks/pcnf/munin/214.cnf | tr '\n' ' '",/data/schlandals/pwmc_benchmarks/instances/bayesian_networks/pcnf/munin/214.cnf,"Estimated probability 6.1491903e-3 with bounds [3.8975656e-3 9.7015794e-3] (epsilon 0.5777002838004839) found in 1500 seconds ",
216,:,1737448321.000,1501.000,0,126,0,0,"schlandals --timeout 1500 -i /data/schlandals/pwmc_benchmarks/instances/bayesian_networks/pcnf/munin/216.cnf | tr '\n' ' '",/data/schlandals/pwmc_benchmarks/instances/bayesian_networks/pcnf/munin/216.cnf,"Estimated probability 1.0206920e-2 with bounds [7.6526151e-3 1.3613806e-2] (epsilon 0.3337819619660931) found in 1500 seconds ",
217,:,1737448323.000,1501.000,0,127,0,0,"schlandals --timeout 1500 -i /data/schlandals/pwmc_benchmarks/instances/bayesian_networks/pcnf/munin/217.cnf | tr '\n' ' '",/data/schlandals/pwmc_benchmarks/instances/bayesian_networks/pcnf/munin/217.cnf,"Estimated probability 1.1043405e-2 with bounds [1.0510875e-2 1.1602916e-2] (epsilon 0.05066468710114069) found in 1500 seconds ",
219,:,1737448333.000,1501.000,0,127,0,0,"schlandals --timeout 1500 -i /data/schlandals/pwmc_benchmarks/instances/bayesian_networks/pcnf/munin/219.cnf | tr '\n' ' '",/data/schlandals/pwmc_benchmarks/instances/bayesian_networks/pcnf/munin/219.cnf,"Estimated probability 2.3173042e-2 with bounds [2.0679831e-2 2.5966841e-2] (epsilon 0.12056246750731225) found in 1500 seconds ",
218,:,1737448333.000,1501.000,0,127,0,0,"schlandals --timeout 1500 -i /data/schlandals/pwmc_benchmarks/instances/bayesian_networks/pcnf/munin/218.cnf | tr '\n' ' '",/data/schlandals/pwmc_benchmarks/instances/bayesian_networks/pcnf/munin/218.cnf,"Estimated probability 1.5477333e-2 with bounds [1.4214552e-2 1.6852295e-2] (epsilon 0.08883715760144217) found in 1500 seconds ",
220,:,1737448333.000,1501.000,0,127,0,0,"schlandals --timeout 1500 -i /data/schlandals/pwmc_benchmarks/instances/bayesian_networks/pcnf/munin/220.cnf | tr '\n' ' '",/data/schlandals/pwmc_benchmarks/instances/bayesian_networks/pcnf/munin/220.cnf,"Estimated probability 3.8693915e-2 with bounds [3.8056497e-2 3.9342008e-2] (epsilon 0.01674923864225808) found in 1500 seconds ",
634,:,1737449802.000,33.000,0,107,0,0,"schlandals --timeout 1500 -i /data/schlandals/pwmc_benchmarks/instances/bayesian_networks/pcnf/munin/634.cnf | tr '\n' ' '",/data/schlandals/pwmc_benchmarks/instances/bayesian_networks/pcnf/munin/634.cnf,"Estimated probability 1.0936260e-1 with bounds [1.0936260e-1 1.0936260e-1] (epsilon 0) found in 32 seconds ",
222,:,1737448335.000,1501.000,0,127,0,0,"schlandals --timeout 1500 -i /data/schlandals/pwmc_benchmarks/instances/bayesian_networks/pcnf/munin/222.cnf | tr '\n' ' '",/data/schlandals/pwmc_benchmarks/instances/bayesian_networks/pcnf/munin/222.cnf,"Estimated probability 1.6196503e-1 with bounds [1.6162718e-1 1.6230358e-1] (epsilon 0.00209028159935154) found in 1500 seconds ",
223,:,1737448340.000,1501.000,0,128,0,0,"schlandals --timeout 1500 -i /data/schlandals/pwmc_benchmarks/instances/bayesian_networks/pcnf/munin/223.cnf | tr '\n' ' '",/data/schlandals/pwmc_benchmarks/instances/bayesian_networks/pcnf/munin/223.cnf,"Estimated probability 2.2628690e-1 with bounds [2.2493657e-1 2.2764534e-1] (epsilon 0.006003158511481255) found in 1500 seconds ",
224,:,1737448340.000,1502.000,0,129,0,0,"schlandals --timeout 1500 -i /data/schlandals/pwmc_benchmarks/instances/bayesian_networks/pcnf/munin/224.cnf | tr '\n' ' '",/data/schlandals/pwmc_benchmarks/instances/bayesian_networks/pcnf/munin/224.cnf,"Estimated probability 2.0911561e-1 with bounds [2.0846063e-1 2.0977265e-1] (epsilon 0.0031419966564036894) found in 1500 seconds ",
635,:,1737449804.000,39.000,0,107,0,0,"schlandals --timeout 1500 -i /data/schlandals/pwmc_benchmarks/instances/bayesian_networks/pcnf/munin/635.cnf | tr '\n' ' '",/data/schlandals/pwmc_benchmarks/instances/bayesian_networks/pcnf/munin/635.cnf,"Estimated probability 8.9063740e-1 with bounds [8.9063740e-1 8.9063740e-1] (epsilon 0) found in 39 seconds ",
225,:,1737448346.000,1501.000,0,129,0,0,"schlandals --timeout 1500 -i /data/schlandals/pwmc_benchmarks/instances/bayesian_networks/pcnf/munin/225.cnf | tr '\n' ' '",/data/schlandals/pwmc_benchmarks/instances/bayesian_networks/pcnf/munin/225.cnf,"Estimated probability 1.2735965e-1 with bounds [1.2671596e-1 1.2800660e-1] (epsilon 0.0050797311675794266) found in 1500 seconds ",
226,:,1737448347.000,1501.000,0,127,0,0,"schlandals --timeout 1500 -i /data/schlandals/pwmc_benchmarks/instances/bayesian_networks/pcnf/munin/226.cnf | tr '\n' ' '",/data/schlandals/pwmc_benchmarks/instances/bayesian_networks/pcnf/munin/226.cnf,"Estimated probability 5.5925451e-2 with bounds [5.3097872e-2 5.8903605e-2] (epsilon 0.05325221226332988) found in 1500 seconds ",
227,:,1737448349.000,1501.000,0,127,0,0,"schlandals --timeout 1500 -i /data/schlandals/pwmc_benchmarks/instances/bayesian_networks/pcnf/munin/227.cnf | tr '\n' ' '",/data/schlandals/pwmc_benchmarks/instances/bayesian_networks/pcnf/munin/227.cnf,"Estimated probability 2.0212391e-2 with bounds [1.8949646e-2 2.1559280e-2] (epsilon 0.06663683801363551) found in 1500 seconds ",
643,:,1737449822.000,33.000,0,107,0,0,"schlandals --timeout 1500 -i /data/schlandals/pwmc_benchmarks/instances/bayesian_networks/pcnf/munin/643.cnf | tr '\n' ' '",/data/schlandals/pwmc_benchmarks/instances/bayesian_networks/pcnf/munin/643.cnf,"Estimated probability 1.8213750e-2 with bounds [1.8213750e-2 1.8213750e-2] (epsilon 0) found in 32 seconds ",
640,:,1737449811.000,46.000,0,107,0,0,"schlandals --timeout 1500 -i /data/schlandals/pwmc_benchmarks/instances/bayesian_networks/pcnf/munin/640.cnf | tr '\n' ' '",/data/schlandals/pwmc_benchmarks/instances/bayesian_networks/pcnf/munin/640.cnf,"Estimated probability 8.2792128e-2 with bounds [8.2792128e-2 8.2792128e-2] (epsilon 0) found in 45 seconds ",
647,:,1737449834.000,31.000,0,107,0,0,"schlandals --timeout 1500 -i /data/schlandals/pwmc_benchmarks/instances/bayesian_networks/pcnf/munin/647.cnf | tr '\n' ' '",/data/schlandals/pwmc_benchmarks/instances/bayesian_networks/pcnf/munin/647.cnf,"Estimated probability 1.3178498e-2 with bounds [1.3178498e-2 1.3178498e-2] (epsilon 0) found in 30 seconds ",
641,:,1737449813.000,58.000,0,107,0,0,"schlandals --timeout 1500 -i /data/schlandals/pwmc_benchmarks/instances/bayesian_networks/pcnf/munin/641.cnf | tr '\n' ' '",/data/schlandals/pwmc_benchmarks/instances/bayesian_networks/pcnf/munin/641.cnf,"Estimated probability 8.4666654e-1 with bounds [8.4666654e-1 8.4666654e-1] (epsilon 0) found in 56 seconds ",
642,:,1737449816.000,59.000,0,107,0,0,"schlandals --timeout 1500 -i /data/schlandals/pwmc_benchmarks/instances/bayesian_networks/pcnf/munin/642.cnf | tr '\n' ' '",/data/schlandals/pwmc_benchmarks/instances/bayesian_networks/pcnf/munin/642.cnf,"Estimated probability 7.0541337e-2 with bounds [7.0541337e-2 7.0541337e-2] (epsilon 0) found in 58 seconds ",
644,:,1737449824.000,58.000,0,107,0,0,"schlandals --timeout 1500 -i /data/schlandals/pwmc_benchmarks/instances/bayesian_networks/pcnf/munin/644.cnf | tr '\n' ' '",/data/schlandals/pwmc_benchmarks/instances/bayesian_networks/pcnf/munin/644.cnf,"Estimated probability 6.1356488e-2 with bounds [6.1356488e-2 6.1356488e-2] (epsilon 0) found in 56 seconds ",
431,:,1737448435.000,1447.000,0,133,0,0,"schlandals --timeout 1500 -i /data/schlandals/pwmc_benchmarks/instances/bayesian_networks/pcnf/munin/431.cnf | tr '\n' ' '",/data/schlandals/pwmc_benchmarks/instances/bayesian_networks/pcnf/munin/431.cnf,"Estimated probability 2.1313621e-3 with bounds [2.1313620e-3 2.1313622e-3] (epsilon 0.00000005640022937569711) found in 1445 seconds ",
646,:,1737449834.000,55.000,0,107,0,0,"schlandals --timeout 1500 -i /data/schlandals/pwmc_benchmarks/instances/bayesian_networks/pcnf/munin/646.cnf | tr '\n' ' '",/data/schlandals/pwmc_benchmarks/instances/bayesian_networks/pcnf/munin/646.cnf,"Estimated probability 4.1984924e-2 with bounds [4.1984924e-2 4.1984924e-2] (epsilon 0) found in 54 seconds ",
645,:,1737449834.000,60.000,0,107,0,0,"schlandals --timeout 1500 -i /data/schlandals/pwmc_benchmarks/instances/bayesian_networks/pcnf/munin/645.cnf | tr '\n' ' '",/data/schlandals/pwmc_benchmarks/instances/bayesian_networks/pcnf/munin/645.cnf,"Estimated probability 8.6526634e-1 with bounds [8.6526634e-1 8.6526634e-1] (epsilon 0) found in 59 seconds ",
657,:,1737449857.000,40.000,0,132,0,0,"schlandals --timeout 1500 -i /data/schlandals/pwmc_benchmarks/instances/bayesian_networks/pcnf/munin/657.cnf | tr '\n' ' '",/data/schlandals/pwmc_benchmarks/instances/bayesian_networks/pcnf/munin/657.cnf,"Estimated probability 1.6038368e-1 with bounds [1.6038368e-1 1.6038368e-1] (epsilon 0.000000003042703866640295) found in 39 seconds ",
648,:,1737449835.000,66.000,0,130,0,0,"schlandals --timeout 1500 -i /data/schlandals/pwmc_benchmarks/instances/bayesian_networks/pcnf/munin/648.cnf | tr '\n' ' '",/data/schlandals/pwmc_benchmarks/instances/bayesian_networks/pcnf/munin/648.cnf,"Estimated probability 9.2699414e-4 with bounds [9.2699391e-4 9.2699436e-4] (epsilon 0.0000002396072826815754) found in 65 seconds ",
649,:,1737449836.000,71.000,0,131,0,0,"schlandals --timeout 1500 -i /data/schlandals/pwmc_benchmarks/instances/bayesian_networks/pcnf/munin/649.cnf | tr '\n' ' '",/data/schlandals/pwmc_benchmarks/instances/bayesian_networks/pcnf/munin/649.cnf,"Estimated probability 1.8823963e-3 with bounds [1.8823960e-3 1.8823965e-3] (epsilon 0.00000011799561372427547) found in 70 seconds ",
651,:,1737449842.000,69.000,0,131,0,0,"schlandals --timeout 1500 -i /data/schlandals/pwmc_benchmarks/instances/bayesian_networks/pcnf/munin/651.cnf | tr '\n' ' '",/data/schlandals/pwmc_benchmarks/instances/bayesian_networks/pcnf/munin/651.cnf,"Estimated probability 8.3911068e-3 with bounds [8.3911064e-3 8.3911072e-3] (epsilon 0.00000004824112598278418) found in 67 seconds ",
650,:,1737449841.000,70.000,0,131,0,0,"schlandals --timeout 1500 -i /data/schlandals/pwmc_benchmarks/instances/bayesian_networks/pcnf/munin/650.cnf | tr '\n' ' '",/data/schlandals/pwmc_benchmarks/instances/bayesian_networks/pcnf/munin/650.cnf,"Estimated probability 3.6080955e-3 with bounds [3.6080951e-3 3.6080959e-3] (epsilon 0.00000011219119677718936) found in 69 seconds ",
652,:,1737449843.000,71.000,0,132,0,0,"schlandals --timeout 1500 -i /data/schlandals/pwmc_benchmarks/instances/bayesian_networks/pcnf/munin/652.cnf | tr '\n' ' '",/data/schlandals/pwmc_benchmarks/instances/bayesian_networks/pcnf/munin/652.cnf,"Estimated probability 2.4667216e-2 with bounds [2.4667215e-2 2.4667216e-2] (epsilon 0.000000019783349403112993) found in 70 seconds ",
653,:,1737449847.000,70.000,0,132,0,0,"schlandals --timeout 1500 -i /data/schlandals/pwmc_benchmarks/instances/bayesian_networks/pcnf/munin/653.cnf | tr '\n' ' '",/data/schlandals/pwmc_benchmarks/instances/bayesian_networks/pcnf/munin/653.cnf,"Estimated probability 6.8880219e-2 with bounds [6.8880219e-2 6.8880220e-2] (epsilon 0.000000007084764552800493) found in 69 seconds ",
654,:,1737449848.000,71.000,0,133,0,0,"schlandals --timeout 1500 -i /data/schlandals/pwmc_benchmarks/instances/bayesian_networks/pcnf/munin/654.cnf | tr '\n' ' '",/data/schlandals/pwmc_benchmarks/instances/bayesian_networks/pcnf/munin/654.cnf,"Estimated probability 1.4643379e-1 with bounds [1.4643379e-1 1.4643379e-1] (epsilon 0.0000000033325648907123195) found in 70 seconds ",
655,:,1737449850.000,71.000,0,133,0,0,"schlandals --timeout 1500 -i /data/schlandals/pwmc_benchmarks/instances/bayesian_networks/pcnf/munin/655.cnf | tr '\n' ' '",/data/schlandals/pwmc_benchmarks/instances/bayesian_networks/pcnf/munin/655.cnf,"Estimated probability 2.1870550e-1 with bounds [2.1870550e-1 2.1870550e-1] (epsilon 0.0000000022313115799477146) found in 70 seconds ",
656,:,1737449855.000,73.000,0,133,0,0,"schlandals --timeout 1500 -i /data/schlandals/pwmc_benchmarks/instances/bayesian_networks/pcnf/munin/656.cnf | tr '\n' ' '",/data/schlandals/pwmc_benchmarks/instances/bayesian_networks/pcnf/munin/656.cnf,"Estimated probability 2.2517973e-1 with bounds [2.2517973e-1 2.2517973e-1] (epsilon 0.0000000021671582306481696) found in 72 seconds ",
658,:,1737449865.000,70.000,0,132,0,0,"schlandals --timeout 1500 -i /data/schlandals/pwmc_benchmarks/instances/bayesian_networks/pcnf/munin/658.cnf | tr '\n' ' '",/data/schlandals/pwmc_benchmarks/instances/bayesian_networks/pcnf/munin/658.cnf,"Estimated probability 8.1486754e-2 with bounds [8.1486753e-2 8.1486754e-2] (epsilon 0.000000005988704421255875) found in 69 seconds ",
660,:,1737449875.000,61.000,0,132,0,0,"schlandals --timeout 1500 -i /data/schlandals/pwmc_benchmarks/instances/bayesian_networks/pcnf/munin/660.cnf | tr '\n' ' '",/data/schlandals/pwmc_benchmarks/instances/bayesian_networks/pcnf/munin/660.cnf,"Estimated probability 1.2891836e-2 with bounds [1.2891836e-2 1.2891837e-2] (epsilon 0.000000033616190053820105) found in 60 seconds ",
430,:,1737448435.000,1501.000,0,126,0,0,"schlandals --timeout 1500 -i /data/schlandals/pwmc_benchmarks/instances/bayesian_networks/pcnf/munin/430.cnf | tr '\n' ' '",/data/schlandals/pwmc_benchmarks/instances/bayesian_networks/pcnf/munin/430.cnf,"Estimated probability 3.1105675e-3 with bounds [2.3071811e-3 4.1937020e-3] (epsilon 0.3482112394836563) found in 1500 seconds ",
432,:,1737448435.000,1501.000,0,126,0,0,"schlandals --timeout 1500 -i /data/schlandals/pwmc_benchmarks/instances/bayesian_networks/pcnf/munin/432.cnf | tr '\n' ' '",/data/schlandals/pwmc_benchmarks/instances/bayesian_networks/pcnf/munin/432.cnf,"Estimated probability 3.1579092e-3 with bounds [2.2568095e-3 4.4188003e-3] (epsilon 0.3992803542351351) found in 1500 seconds ",
433,:,1737448436.000,1500.000,0,127,0,0,"schlandals --timeout 1500 -i /data/schlandals/pwmc_benchmarks/instances/bayesian_networks/pcnf/munin/433.cnf | tr '\n' ' '",/data/schlandals/pwmc_benchmarks/instances/bayesian_networks/pcnf/munin/433.cnf,"Estimated probability 4.3028071e-3 with bounds [3.4587165e-3 5.3528957e-3] (epsilon 0.24404733086147812) found in 1500 seconds ",
434,:,1737448436.000,1501.000,0,126,0,0,"schlandals --timeout 1500 -i /data/schlandals/pwmc_benchmarks/instances/bayesian_networks/pcnf/munin/434.cnf | tr '\n' ' '",/data/schlandals/pwmc_benchmarks/instances/bayesian_networks/pcnf/munin/434.cnf,"Estimated probability 6.6188569e-3 with bounds [5.9651975e-3 7.3441436e-3] (epsilon 0.1095788346595854) found in 1500 seconds ",
435,:,1737448436.000,1501.000,0,127,0,0,"schlandals --timeout 1500 -i /data/schlandals/pwmc_benchmarks/instances/bayesian_networks/pcnf/munin/435.cnf | tr '\n' ' '",/data/schlandals/pwmc_benchmarks/instances/bayesian_networks/pcnf/munin/435.cnf,"Estimated probability 9.0393235e-3 with bounds [8.3771635e-3 9.7538229e-3] (epsilon 0.07904345947658475) found in 1500 seconds ",
436,:,1737448436.000,1501.000,0,127,0,0,"schlandals --timeout 1500 -i /data/schlandals/pwmc_benchmarks/instances/bayesian_networks/pcnf/munin/436.cnf | tr '\n' ' '",/data/schlandals/pwmc_benchmarks/instances/bayesian_networks/pcnf/munin/436.cnf,"Estimated probability 1.0191198e-2 with bounds [9.1639603e-3 1.1333583e-2] (epsilon 0.11209534482501393) found in 1500 seconds ",
437,:,1737448436.000,1501.000,0,128,0,0,"schlandals --timeout 1500 -i /data/schlandals/pwmc_benchmarks/instances/bayesian_networks/pcnf/munin/437.cnf | tr '\n' ' '",/data/schlandals/pwmc_benchmarks/instances/bayesian_networks/pcnf/munin/437.cnf,"Estimated probability 1.2251482e-2 with bounds [1.1578751e-2 1.2963300e-2] (epsilon 0.058100508908407456) found in 1500 seconds ",
438,:,1737448436.000,1501.000,0,127,0,0,"schlandals --timeout 1500 -i /data/schlandals/pwmc_benchmarks/instances/bayesian_networks/pcnf/munin/438.cnf | tr '\n' ' '",/data/schlandals/pwmc_benchmarks/instances/bayesian_networks/pcnf/munin/438.cnf,"Estimated probability 1.9496271e-2 with bounds [1.8718035e-2 2.0306864e-2] (epsilon 0.04157681247163758) found in 1500 seconds ",
659,:,1737449871.000,70.000,0,132,0,0,"schlandals --timeout 1500 -i /data/schlandals/pwmc_benchmarks/instances/bayesian_networks/pcnf/munin/659.cnf | tr '\n' ' '",/data/schlandals/pwmc_benchmarks/instances/bayesian_networks/pcnf/munin/659.cnf,"Estimated probability 3.2616183e-2 with bounds [3.2616183e-2 3.2616184e-2] (epsilon 0.000000014961900829391084) found in 70 seconds ",
439,:,1737448444.000,1501.000,0,128,0,0,"schlandals --timeout 1500 -i /data/schlandals/pwmc_benchmarks/instances/bayesian_networks/pcnf/munin/439.cnf | tr '\n' ' '",/data/schlandals/pwmc_benchmarks/instances/bayesian_networks/pcnf/munin/439.cnf,"Estimated probability 2.3361763e-2 with bounds [2.2522369e-2 2.4232441e-2] (epsilon 0.037269356827635436) found in 1500 seconds ",
440,:,1737448444.000,1501.000,0,128,0,0,"schlandals --timeout 1500 -i /data/schlandals/pwmc_benchmarks/instances/bayesian_networks/pcnf/munin/440.cnf | tr '\n' ' '",/data/schlandals/pwmc_benchmarks/instances/bayesian_networks/pcnf/munin/440.cnf,"Estimated probability 3.1874874e-2 with bounds [3.1189537e-2 3.2575269e-2] (epsilon 0.021973280728930566) found in 1500 seconds ",
441,:,1737448447.000,1501.000,0,128,0,0,"schlandals --timeout 1500 -i /data/schlandals/pwmc_benchmarks/instances/bayesian_networks/pcnf/munin/441.cnf | tr '\n' ' '",/data/schlandals/pwmc_benchmarks/instances/bayesian_networks/pcnf/munin/441.cnf,"Estimated probability 1.4418010e-1 with bounds [1.4353104e-1 1.4483210e-1] (epsilon 0.004522112087069319) found in 1500 seconds ",
662,:,1737449882.000,70.000,0,131,0,0,"schlandals --timeout 1500 -i /data/schlandals/pwmc_benchmarks/instances/bayesian_networks/pcnf/munin/662.cnf | tr '\n' ' '",/data/schlandals/pwmc_benchmarks/instances/bayesian_networks/pcnf/munin/662.cnf,"Estimated probability 3.4822352e-3 with bounds [3.4822348e-3 3.4822355e-3] (epsilon 0.00000010383326487506395) found in 69 seconds ",
661,:,1737449882.000,71.000,0,131,0,0,"schlandals --timeout 1500 -i /data/schlandals/pwmc_benchmarks/instances/bayesian_networks/pcnf/munin/661.cnf | tr '\n' ' '",/data/schlandals/pwmc_benchmarks/instances/bayesian_networks/pcnf/munin/661.cnf,"Estimated probability 6.2492909e-3 with bounds [6.2492905e-3 6.2492914e-3] (epsilon 0.00000006934778129519259) found in 71 seconds ",
442,:,1737448454.000,1501.000,0,129,0,0,"schlandals --timeout 1500 -i /data/schlandals/pwmc_benchmarks/instances/bayesian_networks/pcnf/munin/442.cnf | tr '\n' ' '",/data/schlandals/pwmc_benchmarks/instances/bayesian_networks/pcnf/munin/442.cnf,"Estimated probability 4.5958849e-1 with bounds [4.5890059e-1 4.6027743e-1] (epsilon 0.0014990273988106928) found in 1500 seconds ",
444,:,1737448457.000,1501.000,0,128,0,0,"schlandals --timeout 1500 -i /data/schlandals/pwmc_benchmarks/instances/bayesian_networks/pcnf/munin/444.cnf | tr '\n' ' '",/data/schlandals/pwmc_benchmarks/instances/bayesian_networks/pcnf/munin/444.cnf,"Estimated probability 2.4251729e-2 with bounds [2.3573812e-2 2.4949140e-2] (epsilon 0.028757191746134003) found in 1500 seconds ",
669,:,1737449911.000,47.000,0,107,0,0,"schlandals --timeout 1500 -i /data/schlandals/pwmc_benchmarks/instances/bayesian_networks/pcnf/munin/669.cnf | tr '\n' ' '",/data/schlandals/pwmc_benchmarks/instances/bayesian_networks/pcnf/munin/669.cnf,"Estimated probability 6.0697354e-2 with bounds [6.0697354e-2 6.0697354e-2] (epsilon 0) found in 46 seconds ",
663,:,1737449889.000,70.000,0,131,0,0,"schlandals --timeout 1500 -i /data/schlandals/pwmc_benchmarks/instances/bayesian_networks/pcnf/munin/663.cnf | tr '\n' ' '",/data/schlandals/pwmc_benchmarks/instances/bayesian_networks/pcnf/munin/663.cnf,"Estimated probability 1.9636186e-3 with bounds [1.9636182e-3 1.9636189e-3] (epsilon 0.00000018413550084694918) found in 69 seconds ",
672,:,1737449919.000,42.000,0,107,0,0,"schlandals --timeout 1500 -i /data/schlandals/pwmc_benchmarks/instances/bayesian_networks/pcnf/munin/672.cnf | tr '\n' ' '",/data/schlandals/pwmc_benchmarks/instances/bayesian_networks/pcnf/munin/672.cnf,"Estimated probability 1.2341336e-2 with bounds [1.2341336e-2 1.2341336e-2] (epsilon 0) found in 41 seconds ",
665,:,1737449897.000,65.000,0,130,0,0,"schlandals --timeout 1500 -i /data/schlandals/pwmc_benchmarks/instances/bayesian_networks/pcnf/munin/665.cnf | tr '\n' ' '",/data/schlandals/pwmc_benchmarks/instances/bayesian_networks/pcnf/munin/665.cnf,"Estimated probability 6.3064100e-4 with bounds [6.3064063e-4 6.3064137e-4] (epsilon 0.0000005733403967145279) found in 64 seconds ",
671,:,1737449917.000,46.000,0,107,0,0,"schlandals --timeout 1500 -i /data/schlandals/pwmc_benchmarks/instances/bayesian_networks/pcnf/munin/671.cnf | tr '\n' ' '",/data/schlandals/pwmc_benchmarks/instances/bayesian_networks/pcnf/munin/671.cnf,"Estimated probability 1.1067614e-1 with bounds [1.1067614e-1 1.1067614e-1] (epsilon 0) found in 45 seconds ",
697,:,1737449963.000,2.000,0,106,0,0,"schlandals --timeout 1500 -i /data/schlandals/pwmc_benchmarks/instances/bayesian_networks/pcnf/munin/697.cnf | tr '\n' ' '",/data/schlandals/pwmc_benchmarks/instances/bayesian_networks/pcnf/munin/697.cnf,"Estimated probability 8.9361496e-1 with bounds [8.9361496e-1 8.9361496e-1] (epsilon 0) found in 1 seconds ",
664,:,1737449894.000,72.000,0,129,0,0,"schlandals --timeout 1500 -i /data/schlandals/pwmc_benchmarks/instances/bayesian_networks/pcnf/munin/664.cnf | tr '\n' ' '",/data/schlandals/pwmc_benchmarks/instances/bayesian_networks/pcnf/munin/664.cnf,"Estimated probability 1.1218172e-3 with bounds [1.1218168e-3 1.1218175e-3] (epsilon 0.000000322309134714871) found in 72 seconds ",
698,:,1737449965.000,2.000,0,106,0,0,"schlandals --timeout 1500 -i /data/schlandals/pwmc_benchmarks/instances/bayesian_networks/pcnf/munin/698.cnf | tr '\n' ' '",/data/schlandals/pwmc_benchmarks/instances/bayesian_networks/pcnf/munin/698.cnf,"Estimated probability 1.0638504e-1 with bounds [1.0638504e-1 1.0638504e-1] (epsilon 0) found in 1 seconds ",
465,:,1737448467.000,1500.000,0,129,0,0,"schlandals --timeout 1500 -i /data/schlandals/pwmc_benchmarks/instances/bayesian_networks/pcnf/munin/465.cnf | tr '\n' ' '",/data/schlandals/pwmc_benchmarks/instances/bayesian_networks/pcnf/munin/465.cnf,"Estimated probability 8.3346602e-1 with bounds [8.3253350e-1 8.3439960e-1] (epsilon 0.0011201097292514728) found in 1500 seconds ",
466,:,1737448467.000,1501.000,0,127,0,0,"schlandals --timeout 1500 -i /data/schlandals/pwmc_benchmarks/instances/bayesian_networks/pcnf/munin/466.cnf | tr '\n' ' '",/data/schlandals/pwmc_benchmarks/instances/bayesian_networks/pcnf/munin/466.cnf,"Estimated probability 1.1499721e-1 with bounds [1.0454276e-1 1.2649713e-1] (epsilon 0.10000172662178097) found in 1500 seconds ",
467,:,1737448469.000,1501.000,0,127,0,0,"schlandals --timeout 1500 -i /data/schlandals/pwmc_benchmarks/instances/bayesian_networks/pcnf/munin/467.cnf | tr '\n' ' '",/data/schlandals/pwmc_benchmarks/instances/bayesian_networks/pcnf/munin/467.cnf,"Estimated probability 2.9916061e-2 with bounds [2.9139243e-2 3.0713587e-2] (epsilon 0.02665881469068232) found in 1500 seconds ",
666,:,1737449901.000,70.000,0,130,0,0,"schlandals --timeout 1500 -i /data/schlandals/pwmc_benchmarks/instances/bayesian_networks/pcnf/munin/666.cnf | tr '\n' ' '",/data/schlandals/pwmc_benchmarks/instances/bayesian_networks/pcnf/munin/666.cnf,"Estimated probability 3.3582409e-4 with bounds [3.3582390e-4 3.3582427e-4] (epsilon 0.0000005326893546264699) found in 69 seconds ",
469,:,1737448471.000,1500.000,0,127,0,0,"schlandals --timeout 1500 -i /data/schlandals/pwmc_benchmarks/instances/bayesian_networks/pcnf/munin/469.cnf | tr '\n' ' '",/data/schlandals/pwmc_benchmarks/instances/bayesian_networks/pcnf/munin/469.cnf,"Estimated probability 7.2528166e-3 with bounds [6.1778385e-3 8.5148469e-3] (epsilon 0.17400554201879248) found in 1500 seconds ",
468,:,1737448471.000,1500.000,0,127,0,0,"schlandals --timeout 1500 -i /data/schlandals/pwmc_benchmarks/instances/bayesian_networks/pcnf/munin/468.cnf | tr '\n' ' '",/data/schlandals/pwmc_benchmarks/instances/bayesian_networks/pcnf/munin/468.cnf,"Estimated probability 9.8542706e-3 with bounds [9.2243846e-3 1.0527168e-2] (epsilon 0.06828487997577137) found in 1500 seconds ",
470,:,1737448471.000,1501.000,0,126,0,0,"schlandals --timeout 1500 -i /data/schlandals/pwmc_benchmarks/instances/bayesian_networks/pcnf/munin/470.cnf | tr '\n' ' '",/data/schlandals/pwmc_benchmarks/instances/bayesian_networks/pcnf/munin/470.cnf,"Estimated probability 1.5538682e-2 with bounds [8.0167108e-3 3.0118419e-2] (epsilon 0.9382865080006373) found in 1500 seconds ",
699,:,1737449966.000,6.000,0,106,0,0,"schlandals --timeout 1500 -i /data/schlandals/pwmc_benchmarks/instances/bayesian_networks/pcnf/munin/699.cnf | tr '\n' ' '",/data/schlandals/pwmc_benchmarks/instances/bayesian_networks/pcnf/munin/699.cnf,"Estimated probability 9.4703114e-1 with bounds [9.4703114e-1 9.4703114e-1] (epsilon 0) found in 5 seconds ",
668,:,1737449911.000,62.000,0,107,0,0,"schlandals --timeout 1500 -i /data/schlandals/pwmc_benchmarks/instances/bayesian_networks/pcnf/munin/668.cnf | tr '\n' ' '",/data/schlandals/pwmc_benchmarks/instances/bayesian_networks/pcnf/munin/668.cnf,"Estimated probability 7.5349066e-3 with bounds [7.5349066e-3 7.5349066e-3] (epsilon 0) found in 61 seconds ",
700,:,1737449967.000,6.000,0,106,0,0,"schlandals --timeout 1500 -i /data/schlandals/pwmc_benchmarks/instances/bayesian_networks/pcnf/munin/700.cnf | tr '\n' ' '",/data/schlandals/pwmc_benchmarks/instances/bayesian_networks/pcnf/munin/700.cnf,"Estimated probability 5.2968860e-2 with bounds [5.2968860e-2 5.2968860e-2] (epsilon 0) found in 5 seconds ",
670,:,1737449914.000,60.000,0,107,0,0,"schlandals --timeout 1500 -i /data/schlandals/pwmc_benchmarks/instances/bayesian_networks/pcnf/munin/670.cnf | tr '\n' ' '",/data/schlandals/pwmc_benchmarks/instances/bayesian_networks/pcnf/munin/670.cnf,"Estimated probability 8.0875026e-1 with bounds [8.0875026e-1 8.0875026e-1] (epsilon 0) found in 59 seconds ",
673,:,1737449921.000,53.000,0,130,0,0,"schlandals --timeout 1500 -i /data/schlandals/pwmc_benchmarks/instances/bayesian_networks/pcnf/munin/673.cnf | tr '\n' ' '",/data/schlandals/pwmc_benchmarks/instances/bayesian_networks/pcnf/munin/673.cnf,"Estimated probability 2.1835246e-4 with bounds [2.1835193e-4 2.1835299e-4] (epsilon 0.0000024078640137314977) found in 52 seconds ",
667,:,1737449907.000,70.000,0,130,0,0,"schlandals --timeout 1500 -i /data/schlandals/pwmc_benchmarks/instances/bayesian_networks/pcnf/munin/667.cnf | tr '\n' ' '",/data/schlandals/pwmc_benchmarks/instances/bayesian_networks/pcnf/munin/667.cnf,"Estimated probability 1.6307074e-4 with bounds [1.6307056e-4 1.6307092e-4] (epsilon 0.0000010970083523798024) found in 68 seconds ",
676,:,1737449936.000,54.000,0,131,0,0,"schlandals --timeout 1500 -i /data/schlandals/pwmc_benchmarks/instances/bayesian_networks/pcnf/munin/676.cnf | tr '\n' ' '",/data/schlandals/pwmc_benchmarks/instances/bayesian_networks/pcnf/munin/676.cnf,"Estimated probability 3.2927051e-3 with bounds [3.2927045e-3 3.2927056e-3] (epsilon 0.00000015967492394963756) found in 53 seconds ",
685,:,1737449941.000,51.000,0,132,0,0,"schlandals --timeout 1500 -i /data/schlandals/pwmc_benchmarks/instances/bayesian_networks/pcnf/munin/685.cnf | tr '\n' ' '",/data/schlandals/pwmc_benchmarks/instances/bayesian_networks/pcnf/munin/685.cnf,"Estimated probability 1.8206092e-2 with bounds [1.8206091e-2 1.8206092e-2] (epsilon 0.000000038081078290730375) found in 50 seconds ",
674,:,1737449928.000,69.000,0,130,0,0,"schlandals --timeout 1500 -i /data/schlandals/pwmc_benchmarks/instances/bayesian_networks/pcnf/munin/674.cnf | tr '\n' ' '",/data/schlandals/pwmc_benchmarks/instances/bayesian_networks/pcnf/munin/674.cnf,"Estimated probability 6.4160633e-4 with bounds [6.4160579e-4 6.4160686e-4] (epsilon 0.0000008194473699596472) found in 68 seconds ",
678,:,1737449936.000,63.000,0,131,0,0,"schlandals --timeout 1500 -i /data/schlandals/pwmc_benchmarks/instances/bayesian_networks/pcnf/munin/678.cnf | tr '\n' ' '",/data/schlandals/pwmc_benchmarks/instances/bayesian_networks/pcnf/munin/678.cnf,"Estimated probability 2.2397047e-2 with bounds [2.2397046e-2 2.2397048e-2] (epsilon 0.00000003301654794007902) found in 61 seconds ",
687,:,1737449945.000,59.000,0,131,0,0,"schlandals --timeout 1500 -i /data/schlandals/pwmc_benchmarks/instances/bayesian_networks/pcnf/munin/687.cnf | tr '\n' ' '",/data/schlandals/pwmc_benchmarks/instances/bayesian_networks/pcnf/munin/687.cnf,"Estimated probability 3.7008326e-3 with bounds [3.7008320e-3 3.7008332e-3] (epsilon 0.00000016672674996165426) found in 58 seconds ",
675,:,1737449935.000,69.000,0,131,0,0,"schlandals --timeout 1500 -i /data/schlandals/pwmc_benchmarks/instances/bayesian_networks/pcnf/munin/675.cnf | tr '\n' ' '",/data/schlandals/pwmc_benchmarks/instances/bayesian_networks/pcnf/munin/675.cnf,"Estimated probability 1.5749771e-3 with bounds [1.5749766e-3 1.5749776e-3] (epsilon 0.00000033382230535394797) found in 68 seconds ",
677,:,1737449936.000,68.000,0,131,0,0,"schlandals --timeout 1500 -i /data/schlandals/pwmc_benchmarks/instances/bayesian_networks/pcnf/munin/677.cnf | tr '\n' ' '",/data/schlandals/pwmc_benchmarks/instances/bayesian_networks/pcnf/munin/677.cnf,"Estimated probability 7.2080383e-3 with bounds [7.2080376e-3 7.2080391e-3] (epsilon 0.00000010259006733015497) found in 67 seconds ",
680,:,1737449937.000,67.000,0,132,0,0,"schlandals --timeout 1500 -i /data/schlandals/pwmc_benchmarks/instances/bayesian_networks/pcnf/munin/680.cnf | tr '\n' ' '",/data/schlandals/pwmc_benchmarks/instances/bayesian_networks/pcnf/munin/680.cnf,"Estimated probability 1.7393942e-1 with bounds [1.7393942e-1 1.7393942e-1] (epsilon 0.000000004295193978265388) found in 67 seconds ",
684,:,1737449937.000,68.000,0,132,0,0,"schlandals --timeout 1500 -i /data/schlandals/pwmc_benchmarks/instances/bayesian_networks/pcnf/munin/684.cnf | tr '\n' ' '",/data/schlandals/pwmc_benchmarks/instances/bayesian_networks/pcnf/munin/684.cnf,"Estimated probability 5.3036354e-2 with bounds [5.3036354e-2 5.3036355e-2] (epsilon 0.000000014086631416887485) found in 67 seconds ",
682,:,1737449937.000,68.000,0,133,0,0,"schlandals --timeout 1500 -i /data/schlandals/pwmc_benchmarks/instances/bayesian_networks/pcnf/munin/682.cnf | tr '\n' ' '",/data/schlandals/pwmc_benchmarks/instances/bayesian_networks/pcnf/munin/682.cnf,"Estimated probability 2.3696385e-1 with bounds [2.3696385e-1 2.3696385e-1] (epsilon 0.0000000031528166744010377) found in 68 seconds ",
683,:,1737449937.000,68.000,0,132,0,0,"schlandals --timeout 1500 -i /data/schlandals/pwmc_benchmarks/instances/bayesian_networks/pcnf/munin/683.cnf | tr '\n' ' '",/data/schlandals/pwmc_benchmarks/instances/bayesian_networks/pcnf/munin/683.cnf,"Estimated probability 1.3572471e-1 with bounds [1.3572471e-1 1.3572471e-1] (epsilon 0.000000005504551037205374) found in 67 seconds ",
681,:,1737449937.000,70.000,0,132,0,0,"schlandals --timeout 1500 -i /data/schlandals/pwmc_benchmarks/instances/bayesian_networks/pcnf/munin/681.cnf | tr '\n' ' '",/data/schlandals/pwmc_benchmarks/instances/bayesian_networks/pcnf/munin/681.cnf,"Estimated probability 2.5881352e-1 with bounds [2.5881352e-1 2.5881352e-1] (epsilon 0.000000002886648031719119) found in 69 seconds ",
679,:,1737449936.000,71.000,0,132,0,0,"schlandals --timeout 1500 -i /data/schlandals/pwmc_benchmarks/instances/bayesian_networks/pcnf/munin/679.cnf | tr '\n' ' '",/data/schlandals/pwmc_benchmarks/instances/bayesian_networks/pcnf/munin/679.cnf,"Estimated probability 7.3644076e-2 with bounds [7.3644075e-2 7.3644077e-2] (epsilon 0.000000010041176556896403) found in 69 seconds ",
686,:,1737449945.000,63.000,0,131,0,0,"schlandals --timeout 1500 -i /data/schlandals/pwmc_benchmarks/instances/bayesian_networks/pcnf/munin/686.cnf | tr '\n' ' '",/data/schlandals/pwmc_benchmarks/instances/bayesian_networks/pcnf/munin/686.cnf,"Estimated probability 7.5745671e-3 with bounds [7.5745664e-3 7.5745678e-3] (epsilon 0.00000009153098656788927) found in 63 seconds ",
723,:,1737450005.000,7.000,0,106,0,0,"schlandals --timeout 1500 -i /data/schlandals/pwmc_benchmarks/instances/bayesian_networks/pcnf/munin/723.cnf | tr '\n' ' '",/data/schlandals/pwmc_benchmarks/instances/bayesian_networks/pcnf/munin/723.cnf,"Estimated probability 2.1761845e-2 with bounds [2.1761845e-2 2.1761845e-2] (epsilon 0) found in 6 seconds ",
722,:,1737450005.000,8.000,0,106,0,0,"schlandals --timeout 1500 -i /data/schlandals/pwmc_benchmarks/instances/bayesian_networks/pcnf/munin/722.cnf | tr '\n' ' '",/data/schlandals/pwmc_benchmarks/instances/bayesian_networks/pcnf/munin/722.cnf,"Estimated probability 9.4648282e-1 with bounds [9.4648282e-1 9.4648282e-1] (epsilon 0) found in 7 seconds ",
724,:,1737450005.000,8.000,0,106,0,0,"schlandals --timeout 1500 -i /data/schlandals/pwmc_benchmarks/instances/bayesian_networks/pcnf/munin/724.cnf | tr '\n' ' '",/data/schlandals/pwmc_benchmarks/instances/bayesian_networks/pcnf/munin/724.cnf,"Estimated probability 1.0511600e-2 with bounds [1.0511600e-2 1.0511600e-2] (epsilon 0) found in 7 seconds ",
692,:,1737449958.000,55.000,0,107,0,0,"schlandals --timeout 1500 -i /data/schlandals/pwmc_benchmarks/instances/bayesian_networks/pcnf/munin/692.cnf | tr '\n' ' '",/data/schlandals/pwmc_benchmarks/instances/bayesian_networks/pcnf/munin/692.cnf,"Estimated probability 1.1800558e-1 with bounds [1.1800558e-1 1.1800558e-1] (epsilon 0) found in 54 seconds ",
691,:,1737449955.000,59.000,0,130,0,0,"schlandals --timeout 1500 -i /data/schlandals/pwmc_benchmarks/instances/bayesian_networks/pcnf/munin/691.cnf | tr '\n' ' '",/data/schlandals/pwmc_benchmarks/instances/bayesian_networks/pcnf/munin/691.cnf,"Estimated probability 1.6588251e-4 with bounds [1.6588210e-4 1.6588291e-4] (epsilon 0.0000024313442710255373) found in 59 seconds ",
725,:,1737450007.000,7.000,0,106,0,0,"schlandals --timeout 1500 -i /data/schlandals/pwmc_benchmarks/instances/bayesian_networks/pcnf/munin/725.cnf | tr '\n' ' '",/data/schlandals/pwmc_benchmarks/instances/bayesian_networks/pcnf/munin/725.cnf,"Estimated probability 1.2437337e-3 with bounds [1.2437337e-3 1.2437337e-3] (epsilon 0) found in 7 seconds ",
726,:,1737450007.000,7.000,0,106,0,0,"schlandals --timeout 1500 -i /data/schlandals/pwmc_benchmarks/instances/bayesian_networks/pcnf/munin/726.cnf | tr '\n' ' '",/data/schlandals/pwmc_benchmarks/instances/bayesian_networks/pcnf/munin/726.cnf,"Estimated probability 2.0000000e-2 with bounds [2.0000000e-2 2.0000000e-2] (epsilon 0) found in 7 seconds ",
689,:,1737449952.000,63.000,0,130,0,0,"schlandals --timeout 1500 -i /data/schlandals/pwmc_benchmarks/instances/bayesian_networks/pcnf/munin/689.cnf | tr '\n' ' '",/data/schlandals/pwmc_benchmarks/instances/bayesian_networks/pcnf/munin/689.cnf,"Estimated probability 7.9496072e-4 with bounds [7.9496010e-4 7.9496134e-4] (epsilon 0.0000007761741505074582) found in 62 seconds ",
727,:,1737450008.000,8.000,0,106,0,0,"schlandals --timeout 1500 -i /data/schlandals/pwmc_benchmarks/instances/bayesian_networks/pcnf/munin/727.cnf | tr '\n' ' '",/data/schlandals/pwmc_benchmarks/instances/bayesian_networks/pcnf/munin/727.cnf,"Estimated probability 9.4920309e-1 with bounds [9.4920309e-1 9.4920309e-1] (epsilon 0) found in 7 seconds ",
694,:,1737449959.000,57.000,0,107,0,0,"schlandals --timeout 1500 -i /data/schlandals/pwmc_benchmarks/instances/bayesian_networks/pcnf/munin/694.cnf | tr '\n' ' '",/data/schlandals/pwmc_benchmarks/instances/bayesian_networks/pcnf/munin/694.cnf,"Estimated probability 1.3406866e-1 with bounds [1.3406866e-1 1.3406866e-1] (epsilon 0) found in 57 seconds ",
688,:,1737449948.000,69.000,0,131,0,0,"schlandals --timeout 1500 -i /data/schlandals/pwmc_benchmarks/instances/bayesian_networks/pcnf/munin/688.cnf | tr '\n' ' '",/data/schlandals/pwmc_benchmarks/instances/bayesian_networks/pcnf/munin/688.cnf,"Estimated probability 1.7284886e-3 with bounds [1.7284879e-3 1.7284892e-3] (epsilon 0.00000035697536437950816) found in 68 seconds ",
693,:,1737449958.000,59.000,0,107,0,0,"schlandals --timeout 1500 -i /data/schlandals/pwmc_benchmarks/instances/bayesian_networks/pcnf/munin/693.cnf | tr '\n' ' '",/data/schlandals/pwmc_benchmarks/instances/bayesian_networks/pcnf/munin/693.cnf,"Estimated probability 7.4792576e-1 with bounds [7.4792576e-1 7.4792576e-1] (epsilon 0) found in 58 seconds ",
690,:,1737449953.000,65.000,0,130,0,0,"schlandals --timeout 1500 -i /data/schlandals/pwmc_benchmarks/instances/bayesian_networks/pcnf/munin/690.cnf | tr '\n' ' '",/data/schlandals/pwmc_benchmarks/instances/bayesian_networks/pcnf/munin/690.cnf,"Estimated probability 3.7453763e-4 with bounds [3.7453701e-4 3.7453825e-4] (epsilon 0.0000016474398649712896) found in 64 seconds ",
735,:,1737450015.000,4.000,0,106,0,0,"schlandals --timeout 1500 -i /data/schlandals/pwmc_benchmarks/instances/bayesian_networks/pcnf/munin/735.cnf | tr '\n' ' '",/data/schlandals/pwmc_benchmarks/instances/bayesian_networks/pcnf/munin/735.cnf,"Estimated probability 2.0018043e-2 with bounds [2.0018043e-2 2.0018043e-2] (epsilon 0) found in 3 seconds ",
728,:,1737450012.000,7.000,0,106,0,0,"schlandals --timeout 1500 -i /data/schlandals/pwmc_benchmarks/instances/bayesian_networks/pcnf/munin/728.cnf | tr '\n' ' '",/data/schlandals/pwmc_benchmarks/instances/bayesian_networks/pcnf/munin/728.cnf,"Estimated probability 2.0610913e-2 with bounds [2.0610913e-2 2.0610913e-2] (epsilon 0) found in 6 seconds ",
729,:,1737450013.000,7.000,0,106,0,0,"schlandals --timeout 1500 -i /data/schlandals/pwmc_benchmarks/instances/bayesian_networks/pcnf/munin/729.cnf | tr '\n' ' '",/data/schlandals/pwmc_benchmarks/instances/bayesian_networks/pcnf/munin/729.cnf,"Estimated probability 1.0143519e-2 with bounds [1.0143519e-2 1.0143519e-2] (epsilon 0) found in 6 seconds ",
731,:,1737450013.000,7.000,0,106,0,0,"schlandals --timeout 1500 -i /data/schlandals/pwmc_benchmarks/instances/bayesian_networks/pcnf/munin/731.cnf | tr '\n' ' '",/data/schlandals/pwmc_benchmarks/instances/bayesian_networks/pcnf/munin/731.cnf,"Estimated probability 9.4617195e-1 with bounds [9.4617195e-1 9.4617195e-1] (epsilon 0) found in 7 seconds ",
730,:,1737450013.000,7.000,0,106,0,0,"schlandals --timeout 1500 -i /data/schlandals/pwmc_benchmarks/instances/bayesian_networks/pcnf/munin/730.cnf | tr '\n' ' '",/data/schlandals/pwmc_benchmarks/instances/bayesian_networks/pcnf/munin/730.cnf,"Estimated probability 2.0042477e-2 with bounds [2.0042477e-2 2.0042477e-2] (epsilon 0) found in 7 seconds ",
743,:,1737450020.000,1.000,0,106,0,0,"schlandals --timeout 1500 -i /data/schlandals/pwmc_benchmarks/instances/bayesian_networks/pcnf/munin/743.cnf | tr '\n' ' '",/data/schlandals/pwmc_benchmarks/instances/bayesian_networks/pcnf/munin/743.cnf,"Estimated probability 9.3398291e-1 with bounds [9.3398291e-1 9.3398291e-1] (epsilon 0) found in 0 seconds ",
745,:,1737450020.000,1.000,0,87,0,0,"schlandals --timeout 1500 -i /data/schlandals/pwmc_benchmarks/instances/bayesian_networks/pcnf/munin/745.cnf | tr '\n' ' '",/data/schlandals/pwmc_benchmarks/instances/bayesian_networks/pcnf/munin/745.cnf,"Estimated probability -0 with bounds [0 -1.4098400e-16] (epsilon 0) found in 0 seconds ",
744,:,1737450020.000,1.000,0,106,0,0,"schlandals --timeout 1500 -i /data/schlandals/pwmc_benchmarks/instances/bayesian_networks/pcnf/munin/744.cnf | tr '\n' ' '",/data/schlandals/pwmc_benchmarks/instances/bayesian_networks/pcnf/munin/744.cnf,"Estimated probability 6.6017086e-2 with bounds [6.6017086e-2 6.6017086e-2] (epsilon 0) found in 0 seconds ",
695,:,1737449961.000,60.000,0,107,0,0,"schlandals --timeout 1500 -i /data/schlandals/pwmc_benchmarks/instances/bayesian_networks/pcnf/munin/695.cnf | tr '\n' ' '",/data/schlandals/pwmc_benchmarks/instances/bayesian_networks/pcnf/munin/695.cnf,"Estimated probability 8.3581904e-1 with bounds [8.3581904e-1 8.3581904e-1] (epsilon 0) found in 59 seconds ",
746,:,1737450021.000,1.000,0,87,0,0,"schlandals --timeout 1500 -i /data/schlandals/pwmc_benchmarks/instances/bayesian_networks/pcnf/munin/746.cnf | tr '\n' ' '",/data/schlandals/pwmc_benchmarks/instances/bayesian_networks/pcnf/munin/746.cnf,"Estimated probability -0 with bounds [0 -1.4098400e-16] (epsilon 0) found in 0 seconds ",
733,:,1737450014.000,8.000,0,106,0,0,"schlandals --timeout 1500 -i /data/schlandals/pwmc_benchmarks/instances/bayesian_networks/pcnf/munin/733.cnf | tr '\n' ' '",/data/schlandals/pwmc_benchmarks/instances/bayesian_networks/pcnf/munin/733.cnf,"Estimated probability 1.0675869e-2 with bounds [1.0675869e-2 1.0675869e-2] (epsilon 0) found in 7 seconds ",
732,:,1737450014.000,8.000,0,106,0,0,"schlandals --timeout 1500 -i /data/schlandals/pwmc_benchmarks/instances/bayesian_networks/pcnf/munin/732.cnf | tr '\n' ' '",/data/schlandals/pwmc_benchmarks/instances/bayesian_networks/pcnf/munin/732.cnf,"Estimated probability 2.1856196e-2 with bounds [2.1856196e-2 2.1856196e-2] (epsilon 0) found in 7 seconds ",
748,:,1737450021.000,1.000,0,87,0,0,"schlandals --timeout 1500 -i /data/schlandals/pwmc_benchmarks/instances/bayesian_networks/pcnf/munin/748.cnf | tr '\n' ' '",/data/schlandals/pwmc_benchmarks/instances/bayesian_networks/pcnf/munin/748.cnf,"Estimated probability -0 with bounds [0 -1.4098400e-16] (epsilon 0) found in 0 seconds ",
747,:,1737450021.000,1.000,0,87,0,0,"schlandals --timeout 1500 -i /data/schlandals/pwmc_benchmarks/instances/bayesian_networks/pcnf/munin/747.cnf | tr '\n' ' '",/data/schlandals/pwmc_benchmarks/instances/bayesian_networks/pcnf/munin/747.cnf,"Estimated probability -0 with bounds [0 -1.4098400e-16] (epsilon 0) found in 0 seconds ",
734,:,1737450014.000,8.000,0,106,0,0,"schlandals --timeout 1500 -i /data/schlandals/pwmc_benchmarks/instances/bayesian_networks/pcnf/munin/734.cnf | tr '\n' ' '",/data/schlandals/pwmc_benchmarks/instances/bayesian_networks/pcnf/munin/734.cnf,"Estimated probability 1.2779407e-3 with bounds [1.2779407e-3 1.2779407e-3] (epsilon 0) found in 7 seconds ",
736,:,1737450016.000,6.000,0,106,0,0,"schlandals --timeout 1500 -i /data/schlandals/pwmc_benchmarks/instances/bayesian_networks/pcnf/munin/736.cnf | tr '\n' ' '",/data/schlandals/pwmc_benchmarks/instances/bayesian_networks/pcnf/munin/736.cnf,"Estimated probability 9.4653721e-1 with bounds [9.4653721e-1 9.4653721e-1] (epsilon 0) found in 6 seconds ",
737,:,1737450016.000,7.000,0,106,0,0,"schlandals --timeout 1500 -i /data/schlandals/pwmc_benchmarks/instances/bayesian_networks/pcnf/munin/737.cnf | tr '\n' ' '",/data/schlandals/pwmc_benchmarks/instances/bayesian_networks/pcnf/munin/737.cnf,"Estimated probability 5.2083991e-2 with bounds [5.2083991e-2 5.2083991e-2] (epsilon 0) found in 6 seconds ",
738,:,1737450017.000,7.000,0,106,0,0,"schlandals --timeout 1500 -i /data/schlandals/pwmc_benchmarks/instances/bayesian_networks/pcnf/munin/738.cnf | tr '\n' ' '",/data/schlandals/pwmc_benchmarks/instances/bayesian_networks/pcnf/munin/738.cnf,"Estimated probability 1.0450027e-3 with bounds [1.0450027e-3 1.0450027e-3] (epsilon 0) found in 7 seconds ",
739,:,1737450017.000,7.000,0,106,0,0,"schlandals --timeout 1500 -i /data/schlandals/pwmc_benchmarks/instances/bayesian_networks/pcnf/munin/739.cnf | tr '\n' ' '",/data/schlandals/pwmc_benchmarks/instances/bayesian_networks/pcnf/munin/739.cnf,"Estimated probability 3.3379944e-4 with bounds [3.3379944e-4 3.3379944e-4] (epsilon 0) found in 6 seconds ",
696,:,1737449962.000,63.000,0,107,0,0,"schlandals --timeout 1500 -i /data/schlandals/pwmc_benchmarks/instances/bayesian_networks/pcnf/munin/696.cnf | tr '\n' ' '",/data/schlandals/pwmc_benchmarks/instances/bayesian_networks/pcnf/munin/696.cnf,"Estimated probability 1.6418096e-1 with bounds [1.6418096e-1 1.6418096e-1] (epsilon 0) found in 62 seconds ",
741,:,1737450019.000,7.000,0,106,0,0,"schlandals --timeout 1500 -i /data/schlandals/pwmc_benchmarks/instances/bayesian_networks/pcnf/munin/741.cnf | tr '\n' ' '",/data/schlandals/pwmc_benchmarks/instances/bayesian_networks/pcnf/munin/741.cnf,"Estimated probability 6.9579182e-2 with bounds [6.9579182e-2 6.9579182e-2] (epsilon 0) found in 6 seconds ",
757,:,1737450023.000,4.000,0,131,0,0,"schlandals --timeout 1500 -i /data/schlandals/pwmc_benchmarks/instances/bayesian_networks/pcnf/munin/757.cnf | tr '\n' ' '",/data/schlandals/pwmc_benchmarks/instances/bayesian_networks/pcnf/munin/757.cnf,"Estimated probability 1.3202119e-2 with bounds [1.3202118e-2 1.3202119e-2] (epsilon 0.000000011908982910924237) found in 3 seconds ",
740,:,1737450018.000,10.000,0,107,0,0,"schlandals --timeout 1500 -i /data/schlandals/pwmc_benchmarks/instances/bayesian_networks/pcnf/munin/740.cnf | tr '\n' ' '",/data/schlandals/pwmc_benchmarks/instances/bayesian_networks/pcnf/munin/740.cnf,"Estimated probability 9.2023040e-1 with bounds [9.2023040e-1 9.2023040e-1] (epsilon 0) found in 10 seconds ",
761,:,1737450026.000,2.000,0,130,0,0,"schlandals --timeout 1500 -i /data/schlandals/pwmc_benchmarks/instances/bayesian_networks/pcnf/munin/761.cnf | tr '\n' ' '",/data/schlandals/pwmc_benchmarks/instances/bayesian_networks/pcnf/munin/761.cnf,"Estimated probability 7.1547348e-3 with bounds [7.1547342e-3 7.1547355e-3] (epsilon 0.00000009248926224891818) found in 2 seconds ",
758,:,1737450024.000,4.000,0,131,0,0,"schlandals --timeout 1500 -i /data/schlandals/pwmc_benchmarks/instances/bayesian_networks/pcnf/munin/758.cnf | tr '\n' ' '",/data/schlandals/pwmc_benchmarks/instances/bayesian_networks/pcnf/munin/758.cnf,"Estimated probability 7.5139597e-3 with bounds [7.5139593e-3 7.5139601e-3] (epsilon 0.000000049662434165043123) found in 4 seconds ",
759,:,1737450024.000,5.000,0,131,0,0,"schlandals --timeout 1500 -i /data/schlandals/pwmc_benchmarks/instances/bayesian_networks/pcnf/munin/759.cnf | tr '\n' ' '",/data/schlandals/pwmc_benchmarks/instances/bayesian_networks/pcnf/munin/759.cnf,"Estimated probability 6.3078750e-3 with bounds [6.3078746e-3 6.3078754e-3] (epsilon 0.000000059158041798568206) found in 4 seconds ",
760,:,1737450025.000,5.000,0,130,0,0,"schlandals --timeout 1500 -i /data/schlandals/pwmc_benchmarks/instances/bayesian_networks/pcnf/munin/760.cnf | tr '\n' ' '",/data/schlandals/pwmc_benchmarks/instances/bayesian_networks/pcnf/munin/760.cnf,"Estimated probability 6.1470543e-3 with bounds [6.1470539e-3 6.1470547e-3] (epsilon 0.00000006070574865013612) found in 4 seconds ",
742,:,1737450019.000,11.000,0,107,0,0,"schlandals --timeout 1500 -i /data/schlandals/pwmc_benchmarks/instances/bayesian_networks/pcnf/munin/742.cnf | tr '\n' ' '",/data/schlandals/pwmc_benchmarks/instances/bayesian_networks/pcnf/munin/742.cnf,"Estimated probability 1.0190423e-2 with bounds [1.0190423e-2 1.0190423e-2] (epsilon 0) found in 10 seconds ",
762,:,1737450027.000,5.000,0,130,0,0,"schlandals --timeout 1500 -i /data/schlandals/pwmc_benchmarks/instances/bayesian_networks/pcnf/munin/762.cnf | tr '\n' ' '",/data/schlandals/pwmc_benchmarks/instances/bayesian_networks/pcnf/munin/762.cnf,"Estimated probability 1.0936338e-2 with bounds [1.0936338e-2 1.0936339e-2] (epsilon 0.00000006050801637513814) found in 4 seconds ",
765,:,1737450028.000,5.000,0,130,0,0,"schlandals --timeout 1500 -i /data/schlandals/pwmc_benchmarks/instances/bayesian_networks/pcnf/munin/765.cnf | tr '\n' ' '",/data/schlandals/pwmc_benchmarks/instances/bayesian_networks/pcnf/munin/765.cnf,"Estimated probability 8.7845178e-2 with bounds [8.7845173e-2 8.7845183e-2] (epsilon 0.00000005636425393085176) found in 3 seconds ",
764,:,1737450028.000,5.000,0,130,0,0,"schlandals --timeout 1500 -i /data/schlandals/pwmc_benchmarks/instances/bayesian_networks/pcnf/munin/764.cnf | tr '\n' ' '",/data/schlandals/pwmc_benchmarks/instances/bayesian_networks/pcnf/munin/764.cnf,"Estimated probability 2.4376649e-2 with bounds [2.4376644e-2 2.4376654e-2] (epsilon 0.00000020311768023084653) found in 3 seconds ",
763,:,1737450028.000,5.000,0,129,0,0,"schlandals --timeout 1500 -i /data/schlandals/pwmc_benchmarks/instances/bayesian_networks/pcnf/munin/763.cnf | tr '\n' ' '",/data/schlandals/pwmc_benchmarks/instances/bayesian_networks/pcnf/munin/763.cnf,"Estimated probability 1.5867065e-2 with bounds [1.5867060e-2 1.5867070e-2] (epsilon 0.0000003120506932852152) found in 4 seconds ",
766,:,1737450029.000,4.000,0,130,0,0,"schlandals --timeout 1500 -i /data/schlandals/pwmc_benchmarks/instances/bayesian_networks/pcnf/munin/766.cnf | tr '\n' ' '",/data/schlandals/pwmc_benchmarks/instances/bayesian_networks/pcnf/munin/766.cnf,"Estimated probability 2.9442114e-1 with bounds [2.9442114e-1 2.9442115e-1] (epsilon 0.00000001681716144119605) found in 3 seconds ",
768,:,1737450030.000,4.000,0,130,0,0,"schlandals --timeout 1500 -i /data/schlandals/pwmc_benchmarks/instances/bayesian_networks/pcnf/munin/768.cnf | tr '\n' ' '",/data/schlandals/pwmc_benchmarks/instances/bayesian_networks/pcnf/munin/768.cnf,"Estimated probability 1.4602125e-1 with bounds [1.4602125e-1 1.4602126e-1] (epsilon 0.00000003279730842464801) found in 3 seconds ",
767,:,1737450030.000,4.000,0,131,0,0,"schlandals --timeout 1500 -i /data/schlandals/pwmc_benchmarks/instances/bayesian_networks/pcnf/munin/767.cnf | tr '\n' ' '",/data/schlandals/pwmc_benchmarks/instances/bayesian_networks/pcnf/munin/767.cnf,"Estimated probability 3.6247327e-1 with bounds [3.6247326e-1 3.6247327e-1] (epsilon 0.000000013659842812430156) found in 3 seconds ",
769,:,1737450032.000,4.000,0,129,0,0,"schlandals --timeout 1500 -i /data/schlandals/pwmc_benchmarks/instances/bayesian_networks/pcnf/munin/769.cnf | tr '\n' ' '",/data/schlandals/pwmc_benchmarks/instances/bayesian_networks/pcnf/munin/769.cnf,"Estimated probability 1.7733391e-2 with bounds [1.7733386e-2 1.7733396e-2] (epsilon 0.0000002578845081924186) found in 3 seconds ",
770,:,1737450033.000,4.000,0,132,0,0,"schlandals --timeout 1500 -i /data/schlandals/pwmc_benchmarks/instances/bayesian_networks/pcnf/munin/770.cnf | tr '\n' ' '",/data/schlandals/pwmc_benchmarks/instances/bayesian_networks/pcnf/munin/770.cnf,"Estimated probability 8.7163642e-3 with bounds [8.7163641e-3 8.7163642e-3] (epsilon 0.0000000014616863275307423) found in 3 seconds ",
771,:,1737450033.000,4.000,0,130,0,0,"schlandals --timeout 1500 -i /data/schlandals/pwmc_benchmarks/instances/bayesian_networks/pcnf/munin/771.cnf | tr '\n' ' '",/data/schlandals/pwmc_benchmarks/instances/bayesian_networks/pcnf/munin/771.cnf,"Estimated probability 1.2375577e-4 with bounds [1.2375575e-4 1.2375579e-4] (epsilon 0.00000010294947871969384) found in 3 seconds ",
772,:,1737450033.000,4.000,0,130,0,0,"schlandals --timeout 1500 -i /data/schlandals/pwmc_benchmarks/instances/bayesian_networks/pcnf/munin/772.cnf | tr '\n' ' '",/data/schlandals/pwmc_benchmarks/instances/bayesian_networks/pcnf/munin/772.cnf,"Estimated probability 8.2557425e-4 with bounds [8.2557423e-4 8.2557427e-4] (epsilon 0.00000001543239958046172) found in 3 seconds ",
773,:,1737450033.000,5.000,0,131,0,0,"schlandals --timeout 1500 -i /data/schlandals/pwmc_benchmarks/instances/bayesian_networks/pcnf/munin/773.cnf | tr '\n' ' '",/data/schlandals/pwmc_benchmarks/instances/bayesian_networks/pcnf/munin/773.cnf,"Estimated probability 1.5344947e-3 with bounds [1.5344947e-3 1.5344947e-3] (epsilon 0.000000008302793119696616) found in 3 seconds ",
775,:,1737450034.000,4.000,0,131,0,0,"schlandals --timeout 1500 -i /data/schlandals/pwmc_benchmarks/instances/bayesian_networks/pcnf/munin/775.cnf | tr '\n' ' '",/data/schlandals/pwmc_benchmarks/instances/bayesian_networks/pcnf/munin/775.cnf,"Estimated probability 1.3746810e-3 with bounds [1.3746810e-3 1.3746810e-3] (epsilon 0.000000009268035228160443) found in 3 seconds ",
774,:,1737450034.000,4.000,0,130,0,0,"schlandals --timeout 1500 -i /data/schlandals/pwmc_benchmarks/instances/bayesian_networks/pcnf/munin/774.cnf | tr '\n' ' '",/data/schlandals/pwmc_benchmarks/instances/bayesian_networks/pcnf/munin/774.cnf,"Estimated probability 1.5667765e-3 with bounds [1.5667765e-3 1.5667765e-3] (epsilon 0.00000000813172262859041) found in 4 seconds ",
776,:,1737450036.000,4.000,0,130,0,0,"schlandals --timeout 1500 -i /data/schlandals/pwmc_benchmarks/instances/bayesian_networks/pcnf/munin/776.cnf | tr '\n' ' '",/data/schlandals/pwmc_benchmarks/instances/bayesian_networks/pcnf/munin/776.cnf,"Estimated probability 1.8831615e-3 with bounds [1.8831615e-3 1.8831615e-3] (epsilon 0.00000000676553302270122) found in 3 seconds ",
777,:,1737450037.000,4.000,0,131,0,0,"schlandals --timeout 1500 -i /data/schlandals/pwmc_benchmarks/instances/bayesian_networks/pcnf/munin/777.cnf | tr '\n' ' '",/data/schlandals/pwmc_benchmarks/instances/bayesian_networks/pcnf/munin/777.cnf,"Estimated probability 2.0968150e-3 with bounds [2.0968150e-3 2.0968150e-3] (epsilon 0.000000006076163572288351) found in 3 seconds ",
778,:,1737450037.000,4.000,0,130,0,0,"schlandals --timeout 1500 -i /data/schlandals/pwmc_benchmarks/instances/bayesian_networks/pcnf/munin/778.cnf | tr '\n' ' '",/data/schlandals/pwmc_benchmarks/instances/bayesian_networks/pcnf/munin/778.cnf,"Estimated probability 4.0448963e-3 with bounds [4.0448955e-3 4.0448972e-3] (epsilon 0.00000020548074952664308) found in 3 seconds ",
779,:,1737450037.000,4.000,0,130,0,0,"schlandals --timeout 1500 -i /data/schlandals/pwmc_benchmarks/instances/bayesian_networks/pcnf/munin/779.cnf | tr '\n' ' '",/data/schlandals/pwmc_benchmarks/instances/bayesian_networks/pcnf/munin/779.cnf,"Estimated probability 9.3888192e-3 with bounds [9.3888184e-3 9.3888200e-3] (epsilon 0.00000008852532640268862) found in 3 seconds ",
780,:,1737450038.000,4.000,0,128,0,0,"schlandals --timeout 1500 -i /data/schlandals/pwmc_benchmarks/instances/bayesian_networks/pcnf/munin/780.cnf | tr '\n' ' '",/data/schlandals/pwmc_benchmarks/instances/bayesian_networks/pcnf/munin/780.cnf,"Estimated probability 3.4088236e-2 with bounds [3.4088232e-2 3.4088241e-2] (epsilon 0.000000141743583537135) found in 4 seconds ",
781,:,1737450038.000,5.000,0,131,0,0,"schlandals --timeout 1500 -i /data/schlandals/pwmc_benchmarks/instances/bayesian_networks/pcnf/munin/781.cnf | tr '\n' ' '",/data/schlandals/pwmc_benchmarks/instances/bayesian_networks/pcnf/munin/781.cnf,"Estimated probability 9.4727521e-2 with bounds [9.4727516e-2 9.4727526e-2] (epsilon 0.000000051007231549604626) found in 3 seconds ",
782,:,1737450038.000,5.000,0,130,0,0,"schlandals --timeout 1500 -i /data/schlandals/pwmc_benchmarks/instances/bayesian_networks/pcnf/munin/782.cnf | tr '\n' ' '",/data/schlandals/pwmc_benchmarks/instances/bayesian_networks/pcnf/munin/782.cnf,"Estimated probability 2.9201934e-1 with bounds [2.9201934e-1 2.9201935e-1] (epsilon 0.00000001654612447055115) found in 3 seconds ",
783,:,1737450040.000,5.000,0,131,0,0,"schlandals --timeout 1500 -i /data/schlandals/pwmc_benchmarks/instances/bayesian_networks/pcnf/munin/783.cnf | tr '\n' ' '",/data/schlandals/pwmc_benchmarks/instances/bayesian_networks/pcnf/munin/783.cnf,"Estimated probability 3.5411397e-1 with bounds [3.5411397e-1 3.5411398e-1] (epsilon 0.000000013644727125949885) found in 4 seconds ",
784,:,1737450041.000,4.000,0,130,0,0,"schlandals --timeout 1500 -i /data/schlandals/pwmc_benchmarks/instances/bayesian_networks/pcnf/munin/784.cnf | tr '\n' ' '",/data/schlandals/pwmc_benchmarks/instances/bayesian_networks/pcnf/munin/784.cnf,"Estimated probability 1.5438225e-1 with bounds [1.5438225e-1 1.5438225e-1] (epsilon 0.00000003129756520614535) found in 3 seconds ",
787,:,1737450042.000,3.000,0,106,0,0,"schlandals --timeout 1500 -i /data/schlandals/pwmc_benchmarks/instances/bayesian_networks/pcnf/munin/787.cnf | tr '\n' ' '",/data/schlandals/pwmc_benchmarks/instances/bayesian_networks/pcnf/munin/787.cnf,"Estimated probability 1.8118500e-5 with bounds [1.8118500e-5 1.8118500e-5] (epsilon 0) found in 2 seconds ",
785,:,1737450041.000,4.000,0,130,0,0,"schlandals --timeout 1500 -i /data/schlandals/pwmc_benchmarks/instances/bayesian_networks/pcnf/munin/785.cnf | tr '\n' ' '",/data/schlandals/pwmc_benchmarks/instances/bayesian_networks/pcnf/munin/785.cnf,"Estimated probability 3.6376827e-2 with bounds [3.6376822e-2 3.6376832e-2] (epsilon 0.00000013282600996866734) found in 4 seconds ",
788,:,1737450043.000,3.000,0,106,0,0,"schlandals --timeout 1500 -i /data/schlandals/pwmc_benchmarks/instances/bayesian_networks/pcnf/munin/788.cnf | tr '\n' ' '",/data/schlandals/pwmc_benchmarks/instances/bayesian_networks/pcnf/munin/788.cnf,"Estimated probability 8.4312195e-5 with bounds [8.4312194e-5 8.4312195e-5] (epsilon 0) found in 3 seconds ",
786,:,1737450041.000,5.000,0,128,0,0,"schlandals --timeout 1500 -i /data/schlandals/pwmc_benchmarks/instances/bayesian_networks/pcnf/munin/786.cnf | tr '\n' ' '",/data/schlandals/pwmc_benchmarks/instances/bayesian_networks/pcnf/munin/786.cnf,"Estimated probability 2.7365379e-3 with bounds [2.7365331e-3 2.7365428e-3] (epsilon 0.000001765658970587225) found in 4 seconds ",
789,:,1737450043.000,3.000,0,106,0,0,"schlandals --timeout 1500 -i /data/schlandals/pwmc_benchmarks/instances/bayesian_networks/pcnf/munin/789.cnf | tr '\n' ' '",/data/schlandals/pwmc_benchmarks/instances/bayesian_networks/pcnf/munin/789.cnf,"Estimated probability 1.0319497e-3 with bounds [1.0319497e-3 1.0319497e-3] (epsilon 0) found in 3 seconds ",
790,:,1737450045.000,3.000,0,131,0,0,"schlandals --timeout 1500 -i /data/schlandals/pwmc_benchmarks/instances/bayesian_networks/pcnf/munin/790.cnf | tr '\n' ' '",/data/schlandals/pwmc_benchmarks/instances/bayesian_networks/pcnf/munin/790.cnf,"Estimated probability 8.4049927e-2 with bounds [8.4049927e-2 8.4049927e-2] (epsilon 0.000000002076491867342156) found in 3 seconds ",
791,:,1737450045.000,4.000,0,133,0,0,"schlandals --timeout 1500 -i /data/schlandals/pwmc_benchmarks/instances/bayesian_networks/pcnf/munin/791.cnf | tr '\n' ' '",/data/schlandals/pwmc_benchmarks/instances/bayesian_networks/pcnf/munin/791.cnf,"Estimated probability 3.8245172e-1 with bounds [3.8245172e-1 3.8245172e-1] (epsilon 0.00000000046262815800446333) found in 3 seconds ",
792,:,1737450045.000,4.000,0,132,0,0,"schlandals --timeout 1500 -i /data/schlandals/pwmc_benchmarks/instances/bayesian_networks/pcnf/munin/792.cnf | tr '\n' ' '",/data/schlandals/pwmc_benchmarks/instances/bayesian_networks/pcnf/munin/792.cnf,"Estimated probability 3.1840937e-1 with bounds [3.1840937e-1 3.1840937e-1] (epsilon 0.0000000005556775040105322) found in 3 seconds ",
793,:,1737450045.000,4.000,0,132,0,0,"schlandals --timeout 1500 -i /data/schlandals/pwmc_benchmarks/instances/bayesian_networks/pcnf/munin/793.cnf | tr '\n' ' '",/data/schlandals/pwmc_benchmarks/instances/bayesian_networks/pcnf/munin/793.cnf,"Estimated probability 1.0716503e-1 with bounds [1.0716503e-1 1.0716503e-1] (epsilon 0.0000000016510324218899086) found in 3 seconds ",
794,:,1737450046.000,3.000,0,131,0,0,"schlandals --timeout 1500 -i /data/schlandals/pwmc_benchmarks/instances/bayesian_networks/pcnf/munin/794.cnf | tr '\n' ' '",/data/schlandals/pwmc_benchmarks/instances/bayesian_networks/pcnf/munin/794.cnf,"Estimated probability 3.9457695e-2 with bounds [3.9457694e-2 3.9457695e-2] (epsilon 0.000000004484117077652172) found in 3 seconds ",
795,:,1737450046.000,4.000,0,131,0,0,"schlandals --timeout 1500 -i /data/schlandals/pwmc_benchmarks/instances/bayesian_networks/pcnf/munin/795.cnf | tr '\n' ' '",/data/schlandals/pwmc_benchmarks/instances/bayesian_networks/pcnf/munin/795.cnf,"Estimated probability 2.3814999e-2 with bounds [2.3814999e-2 2.3814999e-2] (epsilon 0.000000007429473036779655) found in 3 seconds ",
796,:,1737450046.000,4.000,0,131,0,0,"schlandals --timeout 1500 -i /data/schlandals/pwmc_benchmarks/instances/bayesian_networks/pcnf/munin/796.cnf | tr '\n' ' '",/data/schlandals/pwmc_benchmarks/instances/bayesian_networks/pcnf/munin/796.cnf,"Estimated probability 1.8543251e-2 with bounds [1.8543250e-2 1.8543251e-2] (epsilon 0.000000009541633483323153) found in 3 seconds ",
797,:,1737450048.000,4.000,0,131,0,0,"schlandals --timeout 1500 -i /data/schlandals/pwmc_benchmarks/instances/bayesian_networks/pcnf/munin/797.cnf | tr '\n' ' '",/data/schlandals/pwmc_benchmarks/instances/bayesian_networks/pcnf/munin/797.cnf,"Estimated probability 1.5136152e-2 with bounds [1.5136152e-2 1.5136152e-2] (epsilon 0.000000011689426759886601) found in 3 seconds ",
798,:,1737450049.000,3.000,0,132,0,0,"schlandals --timeout 1500 -i /data/schlandals/pwmc_benchmarks/instances/bayesian_networks/pcnf/munin/798.cnf | tr '\n' ' '",/data/schlandals/pwmc_benchmarks/instances/bayesian_networks/pcnf/munin/798.cnf,"Estimated probability 9.8374812e-3 with bounds [9.8374812e-3 9.8374812e-3] (epsilon 0.0000000003782321122969279) found in 3 seconds ",
799,:,1737450049.000,5.000,0,131,0,0,"schlandals --timeout 1500 -i /data/schlandals/pwmc_benchmarks/instances/bayesian_networks/pcnf/munin/799.cnf | tr '\n' ' '",/data/schlandals/pwmc_benchmarks/instances/bayesian_networks/pcnf/munin/799.cnf,"Estimated probability 8.1543923e-3 with bounds [8.1543922e-3 8.1543923e-3] (epsilon 0.000000002221560047033222) found in 4 seconds ",
800,:,1737450049.000,5.000,0,129,0,0,"schlandals --timeout 1500 -i /data/schlandals/pwmc_benchmarks/instances/bayesian_networks/pcnf/munin/800.cnf | tr '\n' ' '",/data/schlandals/pwmc_benchmarks/instances/bayesian_networks/pcnf/munin/800.cnf,"Estimated probability 1.4824191e-5 with bounds [1.4824168e-5 1.4824215e-5] (epsilon 0.0000012220212495250848) found in 4 seconds ",
801,:,1737450049.000,5.000,0,130,0,0,"schlandals --timeout 1500 -i /data/schlandals/pwmc_benchmarks/instances/bayesian_networks/pcnf/munin/801.cnf | tr '\n' ' '",/data/schlandals/pwmc_benchmarks/instances/bayesian_networks/pcnf/munin/801.cnf,"Estimated probability 6.2007839e-4 with bounds [6.2007836e-4 6.2007843e-4] (epsilon 0.00000004480588500221927) found in 4 seconds ",
802,:,1737450050.000,4.000,0,130,0,0,"schlandals --timeout 1500 -i /data/schlandals/pwmc_benchmarks/instances/bayesian_networks/pcnf/munin/802.cnf | tr '\n' ' '",/data/schlandals/pwmc_benchmarks/instances/bayesian_networks/pcnf/munin/802.cnf,"Estimated probability 9.4899580e-4 with bounds [9.4899576e-4 9.4899583e-4] (epsilon 0.00000002927637976490871) found in 4 seconds ",
803,:,1737450050.000,4.000,0,131,0,0,"schlandals --timeout 1500 -i /data/schlandals/pwmc_benchmarks/instances/bayesian_networks/pcnf/munin/803.cnf | tr '\n' ' '",/data/schlandals/pwmc_benchmarks/instances/bayesian_networks/pcnf/munin/803.cnf,"Estimated probability 1.2434532e-3 with bounds [1.2434532e-3 1.2434532e-3] (epsilon 0.000000022343552119608034) found in 4 seconds ",
804,:,1737450052.000,5.000,0,130,0,0,"schlandals --timeout 1500 -i /data/schlandals/pwmc_benchmarks/instances/bayesian_networks/pcnf/munin/804.cnf | tr '\n' ' '",/data/schlandals/pwmc_benchmarks/instances/bayesian_networks/pcnf/munin/804.cnf,"Estimated probability 1.2537082e-3 with bounds [1.2537081e-3 1.2537082e-3] (epsilon 0.00000003454801733582258) found in 4 seconds ",
805,:,1737450052.000,5.000,0,130,0,0,"schlandals --timeout 1500 -i /data/schlandals/pwmc_benchmarks/instances/bayesian_networks/pcnf/munin/805.cnf | tr '\n' ' '",/data/schlandals/pwmc_benchmarks/instances/bayesian_networks/pcnf/munin/805.cnf,"Estimated probability 1.1480775e-3 with bounds [1.1480775e-3 1.1480776e-3] (epsilon 0.00000003772666201662389) found in 4 seconds ",
756,:,1737450022.000,35.000,0,107,0,0,"schlandals --timeout 1500 -i /data/schlandals/pwmc_benchmarks/instances/bayesian_networks/pcnf/munin/756.cnf | tr '\n' ' '",/data/schlandals/pwmc_benchmarks/instances/bayesian_networks/pcnf/munin/756.cnf,"Estimated probability 1.0431883e-1 with bounds [1.0431883e-1 1.0431883e-1] (epsilon 0) found in 34 seconds ",
806,:,1737450054.000,4.000,0,130,0,0,"schlandals --timeout 1500 -i /data/schlandals/pwmc_benchmarks/instances/bayesian_networks/pcnf/munin/806.cnf | tr '\n' ' '",/data/schlandals/pwmc_benchmarks/instances/bayesian_networks/pcnf/munin/806.cnf,"Estimated probability 1.4132238e-3 with bounds [1.4132238e-3 1.4132239e-3] (epsilon 0.00000003064845865985433) found in 4 seconds ",
807,:,1737450054.000,5.000,0,130,0,0,"schlandals --timeout 1500 -i /data/schlandals/pwmc_benchmarks/instances/bayesian_networks/pcnf/munin/807.cnf | tr '\n' ' '",/data/schlandals/pwmc_benchmarks/instances/bayesian_networks/pcnf/munin/807.cnf,"Estimated probability 1.5497200e-3 with bounds [1.5497198e-3 1.5497201e-3] (epsilon 0.00000010196431077247325) found in 4 seconds ",
808,:,1737450054.000,5.000,0,129,0,0,"schlandals --timeout 1500 -i /data/schlandals/pwmc_benchmarks/instances/bayesian_networks/pcnf/munin/808.cnf | tr '\n' ' '",/data/schlandals/pwmc_benchmarks/instances/bayesian_networks/pcnf/munin/808.cnf,"Estimated probability 2.2641672e-3 with bounds [2.2641670e-3 2.2641673e-3] (epsilon 0.0000000655200906862774) found in 4 seconds ",
809,:,1737450054.000,5.000,0,130,0,0,"schlandals --timeout 1500 -i /data/schlandals/pwmc_benchmarks/instances/bayesian_networks/pcnf/munin/809.cnf | tr '\n' ' '",/data/schlandals/pwmc_benchmarks/instances/bayesian_networks/pcnf/munin/809.cnf,"Estimated probability 4.4795286e-3 with bounds [4.4795279e-3 4.4795294e-3] (epsilon 0.00000016291310100946532) found in 4 seconds ",
810,:,1737450054.000,5.000,0,130,0,0,"schlandals --timeout 1500 -i /data/schlandals/pwmc_benchmarks/instances/bayesian_networks/pcnf/munin/810.cnf | tr '\n' ' '",/data/schlandals/pwmc_benchmarks/instances/bayesian_networks/pcnf/munin/810.cnf,"Estimated probability 8.2852044e-3 with bounds [8.2852037e-3 8.2852052e-3] (epsilon 0.00000008808157669903949) found in 4 seconds ",
811,:,1737450057.000,4.000,0,131,0,0,"schlandals --timeout 1500 -i /data/schlandals/pwmc_benchmarks/instances/bayesian_networks/pcnf/munin/811.cnf | tr '\n' ' '",/data/schlandals/pwmc_benchmarks/instances/bayesian_networks/pcnf/munin/811.cnf,"Estimated probability 1.9460469e-2 with bounds [1.9460469e-2 1.9460470e-2] (epsilon 0.000000037500318850192116) found in 4 seconds ",
812,:,1737450057.000,5.000,0,131,0,0,"schlandals --timeout 1500 -i /data/schlandals/pwmc_benchmarks/instances/bayesian_networks/pcnf/munin/812.cnf | tr '\n' ' '",/data/schlandals/pwmc_benchmarks/instances/bayesian_networks/pcnf/munin/812.cnf,"Estimated probability 4.4633793e-2 with bounds [4.4633793e-2 4.4633794e-2] (epsilon 0.000000016350252485253236) found in 4 seconds ",
813,:,1737450057.000,5.000,0,131,0,0,"schlandals --timeout 1500 -i /data/schlandals/pwmc_benchmarks/instances/bayesian_networks/pcnf/munin/813.cnf | tr '\n' ' '",/data/schlandals/pwmc_benchmarks/instances/bayesian_networks/pcnf/munin/813.cnf,"Estimated probability 1.3037389e-1 with bounds [1.3037389e-1 1.3037389e-1] (epsilon 0.000000005478427489435944) found in 4 seconds ",
814,:,1737450058.000,5.000,0,132,0,0,"schlandals --timeout 1500 -i /data/schlandals/pwmc_benchmarks/instances/bayesian_networks/pcnf/munin/814.cnf | tr '\n' ' '",/data/schlandals/pwmc_benchmarks/instances/bayesian_networks/pcnf/munin/814.cnf,"Estimated probability 2.3581937e-1 with bounds [2.3581937e-1 2.3581937e-1] (epsilon 0.0000000030287752306179527) found in 4 seconds ",
816,:,1737450059.000,5.000,0,131,0,0,"schlandals --timeout 1500 -i /data/schlandals/pwmc_benchmarks/instances/bayesian_networks/pcnf/munin/816.cnf | tr '\n' ' '",/data/schlandals/pwmc_benchmarks/instances/bayesian_networks/pcnf/munin/816.cnf,"Estimated probability 1.6615402e-1 with bounds [1.6615402e-1 1.6615402e-1] (epsilon 0.000000004298685185588624) found in 4 seconds ",
815,:,1737450059.000,5.000,0,131,0,0,"schlandals --timeout 1500 -i /data/schlandals/pwmc_benchmarks/instances/bayesian_networks/pcnf/munin/815.cnf | tr '\n' ' '",/data/schlandals/pwmc_benchmarks/instances/bayesian_networks/pcnf/munin/815.cnf,"Estimated probability 2.8201043e-1 with bounds [2.8201043e-1 2.8201043e-1] (epsilon 0.000000002532686060874312) found in 4 seconds ",
817,:,1737450059.000,5.000,0,131,0,0,"schlandals --timeout 1500 -i /data/schlandals/pwmc_benchmarks/instances/bayesian_networks/pcnf/munin/817.cnf | tr '\n' ' '",/data/schlandals/pwmc_benchmarks/instances/bayesian_networks/pcnf/munin/817.cnf,"Estimated probability 6.8306794e-2 with bounds [6.8306793e-2 6.8306795e-2] (epsilon 0.000000010456410848291853) found in 4 seconds ",
818,:,1737450059.000,5.000,0,131,0,0,"schlandals --timeout 1500 -i /data/schlandals/pwmc_benchmarks/instances/bayesian_networks/pcnf/munin/818.cnf | tr '\n' ' '",/data/schlandals/pwmc_benchmarks/instances/bayesian_networks/pcnf/munin/818.cnf,"Estimated probability 2.1865860e-2 with bounds [2.1865859e-2 2.1865860e-2] (epsilon 0.000000027419041703780067) found in 4 seconds ",
750,:,1737450022.000,54.000,0,107,0,0,"schlandals --timeout 1500 -i /data/schlandals/pwmc_benchmarks/instances/bayesian_networks/pcnf/munin/750.cnf | tr '\n' ' '",/data/schlandals/pwmc_benchmarks/instances/bayesian_networks/pcnf/munin/750.cnf,"Estimated probability 6.8376587e-2 with bounds [6.8376587e-2 6.8376587e-2] (epsilon 0) found in 54 seconds ",
752,:,1737450022.000,55.000,0,107,0,0,"schlandals --timeout 1500 -i /data/schlandals/pwmc_benchmarks/instances/bayesian_networks/pcnf/munin/752.cnf | tr '\n' ' '",/data/schlandals/pwmc_benchmarks/instances/bayesian_networks/pcnf/munin/752.cnf,"Estimated probability 4.3001002e-3 with bounds [4.3001002e-3 4.3001002e-3] (epsilon 0) found in 54 seconds ",
753,:,1737450022.000,55.000,0,107,0,0,"schlandals --timeout 1500 -i /data/schlandals/pwmc_benchmarks/instances/bayesian_networks/pcnf/munin/753.cnf | tr '\n' ' '",/data/schlandals/pwmc_benchmarks/instances/bayesian_networks/pcnf/munin/753.cnf,"Estimated probability 9.8733655e-1 with bounds [9.8733655e-1 9.8733655e-1] (epsilon 0) found in 54 seconds ",
749,:,1737450021.000,56.000,0,107,0,0,"schlandals --timeout 1500 -i /data/schlandals/pwmc_benchmarks/instances/bayesian_networks/pcnf/munin/749.cnf | tr '\n' ' '",/data/schlandals/pwmc_benchmarks/instances/bayesian_networks/pcnf/munin/749.cnf,"Estimated probability 8.9247575e-1 with bounds [8.9247575e-1 8.9247575e-1] (epsilon 0) found in 55 seconds ",
754,:,1737450022.000,55.000,0,107,0,0,"schlandals --timeout 1500 -i /data/schlandals/pwmc_benchmarks/instances/bayesian_networks/pcnf/munin/754.cnf | tr '\n' ' '",/data/schlandals/pwmc_benchmarks/instances/bayesian_networks/pcnf/munin/754.cnf,"Estimated probability 1.2663445e-2 with bounds [1.2663445e-2 1.2663445e-2] (epsilon 0) found in 54 seconds ",
755,:,1737450022.000,55.000,0,107,0,0,"schlandals --timeout 1500 -i /data/schlandals/pwmc_benchmarks/instances/bayesian_networks/pcnf/munin/755.cnf | tr '\n' ' '",/data/schlandals/pwmc_benchmarks/instances/bayesian_networks/pcnf/munin/755.cnf,"Estimated probability 8.9568117e-1 with bounds [8.9568117e-1 8.9568117e-1] (epsilon 0) found in 54 seconds ",
751,:,1737450022.000,56.000,0,107,0,0,"schlandals --timeout 1500 -i /data/schlandals/pwmc_benchmarks/instances/bayesian_networks/pcnf/munin/751.cnf | tr '\n' ' '",/data/schlandals/pwmc_benchmarks/instances/bayesian_networks/pcnf/munin/751.cnf,"Estimated probability 3.4847567e-2 with bounds [3.4847567e-2 3.4847567e-2] (epsilon 0) found in 55 seconds ",
820,:,1737450062.000,19.000,0,132,0,0,"schlandals --timeout 1500 -i /data/schlandals/pwmc_benchmarks/instances/bayesian_networks/pcnf/munin/820.cnf | tr '\n' ' '",/data/schlandals/pwmc_benchmarks/instances/bayesian_networks/pcnf/munin/820.cnf,"Estimated probability 1.3542085e-2 with bounds [1.3542085e-2 1.3542085e-2] (epsilon 0.000000016599819074869515) found in 19 seconds ",
821,:,1737450062.000,20.000,0,131,0,0,"schlandals --timeout 1500 -i /data/schlandals/pwmc_benchmarks/instances/bayesian_networks/pcnf/munin/821.cnf | tr '\n' ' '",/data/schlandals/pwmc_benchmarks/instances/bayesian_networks/pcnf/munin/821.cnf,"Estimated probability 1.1927815e-2 with bounds [1.1927815e-2 1.1927816e-2] (epsilon 0.00000004376454110222028) found in 19 seconds ",
819,:,1737450061.000,21.000,0,132,0,0,"schlandals --timeout 1500 -i /data/schlandals/pwmc_benchmarks/instances/bayesian_networks/pcnf/munin/819.cnf | tr '\n' ' '",/data/schlandals/pwmc_benchmarks/instances/bayesian_networks/pcnf/munin/819.cnf,"Estimated probability 2.0337286e-2 with bounds [2.0337286e-2 2.0337287e-2] (epsilon 0.000000011053399751048687) found in 20 seconds ",
826,:,1737450064.000,19.000,0,132,0,0,"schlandals --timeout 1500 -i /data/schlandals/pwmc_benchmarks/instances/bayesian_networks/pcnf/munin/826.cnf | tr '\n' ' '",/data/schlandals/pwmc_benchmarks/instances/bayesian_networks/pcnf/munin/826.cnf,"Estimated probability 2.1385764e-2 with bounds [2.1385763e-2 2.1385765e-2] (epsilon 0.000000037598745894484864) found in 18 seconds ",
824,:,1737450064.000,19.000,0,130,0,0,"schlandals --timeout 1500 -i /data/schlandals/pwmc_benchmarks/instances/bayesian_networks/pcnf/munin/824.cnf | tr '\n' ' '",/data/schlandals/pwmc_benchmarks/instances/bayesian_networks/pcnf/munin/824.cnf,"Estimated probability 1.4306480e-2 with bounds [1.4306480e-2 1.4306481e-2] (epsilon 0.0000000562037578699659) found in 18 seconds ",
822,:,1737450063.000,20.000,0,131,0,0,"schlandals --timeout 1500 -i /data/schlandals/pwmc_benchmarks/instances/bayesian_networks/pcnf/munin/822.cnf | tr '\n' ' '",/data/schlandals/pwmc_benchmarks/instances/bayesian_networks/pcnf/munin/822.cnf,"Estimated probability 1.2557670e-2 with bounds [1.2557669e-2 1.2557670e-2] (epsilon 0.00000004156944521938044) found in 19 seconds ",
825,:,1737450064.000,20.000,0,132,0,0,"schlandals --timeout 1500 -i /data/schlandals/pwmc_benchmarks/instances/bayesian_networks/pcnf/munin/825.cnf | tr '\n' ' '",/data/schlandals/pwmc_benchmarks/instances/bayesian_networks/pcnf/munin/825.cnf,"Estimated probability 1.6911572e-2 with bounds [1.6911571e-2 1.6911572e-2] (epsilon 0.000000047546021786359915) found in 19 seconds ",
823,:,1737450064.000,20.000,0,130,0,0,"schlandals --timeout 1500 -i /data/schlandals/pwmc_benchmarks/instances/bayesian_networks/pcnf/munin/823.cnf | tr '\n' ' '",/data/schlandals/pwmc_benchmarks/instances/bayesian_networks/pcnf/munin/823.cnf,"Estimated probability 1.3509852e-2 with bounds [1.3509852e-2 1.3509853e-2] (epsilon 0.0000000386396048490667) found in 20 seconds ",
829,:,1737450077.000,16.000,0,132,0,0,"schlandals --timeout 1500 -i /data/schlandals/pwmc_benchmarks/instances/bayesian_networks/pcnf/munin/829.cnf | tr '\n' ' '",/data/schlandals/pwmc_benchmarks/instances/bayesian_networks/pcnf/munin/829.cnf,"Estimated probability 2.1495531e-1 with bounds [2.1495531e-1 2.1495531e-1] (epsilon 0.000000003740675103003355) found in 15 seconds ",
833,:,1737450078.000,15.000,0,132,0,0,"schlandals --timeout 1500 -i /data/schlandals/pwmc_benchmarks/instances/bayesian_networks/pcnf/munin/833.cnf | tr '\n' ' '",/data/schlandals/pwmc_benchmarks/instances/bayesian_networks/pcnf/munin/833.cnf,"Estimated probability 5.7284218e-3 with bounds [5.7284215e-3 5.7284221e-3] (epsilon 0.000000048366290306134374) found in 15 seconds ",
831,:,1737450077.000,17.000,0,132,0,0,"schlandals --timeout 1500 -i /data/schlandals/pwmc_benchmarks/instances/bayesian_networks/pcnf/munin/831.cnf | tr '\n' ' '",/data/schlandals/pwmc_benchmarks/instances/bayesian_networks/pcnf/munin/831.cnf,"Estimated probability 1.9218296e-1 with bounds [1.9218296e-1 1.9218296e-1] (epsilon 0.000000002988202796316841) found in 16 seconds ",
832,:,1737450077.000,17.000,0,132,0,0,"schlandals --timeout 1500 -i /data/schlandals/pwmc_benchmarks/instances/bayesian_networks/pcnf/munin/832.cnf | tr '\n' ' '",/data/schlandals/pwmc_benchmarks/instances/bayesian_networks/pcnf/munin/832.cnf,"Estimated probability 4.9821485e-2 with bounds [4.9821484e-2 4.9821486e-2] (epsilon 0.000000011526787968563212) found in 16 seconds ",
827,:,1737450076.000,19.000,0,132,0,0,"schlandals --timeout 1500 -i /data/schlandals/pwmc_benchmarks/instances/bayesian_networks/pcnf/munin/827.cnf | tr '\n' ' '",/data/schlandals/pwmc_benchmarks/instances/bayesian_networks/pcnf/munin/827.cnf,"Estimated probability 2.9272740e-2 with bounds [2.9272739e-2 2.9272741e-2] (epsilon 0.000000027468488594806217) found in 18 seconds ",
828,:,1737450077.000,19.000,0,132,0,0,"schlandals --timeout 1500 -i /data/schlandals/pwmc_benchmarks/instances/bayesian_networks/pcnf/munin/828.cnf | tr '\n' ' '",/data/schlandals/pwmc_benchmarks/instances/bayesian_networks/pcnf/munin/828.cnf,"Estimated probability 7.6489466e-2 with bounds [7.6489465e-2 7.6489466e-2] (epsilon 0.000000010512270609552843) found in 18 seconds ",
830,:,1737450077.000,19.000,0,131,0,0,"schlandals --timeout 1500 -i /data/schlandals/pwmc_benchmarks/instances/bayesian_networks/pcnf/munin/830.cnf | tr '\n' ' '",/data/schlandals/pwmc_benchmarks/instances/bayesian_networks/pcnf/munin/830.cnf,"Estimated probability 3.0707110e-1 with bounds [3.0707110e-1 3.0707110e-1] (epsilon 0.00000000261853982941318) found in 18 seconds ",
836,:,1737450082.000,17.000,0,132,0,0,"schlandals --timeout 1500 -i /data/schlandals/pwmc_benchmarks/instances/bayesian_networks/pcnf/munin/836.cnf | tr '\n' ' '",/data/schlandals/pwmc_benchmarks/instances/bayesian_networks/pcnf/munin/836.cnf,"Estimated probability 8.8597016e-3 with bounds [8.8597015e-3 8.8597017e-3] (epsilon 0.000000006314211598024144) found in 16 seconds ",
834,:,1737450081.000,21.000,0,131,0,0,"schlandals --timeout 1500 -i /data/schlandals/pwmc_benchmarks/instances/bayesian_networks/pcnf/munin/834.cnf | tr '\n' ' '",/data/schlandals/pwmc_benchmarks/instances/bayesian_networks/pcnf/munin/834.cnf,"Estimated probability 8.1543923e-3 with bounds [8.1543922e-3 8.1543924e-3] (epsilon 0.00000000686035561692222) found in 20 seconds ",
835,:,1737450082.000,20.000,0,131,0,0,"schlandals --timeout 1500 -i /data/schlandals/pwmc_benchmarks/instances/bayesian_networks/pcnf/munin/835.cnf | tr '\n' ' '",/data/schlandals/pwmc_benchmarks/instances/bayesian_networks/pcnf/munin/835.cnf,"Estimated probability 4.7095673e-4 with bounds [4.7095667e-4 4.7095679e-4] (epsilon 0.00000011878380989926995) found in 20 seconds ",
837,:,1737450083.000,21.000,0,132,0,0,"schlandals --timeout 1500 -i /data/schlandals/pwmc_benchmarks/instances/bayesian_networks/pcnf/munin/837.cnf | tr '\n' ' '",/data/schlandals/pwmc_benchmarks/instances/bayesian_networks/pcnf/munin/837.cnf,"Estimated probability 6.1319899e-3 with bounds [6.1319898e-3 6.1319900e-3] (epsilon 0.000000013320279768080923) found in 21 seconds ",
838,:,1737450083.000,21.000,0,131,0,0,"schlandals --timeout 1500 -i /data/schlandals/pwmc_benchmarks/instances/bayesian_networks/pcnf/munin/838.cnf | tr '\n' ' '",/data/schlandals/pwmc_benchmarks/instances/bayesian_networks/pcnf/munin/838.cnf,"Estimated probability 4.6427232e-3 with bounds [4.6427230e-3 4.6427234e-3] (epsilon 0.00000003954341498690894) found in 20 seconds ",
853,:,1737450104.000,1.000,0,106,0,0,"schlandals --timeout 1500 -i /data/schlandals/pwmc_benchmarks/instances/bayesian_networks/pcnf/munin/853.cnf | tr '\n' ' '",/data/schlandals/pwmc_benchmarks/instances/bayesian_networks/pcnf/munin/853.cnf,"Estimated probability 8.7622231e-2 with bounds [8.7622231e-2 8.7622231e-2] (epsilon 0) found in 0 seconds ",
839,:,1737450083.000,22.000,0,132,0,0,"schlandals --timeout 1500 -i /data/schlandals/pwmc_benchmarks/instances/bayesian_networks/pcnf/munin/839.cnf | tr '\n' ' '",/data/schlandals/pwmc_benchmarks/instances/bayesian_networks/pcnf/munin/839.cnf,"Estimated probability 3.6250682e-3 with bounds [3.6250680e-3 3.6250684e-3] (epsilon 0.000000050644324955939624) found in 21 seconds ",
854,:,1737450105.000,1.000,0,106,0,0,"schlandals --timeout 1500 -i /data/schlandals/pwmc_benchmarks/instances/bayesian_networks/pcnf/munin/854.cnf | tr '\n' ' '",/data/schlandals/pwmc_benchmarks/instances/bayesian_networks/pcnf/munin/854.cnf,"Estimated probability 4.1793219e-1 with bounds [4.1793219e-1 4.1793219e-1] (epsilon 0) found in 0 seconds ",
855,:,1737450105.000,1.000,0,106,0,0,"schlandals --timeout 1500 -i /data/schlandals/pwmc_benchmarks/instances/bayesian_networks/pcnf/munin/855.cnf | tr '\n' ' '",/data/schlandals/pwmc_benchmarks/instances/bayesian_networks/pcnf/munin/855.cnf,"Estimated probability 4.2242241e-1 with bounds [4.2242241e-1 4.2242241e-1] (epsilon 0) found in 0 seconds ",
840,:,1737450084.000,22.000,0,132,0,0,"schlandals --timeout 1500 -i /data/schlandals/pwmc_benchmarks/instances/bayesian_networks/pcnf/munin/840.cnf | tr '\n' ' '",/data/schlandals/pwmc_benchmarks/instances/bayesian_networks/pcnf/munin/840.cnf,"Estimated probability 7.4887904e-3 with bounds [7.4887901e-3 7.4887908e-3] (epsilon 0.000000042849437109637734) found in 21 seconds ",
841,:,1737450084.000,22.000,0,131,0,0,"schlandals --timeout 1500 -i /data/schlandals/pwmc_benchmarks/instances/bayesian_networks/pcnf/munin/841.cnf | tr '\n' ' '",/data/schlandals/pwmc_benchmarks/instances/bayesian_networks/pcnf/munin/841.cnf,"Estimated probability 1.0647482e-2 with bounds [1.0647481e-2 1.0647482e-2] (epsilon 0.00000004828812727453169) found in 21 seconds ",
856,:,1737450106.000,0.000,0,106,0,0,"schlandals --timeout 1500 -i /data/schlandals/pwmc_benchmarks/instances/bayesian_networks/pcnf/munin/856.cnf | tr '\n' ' '",/data/schlandals/pwmc_benchmarks/instances/bayesian_networks/pcnf/munin/856.cnf,"Estimated probability 7.0296568e-2 with bounds [7.0296568e-2 7.0296568e-2] (epsilon 0) found in 0 seconds ",
857,:,1737450106.000,0.000,0,106,0,0,"schlandals --timeout 1500 -i /data/schlandals/pwmc_benchmarks/instances/bayesian_networks/pcnf/munin/857.cnf | tr '\n' ' '",/data/schlandals/pwmc_benchmarks/instances/bayesian_networks/pcnf/munin/857.cnf,"Estimated probability 9.3636439e-4 with bounds [9.3636439e-4 9.3636439e-4] (epsilon 0) found in 0 seconds ",
858,:,1737450106.000,1.000,0,106,0,0,"schlandals --timeout 1500 -i /data/schlandals/pwmc_benchmarks/instances/bayesian_networks/pcnf/munin/858.cnf | tr '\n' ' '",/data/schlandals/pwmc_benchmarks/instances/bayesian_networks/pcnf/munin/858.cnf,"Estimated probability 3.3388296e-4 with bounds [3.3388296e-4 3.3388296e-4] (epsilon 0) found in 0 seconds ",
859,:,1737450106.000,1.000,0,106,0,0,"schlandals --timeout 1500 -i /data/schlandals/pwmc_benchmarks/instances/bayesian_networks/pcnf/munin/859.cnf | tr '\n' ' '",/data/schlandals/pwmc_benchmarks/instances/bayesian_networks/pcnf/munin/859.cnf,"Estimated probability 2.9877111e-4 with bounds [2.9877111e-4 2.9877111e-4] (epsilon 0) found in 0 seconds ",
860,:,1737450106.000,1.000,0,106,0,0,"schlandals --timeout 1500 -i /data/schlandals/pwmc_benchmarks/instances/bayesian_networks/pcnf/munin/860.cnf | tr '\n' ' '",/data/schlandals/pwmc_benchmarks/instances/bayesian_networks/pcnf/munin/860.cnf,"Estimated probability 6.1598069e-5 with bounds [6.1598069e-5 6.1598069e-5] (epsilon 0) found in 0 seconds ",
861,:,1737450106.000,1.000,0,106,0,0,"schlandals --timeout 1500 -i /data/schlandals/pwmc_benchmarks/instances/bayesian_networks/pcnf/munin/861.cnf | tr '\n' ' '",/data/schlandals/pwmc_benchmarks/instances/bayesian_networks/pcnf/munin/861.cnf,"Estimated probability 1.5534765e-5 with bounds [1.5534764e-5 1.5534765e-5] (epsilon 0) found in 0 seconds ",
862,:,1737450107.000,0.000,0,106,0,0,"schlandals --timeout 1500 -i /data/schlandals/pwmc_benchmarks/instances/bayesian_networks/pcnf/munin/862.cnf | tr '\n' ' '",/data/schlandals/pwmc_benchmarks/instances/bayesian_networks/pcnf/munin/862.cnf,"Estimated probability 3.0557350e-5 with bounds [3.0557350e-5 3.0557350e-5] (epsilon 0) found in 0 seconds ",
863,:,1737450107.000,0.000,0,106,0,0,"schlandals --timeout 1500 -i /data/schlandals/pwmc_benchmarks/instances/bayesian_networks/pcnf/munin/863.cnf | tr '\n' ' '",/data/schlandals/pwmc_benchmarks/instances/bayesian_networks/pcnf/munin/863.cnf,"Estimated probability 3.0718461e-5 with bounds [3.0718460e-5 3.0718461e-5] (epsilon 0) found in 0 seconds ",
864,:,1737450107.000,1.000,0,106,0,0,"schlandals --timeout 1500 -i /data/schlandals/pwmc_benchmarks/instances/bayesian_networks/pcnf/munin/864.cnf | tr '\n' ' '",/data/schlandals/pwmc_benchmarks/instances/bayesian_networks/pcnf/munin/864.cnf,"Estimated probability 1.9178625e-5 with bounds [1.9178625e-5 1.9178625e-5] (epsilon 0) found in 0 seconds ",
843,:,1737450093.000,22.000,0,131,0,0,"schlandals --timeout 1500 -i /data/schlandals/pwmc_benchmarks/instances/bayesian_networks/pcnf/munin/843.cnf | tr '\n' ' '",/data/schlandals/pwmc_benchmarks/instances/bayesian_networks/pcnf/munin/843.cnf,"Estimated probability 1.5733519e-2 with bounds [1.5733518e-2 1.5733520e-2] (epsilon 0.00000005471951136648556) found in 21 seconds ",
842,:,1737450093.000,22.000,0,131,0,0,"schlandals --timeout 1500 -i /data/schlandals/pwmc_benchmarks/instances/bayesian_networks/pcnf/munin/842.cnf | tr '\n' ' '",/data/schlandals/pwmc_benchmarks/instances/bayesian_networks/pcnf/munin/842.cnf,"Estimated probability 1.2784010e-2 with bounds [1.2784010e-2 1.2784011e-2] (epsilon 0.00000004021797050945963) found in 22 seconds ",
844,:,1737450094.000,22.000,0,132,0,0,"schlandals --timeout 1500 -i /data/schlandals/pwmc_benchmarks/instances/bayesian_networks/pcnf/munin/844.cnf | tr '\n' ' '",/data/schlandals/pwmc_benchmarks/instances/bayesian_networks/pcnf/munin/844.cnf,"Estimated probability 1.6654189e-2 with bounds [1.6654188e-2 1.6654189e-2] (epsilon 0.000000050149105534913474) found in 21 seconds ",
846,:,1737450095.000,21.000,0,130,0,0,"schlandals --timeout 1500 -i /data/schlandals/pwmc_benchmarks/instances/bayesian_networks/pcnf/munin/846.cnf | tr '\n' ' '",/data/schlandals/pwmc_benchmarks/instances/bayesian_networks/pcnf/munin/846.cnf,"Estimated probability 3.5971651e-2 with bounds [3.5971646e-2 3.5971655e-2] (epsilon 0.0000001332498160699913) found in 21 seconds ",
845,:,1737450094.000,23.000,0,130,0,0,"schlandals --timeout 1500 -i /data/schlandals/pwmc_benchmarks/instances/bayesian_networks/pcnf/munin/845.cnf | tr '\n' ' '",/data/schlandals/pwmc_benchmarks/instances/bayesian_networks/pcnf/munin/845.cnf,"Estimated probability 1.8920405e-2 with bounds [1.8920401e-2 1.8920410e-2] (epsilon 0.0000002587220158112302) found in 22 seconds ",
847,:,1737450096.000,22.000,0,131,0,0,"schlandals --timeout 1500 -i /data/schlandals/pwmc_benchmarks/instances/bayesian_networks/pcnf/munin/847.cnf | tr '\n' ' '",/data/schlandals/pwmc_benchmarks/instances/bayesian_networks/pcnf/munin/847.cnf,"Estimated probability 1.0531909e-1 with bounds [1.0531908e-1 1.0531909e-1] (epsilon 0.00000004551136689734392) found in 21 seconds ",
848,:,1737450096.000,23.000,0,131,0,0,"schlandals --timeout 1500 -i /data/schlandals/pwmc_benchmarks/instances/bayesian_networks/pcnf/munin/848.cnf | tr '\n' ' '",/data/schlandals/pwmc_benchmarks/instances/bayesian_networks/pcnf/munin/848.cnf,"Estimated probability 2.7150764e-1 with bounds [2.7150763e-1 2.7150764e-1] (epsilon 0.00000001765407264819885) found in 22 seconds ",
849,:,1737450099.000,21.000,0,132,0,0,"schlandals --timeout 1500 -i /data/schlandals/pwmc_benchmarks/instances/bayesian_networks/pcnf/munin/849.cnf | tr '\n' ' '",/data/schlandals/pwmc_benchmarks/instances/bayesian_networks/pcnf/munin/849.cnf,"Estimated probability 2.9253211e-1 with bounds [2.9253210e-1 2.9253211e-1] (epsilon 0.000000015915908369024123) found in 20 seconds ",
865,:,1737450107.000,15.000,0,133,0,0,"schlandals --timeout 1500 -i /data/schlandals/pwmc_benchmarks/instances/bayesian_networks/pcnf/munin/865.cnf | tr '\n' ' '",/data/schlandals/pwmc_benchmarks/instances/bayesian_networks/pcnf/munin/865.cnf,"Estimated probability 7.2392981e-3 with bounds [7.2392981e-3 7.2392981e-3] (epsilon 0.0000000010078025081128317) found in 14 seconds ",
866,:,1737450107.000,15.000,0,131,0,0,"schlandals --timeout 1500 -i /data/schlandals/pwmc_benchmarks/instances/bayesian_networks/pcnf/munin/866.cnf | tr '\n' ' '",/data/schlandals/pwmc_benchmarks/instances/bayesian_networks/pcnf/munin/866.cnf,"Estimated probability 1.5082469e-4 with bounds [1.5082467e-4 1.5082470e-4] (epsilon 0.00000004837260836332291) found in 14 seconds ",
868,:,1737450108.000,15.000,0,131,0,0,"schlandals --timeout 1500 -i /data/schlandals/pwmc_benchmarks/instances/bayesian_networks/pcnf/munin/868.cnf | tr '\n' ' '",/data/schlandals/pwmc_benchmarks/instances/bayesian_networks/pcnf/munin/868.cnf,"Estimated probability 1.1991517e-3 with bounds [1.1991516e-3 1.1991517e-3] (epsilon 0.00000001546551664510787) found in 14 seconds ",
867,:,1737450107.000,16.000,0,132,0,0,"schlandals --timeout 1500 -i /data/schlandals/pwmc_benchmarks/instances/bayesian_networks/pcnf/munin/867.cnf | tr '\n' ' '",/data/schlandals/pwmc_benchmarks/instances/bayesian_networks/pcnf/munin/867.cnf,"Estimated probability 9.5892005e-4 with bounds [9.5892003e-4 9.5892006e-4] (epsilon 0.000000007608333740805051) found in 15 seconds ",
850,:,1737450102.000,22.000,0,132,0,0,"schlandals --timeout 1500 -i /data/schlandals/pwmc_benchmarks/instances/bayesian_networks/pcnf/munin/850.cnf | tr '\n' ' '",/data/schlandals/pwmc_benchmarks/instances/bayesian_networks/pcnf/munin/850.cnf,"Estimated probability 1.4313036e-1 with bounds [1.4313035e-1 1.4313036e-1] (epsilon 0.000000032529187343754984) found in 21 seconds ",
851,:,1737450103.000,22.000,0,130,0,0,"schlandals --timeout 1500 -i /data/schlandals/pwmc_benchmarks/instances/bayesian_networks/pcnf/munin/851.cnf | tr '\n' ' '",/data/schlandals/pwmc_benchmarks/instances/bayesian_networks/pcnf/munin/851.cnf,"Estimated probability 3.2865420e-2 with bounds [3.2865415e-2 3.2865424e-2] (epsilon 0.0000001357858194772632) found in 21 seconds ",
852,:,1737450104.000,22.000,0,129,0,0,"schlandals --timeout 1500 -i /data/schlandals/pwmc_benchmarks/instances/bayesian_networks/pcnf/munin/852.cnf | tr '\n' ' '",/data/schlandals/pwmc_benchmarks/instances/bayesian_networks/pcnf/munin/852.cnf,"Estimated probability 4.5605437e-3 with bounds [4.5605393e-3 4.5605482e-3] (epsilon 0.000000978536803586394) found in 21 seconds ",
869,:,1737450115.000,14.000,0,132,0,0,"schlandals --timeout 1500 -i /data/schlandals/pwmc_benchmarks/instances/bayesian_networks/pcnf/munin/869.cnf | tr '\n' ' '",/data/schlandals/pwmc_benchmarks/instances/bayesian_networks/pcnf/munin/869.cnf,"Estimated probability 1.3670803e-3 with bounds [1.3670803e-3 1.3670804e-3] (epsilon 0.000000013565772283286037) found in 13 seconds ",
870,:,1737450115.000,16.000,0,130,0,0,"schlandals --timeout 1500 -i /data/schlandals/pwmc_benchmarks/instances/bayesian_networks/pcnf/munin/870.cnf | tr '\n' ' '",/data/schlandals/pwmc_benchmarks/instances/bayesian_networks/pcnf/munin/870.cnf,"Estimated probability 1.3202948e-3 with bounds [1.3202948e-3 1.3202948e-3] (epsilon 0.0000000140464839759602) found in 15 seconds ",
871,:,1737450116.000,16.000,0,131,0,0,"schlandals --timeout 1500 -i /data/schlandals/pwmc_benchmarks/instances/bayesian_networks/pcnf/munin/871.cnf | tr '\n' ' '",/data/schlandals/pwmc_benchmarks/instances/bayesian_networks/pcnf/munin/871.cnf,"Estimated probability 1.6619897e-3 with bounds [1.6619896e-3 1.6619897e-3] (epsilon 0.00000004041965850909435) found in 14 seconds ",
872,:,1737450116.000,16.000,0,132,0,0,"schlandals --timeout 1500 -i /data/schlandals/pwmc_benchmarks/instances/bayesian_networks/pcnf/munin/872.cnf | tr '\n' ' '",/data/schlandals/pwmc_benchmarks/instances/bayesian_networks/pcnf/munin/872.cnf,"Estimated probability 2.5962974e-3 with bounds [2.5962974e-3 2.5962975e-3] (epsilon 0.000000025874175024753754) found in 15 seconds ",
873,:,1737450117.000,16.000,0,132,0,0,"schlandals --timeout 1500 -i /data/schlandals/pwmc_benchmarks/instances/bayesian_networks/pcnf/munin/873.cnf | tr '\n' ' '",/data/schlandals/pwmc_benchmarks/instances/bayesian_networks/pcnf/munin/873.cnf,"Estimated probability 4.4534671e-3 with bounds [4.4534670e-3 4.4534671e-3] (epsilon 0.000000015084214544103247) found in 15 seconds ",
874,:,1737450118.000,16.000,0,132,0,0,"schlandals --timeout 1500 -i /data/schlandals/pwmc_benchmarks/instances/bayesian_networks/pcnf/munin/874.cnf | tr '\n' ' '",/data/schlandals/pwmc_benchmarks/instances/bayesian_networks/pcnf/munin/874.cnf,"Estimated probability 1.0349042e-2 with bounds [1.0349042e-2 1.0349042e-2] (epsilon 0.000000006491137849451434) found in 15 seconds ",
875,:,1737450119.000,16.000,0,132,0,0,"schlandals --timeout 1500 -i /data/schlandals/pwmc_benchmarks/instances/bayesian_networks/pcnf/munin/875.cnf | tr '\n' ' '",/data/schlandals/pwmc_benchmarks/instances/bayesian_networks/pcnf/munin/875.cnf,"Estimated probability 1.1681671e-2 with bounds [1.1681671e-2 1.1681671e-2] (epsilon 0.000000005750637965817873) found in 15 seconds ",
876,:,1737450120.000,16.000,0,133,0,0,"schlandals --timeout 1500 -i /data/schlandals/pwmc_benchmarks/instances/bayesian_networks/pcnf/munin/876.cnf | tr '\n' ' '",/data/schlandals/pwmc_benchmarks/instances/bayesian_networks/pcnf/munin/876.cnf,"Estimated probability 1.9078956e-2 with bounds [1.9078956e-2 1.9078956e-2] (epsilon 0.0000000029313635963035267) found in 15 seconds ",
878,:,1737450122.000,14.000,0,134,0,0,"schlandals --timeout 1500 -i /data/schlandals/pwmc_benchmarks/instances/bayesian_networks/pcnf/munin/878.cnf | tr '\n' ' '",/data/schlandals/pwmc_benchmarks/instances/bayesian_networks/pcnf/munin/878.cnf,"Estimated probability 1.5515058e-1 with bounds [1.5515058e-1 1.5515058e-1] (epsilon 0.00000000036047098639357955) found in 13 seconds ",
877,:,1737450122.000,16.000,0,132,0,0,"schlandals --timeout 1500 -i /data/schlandals/pwmc_benchmarks/instances/bayesian_networks/pcnf/munin/877.cnf | tr '\n' ' '",/data/schlandals/pwmc_benchmarks/instances/bayesian_networks/pcnf/munin/877.cnf,"Estimated probability 5.6298722e-2 with bounds [5.6298722e-2 5.6298722e-2] (epsilon 0.000000000993403803661863) found in 15 seconds ",
879,:,1737450123.000,15.000,0,134,0,0,"schlandals --timeout 1500 -i /data/schlandals/pwmc_benchmarks/instances/bayesian_networks/pcnf/munin/879.cnf | tr '\n' ' '",/data/schlandals/pwmc_benchmarks/instances/bayesian_networks/pcnf/munin/879.cnf,"Estimated probability 2.7289825e-1 with bounds [2.7289825e-1 2.7289825e-1] (epsilon 0.00000000020493806651700197) found in 14 seconds ",
880,:,1737450123.000,15.000,0,135,0,0,"schlandals --timeout 1500 -i /data/schlandals/pwmc_benchmarks/instances/bayesian_networks/pcnf/munin/880.cnf | tr '\n' ' '",/data/schlandals/pwmc_benchmarks/instances/bayesian_networks/pcnf/munin/880.cnf,"Estimated probability 2.6329411e-1 with bounds [2.6329411e-1 2.6329411e-1] (epsilon 0.000000000027709390337804507) found in 14 seconds ",
882,:,1737450125.000,15.000,0,133,0,0,"schlandals --timeout 1500 -i /data/schlandals/pwmc_benchmarks/instances/bayesian_networks/pcnf/munin/882.cnf | tr '\n' ' '",/data/schlandals/pwmc_benchmarks/instances/bayesian_networks/pcnf/munin/882.cnf,"Estimated probability 4.2831907e-2 with bounds [4.2831907e-2 4.2831907e-2] (epsilon 0.0000000001703337471070654) found in 14 seconds ",
881,:,1737450124.000,16.000,0,135,0,0,"schlandals --timeout 1500 -i /data/schlandals/pwmc_benchmarks/instances/bayesian_networks/pcnf/munin/881.cnf | tr '\n' ' '",/data/schlandals/pwmc_benchmarks/instances/bayesian_networks/pcnf/munin/881.cnf,"Estimated probability 1.3898204e-1 with bounds [1.3898204e-1 1.3898204e-1] (epsilon 0.000000000052494231184141427) found in 15 seconds ",
883,:,1737450126.000,15.000,0,133,0,0,"schlandals --timeout 1500 -i /data/schlandals/pwmc_benchmarks/instances/bayesian_networks/pcnf/munin/883.cnf | tr '\n' ' '",/data/schlandals/pwmc_benchmarks/instances/bayesian_networks/pcnf/munin/883.cnf,"Estimated probability 8.4874029e-3 with bounds [8.4874029e-3 8.4874030e-3] (epsilon 0.0000000008595963940649654) found in 14 seconds ",
544,:,1737448916.000,1267.000,0,132,0,0,"schlandals --timeout 1500 -i /data/schlandals/pwmc_benchmarks/instances/bayesian_networks/pcnf/munin/544.cnf | tr '\n' ' '",/data/schlandals/pwmc_benchmarks/instances/bayesian_networks/pcnf/munin/544.cnf,"Estimated probability 1.5968293e-3 with bounds [1.5968292e-3 1.5968293e-3] (epsilon 0.0000000487537195059673) found in 1266 seconds ",
594,:,1737449695.000,495.000,0,133,0,0,"schlandals --timeout 1500 -i /data/schlandals/pwmc_benchmarks/instances/bayesian_networks/pcnf/munin/594.cnf | tr '\n' ' '",/data/schlandals/pwmc_benchmarks/instances/bayesian_networks/pcnf/munin/594.cnf,"Estimated probability 6.7821447e-3 with bounds [6.7821446e-3 6.7821448e-3] (epsilon 0.000000012913396352232098) found in 494 seconds ",
598,:,1737449695.000,542.000,0,132,0,0,"schlandals --timeout 1500 -i /data/schlandals/pwmc_benchmarks/instances/bayesian_networks/pcnf/munin/598.cnf | tr '\n' ' '",/data/schlandals/pwmc_benchmarks/instances/bayesian_networks/pcnf/munin/598.cnf,"Estimated probability 3.2288220e-3 with bounds [3.2288216e-3 3.2288223e-3] (epsilon 0.00000010601520195052672) found in 541 seconds ",
541,:,1737448876.000,1363.000,0,133,0,0,"schlandals --timeout 1500 -i /data/schlandals/pwmc_benchmarks/instances/bayesian_networks/pcnf/munin/541.cnf | tr '\n' ' '",/data/schlandals/pwmc_benchmarks/instances/bayesian_networks/pcnf/munin/541.cnf,"Estimated probability 1.0712048e-3 with bounds [1.0712047e-3 1.0712049e-3] (epsilon 0.00000007267645552033741) found in 1362 seconds ",
597,:,1737449695.000,547.000,0,132,0,0,"schlandals --timeout 1500 -i /data/schlandals/pwmc_benchmarks/instances/bayesian_networks/pcnf/munin/597.cnf | tr '\n' ' '",/data/schlandals/pwmc_benchmarks/instances/bayesian_networks/pcnf/munin/597.cnf,"Estimated probability 2.5952265e-3 with bounds [2.5952262e-3 2.5952269e-3] (epsilon 0.00000013189762526621962) found in 546 seconds ",
603,:,1737449699.000,543.000,0,133,0,0,"schlandals --timeout 1500 -i /data/schlandals/pwmc_benchmarks/instances/bayesian_networks/pcnf/munin/603.cnf | tr '\n' ' '",/data/schlandals/pwmc_benchmarks/instances/bayesian_networks/pcnf/munin/603.cnf,"Estimated probability 2.7171328e-2 with bounds [2.7171327e-2 2.7171328e-2] (epsilon 0.000000012597993537255547) found in 542 seconds ",
631,:,1737449787.000,460.000,0,133,0,0,"schlandals --timeout 1500 -i /data/schlandals/pwmc_benchmarks/instances/bayesian_networks/pcnf/munin/631.cnf | tr '\n' ' '",/data/schlandals/pwmc_benchmarks/instances/bayesian_networks/pcnf/munin/631.cnf,"Estimated probability 7.3022899e-3 with bounds [7.3022899e-3 7.3022900e-3] (epsilon 0.000000011993569914992008) found in 459 seconds ",
901,:,1737450237.000,15.000,0,131,0,0,"schlandals --timeout 1500 -i /data/schlandals/pwmc_benchmarks/instances/bayesian_networks/pcnf/munin/901.cnf | tr '\n' ' '",/data/schlandals/pwmc_benchmarks/instances/bayesian_networks/pcnf/munin/901.cnf,"Estimated probability 4.8944761e-3 with bounds [4.8944757e-3 4.8944765e-3] (epsilon 0.00000008179797239549202) found in 14 seconds ",
902,:,1737450239.000,15.000,0,132,0,0,"schlandals --timeout 1500 -i /data/schlandals/pwmc_benchmarks/instances/bayesian_networks/pcnf/munin/902.cnf | tr '\n' ' '",/data/schlandals/pwmc_benchmarks/instances/bayesian_networks/pcnf/munin/902.cnf,"Estimated probability 1.1019442e-1 with bounds [1.1019442e-1 1.1019442e-1] (epsilon 0.000000003633198852881492) found in 14 seconds ",
904,:,1737450242.000,15.000,0,133,0,0,"schlandals --timeout 1500 -i /data/schlandals/pwmc_benchmarks/instances/bayesian_networks/pcnf/munin/904.cnf | tr '\n' ' '",/data/schlandals/pwmc_benchmarks/instances/bayesian_networks/pcnf/munin/904.cnf,"Estimated probability 2.9673558e-1 with bounds [2.9673558e-1 2.9673558e-1] (epsilon 0.0000000021610686573581006) found in 14 seconds ",
630,:,1737449784.000,473.000,0,134,0,0,"schlandals --timeout 1500 -i /data/schlandals/pwmc_benchmarks/instances/bayesian_networks/pcnf/munin/630.cnf | tr '\n' ' '",/data/schlandals/pwmc_benchmarks/instances/bayesian_networks/pcnf/munin/630.cnf,"Estimated probability 2.3205162e-2 with bounds [2.3205162e-2 2.3205162e-2] (epsilon 0.0000000037741827441095666) found in 472 seconds ",
905,:,1737450247.000,15.000,0,132,0,0,"schlandals --timeout 1500 -i /data/schlandals/pwmc_benchmarks/instances/bayesian_networks/pcnf/munin/905.cnf | tr '\n' ' '",/data/schlandals/pwmc_benchmarks/instances/bayesian_networks/pcnf/munin/905.cnf,"Estimated probability 6.8347682e-2 with bounds [6.8347681e-2 6.8347683e-2] (epsilon 0.000000009382410182112721) found in 14 seconds ",
907,:,1737450254.000,15.000,0,131,0,0,"schlandals --timeout 1500 -i /data/schlandals/pwmc_benchmarks/instances/bayesian_networks/pcnf/munin/907.cnf | tr '\n' ' '",/data/schlandals/pwmc_benchmarks/instances/bayesian_networks/pcnf/munin/907.cnf,"Estimated probability 2.3738202e-2 with bounds [2.3738201e-2 2.3738202e-2] (epsilon 0.00000002701409362870777) found in 14 seconds ",
903,:,1737450242.000,29.000,0,133,0,0,"schlandals --timeout 1500 -i /data/schlandals/pwmc_benchmarks/instances/bayesian_networks/pcnf/munin/903.cnf | tr '\n' ' '",/data/schlandals/pwmc_benchmarks/instances/bayesian_networks/pcnf/munin/903.cnf,"Estimated probability 4.2411168e-1 with bounds [4.2411168e-1 4.2411168e-1] (epsilon 0.0000000015120213969765928) found in 28 seconds ",
601,:,1737449698.000,574.000,0,133,0,0,"schlandals --timeout 1500 -i /data/schlandals/pwmc_benchmarks/instances/bayesian_networks/pcnf/munin/601.cnf | tr '\n' ' '",/data/schlandals/pwmc_benchmarks/instances/bayesian_networks/pcnf/munin/601.cnf,"Estimated probability 8.7828680e-3 with bounds [8.7828676e-3 8.7828683e-3] (epsilon 0.000000038974080629472496) found in 573 seconds ",
909,:,1737450257.000,15.000,0,131,0,0,"schlandals --timeout 1500 -i /data/schlandals/pwmc_benchmarks/instances/bayesian_networks/pcnf/munin/909.cnf | tr '\n' ' '",/data/schlandals/pwmc_benchmarks/instances/bayesian_networks/pcnf/munin/909.cnf,"Estimated probability 4.7137906e-3 with bounds [4.7137902e-3 4.7137910e-3] (epsilon 0.00000007865070239532201) found in 15 seconds ",
906,:,1737450252.000,23.000,0,129,0,0,"schlandals --timeout 1500 -i /data/schlandals/pwmc_benchmarks/instances/bayesian_networks/pcnf/munin/906.cnf | tr '\n' ' '",/data/schlandals/pwmc_benchmarks/instances/bayesian_networks/pcnf/munin/906.cnf,"Estimated probability 2.8076679e-2 with bounds [2.8076679e-2 2.8076680e-2] (epsilon 0.000000022839809155073) found in 22 seconds ",
595,:,1737449695.000,581.000,0,133,0,0,"schlandals --timeout 1500 -i /data/schlandals/pwmc_benchmarks/instances/bayesian_networks/pcnf/munin/595.cnf | tr '\n' ' '",/data/schlandals/pwmc_benchmarks/instances/bayesian_networks/pcnf/munin/595.cnf,"Estimated probability 2.1076796e-3 with bounds [2.1076795e-3 2.1076796e-3] (epsilon 0.000000041553054774823295) found in 580 seconds ",
606,:,1737449701.000,579.000,0,133,0,0,"schlandals --timeout 1500 -i /data/schlandals/pwmc_benchmarks/instances/bayesian_networks/pcnf/munin/606.cnf | tr '\n' ' '",/data/schlandals/pwmc_benchmarks/instances/bayesian_networks/pcnf/munin/606.cnf,"Estimated probability 1.4731397e-1 with bounds [1.4731396e-1 1.4731397e-1] (epsilon 0.000000002323636616452518) found in 578 seconds ",
629,:,1737449781.000,500.000,0,134,0,0,"schlandals --timeout 1500 -i /data/schlandals/pwmc_benchmarks/instances/bayesian_networks/pcnf/munin/629.cnf | tr '\n' ' '",/data/schlandals/pwmc_benchmarks/instances/bayesian_networks/pcnf/munin/629.cnf,"Estimated probability 1.0695332e-1 with bounds [1.0695331e-1 1.0695332e-1] (epsilon 0.0000000008188665301389619) found in 499 seconds ",
908,:,1737450257.000,26.000,0,132,0,0,"schlandals --timeout 1500 -i /data/schlandals/pwmc_benchmarks/instances/bayesian_networks/pcnf/munin/908.cnf | tr '\n' ' '",/data/schlandals/pwmc_benchmarks/instances/bayesian_networks/pcnf/munin/908.cnf,"Estimated probability 1.5815345e-2 with bounds [1.5815345e-2 1.5815346e-2] (epsilon 0.000000023441974805749055) found in 25 seconds ",
605,:,1737449700.000,583.000,0,133,0,0,"schlandals --timeout 1500 -i /data/schlandals/pwmc_benchmarks/instances/bayesian_networks/pcnf/munin/605.cnf | tr '\n' ' '",/data/schlandals/pwmc_benchmarks/instances/bayesian_networks/pcnf/munin/605.cnf,"Estimated probability 9.5633853e-2 with bounds [9.5633852e-2 9.5633853e-2] (epsilon 0.000000003579319951541038) found in 582 seconds ",
914,:,1737450272.000,16.000,0,132,0,0,"schlandals --timeout 1500 -i /data/schlandals/pwmc_benchmarks/instances/bayesian_networks/pcnf/munin/914.cnf | tr '\n' ' '",/data/schlandals/pwmc_benchmarks/instances/bayesian_networks/pcnf/munin/914.cnf,"Estimated probability 2.2387485e-3 with bounds [2.2387484e-3 2.2387486e-3] (epsilon 0.000000057994514746084747) found in 15 seconds ",
910,:,1737450262.000,27.000,0,130,0,0,"schlandals --timeout 1500 -i /data/schlandals/pwmc_benchmarks/instances/bayesian_networks/pcnf/munin/910.cnf | tr '\n' ' '",/data/schlandals/pwmc_benchmarks/instances/bayesian_networks/pcnf/munin/910.cnf,"Estimated probability 3.1179334e-3 with bounds [3.1179330e-3 3.1179338e-3] (epsilon 0.0000001189066278772799) found in 27 seconds ",
599,:,1737449698.000,594.000,0,132,0,0,"schlandals --timeout 1500 -i /data/schlandals/pwmc_benchmarks/instances/bayesian_networks/pcnf/munin/599.cnf | tr '\n' ' '",/data/schlandals/pwmc_benchmarks/instances/bayesian_networks/pcnf/munin/599.cnf,"Estimated probability 4.2563289e-3 with bounds [4.2563286e-3 4.2563292e-3] (epsilon 0.00000008042240562389225) found in 594 seconds ",
916,:,1737450276.000,18.000,0,130,0,0,"schlandals --timeout 1500 -i /data/schlandals/pwmc_benchmarks/instances/bayesian_networks/pcnf/munin/916.cnf | tr '\n' ' '",/data/schlandals/pwmc_benchmarks/instances/bayesian_networks/pcnf/munin/916.cnf,"Estimated probability 8.2976721e-4 with bounds [8.2976707e-4 8.2976734e-4] (epsilon 0.0000001564717642121849) found in 17 seconds ",
539,:,1737448862.000,1433.000,0,133,0,0,"schlandals --timeout 1500 -i /data/schlandals/pwmc_benchmarks/instances/bayesian_networks/pcnf/munin/539.cnf | tr '\n' ' '",/data/schlandals/pwmc_benchmarks/instances/bayesian_networks/pcnf/munin/539.cnf,"Estimated probability 8.1464117e-4 with bounds [8.1464109e-4 8.1464126e-4] (epsilon 0.00000009556522395648415) found in 1432 seconds ",
633,:,1737449802.000,493.000,0,133,0,0,"schlandals --timeout 1500 -i /data/schlandals/pwmc_benchmarks/instances/bayesian_networks/pcnf/munin/633.cnf | tr '\n' ' '",/data/schlandals/pwmc_benchmarks/instances/bayesian_networks/pcnf/munin/633.cnf,"Estimated probability 7.6128480e-3 with bounds [7.6128479e-3 7.6128481e-3] (epsilon 0.000000011504304620046923) found in 492 seconds ",
608,:,1737449744.000,552.000,0,134,0,0,"schlandals --timeout 1500 -i /data/schlandals/pwmc_benchmarks/instances/bayesian_networks/pcnf/munin/608.cnf | tr '\n' ' '",/data/schlandals/pwmc_benchmarks/instances/bayesian_networks/pcnf/munin/608.cnf,"Estimated probability 1.8820654e-1 with bounds [1.8820653e-1 1.8820654e-1] (epsilon 0.0000000018187691352977708) found in 550 seconds ",
918,:,1737450281.000,15.000,0,130,0,0,"schlandals --timeout 1500 -i /data/schlandals/pwmc_benchmarks/instances/bayesian_networks/pcnf/munin/918.cnf | tr '\n' ' '",/data/schlandals/pwmc_benchmarks/instances/bayesian_networks/pcnf/munin/918.cnf,"Estimated probability 5.6723075e-4 with bounds [5.6723062e-4 5.6723089e-4] (epsilon 0.0000002288929892291236) found in 15 seconds ",
912,:,1737450271.000,26.000,0,132,0,0,"schlandals --timeout 1500 -i /data/schlandals/pwmc_benchmarks/instances/bayesian_networks/pcnf/munin/912.cnf | tr '\n' ' '",/data/schlandals/pwmc_benchmarks/instances/bayesian_networks/pcnf/munin/912.cnf,"Estimated probability 2.5051685e-3 with bounds [2.5051683e-3 2.5051686e-3] (epsilon 0.000000051826907210283935) found in 25 seconds ",
911,:,1737450269.000,28.000,0,131,0,0,"schlandals --timeout 1500 -i /data/schlandals/pwmc_benchmarks/instances/bayesian_networks/pcnf/munin/911.cnf | tr '\n' ' '",/data/schlandals/pwmc_benchmarks/instances/bayesian_networks/pcnf/munin/911.cnf,"Estimated probability 2.8145597e-3 with bounds [2.8145596e-3 2.8145599e-3] (epsilon 0.00000004612981974183583) found in 27 seconds ",
913,:,1737450272.000,27.000,0,130,0,0,"schlandals --timeout 1500 -i /data/schlandals/pwmc_benchmarks/instances/bayesian_networks/pcnf/munin/913.cnf | tr '\n' ' '",/data/schlandals/pwmc_benchmarks/instances/bayesian_networks/pcnf/munin/913.cnf,"Estimated probability 1.6208445e-3 with bounds [1.6208444e-3 1.6208446e-3] (epsilon 0.0000000801033874786583) found in 27 seconds ",
928,:,1737450296.000,5.000,0,106,0,0,"schlandals --timeout 1500 -i /data/schlandals/pwmc_benchmarks/instances/bayesian_networks/pcnf/munin/928.cnf | tr '\n' ' '",/data/schlandals/pwmc_benchmarks/instances/bayesian_networks/pcnf/munin/928.cnf,"Estimated probability 7.9116996e-1 with bounds [7.9116996e-1 7.9116996e-1] (epsilon 0) found in 3 seconds ",
915,:,1737450275.000,28.000,0,130,0,0,"schlandals --timeout 1500 -i /data/schlandals/pwmc_benchmarks/instances/bayesian_networks/pcnf/munin/915.cnf | tr '\n' ' '",/data/schlandals/pwmc_benchmarks/instances/bayesian_networks/pcnf/munin/915.cnf,"Estimated probability 1.7767624e-3 with bounds [1.7767622e-3 1.7767625e-3] (epsilon 0.0000000730740001841923) found in 27 seconds ",
929,:,1737450297.000,7.000,0,106,0,0,"schlandals --timeout 1500 -i /data/schlandals/pwmc_benchmarks/instances/bayesian_networks/pcnf/munin/929.cnf | tr '\n' ' '",/data/schlandals/pwmc_benchmarks/instances/bayesian_networks/pcnf/munin/929.cnf,"Estimated probability 1.6012185e-1 with bounds [1.6012185e-1 1.6012185e-1] (epsilon 0) found in 7 seconds ",
930,:,1737450297.000,8.000,0,106,0,0,"schlandals --timeout 1500 -i /data/schlandals/pwmc_benchmarks/instances/bayesian_networks/pcnf/munin/930.cnf | tr '\n' ' '",/data/schlandals/pwmc_benchmarks/instances/bayesian_networks/pcnf/munin/930.cnf,"Estimated probability 4.0796719e-2 with bounds [4.0796719e-2 4.0796719e-2] (epsilon 0) found in 7 seconds ",
919,:,1737450283.000,23.000,0,132,0,0,"schlandals --timeout 1500 -i /data/schlandals/pwmc_benchmarks/instances/bayesian_networks/pcnf/munin/919.cnf | tr '\n' ' '",/data/schlandals/pwmc_benchmarks/instances/bayesian_networks/pcnf/munin/919.cnf,"Estimated probability 7.2407463e-3 with bounds [7.2407462e-3 7.2407464e-3] (epsilon 0.000000012864097342912828) found in 22 seconds ",
602,:,1737449698.000,608.000,0,133,0,0,"schlandals --timeout 1500 -i /data/schlandals/pwmc_benchmarks/instances/bayesian_networks/pcnf/munin/602.cnf | tr '\n' ' '",/data/schlandals/pwmc_benchmarks/instances/bayesian_networks/pcnf/munin/602.cnf,"Estimated probability 1.4527434e-2 with bounds [1.4527434e-2 1.4527434e-2] (epsilon 0.000000023562603868043652) found in 607 seconds ",
931,:,1737450299.000,7.000,0,106,0,0,"schlandals --timeout 1500 -i /data/schlandals/pwmc_benchmarks/instances/bayesian_networks/pcnf/munin/931.cnf | tr '\n' ' '",/data/schlandals/pwmc_benchmarks/instances/bayesian_networks/pcnf/munin/931.cnf,"Estimated probability 7.9114699e-3 with bounds [7.9114699e-3 7.9114699e-3] (epsilon 0) found in 6 seconds ",
917,:,1737450280.000,27.000,0,131,0,0,"schlandals --timeout 1500 -i /data/schlandals/pwmc_benchmarks/instances/bayesian_networks/pcnf/munin/917.cnf | tr '\n' ' '",/data/schlandals/pwmc_benchmarks/instances/bayesian_networks/pcnf/munin/917.cnf,"Estimated probability 6.6038170e-4 with bounds [6.6038157e-4 6.6038184e-4] (epsilon 0.00000019660620531603001) found in 26 seconds ",
607,:,1737449711.000,614.000,0,134,0,0,"schlandals --timeout 1500 -i /data/schlandals/pwmc_benchmarks/instances/bayesian_networks/pcnf/munin/607.cnf | tr '\n' ' '",/data/schlandals/pwmc_benchmarks/instances/bayesian_networks/pcnf/munin/607.cnf,"Estimated probability 1.8582683e-1 with bounds [1.8582683e-1 1.8582683e-1] (epsilon 0.0000000018420600600421722) found in 613 seconds ",
604,:,1737449700.000,630.000,0,133,0,0,"schlandals --timeout 1500 -i /data/schlandals/pwmc_benchmarks/instances/bayesian_networks/pcnf/munin/604.cnf | tr '\n' ' '",/data/schlandals/pwmc_benchmarks/instances/bayesian_networks/pcnf/munin/604.cnf,"Estimated probability 5.2869144e-2 with bounds [5.2869144e-2 5.2869145e-2] (epsilon 0.000000006474555114266423) found in 629 seconds ",
600,:,1737449698.000,641.000,0,132,0,0,"schlandals --timeout 1500 -i /data/schlandals/pwmc_benchmarks/instances/bayesian_networks/pcnf/munin/600.cnf | tr '\n' ' '",/data/schlandals/pwmc_benchmarks/instances/bayesian_networks/pcnf/munin/600.cnf,"Estimated probability 5.9555414e-3 with bounds [5.9555411e-3 5.9555417e-3] (epsilon 0.00000005747658993193738) found in 640 seconds ",
610,:,1737449758.000,595.000,0,134,0,0,"schlandals --timeout 1500 -i /data/schlandals/pwmc_benchmarks/instances/bayesian_networks/pcnf/munin/610.cnf | tr '\n' ' '",/data/schlandals/pwmc_benchmarks/instances/bayesian_networks/pcnf/munin/610.cnf,"Estimated probability 9.9837871e-2 with bounds [9.9837871e-2 9.9837871e-2] (epsilon 0.0000000029860569572548457) found in 594 seconds ",
926,:,1737450295.000,61.000,0,107,0,0,"schlandals --timeout 1500 -i /data/schlandals/pwmc_benchmarks/instances/bayesian_networks/pcnf/munin/926.cnf | tr '\n' ' '",/data/schlandals/pwmc_benchmarks/instances/bayesian_networks/pcnf/munin/926.cnf,"Estimated probability 1.4036492e-1 with bounds [1.4036492e-1 1.4036492e-1] (epsilon 0) found in 61 seconds ",
538,:,1737448856.000,1501.000,0,127,0,0,"schlandals --timeout 1500 -i /data/schlandals/pwmc_benchmarks/instances/bayesian_networks/pcnf/munin/538.cnf | tr '\n' ' '",/data/schlandals/pwmc_benchmarks/instances/bayesian_networks/pcnf/munin/538.cnf,"Estimated probability 1.1615908e-2 with bounds [1.0883754e-2 1.2397315e-2] (epsilon 0.06727037691236037) found in 1500 seconds ",
927,:,1737450296.000,63.000,0,107,0,0,"schlandals --timeout 1500 -i /data/schlandals/pwmc_benchmarks/instances/bayesian_networks/pcnf/munin/927.cnf | tr '\n' ' '",/data/schlandals/pwmc_benchmarks/instances/bayesian_networks/pcnf/munin/927.cnf,"Estimated probability 8.5963508e-1 with bounds [8.5963508e-1 8.5963508e-1] (epsilon 0) found in 63 seconds ",
540,:,1737448863.000,1501.000,0,126,0,0,"schlandals --timeout 1500 -i /data/schlandals/pwmc_benchmarks/instances/bayesian_networks/pcnf/munin/540.cnf | tr '\n' ' '",/data/schlandals/pwmc_benchmarks/instances/bayesian_networks/pcnf/munin/540.cnf,"Estimated probability 1.5285855e-3 with bounds [9.5832558e-4 2.4381835e-3] (epsilon 0.5950586421685449) found in 1500 seconds ",
596,:,1737449695.000,670.000,0,132,0,0,"schlandals --timeout 1500 -i /data/schlandals/pwmc_benchmarks/instances/bayesian_networks/pcnf/munin/596.cnf | tr '\n' ' '",/data/schlandals/pwmc_benchmarks/instances/bayesian_networks/pcnf/munin/596.cnf,"Estimated probability 2.2680434e-3 with bounds [2.2680430e-3 2.2680437e-3] (epsilon 0.00000015092489791257435) found in 669 seconds ",
939,:,1737450307.000,62.000,0,107,0,0,"schlandals --timeout 1500 -i /data/schlandals/pwmc_benchmarks/instances/bayesian_networks/pcnf/munin/939.cnf | tr '\n' ' '",/data/schlandals/pwmc_benchmarks/instances/bayesian_networks/pcnf/munin/939.cnf,"Estimated probability 1.1424950e-2 with bounds [1.1424950e-2 1.1424950e-2] (epsilon 0) found in 62 seconds ",
932,:,1737450301.000,69.000,0,107,0,0,"schlandals --timeout 1500 -i /data/schlandals/pwmc_benchmarks/instances/bayesian_networks/pcnf/munin/932.cnf | tr '\n' ' '",/data/schlandals/pwmc_benchmarks/instances/bayesian_networks/pcnf/munin/932.cnf,"Estimated probability 1.0429586e-1 with bounds [1.0429586e-1 1.0429586e-1] (epsilon 0) found in 69 seconds ",
933,:,1737450303.000,71.000,0,107,0,0,"schlandals --timeout 1500 -i /data/schlandals/pwmc_benchmarks/instances/bayesian_networks/pcnf/munin/933.cnf | tr '\n' ' '",/data/schlandals/pwmc_benchmarks/instances/bayesian_networks/pcnf/munin/933.cnf,"Estimated probability 8.2954369e-1 with bounds [8.2954369e-1 8.2954369e-1] (epsilon 0) found in 70 seconds ",
934,:,1737450304.000,71.000,0,107,0,0,"schlandals --timeout 1500 -i /data/schlandals/pwmc_benchmarks/instances/bayesian_networks/pcnf/munin/934.cnf | tr '\n' ' '",/data/schlandals/pwmc_benchmarks/instances/bayesian_networks/pcnf/munin/934.cnf,"Estimated probability 6.6160446e-2 with bounds [6.6160446e-2 6.6160446e-2] (epsilon 0) found in 70 seconds ",
935,:,1737450305.000,71.000,0,107,0,0,"schlandals --timeout 1500 -i /data/schlandals/pwmc_benchmarks/instances/bayesian_networks/pcnf/munin/935.cnf | tr '\n' ' '",/data/schlandals/pwmc_benchmarks/instances/bayesian_networks/pcnf/munin/935.cnf,"Estimated probability 3.2715636e-2 with bounds [3.2715636e-2 3.2715636e-2] (epsilon 0) found in 70 seconds ",
938,:,1737450306.000,71.000,0,107,0,0,"schlandals --timeout 1500 -i /data/schlandals/pwmc_benchmarks/instances/bayesian_networks/pcnf/munin/938.cnf | tr '\n' ' '",/data/schlandals/pwmc_benchmarks/instances/bayesian_networks/pcnf/munin/938.cnf,"Estimated probability 3.9553194e-2 with bounds [3.9553194e-2 3.9553194e-2] (epsilon 0) found in 70 seconds ",
936,:,1737450306.000,73.000,0,107,0,0,"schlandals --timeout 1500 -i /data/schlandals/pwmc_benchmarks/instances/bayesian_networks/pcnf/munin/936.cnf | tr '\n' ' '",/data/schlandals/pwmc_benchmarks/instances/bayesian_networks/pcnf/munin/936.cnf,"Estimated probability 7.2553180e-2 with bounds [7.2553180e-2 7.2553180e-2] (epsilon 0) found in 72 seconds ",
937,:,1737450306.000,73.000,0,107,0,0,"schlandals --timeout 1500 -i /data/schlandals/pwmc_benchmarks/instances/bayesian_networks/pcnf/munin/937.cnf | tr '\n' ' '",/data/schlandals/pwmc_benchmarks/instances/bayesian_networks/pcnf/munin/937.cnf,"Estimated probability 8.4375304e-1 with bounds [8.4375304e-1 8.4375304e-1] (epsilon 0) found in 72 seconds ",
542,:,1737448879.000,1500.000,0,125,0,0,"schlandals --timeout 1500 -i /data/schlandals/pwmc_benchmarks/instances/bayesian_networks/pcnf/munin/542.cnf | tr '\n' ' '",/data/schlandals/pwmc_benchmarks/instances/bayesian_networks/pcnf/munin/542.cnf,"Estimated probability 1.7513782e-3 with bounds [1.1342467e-3 2.7042844e-3] (epsilon 0.544089315310986) found in 1500 seconds ",
543,:,1737448884.000,1501.000,0,126,0,0,"schlandals --timeout 1500 -i /data/schlandals/pwmc_benchmarks/instances/bayesian_networks/pcnf/munin/543.cnf | tr '\n' ' '",/data/schlandals/pwmc_benchmarks/instances/bayesian_networks/pcnf/munin/543.cnf,"Estimated probability 3.5487029e-3 with bounds [1.1786073e-3 1.0684892e-2] (epsilon 2.0109289045314944) found in 1500 seconds ",
941,:,1737450330.000,67.000,0,130,0,0,"schlandals --timeout 1500 -i /data/schlandals/pwmc_benchmarks/instances/bayesian_networks/pcnf/munin/941.cnf | tr '\n' ' '",/data/schlandals/pwmc_benchmarks/instances/bayesian_networks/pcnf/munin/941.cnf,"Estimated probability 1.9192401e-4 with bounds [1.9192396e-4 1.9192406e-4] (epsilon 0.0000002229917028806483) found in 66 seconds ",
548,:,1737448922.000,1481.000,0,134,0,0,"schlandals --timeout 1500 -i /data/schlandals/pwmc_benchmarks/instances/bayesian_networks/pcnf/munin/548.cnf | tr '\n' ' '",/data/schlandals/pwmc_benchmarks/instances/bayesian_networks/pcnf/munin/548.cnf,"Estimated probability 7.3530327e-3 with bounds [7.3530323e-3 7.3530330e-3] (epsilon 0.000000047973002903489714) found in 1480 seconds ",
609,:,1737449758.000,648.000,0,134,0,0,"schlandals --timeout 1500 -i /data/schlandals/pwmc_benchmarks/instances/bayesian_networks/pcnf/munin/609.cnf | tr '\n' ' '",/data/schlandals/pwmc_benchmarks/instances/bayesian_networks/pcnf/munin/609.cnf,"Estimated probability 1.5263639e-1 with bounds [1.5263639e-1 1.5263639e-1] (epsilon 0.0000000022426118739815593) found in 647 seconds ",
948,:,1737450365.000,51.000,0,131,0,0,"schlandals --timeout 1500 -i /data/schlandals/pwmc_benchmarks/instances/bayesian_networks/pcnf/munin/948.cnf | tr '\n' ' '",/data/schlandals/pwmc_benchmarks/instances/bayesian_networks/pcnf/munin/948.cnf,"Estimated probability 6.1951145e-2 with bounds [6.1951141e-2 6.1951150e-2] (epsilon 0.00000007129518242443567) found in 50 seconds ",
940,:,1737450325.000,93.000,0,131,0,0,"schlandals --timeout 1500 -i /data/schlandals/pwmc_benchmarks/instances/bayesian_networks/pcnf/munin/940.cnf | tr '\n' ' '",/data/schlandals/pwmc_benchmarks/instances/bayesian_networks/pcnf/munin/940.cnf,"Estimated probability 9.7494570e-5 with bounds [9.7494522e-5 9.7494618e-5] (epsilon 0.00000043897279522475685) found in 91 seconds ",
545,:,1737448918.000,1500.000,0,127,0,0,"schlandals --timeout 1500 -i /data/schlandals/pwmc_benchmarks/instances/bayesian_networks/pcnf/munin/545.cnf | tr '\n' ' '",/data/schlandals/pwmc_benchmarks/instances/bayesian_networks/pcnf/munin/545.cnf,"Estimated probability 2.9742184e-3 with bounds [2.3615395e-3 3.7458509e-3] (epsilon 0.25944043441727693) found in 1500 seconds ",
720,:,1737450004.000,416.000,0,133,0,0,"schlandals --timeout 1500 -i /data/schlandals/pwmc_benchmarks/instances/bayesian_networks/pcnf/munin/720.cnf | tr '\n' ' '",/data/schlandals/pwmc_benchmarks/instances/bayesian_networks/pcnf/munin/720.cnf,"Estimated probability 1.5309257e-1 with bounds [1.5309257e-1 1.5309258e-1] (epsilon 0.000000005198063979250378) found in 414 seconds ",
546,:,1737448921.000,1501.000,0,126,0,0,"schlandals --timeout 1500 -i /data/schlandals/pwmc_benchmarks/instances/bayesian_networks/pcnf/munin/546.cnf | tr '\n' ' '",/data/schlandals/pwmc_benchmarks/instances/bayesian_networks/pcnf/munin/546.cnf,"Estimated probability 4.6534392e-3 with bounds [3.6964843e-3 5.8581327e-3] (epsilon 0.2588824175773632) found in 1500 seconds ",
547,:,1737448921.000,1501.000,0,127,0,0,"schlandals --timeout 1500 -i /data/schlandals/pwmc_benchmarks/instances/bayesian_networks/pcnf/munin/547.cnf | tr '\n' ' '",/data/schlandals/pwmc_benchmarks/instances/bayesian_networks/pcnf/munin/547.cnf,"Estimated probability 6.1723416e-3 with bounds [5.4386690e-3 7.0049860e-3] (epsilon 0.13489928106204485) found in 1500 seconds ",
549,:,1737448922.000,1501.000,0,127,0,0,"schlandals --timeout 1500 -i /data/schlandals/pwmc_benchmarks/instances/bayesian_networks/pcnf/munin/549.cnf | tr '\n' ' '",/data/schlandals/pwmc_benchmarks/instances/bayesian_networks/pcnf/munin/549.cnf,"Estimated probability 1.0300508e-2 with bounds [9.5393558e-3 1.1122392e-2] (epsilon 0.07979068222561159) found in 1500 seconds ",
550,:,1737448927.000,1501.000,0,127,0,0,"schlandals --timeout 1500 -i /data/schlandals/pwmc_benchmarks/instances/bayesian_networks/pcnf/munin/550.cnf | tr '\n' ' '",/data/schlandals/pwmc_benchmarks/instances/bayesian_networks/pcnf/munin/550.cnf,"Estimated probability 1.3544055e-2 with bounds [1.2772491e-2 1.4362227e-2] (epsilon 0.06040823660422956) found in 1500 seconds ",
946,:,1737450359.000,69.000,0,130,0,0,"schlandals --timeout 1500 -i /data/schlandals/pwmc_benchmarks/instances/bayesian_networks/pcnf/munin/946.cnf | tr '\n' ' '",/data/schlandals/pwmc_benchmarks/instances/bayesian_networks/pcnf/munin/946.cnf,"Estimated probability 7.1613377e-3 with bounds [7.1613333e-3 7.1613422e-3] (epsilon 0.0000006167589821082231) found in 68 seconds ",
942,:,1737450339.000,90.000,0,131,0,0,"schlandals --timeout 1500 -i /data/schlandals/pwmc_benchmarks/instances/bayesian_networks/pcnf/munin/942.cnf | tr '\n' ' '",/data/schlandals/pwmc_benchmarks/instances/bayesian_networks/pcnf/munin/942.cnf,"Estimated probability 3.9056141e-4 with bounds [3.9056137e-4 3.9056146e-4] (epsilon 0.00000010957933627153693) found in 89 seconds ",
947,:,1737450364.000,75.000,0,131,0,0,"schlandals --timeout 1500 -i /data/schlandals/pwmc_benchmarks/instances/bayesian_networks/pcnf/munin/947.cnf | tr '\n' ' '",/data/schlandals/pwmc_benchmarks/instances/bayesian_networks/pcnf/munin/947.cnf,"Estimated probability 2.1484906e-2 with bounds [2.1484902e-2 2.1484911e-2] (epsilon 0.00000020557774282892183) found in 74 seconds ",
943,:,1737450353.000,93.000,0,131,0,0,"schlandals --timeout 1500 -i /data/schlandals/pwmc_benchmarks/instances/bayesian_networks/pcnf/munin/943.cnf | tr '\n' ' '",/data/schlandals/pwmc_benchmarks/instances/bayesian_networks/pcnf/munin/943.cnf,"Estimated probability 7.9759160e-4 with bounds [7.9759156e-4 7.9759165e-4] (epsilon 0.00000005365836042159344) found in 91 seconds ",
945,:,1737450357.000,90.000,0,130,0,0,"schlandals --timeout 1500 -i /data/schlandals/pwmc_benchmarks/instances/bayesian_networks/pcnf/munin/945.cnf | tr '\n' ' '",/data/schlandals/pwmc_benchmarks/instances/bayesian_networks/pcnf/munin/945.cnf,"Estimated probability 3.0631051e-3 with bounds [3.0631007e-3 3.0631096e-3] (epsilon 0.0000014419424103628842) found in 88 seconds ",
958,:,1737450385.000,62.000,0,107,0,0,"schlandals --timeout 1500 -i /data/schlandals/pwmc_benchmarks/instances/bayesian_networks/pcnf/munin/958.cnf | tr '\n' ' '",/data/schlandals/pwmc_benchmarks/instances/bayesian_networks/pcnf/munin/958.cnf,"Estimated probability 4.6335794e-3 with bounds [4.6335794e-3 4.6335794e-3] (epsilon 0) found in 62 seconds ",
944,:,1737450356.000,93.000,0,132,0,0,"schlandals --timeout 1500 -i /data/schlandals/pwmc_benchmarks/instances/bayesian_networks/pcnf/munin/944.cnf | tr '\n' ' '",/data/schlandals/pwmc_benchmarks/instances/bayesian_networks/pcnf/munin/944.cnf,"Estimated probability 1.5304846e-3 with bounds [1.5304846e-3 1.5304847e-3] (epsilon 0.000000027963337423386747) found in 92 seconds ",
949,:,1737450370.000,81.000,0,131,0,0,"schlandals --timeout 1500 -i /data/schlandals/pwmc_benchmarks/instances/bayesian_networks/pcnf/munin/949.cnf | tr '\n' ' '",/data/schlandals/pwmc_benchmarks/instances/bayesian_networks/pcnf/munin/949.cnf,"Estimated probability 1.3595678e-1 with bounds [1.3595678e-1 1.3595679e-1] (epsilon 0.00000003248692670432263) found in 81 seconds ",
957,:,1737450379.000,77.000,0,130,0,0,"schlandals --timeout 1500 -i /data/schlandals/pwmc_benchmarks/instances/bayesian_networks/pcnf/munin/957.cnf | tr '\n' ' '",/data/schlandals/pwmc_benchmarks/instances/bayesian_networks/pcnf/munin/957.cnf,"Estimated probability 6.8242005e-3 with bounds [6.8241961e-3 6.8242049e-3] (epsilon 0.0000006403666772403227) found in 75 seconds ",
962,:,1737450416.000,42.000,0,107,0,0,"schlandals --timeout 1500 -i /data/schlandals/pwmc_benchmarks/instances/bayesian_networks/pcnf/munin/962.cnf | tr '\n' ' '",/data/schlandals/pwmc_benchmarks/instances/bayesian_networks/pcnf/munin/962.cnf,"Estimated probability 7.8978082e-1 with bounds [7.8978082e-1 7.8978082e-1] (epsilon 0) found in 41 seconds ",
951,:,1737450374.000,89.000,0,131,0,0,"schlandals --timeout 1500 -i /data/schlandals/pwmc_benchmarks/instances/bayesian_networks/pcnf/munin/951.cnf | tr '\n' ' '",/data/schlandals/pwmc_benchmarks/instances/bayesian_networks/pcnf/munin/951.cnf,"Estimated probability 2.2324506e-1 with bounds [2.2324506e-1 2.2324507e-1] (epsilon 0.00000001978461705576251) found in 88 seconds ",
952,:,1737450375.000,89.000,0,132,0,0,"schlandals --timeout 1500 -i /data/schlandals/pwmc_benchmarks/instances/bayesian_networks/pcnf/munin/952.cnf | tr '\n' ' '",/data/schlandals/pwmc_benchmarks/instances/bayesian_networks/pcnf/munin/952.cnf,"Estimated probability 1.6510305e-1 with bounds [1.6510304e-1 1.6510305e-1] (epsilon 0.000000026751886927911528) found in 88 seconds ",
950,:,1737450370.000,95.000,0,131,0,0,"schlandals --timeout 1500 -i /data/schlandals/pwmc_benchmarks/instances/bayesian_networks/pcnf/munin/950.cnf | tr '\n' ' '",/data/schlandals/pwmc_benchmarks/instances/bayesian_networks/pcnf/munin/950.cnf,"Estimated probability 2.0969864e-1 with bounds [2.0969863e-1 2.0969864e-1] (epsilon 0.00000002106269358925772) found in 93 seconds ",
953,:,1737450376.000,89.000,0,132,0,0,"schlandals --timeout 1500 -i /data/schlandals/pwmc_benchmarks/instances/bayesian_networks/pcnf/munin/953.cnf | tr '\n' ' '",/data/schlandals/pwmc_benchmarks/instances/bayesian_networks/pcnf/munin/953.cnf,"Estimated probability 8.8243642e-2 with bounds [8.8243638e-2 8.8243646e-2] (epsilon 0.000000050052536337830134) found in 88 seconds ",
954,:,1737450377.000,91.000,0,131,0,0,"schlandals --timeout 1500 -i /data/schlandals/pwmc_benchmarks/instances/bayesian_networks/pcnf/munin/954.cnf | tr '\n' ' '",/data/schlandals/pwmc_benchmarks/instances/bayesian_networks/pcnf/munin/954.cnf,"Estimated probability 3.8527757e-2 with bounds [3.8527752e-2 3.8527761e-2] (epsilon 0.00000011463990290394577) found in 89 seconds ",
956,:,1737450379.000,89.000,0,130,0,0,"schlandals --timeout 1500 -i /data/schlandals/pwmc_benchmarks/instances/bayesian_networks/pcnf/munin/956.cnf | tr '\n' ' '",/data/schlandals/pwmc_benchmarks/instances/bayesian_networks/pcnf/munin/956.cnf,"Estimated probability 1.0268096e-2 with bounds [1.0268091e-2 1.0268100e-2] (epsilon 0.0000004255891465909656) found in 88 seconds ",
955,:,1737450379.000,89.000,0,131,0,0,"schlandals --timeout 1500 -i /data/schlandals/pwmc_benchmarks/instances/bayesian_networks/pcnf/munin/955.cnf | tr '\n' ' '",/data/schlandals/pwmc_benchmarks/instances/bayesian_networks/pcnf/munin/955.cnf,"Estimated probability 1.7730381e-2 with bounds [1.7730377e-2 1.7730386e-2] (epsilon 0.00000024646902030411866) found in 89 seconds ",
959,:,1737450397.000,72.000,0,107,0,0,"schlandals --timeout 1500 -i /data/schlandals/pwmc_benchmarks/instances/bayesian_networks/pcnf/munin/959.cnf | tr '\n' ' '",/data/schlandals/pwmc_benchmarks/instances/bayesian_networks/pcnf/munin/959.cnf,"Estimated probability 3.1003149e-3 with bounds [3.1003149e-3 3.1003149e-3] (epsilon 0) found in 71 seconds ",
965,:,1737450420.000,51.000,0,131,0,0,"schlandals --timeout 1500 -i /data/schlandals/pwmc_benchmarks/instances/bayesian_networks/pcnf/munin/965.cnf | tr '\n' ' '",/data/schlandals/pwmc_benchmarks/instances/bayesian_networks/pcnf/munin/965.cnf,"Estimated probability 1.4428301e-3 with bounds [1.4428301e-3 1.4428302e-3] (epsilon 0.00000004409464615662273) found in 50 seconds ",
964,:,1737450418.000,59.000,0,107,0,0,"schlandals --timeout 1500 -i /data/schlandals/pwmc_benchmarks/instances/bayesian_networks/pcnf/munin/964.cnf | tr '\n' ' '",/data/schlandals/pwmc_benchmarks/instances/bayesian_networks/pcnf/munin/964.cnf,"Estimated probability 2.3874443e-2 with bounds [2.3874443e-2 2.3874443e-2] (epsilon 0) found in 58 seconds ",
713,:,1737449977.000,501.000,0,133,0,0,"schlandals --timeout 1500 -i /data/schlandals/pwmc_benchmarks/instances/bayesian_networks/pcnf/munin/713.cnf | tr '\n' ' '",/data/schlandals/pwmc_benchmarks/instances/bayesian_networks/pcnf/munin/713.cnf,"Estimated probability 1.4267675e-2 with bounds [1.4267674e-2 1.4267676e-2] (epsilon 0.000000055775379870226516) found in 500 seconds ",
628,:,1737449781.000,701.000,0,135,0,0,"schlandals --timeout 1500 -i /data/schlandals/pwmc_benchmarks/instances/bayesian_networks/pcnf/munin/628.cnf | tr '\n' ' '",/data/schlandals/pwmc_benchmarks/instances/bayesian_networks/pcnf/munin/628.cnf,"Estimated probability 8.4945500e-1 with bounds [8.4945500e-1 8.4945500e-1] (epsilon 0.00000000010310197140483979) found in 700 seconds ",
989,:,1737450477.000,5.000,0,106,0,0,"schlandals --timeout 1500 -i /data/schlandals/pwmc_benchmarks/instances/bayesian_networks/pcnf/munin/989.cnf | tr '\n' ' '",/data/schlandals/pwmc_benchmarks/instances/bayesian_networks/pcnf/munin/989.cnf,"Estimated probability 8.6793078e-1 with bounds [8.6793078e-1 8.6793078e-1] (epsilon 0) found in 4 seconds ",
960,:,1737450403.000,80.000,0,107,0,0,"schlandals --timeout 1500 -i /data/schlandals/pwmc_benchmarks/instances/bayesian_networks/pcnf/munin/960.cnf | tr '\n' ' '",/data/schlandals/pwmc_benchmarks/instances/bayesian_networks/pcnf/munin/960.cnf,"Estimated probability 6.7525567e-3 with bounds [6.7525567e-3 6.7525567e-3] (epsilon 0) found in 79 seconds ",
990,:,1737450478.000,5.000,0,106,0,0,"schlandals --timeout 1500 -i /data/schlandals/pwmc_benchmarks/instances/bayesian_networks/pcnf/munin/990.cnf | tr '\n' ' '",/data/schlandals/pwmc_benchmarks/instances/bayesian_networks/pcnf/munin/990.cnf,"Estimated probability 1.3206922e-1 with bounds [1.3206922e-1 1.3206922e-1] (epsilon 0) found in 4 seconds ",
961,:,1737450406.000,79.000,0,107,0,0,"schlandals --timeout 1500 -i /data/schlandals/pwmc_benchmarks/instances/bayesian_networks/pcnf/munin/961.cnf | tr '\n' ' '",/data/schlandals/pwmc_benchmarks/instances/bayesian_networks/pcnf/munin/961.cnf,"Estimated probability 5.7856297e-2 with bounds [5.7856297e-2 5.7856297e-2] (epsilon 0) found in 78 seconds ",
991,:,1737450482.000,4.000,0,106,0,0,"schlandals --timeout 1500 -i /data/schlandals/pwmc_benchmarks/instances/bayesian_networks/pcnf/munin/991.cnf | tr '\n' ' '",/data/schlandals/pwmc_benchmarks/instances/bayesian_networks/pcnf/munin/991.cnf,"Estimated probability 9.4567878e-1 with bounds [9.4567878e-1 9.4567878e-1] (epsilon 0) found in 3 seconds ",
966,:,1737450422.000,65.000,0,131,0,0,"schlandals --timeout 1500 -i /data/schlandals/pwmc_benchmarks/instances/bayesian_networks/pcnf/munin/966.cnf | tr '\n' ' '",/data/schlandals/pwmc_benchmarks/instances/bayesian_networks/pcnf/munin/966.cnf,"Estimated probability 3.0141471e-3 with bounds [3.0141470e-3 3.0141472e-3] (epsilon 0.00000002110748731354306) found in 65 seconds ",
971,:,1737450429.000,59.000,0,132,0,0,"schlandals --timeout 1500 -i /data/schlandals/pwmc_benchmarks/instances/bayesian_networks/pcnf/munin/971.cnf | tr '\n' ' '",/data/schlandals/pwmc_benchmarks/instances/bayesian_networks/pcnf/munin/971.cnf,"Estimated probability 2.5266872e-1 with bounds [2.5266872e-1 2.5266872e-1] (epsilon 0.000000001916174108274049) found in 59 seconds ",
992,:,1737450482.000,7.000,0,106,0,0,"schlandals --timeout 1500 -i /data/schlandals/pwmc_benchmarks/instances/bayesian_networks/pcnf/munin/992.cnf | tr '\n' ' '",/data/schlandals/pwmc_benchmarks/instances/bayesian_networks/pcnf/munin/992.cnf,"Estimated probability 5.4321218e-2 with bounds [5.4321218e-2 5.4321218e-2] (epsilon 0) found in 6 seconds ",
632,:,1737449787.000,707.000,0,132,0,0,"schlandals --timeout 1500 -i /data/schlandals/pwmc_benchmarks/instances/bayesian_networks/pcnf/munin/632.cnf | tr '\n' ' '",/data/schlandals/pwmc_benchmarks/instances/bayesian_networks/pcnf/munin/632.cnf,"Estimated probability 5.4713847e-3 with bounds [5.4713846e-3 5.4713848e-3] (epsilon 0.00000001600701216020184) found in 706 seconds ",
963,:,1737450418.000,76.000,0,107,0,0,"schlandals --timeout 1500 -i /data/schlandals/pwmc_benchmarks/instances/bayesian_networks/pcnf/munin/963.cnf | tr '\n' ' '",/data/schlandals/pwmc_benchmarks/instances/bayesian_networks/pcnf/munin/963.cnf,"Estimated probability 1.2173589e-1 with bounds [1.2173589e-1 1.2173589e-1] (epsilon 0) found in 76 seconds ",
975,:,1737450447.000,50.000,0,131,0,0,"schlandals --timeout 1500 -i /data/schlandals/pwmc_benchmarks/instances/bayesian_networks/pcnf/munin/975.cnf | tr '\n' ' '",/data/schlandals/pwmc_benchmarks/instances/bayesian_networks/pcnf/munin/975.cnf,"Estimated probability 2.2699753e-2 with bounds [2.2699752e-2 2.2699753e-2] (epsilon 0.00000002132874832305731) found in 49 seconds ",
714,:,1737449990.000,511.000,0,132,0,0,"schlandals --timeout 1500 -i /data/schlandals/pwmc_benchmarks/instances/bayesian_networks/pcnf/munin/714.cnf | tr '\n' ' '",/data/schlandals/pwmc_benchmarks/instances/bayesian_networks/pcnf/munin/714.cnf,"Estimated probability 2.6656021e-2 with bounds [2.6656020e-2 2.6656022e-2] (epsilon 0.00000002985385694209697) found in 510 seconds ",
970,:,1737450428.000,76.000,0,132,0,0,"schlandals --timeout 1500 -i /data/schlandals/pwmc_benchmarks/instances/bayesian_networks/pcnf/munin/970.cnf | tr '\n' ' '",/data/schlandals/pwmc_benchmarks/instances/bayesian_networks/pcnf/munin/970.cnf,"Estimated probability 1.6937996e-1 with bounds [1.6937996e-1 1.6937996e-1] (epsilon 0.000000002858409509087778) found in 76 seconds ",
979,:,1737450458.000,49.000,0,131,0,0,"schlandals --timeout 1500 -i /data/schlandals/pwmc_benchmarks/instances/bayesian_networks/pcnf/munin/979.cnf | tr '\n' ' '",/data/schlandals/pwmc_benchmarks/instances/bayesian_networks/pcnf/munin/979.cnf,"Estimated probability 2.2574112e-3 with bounds [2.2574108e-3 2.2574116e-3] (epsilon 0.00000018450555061555463) found in 48 seconds ",
967,:,1737450422.000,86.000,0,131,0,0,"schlandals --timeout 1500 -i /data/schlandals/pwmc_benchmarks/instances/bayesian_networks/pcnf/munin/967.cnf | tr '\n' ' '",/data/schlandals/pwmc_benchmarks/instances/bayesian_networks/pcnf/munin/967.cnf,"Estimated probability 6.7154674e-3 with bounds [6.7154671e-3 6.7154677e-3] (epsilon 0.00000004524051222531966) found in 85 seconds ",
968,:,1737450423.000,88.000,0,132,0,0,"schlandals --timeout 1500 -i /data/schlandals/pwmc_benchmarks/instances/bayesian_networks/pcnf/munin/968.cnf | tr '\n' ' '",/data/schlandals/pwmc_benchmarks/instances/bayesian_networks/pcnf/munin/968.cnf,"Estimated probability 2.1444667e-2 with bounds [2.1444666e-2 2.1444667e-2] (epsilon 0.000000014167216733085297) found in 87 seconds ",
719,:,1737450004.000,509.000,0,133,0,0,"schlandals --timeout 1500 -i /data/schlandals/pwmc_benchmarks/instances/bayesian_networks/pcnf/munin/719.cnf | tr '\n' ' '",/data/schlandals/pwmc_benchmarks/instances/bayesian_networks/pcnf/munin/719.cnf,"Estimated probability 1.8864221e-1 with bounds [1.8864221e-1 1.8864221e-1] (epsilon 0.000000004218488669494036) found in 507 seconds ",
969,:,1737450428.000,86.000,0,132,0,0,"schlandals --timeout 1500 -i /data/schlandals/pwmc_benchmarks/instances/bayesian_networks/pcnf/munin/969.cnf | tr '\n' ' '",/data/schlandals/pwmc_benchmarks/instances/bayesian_networks/pcnf/munin/969.cnf,"Estimated probability 7.1420363e-2 with bounds [7.1420363e-2 7.1420363e-2] (epsilon 0.000000006256717588470906) found in 85 seconds ",
982,:,1737450465.000,51.000,0,130,0,0,"schlandals --timeout 1500 -i /data/schlandals/pwmc_benchmarks/instances/bayesian_networks/pcnf/munin/982.cnf | tr '\n' ' '",/data/schlandals/pwmc_benchmarks/instances/bayesian_networks/pcnf/munin/982.cnf,"Estimated probability 3.0628226e-4 with bounds [3.0628207e-4 3.0628244e-4] (epsilon 0.0000005756610996776601) found in 50 seconds ",
978,:,1737450456.000,62.000,0,131,0,0,"schlandals --timeout 1500 -i /data/schlandals/pwmc_benchmarks/instances/bayesian_networks/pcnf/munin/978.cnf | tr '\n' ' '",/data/schlandals/pwmc_benchmarks/instances/bayesian_networks/pcnf/munin/978.cnf,"Estimated probability 3.9781993e-3 with bounds [3.9781989e-3 3.9781997e-3] (epsilon 0.00000010469683431324484) found in 61 seconds ",
988,:,1737450471.000,50.000,0,107,0,0,"schlandals --timeout 1500 -i /data/schlandals/pwmc_benchmarks/instances/bayesian_networks/pcnf/munin/988.cnf | tr '\n' ' '",/data/schlandals/pwmc_benchmarks/instances/bayesian_networks/pcnf/munin/988.cnf,"Estimated probability 1.8879426e-1 with bounds [1.8879426e-1 1.8879426e-1] (epsilon 0) found in 50 seconds ",
972,:,1737450439.000,84.000,0,133,0,0,"schlandals --timeout 1500 -i /data/schlandals/pwmc_benchmarks/instances/bayesian_networks/pcnf/munin/972.cnf | tr '\n' ' '",/data/schlandals/pwmc_benchmarks/instances/bayesian_networks/pcnf/munin/972.cnf,"Estimated probability 2.3245172e-1 with bounds [2.3245171e-1 2.3245172e-1] (epsilon 0.0000000020828296865005314) found in 84 seconds ",
973,:,1737450446.000,82.000,0,133,0,0,"schlandals --timeout 1500 -i /data/schlandals/pwmc_benchmarks/instances/bayesian_networks/pcnf/munin/973.cnf | tr '\n' ' '",/data/schlandals/pwmc_benchmarks/instances/bayesian_networks/pcnf/munin/973.cnf,"Estimated probability 1.3524725e-1 with bounds [1.3524725e-1 1.3524725e-1] (epsilon 0.0000000035797942388171577) found in 81 seconds ",
974,:,1737450447.000,82.000,0,132,0,0,"schlandals --timeout 1500 -i /data/schlandals/pwmc_benchmarks/instances/bayesian_networks/pcnf/munin/974.cnf | tr '\n' ' '",/data/schlandals/pwmc_benchmarks/instances/bayesian_networks/pcnf/munin/974.cnf,"Estimated probability 5.6020529e-2 with bounds [5.6020528e-2 5.6020529e-2] (epsilon 0.000000008642497828503792) found in 82 seconds ",
976,:,1737450449.000,82.000,0,132,0,0,"schlandals --timeout 1500 -i /data/schlandals/pwmc_benchmarks/instances/bayesian_networks/pcnf/munin/976.cnf | tr '\n' ' '",/data/schlandals/pwmc_benchmarks/instances/bayesian_networks/pcnf/munin/976.cnf,"Estimated probability 1.1916685e-2 with bounds [1.1916685e-2 1.1916686e-2] (epsilon 0.000000040628521880137214) found in 81 seconds ",
1016,:,1737450531.000,4.000,0,106,0,0,"schlandals --timeout 1500 -i /data/schlandals/pwmc_benchmarks/instances/bayesian_networks/pcnf/munin/1016.cnf | tr '\n' ' '",/data/schlandals/pwmc_benchmarks/instances/bayesian_networks/pcnf/munin/1016.cnf,"Estimated probability 1.0744641e-2 with bounds [1.0744641e-2 1.0744641e-2] (epsilon 0) found in 4 seconds ",
1014,:,1737450528.000,8.000,0,106,0,0,"schlandals --timeout 1500 -i /data/schlandals/pwmc_benchmarks/instances/bayesian_networks/pcnf/munin/1014.cnf | tr '\n' ' '",/data/schlandals/pwmc_benchmarks/instances/bayesian_networks/pcnf/munin/1014.cnf,"Estimated probability 9.4533621e-1 with bounds [9.4533621e-1 9.4533621e-1] (epsilon 0) found in 7 seconds ",
1015,:,1737450529.000,8.000,0,106,0,0,"schlandals --timeout 1500 -i /data/schlandals/pwmc_benchmarks/instances/bayesian_networks/pcnf/munin/1015.cnf | tr '\n' ' '",/data/schlandals/pwmc_benchmarks/instances/bayesian_networks/pcnf/munin/1015.cnf,"Estimated probability 2.2564390e-2 with bounds [2.2564390e-2 2.2564390e-2] (epsilon 0) found in 6 seconds ",
977,:,1737450451.000,89.000,0,131,0,0,"schlandals --timeout 1500 -i /data/schlandals/pwmc_benchmarks/instances/bayesian_networks/pcnf/munin/977.cnf | tr '\n' ' '",/data/schlandals/pwmc_benchmarks/instances/bayesian_networks/pcnf/munin/977.cnf,"Estimated probability 7.0239600e-3 with bounds [7.0239595e-3 7.0239604e-3] (epsilon 0.00000005929773005952654) found in 88 seconds ",
981,:,1737450464.000,76.000,0,130,0,0,"schlandals --timeout 1500 -i /data/schlandals/pwmc_benchmarks/instances/bayesian_networks/pcnf/munin/981.cnf | tr '\n' ' '",/data/schlandals/pwmc_benchmarks/instances/bayesian_networks/pcnf/munin/981.cnf,"Estimated probability 6.8098374e-4 with bounds [6.8098356e-4 6.8098392e-4] (epsilon 0.0000002589118410778468) found in 75 seconds ",
986,:,1737450468.000,75.000,0,107,0,0,"schlandals --timeout 1500 -i /data/schlandals/pwmc_benchmarks/instances/bayesian_networks/pcnf/munin/986.cnf | tr '\n' ' '",/data/schlandals/pwmc_benchmarks/instances/bayesian_networks/pcnf/munin/986.cnf,"Estimated probability 1.5296249e-1 with bounds [1.5296249e-1 1.5296249e-1] (epsilon 0) found in 73 seconds ",
1017,:,1737450535.000,9.000,0,106,0,0,"schlandals --timeout 1500 -i /data/schlandals/pwmc_benchmarks/instances/bayesian_networks/pcnf/munin/1017.cnf | tr '\n' ' '",/data/schlandals/pwmc_benchmarks/instances/bayesian_networks/pcnf/munin/1017.cnf,"Estimated probability 1.3547579e-3 with bounds [1.3547579e-3 1.3547579e-3] (epsilon 0) found in 7 seconds ",
985,:,1737450468.000,76.000,0,107,0,0,"schlandals --timeout 1500 -i /data/schlandals/pwmc_benchmarks/instances/bayesian_networks/pcnf/munin/985.cnf | tr '\n' ' '",/data/schlandals/pwmc_benchmarks/instances/bayesian_networks/pcnf/munin/985.cnf,"Estimated probability 7.3368871e-1 with bounds [7.3368871e-1 7.3368871e-1] (epsilon 0) found in 74 seconds ",
1018,:,1737450536.000,8.000,0,106,0,0,"schlandals --timeout 1500 -i /data/schlandals/pwmc_benchmarks/instances/bayesian_networks/pcnf/munin/1018.cnf | tr '\n' ' '",/data/schlandals/pwmc_benchmarks/instances/bayesian_networks/pcnf/munin/1018.cnf,"Estimated probability 2.0000000e-2 with bounds [2.0000000e-2 2.0000000e-2] (epsilon 0) found in 7 seconds ",
984,:,1737450468.000,76.000,0,107,0,0,"schlandals --timeout 1500 -i /data/schlandals/pwmc_benchmarks/instances/bayesian_networks/pcnf/munin/984.cnf | tr '\n' ' '",/data/schlandals/pwmc_benchmarks/instances/bayesian_networks/pcnf/munin/984.cnf,"Estimated probability 1.1334880e-1 with bounds [1.1334880e-1 1.1334880e-1] (epsilon 0) found in 75 seconds ",
1019,:,1737450537.000,8.000,0,106,0,0,"schlandals --timeout 1500 -i /data/schlandals/pwmc_benchmarks/instances/bayesian_networks/pcnf/munin/1019.cnf | tr '\n' ' '",/data/schlandals/pwmc_benchmarks/instances/bayesian_networks/pcnf/munin/1019.cnf,"Estimated probability 9.4884009e-1 with bounds [9.4884009e-1 9.4884009e-1] (epsilon 0) found in 7 seconds ",
987,:,1737450469.000,78.000,0,107,0,0,"schlandals --timeout 1500 -i /data/schlandals/pwmc_benchmarks/instances/bayesian_networks/pcnf/munin/987.cnf | tr '\n' ' '",/data/schlandals/pwmc_benchmarks/instances/bayesian_networks/pcnf/munin/987.cnf,"Estimated probability 8.1120574e-1 with bounds [8.1120574e-1 8.1120574e-1] (epsilon 0) found in 77 seconds ",
1021,:,1737450540.000,8.000,0,106,0,0,"schlandals --timeout 1500 -i /data/schlandals/pwmc_benchmarks/instances/bayesian_networks/pcnf/munin/1021.cnf | tr '\n' ' '",/data/schlandals/pwmc_benchmarks/instances/bayesian_networks/pcnf/munin/1021.cnf,"Estimated probability 1.0208894e-2 with bounds [1.0208894e-2 1.0208894e-2] (epsilon 0) found in 7 seconds ",
1020,:,1737450540.000,8.000,0,106,0,0,"schlandals --timeout 1500 -i /data/schlandals/pwmc_benchmarks/instances/bayesian_networks/pcnf/munin/1020.cnf | tr '\n' ' '",/data/schlandals/pwmc_benchmarks/instances/bayesian_networks/pcnf/munin/1020.cnf,"Estimated probability 2.0889193e-2 with bounds [2.0889193e-2 2.0889193e-2] (epsilon 0) found in 7 seconds ",
980,:,1737450463.000,86.000,0,131,0,0,"schlandals --timeout 1500 -i /data/schlandals/pwmc_benchmarks/instances/bayesian_networks/pcnf/munin/980.cnf | tr '\n' ' '",/data/schlandals/pwmc_benchmarks/instances/bayesian_networks/pcnf/munin/980.cnf,"Estimated probability 1.2865573e-3 with bounds [1.2865568e-3 1.2865577e-3] (epsilon 0.00000032373601532853513) found in 86 seconds ",
983,:,1737450465.000,85.000,0,130,0,0,"schlandals --timeout 1500 -i /data/schlandals/pwmc_benchmarks/instances/bayesian_networks/pcnf/munin/983.cnf | tr '\n' ' '",/data/schlandals/pwmc_benchmarks/instances/bayesian_networks/pcnf/munin/983.cnf,"Estimated probability 4.4518137e-5 with bounds [4.4518099e-5 4.4518175e-5] (epsilon 0.0000007473122836110235) found in 84 seconds ",
1022,:,1737450543.000,8.000,0,106,0,0,"schlandals --timeout 1500 -i /data/schlandals/pwmc_benchmarks/instances/bayesian_networks/pcnf/munin/1022.cnf | tr '\n' ' '",/data/schlandals/pwmc_benchmarks/instances/bayesian_networks/pcnf/munin/1022.cnf,"Estimated probability 2.0061825e-2 with bounds [2.0061825e-2 2.0061825e-2] (epsilon 0) found in 7 seconds ",
712,:,1737449974.000,577.000,0,132,0,0,"schlandals --timeout 1500 -i /data/schlandals/pwmc_benchmarks/instances/bayesian_networks/pcnf/munin/712.cnf | tr '\n' ' '",/data/schlandals/pwmc_benchmarks/instances/bayesian_networks/pcnf/munin/712.cnf,"Estimated probability 8.6803630e-3 with bounds [8.6803622e-3 8.6803638e-3] (epsilon 0.00000009167647041508076) found in 576 seconds ",
716,:,1737449997.000,554.000,0,133,0,0,"schlandals --timeout 1500 -i /data/schlandals/pwmc_benchmarks/instances/bayesian_networks/pcnf/munin/716.cnf | tr '\n' ' '",/data/schlandals/pwmc_benchmarks/instances/bayesian_networks/pcnf/munin/716.cnf,"Estimated probability 9.4923408e-2 with bounds [9.4923407e-2 9.4923408e-2] (epsilon 0.000000008383443050874462) found in 553 seconds ",
1023,:,1737450544.000,8.000,0,106,0,0,"schlandals --timeout 1500 -i /data/schlandals/pwmc_benchmarks/instances/bayesian_networks/pcnf/munin/1023.cnf | tr '\n' ' '",/data/schlandals/pwmc_benchmarks/instances/bayesian_networks/pcnf/munin/1023.cnf,"Estimated probability 9.4488374e-1 with bounds [9.4488374e-1 9.4488374e-1] (epsilon 0) found in 7 seconds ",
1024,:,1737450544.000,8.000,0,106,0,0,"schlandals --timeout 1500 -i /data/schlandals/pwmc_benchmarks/instances/bayesian_networks/pcnf/munin/1024.cnf | tr '\n' ' '",/data/schlandals/pwmc_benchmarks/instances/bayesian_networks/pcnf/munin/1024.cnf,"Estimated probability 2.2701719e-2 with bounds [2.2701719e-2 2.2701719e-2] (epsilon 0) found in 7 seconds ",
1025,:,1737450544.000,8.000,0,106,0,0,"schlandals --timeout 1500 -i /data/schlandals/pwmc_benchmarks/instances/bayesian_networks/pcnf/munin/1025.cnf | tr '\n' ' '",/data/schlandals/pwmc_benchmarks/instances/bayesian_networks/pcnf/munin/1025.cnf,"Estimated probability 1.0983736e-2 with bounds [1.0983736e-2 1.0983736e-2] (epsilon 0) found in 7 seconds ",
1026,:,1737450544.000,8.000,0,106,0,0,"schlandals --timeout 1500 -i /data/schlandals/pwmc_benchmarks/instances/bayesian_networks/pcnf/munin/1026.cnf | tr '\n' ' '",/data/schlandals/pwmc_benchmarks/instances/bayesian_networks/pcnf/munin/1026.cnf,"Estimated probability 1.4045465e-3 with bounds [1.4045465e-3 1.4045465e-3] (epsilon 0) found in 7 seconds ",
1035,:,1737450551.000,1.000,0,106,0,0,"schlandals --timeout 1500 -i /data/schlandals/pwmc_benchmarks/instances/bayesian_networks/pcnf/munin/1035.cnf | tr '\n' ' '",/data/schlandals/pwmc_benchmarks/instances/bayesian_networks/pcnf/munin/1035.cnf,"Estimated probability 9.0214423e-1 with bounds [9.0214423e-1 9.0214423e-1] (epsilon 0) found in 0 seconds ",
1027,:,1737450545.000,8.000,0,106,0,0,"schlandals --timeout 1500 -i /data/schlandals/pwmc_benchmarks/instances/bayesian_networks/pcnf/munin/1027.cnf | tr '\n' ' '",/data/schlandals/pwmc_benchmarks/instances/bayesian_networks/pcnf/munin/1027.cnf,"Estimated probability 2.0026262e-2 with bounds [2.0026262e-2 2.0026262e-2] (epsilon 0) found in 7 seconds ",
1036,:,1737450552.000,1.000,0,106,0,0,"schlandals --timeout 1500 -i /data/schlandals/pwmc_benchmarks/instances/bayesian_networks/pcnf/munin/1036.cnf | tr '\n' ' '",/data/schlandals/pwmc_benchmarks/instances/bayesian_networks/pcnf/munin/1036.cnf,"Estimated probability 9.7855768e-2 with bounds [9.7855768e-2 9.7855768e-2] (epsilon 0) found in 0 seconds ",
1037,:,1737450552.000,1.000,0,87,0,0,"schlandals --timeout 1500 -i /data/schlandals/pwmc_benchmarks/instances/bayesian_networks/pcnf/munin/1037.cnf | tr '\n' ' '",/data/schlandals/pwmc_benchmarks/instances/bayesian_networks/pcnf/munin/1037.cnf,"Estimated probability -0 with bounds [0 -1.5384974e-16] (epsilon 0) found in 0 seconds ",
1038,:,1737450552.000,1.000,0,87,0,0,"schlandals --timeout 1500 -i /data/schlandals/pwmc_benchmarks/instances/bayesian_networks/pcnf/munin/1038.cnf | tr '\n' ' '",/data/schlandals/pwmc_benchmarks/instances/bayesian_networks/pcnf/munin/1038.cnf,"Estimated probability -0 with bounds [0 -1.5384974e-16] (epsilon 0) found in 0 seconds ",
1039,:,1737450552.000,1.000,0,87,0,0,"schlandals --timeout 1500 -i /data/schlandals/pwmc_benchmarks/instances/bayesian_networks/pcnf/munin/1039.cnf | tr '\n' ' '",/data/schlandals/pwmc_benchmarks/instances/bayesian_networks/pcnf/munin/1039.cnf,"Estimated probability -0 with bounds [0 -1.5384974e-16] (epsilon 0) found in 0 seconds ",
1040,:,1737450552.000,1.000,0,87,0,0,"schlandals --timeout 1500 -i /data/schlandals/pwmc_benchmarks/instances/bayesian_networks/pcnf/munin/1040.cnf | tr '\n' ' '",/data/schlandals/pwmc_benchmarks/instances/bayesian_networks/pcnf/munin/1040.cnf,"Estimated probability -0 with bounds [0 -1.5384974e-16] (epsilon 0) found in 0 seconds ",
1028,:,1737450547.000,8.000,0,106,0,0,"schlandals --timeout 1500 -i /data/schlandals/pwmc_benchmarks/instances/bayesian_networks/pcnf/munin/1028.cnf | tr '\n' ' '",/data/schlandals/pwmc_benchmarks/instances/bayesian_networks/pcnf/munin/1028.cnf,"Estimated probability 9.4495986e-1 with bounds [9.4495986e-1 9.4495986e-1] (epsilon 0) found in 7 seconds ",
1029,:,1737450548.000,7.000,0,106,0,0,"schlandals --timeout 1500 -i /data/schlandals/pwmc_benchmarks/instances/bayesian_networks/pcnf/munin/1029.cnf | tr '\n' ' '",/data/schlandals/pwmc_benchmarks/instances/bayesian_networks/pcnf/munin/1029.cnf,"Estimated probability 5.3033278e-2 with bounds [5.3033278e-2 5.3033278e-2] (epsilon 0) found in 6 seconds ",
1030,:,1737450548.000,8.000,0,106,0,0,"schlandals --timeout 1500 -i /data/schlandals/pwmc_benchmarks/instances/bayesian_networks/pcnf/munin/1030.cnf | tr '\n' ' '",/data/schlandals/pwmc_benchmarks/instances/bayesian_networks/pcnf/munin/1030.cnf,"Estimated probability 1.5210162e-3 with bounds [1.5210162e-3 1.5210162e-3] (epsilon 0) found in 7 seconds ",
1031,:,1737450549.000,8.000,0,106,0,0,"schlandals --timeout 1500 -i /data/schlandals/pwmc_benchmarks/instances/bayesian_networks/pcnf/munin/1031.cnf | tr '\n' ' '",/data/schlandals/pwmc_benchmarks/instances/bayesian_networks/pcnf/munin/1031.cnf,"Estimated probability 4.8584979e-4 with bounds [4.8584979e-4 4.8584979e-4] (epsilon 0) found in 7 seconds ",
1034,:,1737450551.000,9.000,0,106,0,0,"schlandals --timeout 1500 -i /data/schlandals/pwmc_benchmarks/instances/bayesian_networks/pcnf/munin/1034.cnf | tr '\n' ' '",/data/schlandals/pwmc_benchmarks/instances/bayesian_networks/pcnf/munin/1034.cnf,"Estimated probability 1.7025262e-2 with bounds [1.7025262e-2 1.7025262e-2] (epsilon 0) found in 8 seconds ",
1033,:,1737450551.000,10.000,0,106,0,0,"schlandals --timeout 1500 -i /data/schlandals/pwmc_benchmarks/instances/bayesian_networks/pcnf/munin/1033.cnf | tr '\n' ' '",/data/schlandals/pwmc_benchmarks/instances/bayesian_networks/pcnf/munin/1033.cnf,"Estimated probability 8.4849026e-2 with bounds [8.4849026e-2 8.4849026e-2] (epsilon 0) found in 9 seconds ",
1032,:,1737450550.000,11.000,0,107,0,0,"schlandals --timeout 1500 -i /data/schlandals/pwmc_benchmarks/instances/bayesian_networks/pcnf/munin/1032.cnf | tr '\n' ' '",/data/schlandals/pwmc_benchmarks/instances/bayesian_networks/pcnf/munin/1032.cnf,"Estimated probability 8.9812571e-1 with bounds [8.9812571e-1 8.9812571e-1] (epsilon 0) found in 10 seconds ",
1049,:,1737450556.000,14.000,0,107,0,0,"schlandals --timeout 1500 -i /data/schlandals/pwmc_benchmarks/instances/bayesian_networks/pcnf/munin/1049.cnf | tr '\n' ' '",/data/schlandals/pwmc_benchmarks/instances/bayesian_networks/pcnf/munin/1049.cnf,"Estimated probability 1.9480835e-3 with bounds [1.9480835e-3 1.9480835e-3] (epsilon 0) found in 14 seconds ",
1050,:,1737450557.000,19.000,0,132,0,0,"schlandals --timeout 1500 -i /data/schlandals/pwmc_benchmarks/instances/bayesian_networks/pcnf/munin/1050.cnf | tr '\n' ' '",/data/schlandals/pwmc_benchmarks/instances/bayesian_networks/pcnf/munin/1050.cnf,"Estimated probability 1.3343801e-3 with bounds [1.3343800e-3 1.3343801e-3] (epsilon 0.000000007321282247119143) found in 18 seconds ",
718,:,1737450004.000,576.000,0,133,0,0,"schlandals --timeout 1500 -i /data/schlandals/pwmc_benchmarks/instances/bayesian_networks/pcnf/munin/718.cnf | tr '\n' ' '",/data/schlandals/pwmc_benchmarks/instances/bayesian_networks/pcnf/munin/718.cnf,"Estimated probability 1.8589752e-1 with bounds [1.8589752e-1 1.8589752e-1] (epsilon 0.000000004280772625264717) found in 575 seconds ",
1051,:,1737450560.000,22.000,0,132,0,0,"schlandals --timeout 1500 -i /data/schlandals/pwmc_benchmarks/instances/bayesian_networks/pcnf/munin/1051.cnf | tr '\n' ' '",/data/schlandals/pwmc_benchmarks/instances/bayesian_networks/pcnf/munin/1051.cnf,"Estimated probability 2.0412752e-3 with bounds [2.0412752e-3 2.0412753e-3] (epsilon 0.000000008183767663538788) found in 21 seconds ",
1052,:,1737450561.000,22.000,0,131,0,0,"schlandals --timeout 1500 -i /data/schlandals/pwmc_benchmarks/instances/bayesian_networks/pcnf/munin/1052.cnf | tr '\n' ' '",/data/schlandals/pwmc_benchmarks/instances/bayesian_networks/pcnf/munin/1052.cnf,"Estimated probability 2.6446155e-3 with bounds [2.6446155e-3 2.6446156e-3] (epsilon 0.00000001845519559395825) found in 21 seconds ",
703,:,1737449970.000,613.000,0,132,0,0,"schlandals --timeout 1500 -i /data/schlandals/pwmc_benchmarks/instances/bayesian_networks/pcnf/munin/703.cnf | tr '\n' ' '",/data/schlandals/pwmc_benchmarks/instances/bayesian_networks/pcnf/munin/703.cnf,"Estimated probability 8.9041981e-4 with bounds [8.9041964e-4 8.9041998e-4] (epsilon 0.00000018104504739824279) found in 612 seconds ",
1053,:,1737450561.000,23.000,0,131,0,0,"schlandals --timeout 1500 -i /data/schlandals/pwmc_benchmarks/instances/bayesian_networks/pcnf/munin/1053.cnf | tr '\n' ' '",/data/schlandals/pwmc_benchmarks/instances/bayesian_networks/pcnf/munin/1053.cnf,"Estimated probability 8.7577340e-3 with bounds [8.7577338e-3 8.7577343e-3] (epsilon 0.00000003046795149508341) found in 22 seconds ",
710,:,1737449973.000,613.000,0,132,0,0,"schlandals --timeout 1500 -i /data/schlandals/pwmc_benchmarks/instances/bayesian_networks/pcnf/munin/710.cnf | tr '\n' ' '",/data/schlandals/pwmc_benchmarks/instances/bayesian_networks/pcnf/munin/710.cnf,"Estimated probability 4.1187447e-3 with bounds [4.1187439e-3 4.1187455e-3] (epsilon 0.00000019321058641885713) found in 612 seconds ",
1047,:,1737450555.000,32.000,0,107,0,0,"schlandals --timeout 1500 -i /data/schlandals/pwmc_benchmarks/instances/bayesian_networks/pcnf/munin/1047.cnf | tr '\n' ' '",/data/schlandals/pwmc_benchmarks/instances/bayesian_networks/pcnf/munin/1047.cnf,"Estimated probability 8.6445284e-1 with bounds [8.6445284e-1 8.6445284e-1] (epsilon 0) found in 31 seconds ",
1045,:,1737450553.000,35.000,0,107,0,0,"schlandals --timeout 1500 -i /data/schlandals/pwmc_benchmarks/instances/bayesian_networks/pcnf/munin/1045.cnf | tr '\n' ' '",/data/schlandals/pwmc_benchmarks/instances/bayesian_networks/pcnf/munin/1045.cnf,"Estimated probability 9.8606773e-1 with bounds [9.8606773e-1 9.8606773e-1] (epsilon 0) found in 34 seconds ",
717,:,1737449999.000,593.000,0,132,0,0,"schlandals --timeout 1500 -i /data/schlandals/pwmc_benchmarks/instances/bayesian_networks/pcnf/munin/717.cnf | tr '\n' ' '",/data/schlandals/pwmc_benchmarks/instances/bayesian_networks/pcnf/munin/717.cnf,"Estimated probability 1.4691322e-1 with bounds [1.4691322e-1 1.4691322e-1] (epsilon 0.00000000541670064357902) found in 593 seconds ",
1054,:,1737450570.000,23.000,0,131,0,0,"schlandals --timeout 1500 -i /data/schlandals/pwmc_benchmarks/instances/bayesian_networks/pcnf/munin/1054.cnf | tr '\n' ' '",/data/schlandals/pwmc_benchmarks/instances/bayesian_networks/pcnf/munin/1054.cnf,"Estimated probability 1.6510774e-2 with bounds [1.6510774e-2 1.6510774e-2] (epsilon 0.00000001616097677903383) found in 21 seconds ",
1041,:,1737450553.000,40.000,0,107,0,0,"schlandals --timeout 1500 -i /data/schlandals/pwmc_benchmarks/instances/bayesian_networks/pcnf/munin/1041.cnf | tr '\n' ' '",/data/schlandals/pwmc_benchmarks/instances/bayesian_networks/pcnf/munin/1041.cnf,"Estimated probability 8.5992458e-1 with bounds [8.5992458e-1 8.5992458e-1] (epsilon 0) found in 39 seconds ",
1048,:,1737450555.000,38.000,0,107,0,0,"schlandals --timeout 1500 -i /data/schlandals/pwmc_benchmarks/instances/bayesian_networks/pcnf/munin/1048.cnf | tr '\n' ' '",/data/schlandals/pwmc_benchmarks/instances/bayesian_networks/pcnf/munin/1048.cnf,"Estimated probability 1.3554716e-1 with bounds [1.3554716e-1 1.3554716e-1] (epsilon 0) found in 37 seconds ",
1055,:,1737450576.000,22.000,0,133,0,0,"schlandals --timeout 1500 -i /data/schlandals/pwmc_benchmarks/instances/bayesian_networks/pcnf/munin/1055.cnf | tr '\n' ' '",/data/schlandals/pwmc_benchmarks/instances/bayesian_networks/pcnf/munin/1055.cnf,"Estimated probability 1.1213438e-1 with bounds [1.1213438e-1 1.1213438e-1] (epsilon 0.0000000030641487125393496) found in 21 seconds ",
711,:,1737449974.000,624.000,0,132,0,0,"schlandals --timeout 1500 -i /data/schlandals/pwmc_benchmarks/instances/bayesian_networks/pcnf/munin/711.cnf | tr '\n' ' '",/data/schlandals/pwmc_benchmarks/instances/bayesian_networks/pcnf/munin/711.cnf,"Estimated probability 5.8647297e-3 with bounds [5.8647289e-3 5.8647305e-3] (epsilon 0.00000013568997947466244) found in 624 seconds ",
1043,:,1737450553.000,46.000,0,107,0,0,"schlandals --timeout 1500 -i /data/schlandals/pwmc_benchmarks/instances/bayesian_networks/pcnf/munin/1043.cnf | tr '\n' ' '",/data/schlandals/pwmc_benchmarks/instances/bayesian_networks/pcnf/munin/1043.cnf,"Estimated probability 4.4041457e-2 with bounds [4.4041457e-2 4.4041457e-2] (epsilon 0) found in 45 seconds ",
1042,:,1737450553.000,46.000,0,107,0,0,"schlandals --timeout 1500 -i /data/schlandals/pwmc_benchmarks/instances/bayesian_networks/pcnf/munin/1042.cnf | tr '\n' ' '",/data/schlandals/pwmc_benchmarks/instances/bayesian_networks/pcnf/munin/1042.cnf,"Estimated probability 8.1698295e-2 with bounds [8.1698295e-2 8.1698295e-2] (epsilon 0) found in 45 seconds ",
1046,:,1737450553.000,46.000,0,107,0,0,"schlandals --timeout 1500 -i /data/schlandals/pwmc_benchmarks/instances/bayesian_networks/pcnf/munin/1046.cnf | tr '\n' ' '",/data/schlandals/pwmc_benchmarks/instances/bayesian_networks/pcnf/munin/1046.cnf,"Estimated probability 1.3932275e-2 with bounds [1.3932275e-2 1.3932275e-2] (epsilon 0) found in 45 seconds ",
1044,:,1737450553.000,47.000,0,107,0,0,"schlandals --timeout 1500 -i /data/schlandals/pwmc_benchmarks/instances/bayesian_networks/pcnf/munin/1044.cnf | tr '\n' ' '",/data/schlandals/pwmc_benchmarks/instances/bayesian_networks/pcnf/munin/1044.cnf,"Estimated probability 1.4335668e-2 with bounds [1.4335668e-2 1.4335668e-2] (epsilon 0) found in 46 seconds ",
1056,:,1737450580.000,22.000,0,133,0,0,"schlandals --timeout 1500 -i /data/schlandals/pwmc_benchmarks/instances/bayesian_networks/pcnf/munin/1056.cnf | tr '\n' ' '",/data/schlandals/pwmc_benchmarks/instances/bayesian_networks/pcnf/munin/1056.cnf,"Estimated probability 3.7152209e-1 with bounds [3.7152209e-1 3.7152209e-1] (epsilon 0.0000000009248344312595691) found in 21 seconds ",
704,:,1737449971.000,631.000,0,132,0,0,"schlandals --timeout 1500 -i /data/schlandals/pwmc_benchmarks/instances/bayesian_networks/pcnf/munin/704.cnf | tr '\n' ' '",/data/schlandals/pwmc_benchmarks/instances/bayesian_networks/pcnf/munin/704.cnf,"Estimated probability 1.0264894e-3 with bounds [1.0264892e-3 1.0264896e-3] (epsilon 0.00000015704604128252697) found in 630 seconds ",
1059,:,1737450583.000,19.000,0,132,0,0,"schlandals --timeout 1500 -i /data/schlandals/pwmc_benchmarks/instances/bayesian_networks/pcnf/munin/1059.cnf | tr '\n' ' '",/data/schlandals/pwmc_benchmarks/instances/bayesian_networks/pcnf/munin/1059.cnf,"Estimated probability 3.0476187e-2 with bounds [3.0476187e-2 3.0476188e-2] (epsilon 0.000000011046674019965508) found in 19 seconds ",
1057,:,1737450582.000,23.000,0,133,0,0,"schlandals --timeout 1500 -i /data/schlandals/pwmc_benchmarks/instances/bayesian_networks/pcnf/munin/1057.cnf | tr '\n' ' '",/data/schlandals/pwmc_benchmarks/instances/bayesian_networks/pcnf/munin/1057.cnf,"Estimated probability 3.2753772e-1 with bounds [3.2753772e-1 3.2753773e-1] (epsilon 0.0000000010490286417308425) found in 22 seconds ",
1058,:,1737450583.000,22.000,0,132,0,0,"schlandals --timeout 1500 -i /data/schlandals/pwmc_benchmarks/instances/bayesian_networks/pcnf/munin/1058.cnf | tr '\n' ' '",/data/schlandals/pwmc_benchmarks/instances/bayesian_networks/pcnf/munin/1058.cnf,"Estimated probability 1.2262869e-1 with bounds [1.2262869e-1 1.2262869e-1] (epsilon 0.000000002801925358397739) found in 22 seconds ",
1062,:,1737450587.000,19.000,0,130,0,0,"schlandals --timeout 1500 -i /data/schlandals/pwmc_benchmarks/instances/bayesian_networks/pcnf/munin/1062.cnf | tr '\n' ' '",/data/schlandals/pwmc_benchmarks/instances/bayesian_networks/pcnf/munin/1062.cnf,"Estimated probability 2.0230031e-4 with bounds [2.0230026e-4 2.0230037e-4] (epsilon 0.0000002466837334402783) found in 18 seconds ",
701,:,1737449968.000,638.000,0,133,0,0,"schlandals --timeout 1500 -i /data/schlandals/pwmc_benchmarks/instances/bayesian_networks/pcnf/munin/701.cnf | tr '\n' ' '",/data/schlandals/pwmc_benchmarks/instances/bayesian_networks/pcnf/munin/701.cnf,"Estimated probability 6.7874464e-3 with bounds [6.7874464e-3 6.7874465e-3] (epsilon 0.000000006393850338071161) found in 638 seconds ",
1060,:,1737450584.000,23.000,0,131,0,0,"schlandals --timeout 1500 -i /data/schlandals/pwmc_benchmarks/instances/bayesian_networks/pcnf/munin/1060.cnf | tr '\n' ' '",/data/schlandals/pwmc_benchmarks/instances/bayesian_networks/pcnf/munin/1060.cnf,"Estimated probability 2.4640559e-3 with bounds [2.4640558e-3 2.4640560e-3] (epsilon 0.00000004342031156845394) found in 21 seconds ",
1081,:,1737450607.000,1.000,0,106,0,0,"schlandals --timeout 1500 -i /data/schlandals/pwmc_benchmarks/instances/bayesian_networks/pcnf/munin/1081.cnf | tr '\n' ' '",/data/schlandals/pwmc_benchmarks/instances/bayesian_networks/pcnf/munin/1081.cnf,"Estimated probability 1.8118500e-5 with bounds [1.8118500e-5 1.8118500e-5] (epsilon 0) found in 0 seconds ",
1082,:,1737450608.000,1.000,0,106,0,0,"schlandals --timeout 1500 -i /data/schlandals/pwmc_benchmarks/instances/bayesian_networks/pcnf/munin/1082.cnf | tr '\n' ' '",/data/schlandals/pwmc_benchmarks/instances/bayesian_networks/pcnf/munin/1082.cnf,"Estimated probability 9.8012233e-5 with bounds [9.8012232e-5 9.8012233e-5] (epsilon 0) found in 0 seconds ",
1083,:,1737450609.000,1.000,0,106,0,0,"schlandals --timeout 1500 -i /data/schlandals/pwmc_benchmarks/instances/bayesian_networks/pcnf/munin/1083.cnf | tr '\n' ' '",/data/schlandals/pwmc_benchmarks/instances/bayesian_networks/pcnf/munin/1083.cnf,"Estimated probability 1.4397573e-3 with bounds [1.4397573e-3 1.4397573e-3] (epsilon 0) found in 0 seconds ",
1063,:,1737450588.000,22.000,0,132,0,0,"schlandals --timeout 1500 -i /data/schlandals/pwmc_benchmarks/instances/bayesian_networks/pcnf/munin/1063.cnf | tr '\n' ' '",/data/schlandals/pwmc_benchmarks/instances/bayesian_networks/pcnf/munin/1063.cnf,"Estimated probability 6.1215441e-3 with bounds [6.1215440e-3 6.1215442e-3] (epsilon 0.000000013452209124409364) found in 22 seconds ",
1084,:,1737450610.000,1.000,0,132,0,0,"schlandals --timeout 1500 -i /data/schlandals/pwmc_benchmarks/instances/bayesian_networks/pcnf/munin/1084.cnf | tr '\n' ' '",/data/schlandals/pwmc_benchmarks/instances/bayesian_networks/pcnf/munin/1084.cnf,"Estimated probability 9.4098176e-2 with bounds [9.4098176e-2 9.4098176e-2] (epsilon 0.0000000017279311315121504) found in 0 seconds ",
1085,:,1737450610.000,1.000,0,132,0,0,"schlandals --timeout 1500 -i /data/schlandals/pwmc_benchmarks/instances/bayesian_networks/pcnf/munin/1085.cnf | tr '\n' ' '",/data/schlandals/pwmc_benchmarks/instances/bayesian_networks/pcnf/munin/1085.cnf,"Estimated probability 4.2413788e-1 with bounds [4.2413788e-1 4.2413788e-1] (epsilon 0.0000000003887796751200767) found in 0 seconds ",
1066,:,1737450593.000,19.000,0,131,0,0,"schlandals --timeout 1500 -i /data/schlandals/pwmc_benchmarks/instances/bayesian_networks/pcnf/munin/1066.cnf | tr '\n' ' '",/data/schlandals/pwmc_benchmarks/instances/bayesian_networks/pcnf/munin/1066.cnf,"Estimated probability 3.4351689e-3 with bounds [3.4351688e-3 3.4351690e-3] (epsilon 0.00000002397212361948675) found in 19 seconds ",
1086,:,1737450611.000,2.000,0,132,0,0,"schlandals --timeout 1500 -i /data/schlandals/pwmc_benchmarks/instances/bayesian_networks/pcnf/munin/1086.cnf | tr '\n' ' '",/data/schlandals/pwmc_benchmarks/instances/bayesian_networks/pcnf/munin/1086.cnf,"Estimated probability 3.4405241e-1 with bounds [3.4405241e-1 3.4405241e-1] (epsilon 0.0000000004792763963479274) found in 0 seconds ",
1087,:,1737450611.000,2.000,0,132,0,0,"schlandals --timeout 1500 -i /data/schlandals/pwmc_benchmarks/instances/bayesian_networks/pcnf/munin/1087.cnf | tr '\n' ' '",/data/schlandals/pwmc_benchmarks/instances/bayesian_networks/pcnf/munin/1087.cnf,"Estimated probability 1.0035092e-1 with bounds [1.0035092e-1 1.0035092e-1] (epsilon 0.0000000016431953575590796) found in 0 seconds ",
1089,:,1737450613.000,0.000,0,131,0,0,"schlandals --timeout 1500 -i /data/schlandals/pwmc_benchmarks/instances/bayesian_networks/pcnf/munin/1089.cnf | tr '\n' ' '",/data/schlandals/pwmc_benchmarks/instances/bayesian_networks/pcnf/munin/1089.cnf,"Estimated probability 6.7968296e-3 with bounds [6.7968294e-3 6.7968297e-3] (epsilon 0.000000024260743414217245) found in 0 seconds ",
1088,:,1737450612.000,2.000,0,131,0,0,"schlandals --timeout 1500 -i /data/schlandals/pwmc_benchmarks/instances/bayesian_networks/pcnf/munin/1088.cnf | tr '\n' ' '",/data/schlandals/pwmc_benchmarks/instances/bayesian_networks/pcnf/munin/1088.cnf,"Estimated probability 2.3026507e-2 with bounds [2.3026507e-2 2.3026507e-2] (epsilon 0.000000007161145232359445) found in 0 seconds ",
1090,:,1737450613.000,1.000,0,131,0,0,"schlandals --timeout 1500 -i /data/schlandals/pwmc_benchmarks/instances/bayesian_networks/pcnf/munin/1090.cnf | tr '\n' ' '",/data/schlandals/pwmc_benchmarks/instances/bayesian_networks/pcnf/munin/1090.cnf,"Estimated probability 3.4255145e-3 with bounds [3.4255143e-3 3.4255146e-3] (epsilon 0.000000048137630548339416) found in 0 seconds ",
1091,:,1737450613.000,1.000,0,130,0,0,"schlandals --timeout 1500 -i /data/schlandals/pwmc_benchmarks/instances/bayesian_networks/pcnf/munin/1091.cnf | tr '\n' ' '",/data/schlandals/pwmc_benchmarks/instances/bayesian_networks/pcnf/munin/1091.cnf,"Estimated probability 1.8666878e-3 with bounds [1.8666876e-3 1.8666880e-3] (epsilon 0.00000008833624431936471) found in 0 seconds ",
1092,:,1737450614.000,1.000,0,131,0,0,"schlandals --timeout 1500 -i /data/schlandals/pwmc_benchmarks/instances/bayesian_networks/pcnf/munin/1092.cnf | tr '\n' ' '",/data/schlandals/pwmc_benchmarks/instances/bayesian_networks/pcnf/munin/1092.cnf,"Estimated probability 6.8918884e-4 with bounds [6.8918883e-4 6.8918884e-4] (epsilon 0.000000004864303848606255) found in 0 seconds ",
1067,:,1737450593.000,22.000,0,131,0,0,"schlandals --timeout 1500 -i /data/schlandals/pwmc_benchmarks/instances/bayesian_networks/pcnf/munin/1067.cnf | tr '\n' ' '",/data/schlandals/pwmc_benchmarks/instances/bayesian_networks/pcnf/munin/1067.cnf,"Estimated probability 2.7159568e-3 with bounds [2.7159567e-3 2.7159569e-3] (epsilon 0.00000003032017836801515) found in 21 seconds ",
1094,:,1737450614.000,3.000,0,129,0,0,"schlandals --timeout 1500 -i /data/schlandals/pwmc_benchmarks/instances/bayesian_networks/pcnf/munin/1094.cnf | tr '\n' ' '",/data/schlandals/pwmc_benchmarks/instances/bayesian_networks/pcnf/munin/1094.cnf,"Estimated probability 2.8783851e-5 with bounds [2.8783829e-5 2.8783873e-5] (epsilon 0.0000005992676839206013) found in 2 seconds ",
707,:,1737449972.000,645.000,0,131,0,0,"schlandals --timeout 1500 -i /data/schlandals/pwmc_benchmarks/instances/bayesian_networks/pcnf/munin/707.cnf | tr '\n' ' '",/data/schlandals/pwmc_benchmarks/instances/bayesian_networks/pcnf/munin/707.cnf,"Estimated probability 1.6855264e-3 with bounds [1.6855260e-3 1.6855268e-3] (epsilon 0.0000002467655222382348) found in 644 seconds ",
1093,:,1737450614.000,5.000,0,131,0,0,"schlandals --timeout 1500 -i /data/schlandals/pwmc_benchmarks/instances/bayesian_networks/pcnf/munin/1093.cnf | tr '\n' ' '",/data/schlandals/pwmc_benchmarks/instances/bayesian_networks/pcnf/munin/1093.cnf,"Estimated probability 8.2389367e-3 with bounds [8.2389367e-3 8.2389367e-3] (epsilon 0.000000002093623274745937) found in 4 seconds ",
1061,:,1737450586.000,33.000,0,132,0,0,"schlandals --timeout 1500 -i /data/schlandals/pwmc_benchmarks/instances/bayesian_networks/pcnf/munin/1061.cnf | tr '\n' ' '",/data/schlandals/pwmc_benchmarks/instances/bayesian_networks/pcnf/munin/1061.cnf,"Estimated probability 8.2389367e-3 with bounds [8.2389367e-3 8.2389368e-3] (epsilon 0.000000006057115475854857) found in 31 seconds ",
1095,:,1737450615.000,5.000,0,130,0,0,"schlandals --timeout 1500 -i /data/schlandals/pwmc_benchmarks/instances/bayesian_networks/pcnf/munin/1095.cnf | tr '\n' ' '",/data/schlandals/pwmc_benchmarks/instances/bayesian_networks/pcnf/munin/1095.cnf,"Estimated probability 6.2857709e-4 with bounds [6.2857706e-4 6.2857711e-4] (epsilon 0.00000002744170957136305) found in 4 seconds ",
1096,:,1737450616.000,4.000,0,130,0,0,"schlandals --timeout 1500 -i /data/schlandals/pwmc_benchmarks/instances/bayesian_networks/pcnf/munin/1096.cnf | tr '\n' ' '",/data/schlandals/pwmc_benchmarks/instances/bayesian_networks/pcnf/munin/1096.cnf,"Estimated probability 1.0685865e-3 with bounds [1.0685865e-3 1.0685865e-3] (epsilon 0.00000001614209921285692) found in 4 seconds ",
1097,:,1737450617.000,4.000,0,131,0,0,"schlandals --timeout 1500 -i /data/schlandals/pwmc_benchmarks/instances/bayesian_networks/pcnf/munin/1097.cnf | tr '\n' ' '",/data/schlandals/pwmc_benchmarks/instances/bayesian_networks/pcnf/munin/1097.cnf,"Estimated probability 1.2821688e-3 with bounds [1.2821688e-3 1.2821689e-3] (epsilon 0.000000025691834659724577) found in 3 seconds ",
1064,:,1737450592.000,29.000,0,132,0,0,"schlandals --timeout 1500 -i /data/schlandals/pwmc_benchmarks/instances/bayesian_networks/pcnf/munin/1064.cnf | tr '\n' ' '",/data/schlandals/pwmc_benchmarks/instances/bayesian_networks/pcnf/munin/1064.cnf,"Estimated probability 4.1088931e-3 with bounds [4.1088930e-3 4.1088931e-3] (epsilon 0.000000020041479142918206) found in 28 seconds ",
715,:,1737449992.000,630.000,0,133,0,0,"schlandals --timeout 1500 -i /data/schlandals/pwmc_benchmarks/instances/bayesian_networks/pcnf/munin/715.cnf | tr '\n' ' '",/data/schlandals/pwmc_benchmarks/instances/bayesian_networks/pcnf/munin/715.cnf,"Estimated probability 5.2139694e-2 with bounds [5.2139693e-2 5.2139694e-2] (epsilon 0.000000015262556329886934) found in 629 seconds ",
706,:,1737449972.000,650.000,0,131,0,0,"schlandals --timeout 1500 -i /data/schlandals/pwmc_benchmarks/instances/bayesian_networks/pcnf/munin/706.cnf | tr '\n' ' '",/data/schlandals/pwmc_benchmarks/instances/bayesian_networks/pcnf/munin/706.cnf,"Estimated probability 1.3723785e-3 with bounds [1.3723781e-3 1.3723789e-3] (epsilon 0.0000003030722286467835) found in 649 seconds ",
1098,:,1737450617.000,5.000,0,130,0,0,"schlandals --timeout 1500 -i /data/schlandals/pwmc_benchmarks/instances/bayesian_networks/pcnf/munin/1098.cnf | tr '\n' ' '",/data/schlandals/pwmc_benchmarks/instances/bayesian_networks/pcnf/munin/1098.cnf,"Estimated probability 1.2423214e-3 with bounds [1.2423213e-3 1.2423214e-3] (epsilon 0.00000002651589992019865) found in 4 seconds ",
1099,:,1737450619.000,5.000,0,129,0,0,"schlandals --timeout 1500 -i /data/schlandals/pwmc_benchmarks/instances/bayesian_networks/pcnf/munin/1099.cnf | tr '\n' ' '",/data/schlandals/pwmc_benchmarks/instances/bayesian_networks/pcnf/munin/1099.cnf,"Estimated probability 1.3235793e-3 with bounds [1.3235792e-3 1.3235793e-3] (epsilon 0.0000000374645612311042) found in 4 seconds ",
1100,:,1737450619.000,5.000,0,130,0,0,"schlandals --timeout 1500 -i /data/schlandals/pwmc_benchmarks/instances/bayesian_networks/pcnf/munin/1100.cnf | tr '\n' ' '",/data/schlandals/pwmc_benchmarks/instances/bayesian_networks/pcnf/munin/1100.cnf,"Estimated probability 1.5463978e-3 with bounds [1.5463976e-3 1.5463979e-3] (epsilon 0.00000010388131221894525) found in 4 seconds ",
1103,:,1737450621.000,3.000,0,130,0,0,"schlandals --timeout 1500 -i /data/schlandals/pwmc_benchmarks/instances/bayesian_networks/pcnf/munin/1103.cnf | tr '\n' ' '",/data/schlandals/pwmc_benchmarks/instances/bayesian_networks/pcnf/munin/1103.cnf,"Estimated probability 7.1517515e-3 with bounds [7.1517509e-3 7.1517522e-3] (epsilon 0.00000008636782444781943) found in 2 seconds ",
1104,:,1737450621.000,3.000,0,130,0,0,"schlandals --timeout 1500 -i /data/schlandals/pwmc_benchmarks/instances/bayesian_networks/pcnf/munin/1104.cnf | tr '\n' ' '",/data/schlandals/pwmc_benchmarks/instances/bayesian_networks/pcnf/munin/1104.cnf,"Estimated probability 1.4367893e-2 with bounds [1.4367893e-2 1.4367894e-2] (epsilon 0.00000004299037925648008) found in 2 seconds ",
1102,:,1737450620.000,5.000,0,130,0,0,"schlandals --timeout 1500 -i /data/schlandals/pwmc_benchmarks/instances/bayesian_networks/pcnf/munin/1102.cnf | tr '\n' ' '",/data/schlandals/pwmc_benchmarks/instances/bayesian_networks/pcnf/munin/1102.cnf,"Estimated probability 3.6210644e-3 with bounds [3.6210638e-3 3.6210650e-3] (epsilon 0.00000017058002033110142) found in 4 seconds ",
1101,:,1737450620.000,5.000,0,130,0,0,"schlandals --timeout 1500 -i /data/schlandals/pwmc_benchmarks/instances/bayesian_networks/pcnf/munin/1101.cnf | tr '\n' ' '",/data/schlandals/pwmc_benchmarks/instances/bayesian_networks/pcnf/munin/1101.cnf,"Estimated probability 1.9437233e-3 with bounds [1.9437232e-3 1.9437235e-3] (epsilon 0.00000008264644635325169) found in 4 seconds ",
1105,:,1737450622.000,3.000,0,130,0,0,"schlandals --timeout 1500 -i /data/schlandals/pwmc_benchmarks/instances/bayesian_networks/pcnf/munin/1105.cnf | tr '\n' ' '",/data/schlandals/pwmc_benchmarks/instances/bayesian_networks/pcnf/munin/1105.cnf,"Estimated probability 4.2878974e-2 with bounds [4.2878973e-2 4.2878974e-2] (epsilon 0.00000001440522323647997) found in 3 seconds ",
1106,:,1737450622.000,4.000,0,130,0,0,"schlandals --timeout 1500 -i /data/schlandals/pwmc_benchmarks/instances/bayesian_networks/pcnf/munin/1106.cnf | tr '\n' ' '",/data/schlandals/pwmc_benchmarks/instances/bayesian_networks/pcnf/munin/1106.cnf,"Estimated probability 1.0302540e-1 with bounds [1.0302540e-1 1.0302540e-1] (epsilon 0.00000000584311421469863) found in 3 seconds ",
1079,:,1737450606.000,20.000,0,131,0,0,"schlandals --timeout 1500 -i /data/schlandals/pwmc_benchmarks/instances/bayesian_networks/pcnf/munin/1079.cnf | tr '\n' ' '",/data/schlandals/pwmc_benchmarks/instances/bayesian_networks/pcnf/munin/1079.cnf,"Estimated probability 9.2963327e-2 with bounds [9.2963322e-2 9.2963332e-2] (epsilon 0.00000005056807728109902) found in 19 seconds ",
1107,:,1737450622.000,5.000,0,132,0,0,"schlandals --timeout 1500 -i /data/schlandals/pwmc_benchmarks/instances/bayesian_networks/pcnf/munin/1107.cnf | tr '\n' ' '",/data/schlandals/pwmc_benchmarks/instances/bayesian_networks/pcnf/munin/1107.cnf,"Estimated probability 2.0584522e-1 with bounds [2.0584522e-1 2.0584522e-1] (epsilon 0.0000000029244748844803325) found in 4 seconds ",
1065,:,1737450593.000,34.000,0,132,0,0,"schlandals --timeout 1500 -i /data/schlandals/pwmc_benchmarks/instances/bayesian_networks/pcnf/munin/1065.cnf | tr '\n' ' '",/data/schlandals/pwmc_benchmarks/instances/bayesian_networks/pcnf/munin/1065.cnf,"Estimated probability 4.0072847e-3 with bounds [4.0072846e-3 4.0072847e-3] (epsilon 0.000000020549649093482003) found in 33 seconds ",
1077,:,1737450605.000,22.000,0,132,0,0,"schlandals --timeout 1500 -i /data/schlandals/pwmc_benchmarks/instances/bayesian_networks/pcnf/munin/1077.cnf | tr '\n' ' '",/data/schlandals/pwmc_benchmarks/instances/bayesian_networks/pcnf/munin/1077.cnf,"Estimated probability 2.2167404e-1 with bounds [2.2167404e-1 2.2167405e-1] (epsilon 0.000000021206707723209206) found in 22 seconds ",
1069,:,1737450598.000,30.000,0,131,0,0,"schlandals --timeout 1500 -i /data/schlandals/pwmc_benchmarks/instances/bayesian_networks/pcnf/munin/1069.cnf | tr '\n' ' '",/data/schlandals/pwmc_benchmarks/instances/bayesian_networks/pcnf/munin/1069.cnf,"Estimated probability 3.8835339e-3 with bounds [3.8835339e-3 3.8835340e-3] (epsilon 0.00000002120447351039445) found in 29 seconds ",
1112,:,1737450625.000,3.000,0,130,0,0,"schlandals --timeout 1500 -i /data/schlandals/pwmc_benchmarks/instances/bayesian_networks/pcnf/munin/1112.cnf | tr '\n' ' '",/data/schlandals/pwmc_benchmarks/instances/bayesian_networks/pcnf/munin/1112.cnf,"Estimated probability 1.4769736e-2 with bounds [1.4769736e-2 1.4769737e-2] (epsilon 0.00000003211219135046406) found in 2 seconds ",
1109,:,1737450624.000,5.000,0,131,0,0,"schlandals --timeout 1500 -i /data/schlandals/pwmc_benchmarks/instances/bayesian_networks/pcnf/munin/1109.cnf | tr '\n' ' '",/data/schlandals/pwmc_benchmarks/instances/bayesian_networks/pcnf/munin/1109.cnf,"Estimated probability 2.0223135e-1 with bounds [2.0223135e-1 2.0223135e-1] (epsilon 0.000000002894423367649779) found in 4 seconds ",
1110,:,1737450624.000,5.000,0,131,0,0,"schlandals --timeout 1500 -i /data/schlandals/pwmc_benchmarks/instances/bayesian_networks/pcnf/munin/1110.cnf | tr '\n' ' '",/data/schlandals/pwmc_benchmarks/instances/bayesian_networks/pcnf/munin/1110.cnf,"Estimated probability 1.0043013e-1 with bounds [1.0043013e-1 1.0043013e-1] (epsilon 0.000000005828362015236621) found in 4 seconds ",
1108,:,1737450624.000,5.000,0,131,0,0,"schlandals --timeout 1500 -i /data/schlandals/pwmc_benchmarks/instances/bayesian_networks/pcnf/munin/1108.cnf | tr '\n' ' '",/data/schlandals/pwmc_benchmarks/instances/bayesian_networks/pcnf/munin/1108.cnf,"Estimated probability 2.4744940e-1 with bounds [2.4744940e-1 2.4744940e-1] (epsilon 0.000000002432776868843689) found in 4 seconds ",
702,:,1737449968.000,661.000,0,132,0,0,"schlandals --timeout 1500 -i /data/schlandals/pwmc_benchmarks/instances/bayesian_networks/pcnf/munin/702.cnf | tr '\n' ' '",/data/schlandals/pwmc_benchmarks/instances/bayesian_networks/pcnf/munin/702.cnf,"Estimated probability 7.4756771e-4 with bounds [7.4756755e-4 7.4756788e-4] (epsilon 0.00000021564079832891991) found in 660 seconds ",
1111,:,1737450624.000,5.000,0,131,0,0,"schlandals --timeout 1500 -i /data/schlandals/pwmc_benchmarks/instances/bayesian_networks/pcnf/munin/1111.cnf | tr '\n' ' '",/data/schlandals/pwmc_benchmarks/instances/bayesian_networks/pcnf/munin/1111.cnf,"Estimated probability 4.0926016e-2 with bounds [4.0926015e-2 4.0926016e-2] (epsilon 0.000000014302470985327886) found in 4 seconds ",
1073,:,1737450600.000,31.000,0,131,0,0,"schlandals --timeout 1500 -i /data/schlandals/pwmc_benchmarks/instances/bayesian_networks/pcnf/munin/1073.cnf | tr '\n' ' '",/data/schlandals/pwmc_benchmarks/instances/bayesian_networks/pcnf/munin/1073.cnf,"Estimated probability 2.5680784e-2 with bounds [2.5680780e-2 2.5680789e-2] (epsilon 0.00000018305426063847108) found in 30 seconds ",
721,:,1737450004.000,628.000,0,133,0,0,"schlandals --timeout 1500 -i /data/schlandals/pwmc_benchmarks/instances/bayesian_networks/pcnf/munin/721.cnf | tr '\n' ' '",/data/schlandals/pwmc_benchmarks/instances/bayesian_networks/pcnf/munin/721.cnf,"Estimated probability 9.9945945e-2 with bounds [9.9945945e-2 9.9945946e-2] (epsilon 0.000000007962153825147311) found in 626 seconds ",
1075,:,1737450602.000,30.000,0,132,0,0,"schlandals --timeout 1500 -i /data/schlandals/pwmc_benchmarks/instances/bayesian_networks/pcnf/munin/1075.cnf | tr '\n' ' '",/data/schlandals/pwmc_benchmarks/instances/bayesian_networks/pcnf/munin/1075.cnf,"Estimated probability 1.3757367e-1 with bounds [1.3757367e-1 1.3757368e-1] (epsilon 0.000000034170612783768206) found in 29 seconds ",
1068,:,1737450598.000,34.000,0,131,0,0,"schlandals --timeout 1500 -i /data/schlandals/pwmc_benchmarks/instances/bayesian_networks/pcnf/munin/1068.cnf | tr '\n' ' '",/data/schlandals/pwmc_benchmarks/instances/bayesian_networks/pcnf/munin/1068.cnf,"Estimated probability 2.7335605e-3 with bounds [2.7335604e-3 2.7335606e-3] (epsilon 0.00000003012492011400525) found in 33 seconds ",
1113,:,1737450625.000,8.000,0,106,0,0,"schlandals --timeout 1500 -i /data/schlandals/pwmc_benchmarks/instances/bayesian_networks/pcnf/munin/1113.cnf | tr '\n' ' '",/data/schlandals/pwmc_benchmarks/instances/bayesian_networks/pcnf/munin/1113.cnf,"Estimated probability 1.3794423e-2 with bounds [1.3794423e-2 1.3794423e-2] (epsilon 0) found in 7 seconds ",
1121,:,1737450628.000,6.000,0,131,0,0,"schlandals --timeout 1500 -i /data/schlandals/pwmc_benchmarks/instances/bayesian_networks/pcnf/munin/1121.cnf | tr '\n' ' '",/data/schlandals/pwmc_benchmarks/instances/bayesian_networks/pcnf/munin/1121.cnf,"Estimated probability 1.4283210e-1 with bounds [1.4283209e-1 1.4283210e-1] (epsilon 0.000000033257173459588785) found in 5 seconds ",
1070,:,1737450599.000,35.000,0,131,0,0,"schlandals --timeout 1500 -i /data/schlandals/pwmc_benchmarks/instances/bayesian_networks/pcnf/munin/1070.cnf | tr '\n' ' '",/data/schlandals/pwmc_benchmarks/instances/bayesian_networks/pcnf/munin/1070.cnf,"Estimated probability 5.8181944e-3 with bounds [5.8181940e-3 5.8181948e-3] (epsilon 0.00000007184896766432303) found in 34 seconds ",
1072,:,1737450599.000,35.000,0,129,0,0,"schlandals --timeout 1500 -i /data/schlandals/pwmc_benchmarks/instances/bayesian_networks/pcnf/munin/1072.cnf | tr '\n' ' '",/data/schlandals/pwmc_benchmarks/instances/bayesian_networks/pcnf/munin/1072.cnf,"Estimated probability 1.0944984e-2 with bounds [1.0944980e-2 1.0944989e-2] (epsilon 0.000000429509766197711) found in 34 seconds ",
1071,:,1737450599.000,35.000,0,130,0,0,"schlandals --timeout 1500 -i /data/schlandals/pwmc_benchmarks/instances/bayesian_networks/pcnf/munin/1071.cnf | tr '\n' ' '",/data/schlandals/pwmc_benchmarks/instances/bayesian_networks/pcnf/munin/1071.cnf,"Estimated probability 7.6433267e-3 with bounds [7.6433219e-3 7.6433314e-3] (epsilon 0.0000006150434546103867) found in 34 seconds ",
1114,:,1737450625.000,10.000,0,131,0,0,"schlandals --timeout 1500 -i /data/schlandals/pwmc_benchmarks/instances/bayesian_networks/pcnf/munin/1114.cnf | tr '\n' ' '",/data/schlandals/pwmc_benchmarks/instances/bayesian_networks/pcnf/munin/1114.cnf,"Estimated probability 8.9170996e-3 with bounds [8.9170994e-3 8.9170999e-3] (epsilon 0.000000026645727180252265) found in 8 seconds ",
1116,:,1737450626.000,9.000,0,130,0,0,"schlandals --timeout 1500 -i /data/schlandals/pwmc_benchmarks/instances/bayesian_networks/pcnf/munin/1116.cnf | tr '\n' ' '",/data/schlandals/pwmc_benchmarks/instances/bayesian_networks/pcnf/munin/1116.cnf,"Estimated probability 8.5845131e-3 with bounds [8.5845125e-3 8.5845136e-3] (epsilon 0.00000006319811673982656) found in 8 seconds ",
1123,:,1737450629.000,6.000,0,130,0,0,"schlandals --timeout 1500 -i /data/schlandals/pwmc_benchmarks/instances/bayesian_networks/pcnf/munin/1123.cnf | tr '\n' ' '",/data/schlandals/pwmc_benchmarks/instances/bayesian_networks/pcnf/munin/1123.cnf,"Estimated probability 2.7225408e-1 with bounds [2.7225408e-1 2.7225409e-1] (epsilon 0.00000001744764199784754) found in 5 seconds ",
1080,:,1737450606.000,29.000,0,131,0,0,"schlandals --timeout 1500 -i /data/schlandals/pwmc_benchmarks/instances/bayesian_networks/pcnf/munin/1080.cnf | tr '\n' ' '",/data/schlandals/pwmc_benchmarks/instances/bayesian_networks/pcnf/munin/1080.cnf,"Estimated probability 4.9037361e-2 with bounds [4.9037356e-2 4.9037366e-2] (epsilon 0.00000009586520843818391) found in 28 seconds ",
1115,:,1737450626.000,9.000,0,131,0,0,"schlandals --timeout 1500 -i /data/schlandals/pwmc_benchmarks/instances/bayesian_networks/pcnf/munin/1115.cnf | tr '\n' ' '",/data/schlandals/pwmc_benchmarks/instances/bayesian_networks/pcnf/munin/1115.cnf,"Estimated probability 8.1589718e-3 with bounds [8.1589715e-3 8.1589720e-3] (epsilon 0.000000029121635991558037) found in 9 seconds ",
1117,:,1737450627.000,9.000,0,129,0,0,"schlandals --timeout 1500 -i /data/schlandals/pwmc_benchmarks/instances/bayesian_networks/pcnf/munin/1117.cnf | tr '\n' ' '",/data/schlandals/pwmc_benchmarks/instances/bayesian_networks/pcnf/munin/1117.cnf,"Estimated probability 1.0402888e-2 with bounds [1.0402887e-2 1.0402888e-2] (epsilon 0.0000000521513907614235) found in 8 seconds ",
1119,:,1737450627.000,9.000,0,130,0,0,"schlandals --timeout 1500 -i /data/schlandals/pwmc_benchmarks/instances/bayesian_networks/pcnf/munin/1119.cnf | tr '\n' ' '",/data/schlandals/pwmc_benchmarks/instances/bayesian_networks/pcnf/munin/1119.cnf,"Estimated probability 2.1424899e-2 with bounds [2.1424894e-2 2.1424904e-2] (epsilon 0.00000022171363345258044) found in 8 seconds ",
1118,:,1737450627.000,9.000,0,130,0,0,"schlandals --timeout 1500 -i /data/schlandals/pwmc_benchmarks/instances/bayesian_networks/pcnf/munin/1118.cnf | tr '\n' ' '",/data/schlandals/pwmc_benchmarks/instances/bayesian_networks/pcnf/munin/1118.cnf,"Estimated probability 1.4195173e-2 with bounds [1.4195168e-2 1.4195178e-2] (epsilon 0.00000033463435156200205) found in 9 seconds ",
1120,:,1737450628.000,9.000,0,129,0,0,"schlandals --timeout 1500 -i /data/schlandals/pwmc_benchmarks/instances/bayesian_networks/pcnf/munin/1120.cnf | tr '\n' ' '",/data/schlandals/pwmc_benchmarks/instances/bayesian_networks/pcnf/munin/1120.cnf,"Estimated probability 5.0398523e-2 with bounds [5.0398518e-2 5.0398528e-2] (epsilon 0.0000000942526019453993) found in 8 seconds ",
1076,:,1737450602.000,35.000,0,130,0,0,"schlandals --timeout 1500 -i /data/schlandals/pwmc_benchmarks/instances/bayesian_networks/pcnf/munin/1076.cnf | tr '\n' ' '",/data/schlandals/pwmc_benchmarks/instances/bayesian_networks/pcnf/munin/1076.cnf,"Estimated probability 1.9968718e-1 with bounds [1.9968718e-1 1.9968719e-1] (epsilon 0.0000000235417045857389) found in 34 seconds ",
1126,:,1737450629.000,8.000,0,129,0,0,"schlandals --timeout 1500 -i /data/schlandals/pwmc_benchmarks/instances/bayesian_networks/pcnf/munin/1126.cnf | tr '\n' ' '",/data/schlandals/pwmc_benchmarks/instances/bayesian_networks/pcnf/munin/1126.cnf,"Estimated probability 3.9922010e-3 with bounds [3.9921965e-3 3.9922055e-3] (epsilon 0.0000011290993460200127) found in 7 seconds ",
1128,:,1737450632.000,6.000,0,130,0,0,"schlandals --timeout 1500 -i /data/schlandals/pwmc_benchmarks/instances/bayesian_networks/pcnf/munin/1128.cnf | tr '\n' ' '",/data/schlandals/pwmc_benchmarks/instances/bayesian_networks/pcnf/munin/1128.cnf,"Estimated probability 8.2389367e-3 with bounds [8.2389367e-3 8.2389368e-3] (epsilon 0.00000000480694706261886) found in 5 seconds ",
1127,:,1737450631.000,7.000,0,128,0,0,"schlandals --timeout 1500 -i /data/schlandals/pwmc_benchmarks/instances/bayesian_networks/pcnf/munin/1127.cnf | tr '\n' ' '",/data/schlandals/pwmc_benchmarks/instances/bayesian_networks/pcnf/munin/1127.cnf,"Estimated probability 2.5248945e-4 with bounds [2.5248524e-4 2.5249366e-4] (epsilon 0.000016645057622222126) found in 6 seconds ",
1122,:,1737450629.000,9.000,0,131,0,0,"schlandals --timeout 1500 -i /data/schlandals/pwmc_benchmarks/instances/bayesian_networks/pcnf/munin/1122.cnf | tr '\n' ' '",/data/schlandals/pwmc_benchmarks/instances/bayesian_networks/pcnf/munin/1122.cnf,"Estimated probability 2.7359280e-1 with bounds [2.7359280e-1 2.7359281e-1] (epsilon 0.000000017362268511789125) found in 8 seconds ",
1147,:,1737450638.000,0.000,0,106,0,0,"schlandals --timeout 1500 -i /data/schlandals/pwmc_benchmarks/instances/bayesian_networks/pcnf/munin/1147.cnf | tr '\n' ' '",/data/schlandals/pwmc_benchmarks/instances/bayesian_networks/pcnf/munin/1147.cnf,"Estimated probability 9.7338253e-2 with bounds [9.7338253e-2 9.7338253e-2] (epsilon 0) found in 0 seconds ",
1124,:,1737450629.000,9.000,0,131,0,0,"schlandals --timeout 1500 -i /data/schlandals/pwmc_benchmarks/instances/bayesian_networks/pcnf/munin/1124.cnf | tr '\n' ' '",/data/schlandals/pwmc_benchmarks/instances/bayesian_networks/pcnf/munin/1124.cnf,"Estimated probability 1.3768642e-1 with bounds [1.3768642e-1 1.3768643e-1] (epsilon 0.000000034500074352905585) found in 8 seconds ",
1074,:,1737450602.000,36.000,0,131,0,0,"schlandals --timeout 1500 -i /data/schlandals/pwmc_benchmarks/instances/bayesian_networks/pcnf/munin/1074.cnf | tr '\n' ' '",/data/schlandals/pwmc_benchmarks/instances/bayesian_networks/pcnf/munin/1074.cnf,"Estimated probability 6.0039308e-2 with bounds [6.0039303e-2 6.0039313e-2] (epsilon 0.00000007829831694117217) found in 36 seconds ",
1125,:,1737450629.000,9.000,0,129,0,0,"schlandals --timeout 1500 -i /data/schlandals/pwmc_benchmarks/instances/bayesian_networks/pcnf/munin/1125.cnf | tr '\n' ' '",/data/schlandals/pwmc_benchmarks/instances/bayesian_networks/pcnf/munin/1125.cnf,"Estimated probability 3.3513457e-2 with bounds [3.3513453e-2 3.3513462e-2] (epsilon 0.0000001417398369785161) found in 8 seconds ",
1151,:,1737450638.000,1.000,0,106,0,0,"schlandals --timeout 1500 -i /data/schlandals/pwmc_benchmarks/instances/bayesian_networks/pcnf/munin/1151.cnf | tr '\n' ' '",/data/schlandals/pwmc_benchmarks/instances/bayesian_networks/pcnf/munin/1151.cnf,"Estimated probability 2.7831620e-3 with bounds [2.7831620e-3 2.7831620e-3] (epsilon 0) found in 0 seconds ",
1148,:,1737450638.000,1.000,0,106,0,0,"schlandals --timeout 1500 -i /data/schlandals/pwmc_benchmarks/instances/bayesian_networks/pcnf/munin/1148.cnf | tr '\n' ' '",/data/schlandals/pwmc_benchmarks/instances/bayesian_networks/pcnf/munin/1148.cnf,"Estimated probability 5.4820564e-1 with bounds [5.4820564e-1 5.4820564e-1] (epsilon 0) found in 0 seconds ",
1149,:,1737450638.000,1.000,0,106,0,0,"schlandals --timeout 1500 -i /data/schlandals/pwmc_benchmarks/instances/bayesian_networks/pcnf/munin/1149.cnf | tr '\n' ' '",/data/schlandals/pwmc_benchmarks/instances/bayesian_networks/pcnf/munin/1149.cnf,"Estimated probability 3.1676146e-1 with bounds [3.1676146e-1 3.1676146e-1] (epsilon 0) found in 0 seconds ",
1129,:,1737450632.000,7.000,0,130,0,0,"schlandals --timeout 1500 -i /data/schlandals/pwmc_benchmarks/instances/bayesian_networks/pcnf/munin/1129.cnf | tr '\n' ' '",/data/schlandals/pwmc_benchmarks/instances/bayesian_networks/pcnf/munin/1129.cnf,"Estimated probability 9.3332395e-5 with bounds [9.3332350e-5 9.3332440e-5] (epsilon 0.00000042433433367072837) found in 6 seconds ",
1153,:,1737450638.000,1.000,0,106,0,0,"schlandals --timeout 1500 -i /data/schlandals/pwmc_benchmarks/instances/bayesian_networks/pcnf/munin/1153.cnf | tr '\n' ' '",/data/schlandals/pwmc_benchmarks/instances/bayesian_networks/pcnf/munin/1153.cnf,"Estimated probability 2.4481295e-3 with bounds [2.4481295e-3 2.4481295e-3] (epsilon 0) found in 0 seconds ",
1150,:,1737450638.000,1.000,0,106,0,0,"schlandals --timeout 1500 -i /data/schlandals/pwmc_benchmarks/instances/bayesian_networks/pcnf/munin/1150.cnf | tr '\n' ' '",/data/schlandals/pwmc_benchmarks/instances/bayesian_networks/pcnf/munin/1150.cnf,"Estimated probability 2.5523409e-2 with bounds [2.5523409e-2 2.5523409e-2] (epsilon 0) found in 0 seconds ",
1152,:,1737450638.000,1.000,0,106,0,0,"schlandals --timeout 1500 -i /data/schlandals/pwmc_benchmarks/instances/bayesian_networks/pcnf/munin/1152.cnf | tr '\n' ' '",/data/schlandals/pwmc_benchmarks/instances/bayesian_networks/pcnf/munin/1152.cnf,"Estimated probability 3.0480228e-3 with bounds [3.0480228e-3 3.0480228e-3] (epsilon 0) found in 0 seconds ",
1155,:,1737450639.000,0.000,0,106,0,0,"schlandals --timeout 1500 -i /data/schlandals/pwmc_benchmarks/instances/bayesian_networks/pcnf/munin/1155.cnf | tr '\n' ' '",/data/schlandals/pwmc_benchmarks/instances/bayesian_networks/pcnf/munin/1155.cnf,"Estimated probability 2.9745681e-4 with bounds [2.9745681e-4 2.9745681e-4] (epsilon 0) found in 0 seconds ",
705,:,1737449971.000,669.000,0,131,0,0,"schlandals --timeout 1500 -i /data/schlandals/pwmc_benchmarks/instances/bayesian_networks/pcnf/munin/705.cnf | tr '\n' ' '",/data/schlandals/pwmc_benchmarks/instances/bayesian_networks/pcnf/munin/705.cnf,"Estimated probability 1.1722620e-3 with bounds [1.1722619e-3 1.1722622e-3] (epsilon 0.0000001375171165829414) found in 667 seconds ",
1154,:,1737450639.000,1.000,0,106,0,0,"schlandals --timeout 1500 -i /data/schlandals/pwmc_benchmarks/instances/bayesian_networks/pcnf/munin/1154.cnf | tr '\n' ' '",/data/schlandals/pwmc_benchmarks/instances/bayesian_networks/pcnf/munin/1154.cnf,"Estimated probability 4.7315610e-4 with bounds [4.7315610e-4 4.7315610e-4] (epsilon 0) found in 0 seconds ",
1078,:,1737450605.000,35.000,0,132,0,0,"schlandals --timeout 1500 -i /data/schlandals/pwmc_benchmarks/instances/bayesian_networks/pcnf/munin/1078.cnf | tr '\n' ' '",/data/schlandals/pwmc_benchmarks/instances/bayesian_networks/pcnf/munin/1078.cnf,"Estimated probability 1.5349068e-1 with bounds [1.5349067e-1 1.5349068e-1] (epsilon 0.000000030627115288339724) found in 34 seconds ",
1156,:,1737450639.000,1.000,0,106,0,0,"schlandals --timeout 1500 -i /data/schlandals/pwmc_benchmarks/instances/bayesian_networks/pcnf/munin/1156.cnf | tr '\n' ' '",/data/schlandals/pwmc_benchmarks/instances/bayesian_networks/pcnf/munin/1156.cnf,"Estimated probability 5.9117955e-4 with bounds [5.9117955e-4 5.9117955e-4] (epsilon 0) found in 0 seconds ",
1157,:,1737450639.000,1.000,0,106,0,0,"schlandals --timeout 1500 -i /data/schlandals/pwmc_benchmarks/instances/bayesian_networks/pcnf/munin/1157.cnf | tr '\n' ' '",/data/schlandals/pwmc_benchmarks/instances/bayesian_networks/pcnf/munin/1157.cnf,"Estimated probability 5.7098451e-4 with bounds [5.7098451e-4 5.7098451e-4] (epsilon 0) found in 0 seconds ",
1158,:,1737450639.000,1.000,0,106,0,0,"schlandals --timeout 1500 -i /data/schlandals/pwmc_benchmarks/instances/bayesian_networks/pcnf/munin/1158.cnf | tr '\n' ' '",/data/schlandals/pwmc_benchmarks/instances/bayesian_networks/pcnf/munin/1158.cnf,"Estimated probability 1.9591414e-3 with bounds [1.9591414e-3 1.9591414e-3] (epsilon 0) found in 0 seconds ",
1130,:,1737450632.000,9.000,0,131,0,0,"schlandals --timeout 1500 -i /data/schlandals/pwmc_benchmarks/instances/bayesian_networks/pcnf/munin/1130.cnf | tr '\n' ' '",/data/schlandals/pwmc_benchmarks/instances/bayesian_networks/pcnf/munin/1130.cnf,"Estimated probability 1.6232401e-3 with bounds [1.6232401e-3 1.6232401e-3] (epsilon 0.000000024398198350539246) found in 8 seconds ",
1139,:,1737450635.000,7.000,0,130,0,0,"schlandals --timeout 1500 -i /data/schlandals/pwmc_benchmarks/instances/bayesian_networks/pcnf/munin/1139.cnf | tr '\n' ' '",/data/schlandals/pwmc_benchmarks/instances/bayesian_networks/pcnf/munin/1139.cnf,"Estimated probability 1.4799201e-2 with bounds [1.4799196e-2 1.4799206e-2] (epsilon 0.00000032838666452761345) found in 6 seconds ",
1137,:,1737450635.000,7.000,0,129,0,0,"schlandals --timeout 1500 -i /data/schlandals/pwmc_benchmarks/instances/bayesian_networks/pcnf/munin/1137.cnf | tr '\n' ' '",/data/schlandals/pwmc_benchmarks/instances/bayesian_networks/pcnf/munin/1137.cnf,"Estimated probability 3.8453619e-3 with bounds [3.8453614e-3 3.8453624e-3] (epsilon 0.0000001364002053527713) found in 6 seconds ",
1131,:,1737450633.000,9.000,0,131,0,0,"schlandals --timeout 1500 -i /data/schlandals/pwmc_benchmarks/instances/bayesian_networks/pcnf/munin/1131.cnf | tr '\n' ' '",/data/schlandals/pwmc_benchmarks/instances/bayesian_networks/pcnf/munin/1131.cnf,"Estimated probability 2.8355462e-3 with bounds [2.8355461e-3 2.8355462e-3] (epsilon 0.000000013967021317284889) found in 8 seconds ",
709,:,1737449973.000,669.000,0,132,0,0,"schlandals --timeout 1500 -i /data/schlandals/pwmc_benchmarks/instances/bayesian_networks/pcnf/munin/709.cnf | tr '\n' ' '",/data/schlandals/pwmc_benchmarks/instances/bayesian_networks/pcnf/munin/709.cnf,"Estimated probability 2.9798757e-3 with bounds [2.9798749e-3 2.9798765e-3] (epsilon 0.00000026705312361485767) found in 669 seconds ",
1134,:,1737450634.000,9.000,0,130,0,0,"schlandals --timeout 1500 -i /data/schlandals/pwmc_benchmarks/instances/bayesian_networks/pcnf/munin/1134.cnf | tr '\n' ' '",/data/schlandals/pwmc_benchmarks/instances/bayesian_networks/pcnf/munin/1134.cnf,"Estimated probability 2.7712148e-3 with bounds [2.7712147e-3 2.7712148e-3] (epsilon 0.00000003103786982983081) found in 8 seconds ",
1133,:,1737450634.000,9.000,0,129,0,0,"schlandals --timeout 1500 -i /data/schlandals/pwmc_benchmarks/instances/bayesian_networks/pcnf/munin/1133.cnf | tr '\n' ' '",/data/schlandals/pwmc_benchmarks/instances/bayesian_networks/pcnf/munin/1133.cnf,"Estimated probability 2.8162619e-3 with bounds [2.8162619e-3 2.8162620e-3] (epsilon 0.0000000240423951858304) found in 8 seconds ",
1135,:,1737450634.000,9.000,0,129,0,0,"schlandals --timeout 1500 -i /data/schlandals/pwmc_benchmarks/instances/bayesian_networks/pcnf/munin/1135.cnf | tr '\n' ' '",/data/schlandals/pwmc_benchmarks/instances/bayesian_networks/pcnf/munin/1135.cnf,"Estimated probability 2.7432299e-3 with bounds [2.7432298e-3 2.7432299e-3] (epsilon 0.0000000313545005514726) found in 8 seconds ",
1132,:,1737450634.000,9.000,0,129,0,0,"schlandals --timeout 1500 -i /data/schlandals/pwmc_benchmarks/instances/bayesian_networks/pcnf/munin/1132.cnf | tr '\n' ' '",/data/schlandals/pwmc_benchmarks/instances/bayesian_networks/pcnf/munin/1132.cnf,"Estimated probability 3.1588237e-3 with bounds [3.1588236e-3 3.1588237e-3] (epsilon 0.0000000214350941440955) found in 9 seconds ",
1136,:,1737450635.000,9.000,0,130,0,0,"schlandals --timeout 1500 -i /data/schlandals/pwmc_benchmarks/instances/bayesian_networks/pcnf/munin/1136.cnf | tr '\n' ' '",/data/schlandals/pwmc_benchmarks/instances/bayesian_networks/pcnf/munin/1136.cnf,"Estimated probability 2.4835896e-3 with bounds [2.4835895e-3 2.4835897e-3] (epsilon 0.00000003463237363554583) found in 9 seconds ",
1140,:,1737450635.000,10.000,0,130,0,0,"schlandals --timeout 1500 -i /data/schlandals/pwmc_benchmarks/instances/bayesian_networks/pcnf/munin/1140.cnf | tr '\n' ' '",/data/schlandals/pwmc_benchmarks/instances/bayesian_networks/pcnf/munin/1140.cnf,"Estimated probability 4.9067219e-2 with bounds [4.9067214e-2 4.9067224e-2] (epsilon 0.00000009847214044178543) found in 8 seconds ",
1141,:,1737450636.000,9.000,0,131,0,0,"schlandals --timeout 1500 -i /data/schlandals/pwmc_benchmarks/instances/bayesian_networks/pcnf/munin/1141.cnf | tr '\n' ' '",/data/schlandals/pwmc_benchmarks/instances/bayesian_networks/pcnf/munin/1141.cnf,"Estimated probability 1.4360146e-1 with bounds [1.4360146e-1 1.4360147e-1] (epsilon 0.000000033646967656508764) found in 8 seconds ",
1138,:,1737450635.000,10.000,0,130,0,0,"schlandals --timeout 1500 -i /data/schlandals/pwmc_benchmarks/instances/bayesian_networks/pcnf/munin/1138.cnf | tr '\n' ' '",/data/schlandals/pwmc_benchmarks/instances/bayesian_networks/pcnf/munin/1138.cnf,"Estimated probability 6.9351404e-3 with bounds [6.9351399e-3 6.9351410e-3] (epsilon 0.00000007563049897463259) found in 9 seconds ",
1178,:,1737450645.000,0.000,0,106,0,0,"schlandals --timeout 1500 -i /data/schlandals/pwmc_benchmarks/instances/bayesian_networks/pcnf/munin/1178.cnf | tr '\n' ' '",/data/schlandals/pwmc_benchmarks/instances/bayesian_networks/pcnf/munin/1178.cnf,"Estimated probability 2.8807940e-2 with bounds [2.8807940e-2 2.8807940e-2] (epsilon 0) found in 0 seconds ",
1179,:,1737450645.000,0.000,0,106,0,0,"schlandals --timeout 1500 -i /data/schlandals/pwmc_benchmarks/instances/bayesian_networks/pcnf/munin/1179.cnf | tr '\n' ' '",/data/schlandals/pwmc_benchmarks/instances/bayesian_networks/pcnf/munin/1179.cnf,"Estimated probability 2.8241892e-1 with bounds [2.8241892e-1 2.8241892e-1] (epsilon 0) found in 0 seconds ",
1180,:,1737450645.000,0.000,0,106,0,0,"schlandals --timeout 1500 -i /data/schlandals/pwmc_benchmarks/instances/bayesian_networks/pcnf/munin/1180.cnf | tr '\n' ' '",/data/schlandals/pwmc_benchmarks/instances/bayesian_networks/pcnf/munin/1180.cnf,"Estimated probability 5.1567683e-1 with bounds [5.1567683e-1 5.1567683e-1] (epsilon 0) found in 0 seconds ",
1143,:,1737450636.000,10.000,0,131,0,0,"schlandals --timeout 1500 -i /data/schlandals/pwmc_benchmarks/instances/bayesian_networks/pcnf/munin/1143.cnf | tr '\n' ' '",/data/schlandals/pwmc_benchmarks/instances/bayesian_networks/pcnf/munin/1143.cnf,"Estimated probability 2.8374014e-1 with bounds [2.8374014e-1 2.8374015e-1] (epsilon 0.000000016964293303445288) found in 8 seconds ",
1181,:,1737450645.000,1.000,0,106,0,0,"schlandals --timeout 1500 -i /data/schlandals/pwmc_benchmarks/instances/bayesian_networks/pcnf/munin/1181.cnf | tr '\n' ' '",/data/schlandals/pwmc_benchmarks/instances/bayesian_networks/pcnf/munin/1181.cnf,"Estimated probability 1.6901953e-1 with bounds [1.6901953e-1 1.6901953e-1] (epsilon 0) found in 0 seconds ",
1146,:,1737450637.000,9.000,0,129,0,0,"schlandals --timeout 1500 -i /data/schlandals/pwmc_benchmarks/instances/bayesian_networks/pcnf/munin/1146.cnf | tr '\n' ' '",/data/schlandals/pwmc_benchmarks/instances/bayesian_networks/pcnf/munin/1146.cnf,"Estimated probability 5.8351070e-3 with bounds [5.8351021e-3 5.8351118e-3] (epsilon 0.0000008249125460491058) found in 8 seconds ",
1182,:,1737450645.000,1.000,0,106,0,0,"schlandals --timeout 1500 -i /data/schlandals/pwmc_benchmarks/instances/bayesian_networks/pcnf/munin/1182.cnf | tr '\n' ' '",/data/schlandals/pwmc_benchmarks/instances/bayesian_networks/pcnf/munin/1182.cnf,"Estimated probability 3.2043614e-3 with bounds [3.2043614e-3 3.2043614e-3] (epsilon 0) found in 0 seconds ",
1183,:,1737450645.000,1.000,0,106,0,0,"schlandals --timeout 1500 -i /data/schlandals/pwmc_benchmarks/instances/bayesian_networks/pcnf/munin/1183.cnf | tr '\n' ' '",/data/schlandals/pwmc_benchmarks/instances/bayesian_networks/pcnf/munin/1183.cnf,"Estimated probability 3.3095247e-4 with bounds [3.3095247e-4 3.3095247e-4] (epsilon 0) found in 0 seconds ",
1142,:,1737450636.000,10.000,0,130,0,0,"schlandals --timeout 1500 -i /data/schlandals/pwmc_benchmarks/instances/bayesian_networks/pcnf/munin/1142.cnf | tr '\n' ' '",/data/schlandals/pwmc_benchmarks/instances/bayesian_networks/pcnf/munin/1142.cnf,"Estimated probability 2.9315189e-1 with bounds [2.9315189e-1 2.9315190e-1] (epsilon 0.00000001648208325377709) found in 9 seconds ",
1145,:,1737450637.000,9.000,0,130,0,0,"schlandals --timeout 1500 -i /data/schlandals/pwmc_benchmarks/instances/bayesian_networks/pcnf/munin/1145.cnf | tr '\n' ' '",/data/schlandals/pwmc_benchmarks/instances/bayesian_networks/pcnf/munin/1145.cnf,"Estimated probability 3.4716449e-2 with bounds [3.4716444e-2 3.4716454e-2] (epsilon 0.00000013865044934391335) found in 8 seconds ",
1184,:,1737450646.000,0.000,0,106,0,0,"schlandals --timeout 1500 -i /data/schlandals/pwmc_benchmarks/instances/bayesian_networks/pcnf/munin/1184.cnf | tr '\n' ' '",/data/schlandals/pwmc_benchmarks/instances/bayesian_networks/pcnf/munin/1184.cnf,"Estimated probability 3.4905230e-4 with bounds [3.4905230e-4 3.4905230e-4] (epsilon 0) found in 0 seconds ",
1144,:,1737450637.000,9.000,0,131,0,0,"schlandals --timeout 1500 -i /data/schlandals/pwmc_benchmarks/instances/bayesian_networks/pcnf/munin/1144.cnf | tr '\n' ' '",/data/schlandals/pwmc_benchmarks/instances/bayesian_networks/pcnf/munin/1144.cnf,"Estimated probability 1.3754388e-1 with bounds [1.3754388e-1 1.3754389e-1] (epsilon 0.000000034995747855148807) found in 9 seconds ",
1186,:,1737450646.000,0.000,0,106,0,0,"schlandals --timeout 1500 -i /data/schlandals/pwmc_benchmarks/instances/bayesian_networks/pcnf/munin/1186.cnf | tr '\n' ' '",/data/schlandals/pwmc_benchmarks/instances/bayesian_networks/pcnf/munin/1186.cnf,"Estimated probability 1.5579374e-5 with bounds [1.5579374e-5 1.5579375e-5] (epsilon 0) found in 0 seconds ",
1185,:,1737450646.000,0.000,0,106,0,0,"schlandals --timeout 1500 -i /data/schlandals/pwmc_benchmarks/instances/bayesian_networks/pcnf/munin/1185.cnf | tr '\n' ' '",/data/schlandals/pwmc_benchmarks/instances/bayesian_networks/pcnf/munin/1185.cnf,"Estimated probability 9.4373031e-5 with bounds [9.4373030e-5 9.4373031e-5] (epsilon 0) found in 0 seconds ",
1187,:,1737450646.000,1.000,0,106,0,0,"schlandals --timeout 1500 -i /data/schlandals/pwmc_benchmarks/instances/bayesian_networks/pcnf/munin/1187.cnf | tr '\n' ' '",/data/schlandals/pwmc_benchmarks/instances/bayesian_networks/pcnf/munin/1187.cnf,"Estimated probability 3.0366567e-5 with bounds [3.0366567e-5 3.0366568e-5] (epsilon 0) found in 0 seconds ",
1189,:,1737450646.000,1.000,0,106,0,0,"schlandals --timeout 1500 -i /data/schlandals/pwmc_benchmarks/instances/bayesian_networks/pcnf/munin/1189.cnf | tr '\n' ' '",/data/schlandals/pwmc_benchmarks/instances/bayesian_networks/pcnf/munin/1189.cnf,"Estimated probability 1.9178625e-5 with bounds [1.9178625e-5 1.9178625e-5] (epsilon 0) found in 0 seconds ",
1188,:,1737450646.000,1.000,0,106,0,0,"schlandals --timeout 1500 -i /data/schlandals/pwmc_benchmarks/instances/bayesian_networks/pcnf/munin/1188.cnf | tr '\n' ' '",/data/schlandals/pwmc_benchmarks/instances/bayesian_networks/pcnf/munin/1188.cnf,"Estimated probability 3.2926201e-5 with bounds [3.2926201e-5 3.2926202e-5] (epsilon 0) found in 0 seconds ",
1192,:,1737450646.000,6.000,0,131,0,0,"schlandals --timeout 1500 -i /data/schlandals/pwmc_benchmarks/instances/bayesian_networks/pcnf/munin/1192.cnf | tr '\n' ' '",/data/schlandals/pwmc_benchmarks/instances/bayesian_networks/pcnf/munin/1192.cnf,"Estimated probability 9.0942990e-4 with bounds [9.0942989e-4 9.0942991e-4] (epsilon 0.000000007435780879916365) found in 4 seconds ",
1191,:,1737450646.000,6.000,0,130,0,0,"schlandals --timeout 1500 -i /data/schlandals/pwmc_benchmarks/instances/bayesian_networks/pcnf/munin/1191.cnf | tr '\n' ' '",/data/schlandals/pwmc_benchmarks/instances/bayesian_networks/pcnf/munin/1191.cnf,"Estimated probability 1.0347150e-4 with bounds [1.0347149e-4 1.0347151e-4] (epsilon 0.00000006535443453081768) found in 4 seconds ",
1193,:,1737450646.000,6.000,0,131,0,0,"schlandals --timeout 1500 -i /data/schlandals/pwmc_benchmarks/instances/bayesian_networks/pcnf/munin/1193.cnf | tr '\n' ' '",/data/schlandals/pwmc_benchmarks/instances/bayesian_networks/pcnf/munin/1193.cnf,"Estimated probability 1.0212251e-3 with bounds [1.0212251e-3 1.0212251e-3] (epsilon 0.000000006621773573911582) found in 4 seconds ",
1190,:,1737450646.000,6.000,0,132,0,0,"schlandals --timeout 1500 -i /data/schlandals/pwmc_benchmarks/instances/bayesian_networks/pcnf/munin/1190.cnf | tr '\n' ' '",/data/schlandals/pwmc_benchmarks/instances/bayesian_networks/pcnf/munin/1190.cnf,"Estimated probability 6.9951927e-3 with bounds [6.9951927e-3 6.9951927e-3] (epsilon 0.0000000009667098233023808) found in 5 seconds ",
1194,:,1737450647.000,5.000,0,131,0,0,"schlandals --timeout 1500 -i /data/schlandals/pwmc_benchmarks/instances/bayesian_networks/pcnf/munin/1194.cnf | tr '\n' ' '",/data/schlandals/pwmc_benchmarks/instances/bayesian_networks/pcnf/munin/1194.cnf,"Estimated probability 1.2631140e-3 with bounds [1.2631140e-3 1.2631140e-3] (epsilon 0.000000005353690601950234) found in 5 seconds ",
1196,:,1737450647.000,5.000,0,132,0,0,"schlandals --timeout 1500 -i /data/schlandals/pwmc_benchmarks/instances/bayesian_networks/pcnf/munin/1196.cnf | tr '\n' ' '",/data/schlandals/pwmc_benchmarks/instances/bayesian_networks/pcnf/munin/1196.cnf,"Estimated probability 1.3702471e-3 with bounds [1.3702471e-3 1.3702471e-3] (epsilon 0.0000000049351109865369835) found in 5 seconds ",
1195,:,1737450647.000,5.000,0,131,0,0,"schlandals --timeout 1500 -i /data/schlandals/pwmc_benchmarks/instances/bayesian_networks/pcnf/munin/1195.cnf | tr '\n' ' '",/data/schlandals/pwmc_benchmarks/instances/bayesian_networks/pcnf/munin/1195.cnf,"Estimated probability 1.2280476e-3 with bounds [1.2280476e-3 1.2280476e-3] (epsilon 0.000000005506563205415205) found in 5 seconds ",
1197,:,1737450647.000,5.000,0,130,0,0,"schlandals --timeout 1500 -i /data/schlandals/pwmc_benchmarks/instances/bayesian_networks/pcnf/munin/1197.cnf | tr '\n' ' '",/data/schlandals/pwmc_benchmarks/instances/bayesian_networks/pcnf/munin/1197.cnf,"Estimated probability 2.0170466e-3 with bounds [2.0170464e-3 2.0170467e-3] (epsilon 0.00000007324505180150709) found in 5 seconds ",
708,:,1737449972.000,681.000,0,132,0,0,"schlandals --timeout 1500 -i /data/schlandals/pwmc_benchmarks/instances/bayesian_networks/pcnf/munin/708.cnf | tr '\n' ' '",/data/schlandals/pwmc_benchmarks/instances/bayesian_networks/pcnf/munin/708.cnf,"Estimated probability 2.1959380e-3 with bounds [2.1959375e-3 2.1959384e-3] (epsilon 0.00000018940871959749472) found in 679 seconds ",
1198,:,1737450652.000,5.000,0,131,0,0,"schlandals --timeout 1500 -i /data/schlandals/pwmc_benchmarks/instances/bayesian_networks/pcnf/munin/1198.cnf | tr '\n' ' '",/data/schlandals/pwmc_benchmarks/instances/bayesian_networks/pcnf/munin/1198.cnf,"Estimated probability 2.9225252e-3 with bounds [2.9225250e-3 2.9225253e-3] (epsilon 0.000000050551721475500244) found in 5 seconds ",
1200,:,1737450652.000,5.000,0,130,0,0,"schlandals --timeout 1500 -i /data/schlandals/pwmc_benchmarks/instances/bayesian_networks/pcnf/munin/1200.cnf | tr '\n' ' '",/data/schlandals/pwmc_benchmarks/instances/bayesian_networks/pcnf/munin/1200.cnf,"Estimated probability 7.6215828e-3 with bounds [7.6215824e-3 7.6215831e-3] (epsilon 0.00000004982060053393411) found in 5 seconds ",
1201,:,1737450652.000,5.000,0,128,0,0,"schlandals --timeout 1500 -i /data/schlandals/pwmc_benchmarks/instances/bayesian_networks/pcnf/munin/1201.cnf | tr '\n' ' '",/data/schlandals/pwmc_benchmarks/instances/bayesian_networks/pcnf/munin/1201.cnf,"Estimated probability 9.8653422e-3 with bounds [9.8653376e-3 9.8653469e-3] (epsilon 0.000000467668969328372) found in 5 seconds ",
1203,:,1737450652.000,6.000,0,130,0,0,"schlandals --timeout 1500 -i /data/schlandals/pwmc_benchmarks/instances/bayesian_networks/pcnf/munin/1203.cnf | tr '\n' ' '",/data/schlandals/pwmc_benchmarks/instances/bayesian_networks/pcnf/munin/1203.cnf,"Estimated probability 7.0208359e-2 with bounds [7.0208354e-2 7.0208363e-2] (epsilon 0.00000006571458910364925) found in 4 seconds ",
1199,:,1737450652.000,6.000,0,130,0,0,"schlandals --timeout 1500 -i /data/schlandals/pwmc_benchmarks/instances/bayesian_networks/pcnf/munin/1199.cnf | tr '\n' ' '",/data/schlandals/pwmc_benchmarks/instances/bayesian_networks/pcnf/munin/1199.cnf,"Estimated probability 6.5548240e-3 with bounds [6.5548237e-3 6.5548244e-3] (epsilon 0.00000005792860835462932) found in 5 seconds ",
1204,:,1737450652.000,6.000,0,131,0,0,"schlandals --timeout 1500 -i /data/schlandals/pwmc_benchmarks/instances/bayesian_networks/pcnf/munin/1204.cnf | tr '\n' ' '",/data/schlandals/pwmc_benchmarks/instances/bayesian_networks/pcnf/munin/1204.cnf,"Estimated probability 1.9754569e-1 with bounds [1.9754568e-1 1.9754569e-1] (epsilon 0.000000023355171574479527) found in 5 seconds ",
1202,:,1737450652.000,6.000,0,130,0,0,"schlandals --timeout 1500 -i /data/schlandals/pwmc_benchmarks/instances/bayesian_networks/pcnf/munin/1202.cnf | tr '\n' ' '",/data/schlandals/pwmc_benchmarks/instances/bayesian_networks/pcnf/munin/1202.cnf,"Estimated probability 1.9182486e-2 with bounds [1.9182482e-2 1.9182491e-2] (epsilon 0.00000024051699143434746) found in 5 seconds ",
1205,:,1737450652.000,6.000,0,131,0,0,"schlandals --timeout 1500 -i /data/schlandals/pwmc_benchmarks/instances/bayesian_networks/pcnf/munin/1205.cnf | tr '\n' ' '",/data/schlandals/pwmc_benchmarks/instances/bayesian_networks/pcnf/munin/1205.cnf,"Estimated probability 2.9720549e-1 with bounds [2.9720549e-1 2.9720550e-1] (epsilon 0.000000015523647700632637) found in 5 seconds ",
1206,:,1737450653.000,6.000,0,131,0,0,"schlandals --timeout 1500 -i /data/schlandals/pwmc_benchmarks/instances/bayesian_networks/pcnf/munin/1206.cnf | tr '\n' ' '",/data/schlandals/pwmc_benchmarks/instances/bayesian_networks/pcnf/munin/1206.cnf,"Estimated probability 2.3706221e-1 with bounds [2.3706221e-1 2.3706222e-1] (epsilon 0.000000019462036426887153) found in 5 seconds ",
1207,:,1737450657.000,6.000,0,130,0,0,"schlandals --timeout 1500 -i /data/schlandals/pwmc_benchmarks/instances/bayesian_networks/pcnf/munin/1207.cnf | tr '\n' ' '",/data/schlandals/pwmc_benchmarks/instances/bayesian_networks/pcnf/munin/1207.cnf,"Estimated probability 1.0654894e-1 with bounds [1.0654893e-1 1.0654894e-1] (epsilon 0.00000004330135494612364) found in 5 seconds ",
1208,:,1737450657.000,6.000,0,130,0,0,"schlandals --timeout 1500 -i /data/schlandals/pwmc_benchmarks/instances/bayesian_networks/pcnf/munin/1208.cnf | tr '\n' ' '",/data/schlandals/pwmc_benchmarks/instances/bayesian_networks/pcnf/munin/1208.cnf,"Estimated probability 3.0374807e-2 with bounds [3.0374802e-2 3.0374811e-2] (epsilon 0.00000015189277657867706) found in 5 seconds ",
1173,:,1737450643.000,26.000,0,132,0,0,"schlandals --timeout 1500 -i /data/schlandals/pwmc_benchmarks/instances/bayesian_networks/pcnf/munin/1173.cnf | tr '\n' ' '",/data/schlandals/pwmc_benchmarks/instances/bayesian_networks/pcnf/munin/1173.cnf,"Estimated probability 1.8690493e-1 with bounds [1.8690492e-1 1.8690493e-1] (epsilon 0.000000021818425954833742) found in 25 seconds ",
1162,:,1737450640.000,30.000,0,132,0,0,"schlandals --timeout 1500 -i /data/schlandals/pwmc_benchmarks/instances/bayesian_networks/pcnf/munin/1162.cnf | tr '\n' ' '",/data/schlandals/pwmc_benchmarks/instances/bayesian_networks/pcnf/munin/1162.cnf,"Estimated probability 3.2821211e-3 with bounds [3.2821210e-3 3.2821212e-3] (epsilon 0.000000026267455321971056) found in 30 seconds ",
1169,:,1737450642.000,29.000,0,130,0,0,"schlandals --timeout 1500 -i /data/schlandals/pwmc_benchmarks/instances/bayesian_networks/pcnf/munin/1169.cnf | tr '\n' ' '",/data/schlandals/pwmc_benchmarks/instances/bayesian_networks/pcnf/munin/1169.cnf,"Estimated probability 1.2266056e-2 with bounds [1.2266052e-2 1.2266061e-2] (epsilon 0.0000003378364381578791) found in 29 seconds ",
1175,:,1737450643.000,28.000,0,132,0,0,"schlandals --timeout 1500 -i /data/schlandals/pwmc_benchmarks/instances/bayesian_networks/pcnf/munin/1175.cnf | tr '\n' ' '",/data/schlandals/pwmc_benchmarks/instances/bayesian_networks/pcnf/munin/1175.cnf,"Estimated probability 1.7985397e-1 with bounds [1.7985397e-1 1.7985398e-1] (epsilon 0.000000022673790622818046) found in 27 seconds ",
1163,:,1737450640.000,32.000,0,132,0,0,"schlandals --timeout 1500 -i /data/schlandals/pwmc_benchmarks/instances/bayesian_networks/pcnf/munin/1163.cnf | tr '\n' ' '",/data/schlandals/pwmc_benchmarks/instances/bayesian_networks/pcnf/munin/1163.cnf,"Estimated probability 3.5729740e-3 with bounds [3.5729738e-3 3.5729741e-3] (epsilon 0.000000032703468155759197) found in 32 seconds ",
1161,:,1737450639.000,37.000,0,132,0,0,"schlandals --timeout 1500 -i /data/schlandals/pwmc_benchmarks/instances/bayesian_networks/pcnf/munin/1161.cnf | tr '\n' ' '",/data/schlandals/pwmc_benchmarks/instances/bayesian_networks/pcnf/munin/1161.cnf,"Estimated probability 6.4327533e-3 with bounds [6.4327533e-3 6.4327534e-3] (epsilon 0.000000007912595689774093) found in 36 seconds ",
1160,:,1737450639.000,38.000,0,132,0,0,"schlandals --timeout 1500 -i /data/schlandals/pwmc_benchmarks/instances/bayesian_networks/pcnf/munin/1160.cnf | tr '\n' ' '",/data/schlandals/pwmc_benchmarks/instances/bayesian_networks/pcnf/munin/1160.cnf,"Estimated probability 8.6948807e-4 with bounds [8.6948804e-4 8.6948811e-4] (epsilon 0.000000032843266994930786) found in 37 seconds ",
1159,:,1737450639.000,38.000,0,132,0,0,"schlandals --timeout 1500 -i /data/schlandals/pwmc_benchmarks/instances/bayesian_networks/pcnf/munin/1159.cnf | tr '\n' ' '",/data/schlandals/pwmc_benchmarks/instances/bayesian_networks/pcnf/munin/1159.cnf,"Estimated probability 6.9952829e-3 with bounds [6.9952828e-3 6.9952829e-3] (epsilon 0.000000004082298055152478) found in 37 seconds ",
1165,:,1737450640.000,40.000,0,130,0,0,"schlandals --timeout 1500 -i /data/schlandals/pwmc_benchmarks/instances/bayesian_networks/pcnf/munin/1165.cnf | tr '\n' ' '",/data/schlandals/pwmc_benchmarks/instances/bayesian_networks/pcnf/munin/1165.cnf,"Estimated probability 3.2422597e-3 with bounds [3.2422596e-3 3.2422598e-3] (epsilon 0.0000000360392604648041) found in 39 seconds ",
1167,:,1737450640.000,40.000,0,132,0,0,"schlandals --timeout 1500 -i /data/schlandals/pwmc_benchmarks/instances/bayesian_networks/pcnf/munin/1167.cnf | tr '\n' ' '",/data/schlandals/pwmc_benchmarks/instances/bayesian_networks/pcnf/munin/1167.cnf,"Estimated probability 5.4865595e-3 with bounds [5.4865592e-3 5.4865598e-3] (epsilon 0.000000055892333650220394) found in 39 seconds ",
1164,:,1737450640.000,40.000,0,132,0,0,"schlandals --timeout 1500 -i /data/schlandals/pwmc_benchmarks/instances/bayesian_networks/pcnf/munin/1164.cnf | tr '\n' ' '",/data/schlandals/pwmc_benchmarks/instances/bayesian_networks/pcnf/munin/1164.cnf,"Estimated probability 3.6645942e-3 with bounds [3.6645941e-3 3.6645943e-3] (epsilon 0.000000031885833307043754) found in 39 seconds ",
1170,:,1737450642.000,40.000,0,131,0,0,"schlandals --timeout 1500 -i /data/schlandals/pwmc_benchmarks/instances/bayesian_networks/pcnf/munin/1170.cnf | tr '\n' ' '",/data/schlandals/pwmc_benchmarks/instances/bayesian_networks/pcnf/munin/1170.cnf,"Estimated probability 2.2050929e-2 with bounds [2.2050925e-2 2.2050933e-2] (epsilon 0.00000018792498823749781) found in 39 seconds ",
1166,:,1737450640.000,42.000,0,131,0,0,"schlandals --timeout 1500 -i /data/schlandals/pwmc_benchmarks/instances/bayesian_networks/pcnf/munin/1166.cnf | tr '\n' ' '",/data/schlandals/pwmc_benchmarks/instances/bayesian_networks/pcnf/munin/1166.cnf,"Estimated probability 3.8323985e-3 with bounds [3.8323982e-3 3.8323989e-3] (epsilon 0.00000008001689222325581) found in 42 seconds ",
1176,:,1737450643.000,40.000,0,131,0,0,"schlandals --timeout 1500 -i /data/schlandals/pwmc_benchmarks/instances/bayesian_networks/pcnf/munin/1176.cnf | tr '\n' ' '",/data/schlandals/pwmc_benchmarks/instances/bayesian_networks/pcnf/munin/1176.cnf,"Estimated probability 1.1150266e-1 with bounds [1.1150266e-1 1.1150267e-1] (epsilon 0.00000003657285985170233) found in 38 seconds ",
1168,:,1737450641.000,42.000,0,132,0,0,"schlandals --timeout 1500 -i /data/schlandals/pwmc_benchmarks/instances/bayesian_networks/pcnf/munin/1168.cnf | tr '\n' ' '",/data/schlandals/pwmc_benchmarks/instances/bayesian_networks/pcnf/munin/1168.cnf,"Estimated probability 1.0597407e-2 with bounds [1.0597407e-2 1.0597408e-2] (epsilon 0.000000026828606447537595) found in 40 seconds ",
1171,:,1737450642.000,41.000,0,130,0,0,"schlandals --timeout 1500 -i /data/schlandals/pwmc_benchmarks/instances/bayesian_networks/pcnf/munin/1171.cnf | tr '\n' ' '",/data/schlandals/pwmc_benchmarks/instances/bayesian_networks/pcnf/munin/1171.cnf,"Estimated probability 5.2879826e-2 with bounds [5.2879822e-2 5.2879830e-2] (epsilon 0.0000000776970610072425) found in 40 seconds ",
1174,:,1737450643.000,40.000,0,132,0,0,"schlandals --timeout 1500 -i /data/schlandals/pwmc_benchmarks/instances/bayesian_networks/pcnf/munin/1174.cnf | tr '\n' ' '",/data/schlandals/pwmc_benchmarks/instances/bayesian_networks/pcnf/munin/1174.cnf,"Estimated probability 2.1482961e-1 with bounds [2.1482960e-1 2.1482961e-1] (epsilon 0.000000018982352356644583) found in 39 seconds ",
1172,:,1737450642.000,41.000,0,131,0,0,"schlandals --timeout 1500 -i /data/schlandals/pwmc_benchmarks/instances/bayesian_networks/pcnf/munin/1172.cnf | tr '\n' ' '",/data/schlandals/pwmc_benchmarks/instances/bayesian_networks/pcnf/munin/1172.cnf,"Estimated probability 1.1585583e-1 with bounds [1.1585583e-1 1.1585584e-1] (epsilon 0.00000003546310045621226) found in 40 seconds ",
1177,:,1737450644.000,41.000,0,131,0,0,"schlandals --timeout 1500 -i /data/schlandals/pwmc_benchmarks/instances/bayesian_networks/pcnf/munin/1177.cnf | tr '\n' ' '",/data/schlandals/pwmc_benchmarks/instances/bayesian_networks/pcnf/munin/1177.cnf,"Estimated probability 5.5880377e-2 with bounds [5.5880373e-2 5.5880381e-2] (epsilon 0.00000007297680570950149) found in 39 seconds ",
1226,:,1737450680.000,10.000,0,132,0,0,"schlandals --timeout 1500 -i /data/schlandals/pwmc_benchmarks/instances/bayesian_networks/pcnf/munin/1226.cnf | tr '\n' ' '",/data/schlandals/pwmc_benchmarks/instances/bayesian_networks/pcnf/munin/1226.cnf,"Estimated probability 1.9799259e-1 with bounds [1.9799259e-1 1.9799259e-1] (epsilon 0.000000002474882965231018) found in 10 seconds ",
1227,:,1737450680.000,11.000,0,133,0,0,"schlandals --timeout 1500 -i /data/schlandals/pwmc_benchmarks/instances/bayesian_networks/pcnf/munin/1227.cnf | tr '\n' ' '",/data/schlandals/pwmc_benchmarks/instances/bayesian_networks/pcnf/munin/1227.cnf,"Estimated probability 4.9172484e-1 with bounds [4.9172484e-1 4.9172484e-1] (epsilon 0.0000000009965095415509495) found in 10 seconds ",
1228,:,1737450680.000,11.000,0,132,0,0,"schlandals --timeout 1500 -i /data/schlandals/pwmc_benchmarks/instances/bayesian_networks/pcnf/munin/1228.cnf | tr '\n' ' '",/data/schlandals/pwmc_benchmarks/instances/bayesian_networks/pcnf/munin/1228.cnf,"Estimated probability 2.3057701e-1 with bounds [2.3057701e-1 2.3057701e-1] (epsilon 0.000000002125140063924391) found in 10 seconds ",
1230,:,1737450682.000,11.000,0,131,0,0,"schlandals --timeout 1500 -i /data/schlandals/pwmc_benchmarks/instances/bayesian_networks/pcnf/munin/1230.cnf | tr '\n' ' '",/data/schlandals/pwmc_benchmarks/instances/bayesian_networks/pcnf/munin/1230.cnf,"Estimated probability 1.1450728e-2 with bounds [1.1450728e-2 1.1450729e-2] (epsilon 0.00000004279278242869111) found in 10 seconds ",
1229,:,1737450682.000,11.000,0,132,0,0,"schlandals --timeout 1500 -i /data/schlandals/pwmc_benchmarks/instances/bayesian_networks/pcnf/munin/1229.cnf | tr '\n' ' '",/data/schlandals/pwmc_benchmarks/instances/bayesian_networks/pcnf/munin/1229.cnf,"Estimated probability 4.2827254e-2 with bounds [4.2827253e-2 4.2827254e-2] (epsilon 0.000000011441511960086359) found in 10 seconds ",
1233,:,1737450683.000,10.000,0,131,0,0,"schlandals --timeout 1500 -i /data/schlandals/pwmc_benchmarks/instances/bayesian_networks/pcnf/munin/1233.cnf | tr '\n' ' '",/data/schlandals/pwmc_benchmarks/instances/bayesian_networks/pcnf/munin/1233.cnf,"Estimated probability 2.1057338e-3 with bounds [2.1057337e-3 2.1057338e-3] (epsilon 0.000000011627401930169867) found in 9 seconds ",
1231,:,1737450683.000,10.000,0,130,0,0,"schlandals --timeout 1500 -i /data/schlandals/pwmc_benchmarks/instances/bayesian_networks/pcnf/munin/1231.cnf | tr '\n' ' '",/data/schlandals/pwmc_benchmarks/instances/bayesian_networks/pcnf/munin/1231.cnf,"Estimated probability 3.3463192e-3 with bounds [3.3463187e-3 3.3463197e-3] (epsilon 0.0000001464320942279329) found in 10 seconds ",
1232,:,1737450683.000,11.000,0,131,0,0,"schlandals --timeout 1500 -i /data/schlandals/pwmc_benchmarks/instances/bayesian_networks/pcnf/munin/1232.cnf | tr '\n' ' '",/data/schlandals/pwmc_benchmarks/instances/bayesian_networks/pcnf/munin/1232.cnf,"Estimated probability 2.4386066e-3 with bounds [2.4386064e-3 2.4386068e-3] (epsilon 0.00000007475071073237416) found in 10 seconds ",
1234,:,1737450683.000,11.000,0,130,0,0,"schlandals --timeout 1500 -i /data/schlandals/pwmc_benchmarks/instances/bayesian_networks/pcnf/munin/1234.cnf | tr '\n' ' '",/data/schlandals/pwmc_benchmarks/instances/bayesian_networks/pcnf/munin/1234.cnf,"Estimated probability 2.1471161e-3 with bounds [2.1471161e-3 2.1471162e-3] (epsilon 0.00000001140330163629244) found in 9 seconds ",
1235,:,1737450683.000,11.000,0,132,0,0,"schlandals --timeout 1500 -i /data/schlandals/pwmc_benchmarks/instances/bayesian_networks/pcnf/munin/1235.cnf | tr '\n' ' '",/data/schlandals/pwmc_benchmarks/instances/bayesian_networks/pcnf/munin/1235.cnf,"Estimated probability 1.8960162e-3 with bounds [1.8960162e-3 1.8960163e-3] (epsilon 0.000000012913503599776277) found in 10 seconds ",
1236,:,1737450685.000,10.000,0,131,0,0,"schlandals --timeout 1500 -i /data/schlandals/pwmc_benchmarks/instances/bayesian_networks/pcnf/munin/1236.cnf | tr '\n' ' '",/data/schlandals/pwmc_benchmarks/instances/bayesian_networks/pcnf/munin/1236.cnf,"Estimated probability 1.2663932e-3 with bounds [1.2663932e-3 1.2663933e-3] (epsilon 0.000000019333815437505564) found in 9 seconds ",
1237,:,1737450690.000,11.000,0,131,0,0,"schlandals --timeout 1500 -i /data/schlandals/pwmc_benchmarks/instances/bayesian_networks/pcnf/munin/1237.cnf | tr '\n' ' '",/data/schlandals/pwmc_benchmarks/instances/bayesian_networks/pcnf/munin/1237.cnf,"Estimated probability 1.0946503e-3 with bounds [1.0946503e-3 1.0946504e-3] (epsilon 0.000000022367154128843936) found in 9 seconds ",
1238,:,1737450691.000,10.000,0,131,0,0,"schlandals --timeout 1500 -i /data/schlandals/pwmc_benchmarks/instances/bayesian_networks/pcnf/munin/1238.cnf | tr '\n' ' '",/data/schlandals/pwmc_benchmarks/instances/bayesian_networks/pcnf/munin/1238.cnf,"Estimated probability 8.1297910e-4 with bounds [8.1297907e-4 8.1297913e-4] (epsilon 0.000000030116657168122174) found in 9 seconds ",
1239,:,1737450691.000,10.000,0,131,0,0,"schlandals --timeout 1500 -i /data/schlandals/pwmc_benchmarks/instances/bayesian_networks/pcnf/munin/1239.cnf | tr '\n' ' '",/data/schlandals/pwmc_benchmarks/instances/bayesian_networks/pcnf/munin/1239.cnf,"Estimated probability 1.1052934e-3 with bounds [1.1052933e-3 1.1052934e-3] (epsilon 0.000000022151777523404803) found in 9 seconds ",
1240,:,1737450693.000,10.000,0,129,0,0,"schlandals --timeout 1500 -i /data/schlandals/pwmc_benchmarks/instances/bayesian_networks/pcnf/munin/1240.cnf | tr '\n' ' '",/data/schlandals/pwmc_benchmarks/instances/bayesian_networks/pcnf/munin/1240.cnf,"Estimated probability 8.3232031e-4 with bounds [8.3232028e-4 8.3232033e-4] (epsilon 0.0000000294168143177842) found in 9 seconds ",
1244,:,1737450694.000,9.000,0,106,0,0,"schlandals --timeout 1500 -i /data/schlandals/pwmc_benchmarks/instances/bayesian_networks/pcnf/munin/1244.cnf | tr '\n' ' '",/data/schlandals/pwmc_benchmarks/instances/bayesian_networks/pcnf/munin/1244.cnf,"Estimated probability 6.9965919e-3 with bounds [6.9965919e-3 6.9965919e-3] (epsilon 0) found in 9 seconds ",
1242,:,1737450693.000,10.000,0,130,0,0,"schlandals --timeout 1500 -i /data/schlandals/pwmc_benchmarks/instances/bayesian_networks/pcnf/munin/1242.cnf | tr '\n' ' '",/data/schlandals/pwmc_benchmarks/instances/bayesian_networks/pcnf/munin/1242.cnf,"Estimated probability 4.7581709e-4 with bounds [4.7581706e-4 4.7581712e-4] (epsilon 0.00000005145719317312114) found in 9 seconds ",
1241,:,1737450693.000,10.000,0,131,0,0,"schlandals --timeout 1500 -i /data/schlandals/pwmc_benchmarks/instances/bayesian_networks/pcnf/munin/1241.cnf | tr '\n' ' '",/data/schlandals/pwmc_benchmarks/instances/bayesian_networks/pcnf/munin/1241.cnf,"Estimated probability 5.1839488e-4 with bounds [5.1839485e-4 5.1839491e-4] (epsilon 0.000000047230813260412674) found in 9 seconds ",
1243,:,1737450693.000,10.000,0,130,0,0,"schlandals --timeout 1500 -i /data/schlandals/pwmc_benchmarks/instances/bayesian_networks/pcnf/munin/1243.cnf | tr '\n' ' '",/data/schlandals/pwmc_benchmarks/instances/bayesian_networks/pcnf/munin/1243.cnf,"Estimated probability 3.9134398e-4 with bounds [3.9134397e-4 3.9134399e-4] (epsilon 0.00000001479679068161488) found in 9 seconds ",
1253,:,1737450703.000,5.000,0,106,0,0,"schlandals --timeout 1500 -i /data/schlandals/pwmc_benchmarks/instances/bayesian_networks/pcnf/munin/1253.cnf | tr '\n' ' '",/data/schlandals/pwmc_benchmarks/instances/bayesian_networks/pcnf/munin/1253.cnf,"Estimated probability 8.0882638e-1 with bounds [8.0882638e-1 8.0882638e-1] (epsilon 0) found in 4 seconds ",
1255,:,1737450703.000,6.000,0,106,0,0,"schlandals --timeout 1500 -i /data/schlandals/pwmc_benchmarks/instances/bayesian_networks/pcnf/munin/1255.cnf | tr '\n' ' '",/data/schlandals/pwmc_benchmarks/instances/bayesian_networks/pcnf/munin/1255.cnf,"Estimated probability 3.8021551e-2 with bounds [3.8021551e-2 3.8021551e-2] (epsilon 0) found in 5 seconds ",
1254,:,1737450703.000,6.000,0,106,0,0,"schlandals --timeout 1500 -i /data/schlandals/pwmc_benchmarks/instances/bayesian_networks/pcnf/munin/1254.cnf | tr '\n' ' '",/data/schlandals/pwmc_benchmarks/instances/bayesian_networks/pcnf/munin/1254.cnf,"Estimated probability 1.4627668e-1 with bounds [1.4627668e-1 1.4627668e-1] (epsilon 0) found in 5 seconds ",
1256,:,1737450709.000,5.000,0,106,0,0,"schlandals --timeout 1500 -i /data/schlandals/pwmc_benchmarks/instances/bayesian_networks/pcnf/munin/1256.cnf | tr '\n' ' '",/data/schlandals/pwmc_benchmarks/instances/bayesian_networks/pcnf/munin/1256.cnf,"Estimated probability 6.8753870e-3 with bounds [6.8753870e-3 6.8753870e-3] (epsilon 0) found in 4 seconds ",
1252,:,1737450703.000,73.000,0,107,0,0,"schlandals --timeout 1500 -i /data/schlandals/pwmc_benchmarks/instances/bayesian_networks/pcnf/munin/1252.cnf | tr '\n' ' '",/data/schlandals/pwmc_benchmarks/instances/bayesian_networks/pcnf/munin/1252.cnf,"Estimated probability 8.7239302e-1 with bounds [8.7239302e-1 8.7239302e-1] (epsilon 0) found in 72 seconds ",
1251,:,1737450703.000,74.000,0,107,0,0,"schlandals --timeout 1500 -i /data/schlandals/pwmc_benchmarks/instances/bayesian_networks/pcnf/munin/1251.cnf | tr '\n' ' '",/data/schlandals/pwmc_benchmarks/instances/bayesian_networks/pcnf/munin/1251.cnf,"Estimated probability 1.2760698e-1 with bounds [1.2760698e-1 1.2760698e-1] (epsilon 0) found in 73 seconds ",
1257,:,1737450709.000,79.000,0,107,0,0,"schlandals --timeout 1500 -i /data/schlandals/pwmc_benchmarks/instances/bayesian_networks/pcnf/munin/1257.cnf | tr '\n' ' '",/data/schlandals/pwmc_benchmarks/instances/bayesian_networks/pcnf/munin/1257.cnf,"Estimated probability 9.6295621e-2 with bounds [9.6295621e-2 9.6295621e-2] (epsilon 0) found in 78 seconds ",
1258,:,1737450709.000,84.000,0,107,0,0,"schlandals --timeout 1500 -i /data/schlandals/pwmc_benchmarks/instances/bayesian_networks/pcnf/munin/1258.cnf | tr '\n' ' '",/data/schlandals/pwmc_benchmarks/instances/bayesian_networks/pcnf/munin/1258.cnf,"Estimated probability 8.3699384e-1 with bounds [8.3699384e-1 8.3699384e-1] (epsilon 0) found in 83 seconds ",
1259,:,1737450714.000,80.000,0,107,0,0,"schlandals --timeout 1500 -i /data/schlandals/pwmc_benchmarks/instances/bayesian_networks/pcnf/munin/1259.cnf | tr '\n' ' '",/data/schlandals/pwmc_benchmarks/instances/bayesian_networks/pcnf/munin/1259.cnf,"Estimated probability 6.6710539e-2 with bounds [6.6710539e-2 6.6710539e-2] (epsilon 0) found in 80 seconds ",
551,:,1737449466.000,1358.000,0,133,0,0,"schlandals --timeout 1500 -i /data/schlandals/pwmc_benchmarks/instances/bayesian_networks/pcnf/munin/551.cnf | tr '\n' ' '",/data/schlandals/pwmc_benchmarks/instances/bayesian_networks/pcnf/munin/551.cnf,"Estimated probability 1.6398781e-2 with bounds [1.6398781e-2 1.6398782e-2] (epsilon 0.00000002151056532895268) found in 1356 seconds ",
1262,:,1737450788.000,45.000,0,107,0,0,"schlandals --timeout 1500 -i /data/schlandals/pwmc_benchmarks/instances/bayesian_networks/pcnf/munin/1262.cnf | tr '\n' ' '",/data/schlandals/pwmc_benchmarks/instances/bayesian_networks/pcnf/munin/1262.cnf,"Estimated probability 8.5501604e-1 with bounds [8.5501604e-1 8.5501604e-1] (epsilon 0) found in 44 seconds ",
1261,:,1737450777.000,79.000,0,107,0,0,"schlandals --timeout 1500 -i /data/schlandals/pwmc_benchmarks/instances/bayesian_networks/pcnf/munin/1261.cnf | tr '\n' ' '",/data/schlandals/pwmc_benchmarks/instances/bayesian_networks/pcnf/munin/1261.cnf,"Estimated probability 6.5237139e-2 with bounds [6.5237139e-2 6.5237139e-2] (epsilon 0) found in 78 seconds ",
1260,:,1737450776.000,81.000,0,107,0,0,"schlandals --timeout 1500 -i /data/schlandals/pwmc_benchmarks/instances/bayesian_networks/pcnf/munin/1260.cnf | tr '\n' ' '",/data/schlandals/pwmc_benchmarks/instances/bayesian_networks/pcnf/munin/1260.cnf,"Estimated probability 2.8460079e-2 with bounds [2.8460079e-2 2.8460079e-2] (epsilon 0) found in 80 seconds ",
1264,:,1737450794.000,77.000,0,107,0,0,"schlandals --timeout 1500 -i /data/schlandals/pwmc_benchmarks/instances/bayesian_networks/pcnf/munin/1264.cnf | tr '\n' ' '",/data/schlandals/pwmc_benchmarks/instances/bayesian_networks/pcnf/munin/1264.cnf,"Estimated probability 1.1412278e-2 with bounds [1.1412278e-2 1.1412278e-2] (epsilon 0) found in 76 seconds ",
1263,:,1737450793.000,81.000,0,107,0,0,"schlandals --timeout 1500 -i /data/schlandals/pwmc_benchmarks/instances/bayesian_networks/pcnf/munin/1263.cnf | tr '\n' ' '",/data/schlandals/pwmc_benchmarks/instances/bayesian_networks/pcnf/munin/1263.cnf,"Estimated probability 3.9874463e-2 with bounds [3.9874463e-2 3.9874463e-2] (epsilon 0) found in 80 seconds ",
1266,:,1737450833.000,56.000,0,131,0,0,"schlandals --timeout 1500 -i /data/schlandals/pwmc_benchmarks/instances/bayesian_networks/pcnf/munin/1266.cnf | tr '\n' ' '",/data/schlandals/pwmc_benchmarks/instances/bayesian_networks/pcnf/munin/1266.cnf,"Estimated probability 1.9186663e-4 with bounds [1.9186659e-4 1.9186668e-4] (epsilon 0.00000022208455674466165) found in 56 seconds ",
1265,:,1737450824.000,107.000,0,132,0,0,"schlandals --timeout 1500 -i /data/schlandals/pwmc_benchmarks/instances/bayesian_networks/pcnf/munin/1265.cnf | tr '\n' ' '",/data/schlandals/pwmc_benchmarks/instances/bayesian_networks/pcnf/munin/1265.cnf,"Estimated probability 9.7483308e-5 with bounds [9.7483260e-5 9.7483356e-5] (epsilon 0.00000043710681563169373) found in 106 seconds ",
1271,:,1737450889.000,55.000,0,130,0,0,"schlandals --timeout 1500 -i /data/schlandals/pwmc_benchmarks/instances/bayesian_networks/pcnf/munin/1271.cnf | tr '\n' ' '",/data/schlandals/pwmc_benchmarks/instances/bayesian_networks/pcnf/munin/1271.cnf,"Estimated probability 7.1958052e-3 with bounds [7.1958008e-3 7.1958097e-3] (epsilon 0.0000006226826207988978) found in 54 seconds ",
1268,:,1737450857.000,99.000,0,132,0,0,"schlandals --timeout 1500 -i /data/schlandals/pwmc_benchmarks/instances/bayesian_networks/pcnf/munin/1268.cnf | tr '\n' ' '",/data/schlandals/pwmc_benchmarks/instances/bayesian_networks/pcnf/munin/1268.cnf,"Estimated probability 7.9686480e-4 with bounds [7.9686475e-4 7.9686484e-4] (epsilon 0.000000053472825722877815) found in 99 seconds ",
1267,:,1737450856.000,103.000,0,132,0,0,"schlandals --timeout 1500 -i /data/schlandals/pwmc_benchmarks/instances/bayesian_networks/pcnf/munin/1267.cnf | tr '\n' ' '",/data/schlandals/pwmc_benchmarks/instances/bayesian_networks/pcnf/munin/1267.cnf,"Estimated probability 3.9032980e-4 with bounds [3.9032975e-4 3.9032985e-4] (epsilon 0.00000010916567227958751) found in 102 seconds ",
1269,:,1737450871.000,104.000,0,131,0,0,"schlandals --timeout 1500 -i /data/schlandals/pwmc_benchmarks/instances/bayesian_networks/pcnf/munin/1269.cnf | tr '\n' ' '",/data/schlandals/pwmc_benchmarks/instances/bayesian_networks/pcnf/munin/1269.cnf,"Estimated probability 1.5286192e-3 with bounds [1.5286192e-3 1.5286193e-3] (epsilon 0.0000000278752303461971) found in 103 seconds ",
1270,:,1737450874.000,105.000,0,131,0,0,"schlandals --timeout 1500 -i /data/schlandals/pwmc_benchmarks/instances/bayesian_networks/pcnf/munin/1270.cnf | tr '\n' ' '",/data/schlandals/pwmc_benchmarks/instances/bayesian_networks/pcnf/munin/1270.cnf,"Estimated probability 3.0648128e-3 with bounds [3.0648083e-3 3.0648173e-3] (epsilon 0.0000014619831800732896) found in 104 seconds ",
552,:,1737449484.000,1501.000,0,127,0,0,"schlandals --timeout 1500 -i /data/schlandals/pwmc_benchmarks/instances/bayesian_networks/pcnf/munin/552.cnf | tr '\n' ' '",/data/schlandals/pwmc_benchmarks/instances/bayesian_networks/pcnf/munin/552.cnf,"Estimated probability 2.1166405e-2 with bounds [2.0255666e-2 2.2118092e-2] (epsilon 0.04496216009355747) found in 1500 seconds ",
1273,:,1737450944.000,58.000,0,130,0,0,"schlandals --timeout 1500 -i /data/schlandals/pwmc_benchmarks/instances/bayesian_networks/pcnf/munin/1273.cnf | tr '\n' ' '",/data/schlandals/pwmc_benchmarks/instances/bayesian_networks/pcnf/munin/1273.cnf,"Estimated probability 6.2652562e-2 with bounds [6.2652557e-2 6.2652566e-2] (epsilon 0.0000000715166545983692) found in 57 seconds ",
1272,:,1737450931.000,99.000,0,129,0,0,"schlandals --timeout 1500 -i /data/schlandals/pwmc_benchmarks/instances/bayesian_networks/pcnf/munin/1272.cnf | tr '\n' ' '",/data/schlandals/pwmc_benchmarks/instances/bayesian_networks/pcnf/munin/1272.cnf,"Estimated probability 2.1686156e-2 with bounds [2.1686152e-2 2.1686161e-2] (epsilon 0.000000206615776265906) found in 99 seconds ",
553,:,1737449533.000,1501.000,0,128,0,0,"schlandals --timeout 1500 -i /data/schlandals/pwmc_benchmarks/instances/bayesian_networks/pcnf/munin/553.cnf | tr '\n' ' '",/data/schlandals/pwmc_benchmarks/instances/bayesian_networks/pcnf/munin/553.cnf,"Estimated probability 3.2560065e-2 with bounds [3.1777714e-2 3.3361677e-2] (epsilon 0.024619491161636642) found in 1500 seconds ",
554,:,1737449549.000,1501.000,0,128,0,0,"schlandals --timeout 1500 -i /data/schlandals/pwmc_benchmarks/instances/bayesian_networks/pcnf/munin/554.cnf | tr '\n' ' '",/data/schlandals/pwmc_benchmarks/instances/bayesian_networks/pcnf/munin/554.cnf,"Estimated probability 1.4100700e-1 with bounds [1.4035846e-1 1.4165853e-1] (epsilon 0.004620593845923837) found in 1500 seconds ",
1274,:,1737450956.000,104.000,0,133,0,0,"schlandals --timeout 1500 -i /data/schlandals/pwmc_benchmarks/instances/bayesian_networks/pcnf/munin/1274.cnf | tr '\n' ' '",/data/schlandals/pwmc_benchmarks/instances/bayesian_networks/pcnf/munin/1274.cnf,"Estimated probability 1.3753041e-1 with bounds [1.3753040e-1 1.3753041e-1] (epsilon 0.000000032579715814051724) found in 102 seconds ",
1275,:,1737450959.000,107.000,0,133,0,0,"schlandals --timeout 1500 -i /data/schlandals/pwmc_benchmarks/instances/bayesian_networks/pcnf/munin/1275.cnf | tr '\n' ' '",/data/schlandals/pwmc_benchmarks/instances/bayesian_networks/pcnf/munin/1275.cnf,"Estimated probability 2.1194662e-1 with bounds [2.1194662e-1 2.1194663e-1] (epsilon 0.000000021140707406885895) found in 106 seconds ",
555,:,1737449573.000,1501.000,0,129,0,0,"schlandals --timeout 1500 -i /data/schlandals/pwmc_benchmarks/instances/bayesian_networks/pcnf/munin/555.cnf | tr '\n' ' '",/data/schlandals/pwmc_benchmarks/instances/bayesian_networks/pcnf/munin/555.cnf,"Estimated probability 4.6175361e-1 with bounds [4.6101970e-1 4.6248870e-1] (epsilon 0.0015919413925014059) found in 1500 seconds ",
1277,:,1737450979.000,98.000,0,132,0,0,"schlandals --timeout 1500 -i /data/schlandals/pwmc_benchmarks/instances/bayesian_networks/pcnf/munin/1277.cnf | tr '\n' ' '",/data/schlandals/pwmc_benchmarks/instances/bayesian_networks/pcnf/munin/1277.cnf,"Estimated probability 1.6550498e-1 with bounds [1.6550497e-1 1.6550498e-1] (epsilon 0.000000027072910802061756) found in 97 seconds ",
1276,:,1737450975.000,103.000,0,133,0,0,"schlandals --timeout 1500 -i /data/schlandals/pwmc_benchmarks/instances/bayesian_networks/pcnf/munin/1276.cnf | tr '\n' ' '",/data/schlandals/pwmc_benchmarks/instances/bayesian_networks/pcnf/munin/1276.cnf,"Estimated probability 2.2510136e-1 with bounds [2.2510135e-1 2.2510136e-1] (epsilon 0.000000019905262105268662) found in 102 seconds ",
1278,:,1737450985.000,105.000,0,133,0,0,"schlandals --timeout 1500 -i /data/schlandals/pwmc_benchmarks/instances/bayesian_networks/pcnf/munin/1278.cnf | tr '\n' ' '",/data/schlandals/pwmc_benchmarks/instances/bayesian_networks/pcnf/munin/1278.cnf,"Estimated probability 8.7166598e-2 with bounds [8.7166594e-2 8.7166603e-2] (epsilon 0.000000051403882261880085) found in 104 seconds ",
556,:,1737449600.000,1501.000,0,128,0,0,"schlandals --timeout 1500 -i /data/schlandals/pwmc_benchmarks/instances/bayesian_networks/pcnf/munin/556.cnf | tr '\n' ' '",/data/schlandals/pwmc_benchmarks/instances/bayesian_networks/pcnf/munin/556.cnf,"Estimated probability 2.3352678e-1 with bounds [2.3264788e-1 2.3440899e-1] (epsilon 0.003777795180981869) found in 1500 seconds ",
1279,:,1737451002.000,104.000,0,132,0,0,"schlandals --timeout 1500 -i /data/schlandals/pwmc_benchmarks/instances/bayesian_networks/pcnf/munin/1279.cnf | tr '\n' ' '",/data/schlandals/pwmc_benchmarks/instances/bayesian_networks/pcnf/munin/1279.cnf,"Estimated probability 3.6778726e-2 with bounds [3.6778721e-2 3.6778730e-2] (epsilon 0.00000012182862940690597) found in 103 seconds ",
557,:,1737449618.000,1501.000,0,126,0,0,"schlandals --timeout 1500 -i /data/schlandals/pwmc_benchmarks/instances/bayesian_networks/pcnf/munin/557.cnf | tr '\n' ' '",/data/schlandals/pwmc_benchmarks/instances/bayesian_networks/pcnf/munin/557.cnf,"Estimated probability 2.4589998e-2 with bounds [2.3907482e-2 2.5291998e-2] (epsilon 0.0285481928026019) found in 1500 seconds ",
558,:,1737449620.000,1501.000,0,128,0,0,"schlandals --timeout 1500 -i /data/schlandals/pwmc_benchmarks/instances/bayesian_networks/pcnf/munin/558.cnf | tr '\n' ' '",/data/schlandals/pwmc_benchmarks/instances/bayesian_networks/pcnf/munin/558.cnf,"Estimated probability 1.4065659e-2 with bounds [1.3395011e-2 1.4769884e-2] (epsilon 0.050067001609396034) found in 1500 seconds ",
1280,:,1737451030.000,99.000,0,130,0,0,"schlandals --timeout 1500 -i /data/schlandals/pwmc_benchmarks/instances/bayesian_networks/pcnf/munin/1280.cnf | tr '\n' ' '",/data/schlandals/pwmc_benchmarks/instances/bayesian_networks/pcnf/munin/1280.cnf,"Estimated probability 1.6089146e-2 with bounds [1.6089141e-2 1.6089150e-2] (epsilon 0.0000002755860484260353) found in 98 seconds ",
1281,:,1737451034.000,101.000,0,131,0,0,"schlandals --timeout 1500 -i /data/schlandals/pwmc_benchmarks/instances/bayesian_networks/pcnf/munin/1281.cnf | tr '\n' ' '",/data/schlandals/pwmc_benchmarks/instances/bayesian_networks/pcnf/munin/1281.cnf,"Estimated probability 9.0807109e-3 with bounds [9.0807065e-3 9.0807154e-3] (epsilon 0.0000004882816588835936) found in 101 seconds ",
1285,:,1737451074.000,69.000,0,107,0,0,"schlandals --timeout 1500 -i /data/schlandals/pwmc_benchmarks/instances/bayesian_networks/pcnf/munin/1285.cnf | tr '\n' ' '",/data/schlandals/pwmc_benchmarks/instances/bayesian_networks/pcnf/munin/1285.cnf,"Estimated probability 6.7432109e-3 with bounds [6.7432109e-3 6.7432109e-3] (epsilon 0) found in 69 seconds ",
1282,:,1737451050.000,103.000,0,131,0,0,"schlandals --timeout 1500 -i /data/schlandals/pwmc_benchmarks/instances/bayesian_networks/pcnf/munin/1282.cnf | tr '\n' ' '",/data/schlandals/pwmc_benchmarks/instances/bayesian_networks/pcnf/munin/1282.cnf,"Estimated probability 6.0941834e-3 with bounds [6.0941790e-3 6.0941879e-3] (epsilon 0.0000007275700208975167) found in 102 seconds ",
1283,:,1737451060.000,95.000,0,107,0,0,"schlandals --timeout 1500 -i /data/schlandals/pwmc_benchmarks/instances/bayesian_networks/pcnf/munin/1283.cnf | tr '\n' ' '",/data/schlandals/pwmc_benchmarks/instances/bayesian_networks/pcnf/munin/1283.cnf,"Estimated probability 4.2243607e-3 with bounds [4.2243607e-3 4.2243607e-3] (epsilon 0) found in 95 seconds ",
1284,:,1737451066.000,96.000,0,107,0,0,"schlandals --timeout 1500 -i /data/schlandals/pwmc_benchmarks/instances/bayesian_networks/pcnf/munin/1284.cnf | tr '\n' ' '",/data/schlandals/pwmc_benchmarks/instances/bayesian_networks/pcnf/munin/1284.cnf,"Estimated probability 2.8784587e-3 with bounds [2.8784587e-3 2.8784587e-3] (epsilon 0) found in 95 seconds ",
1286,:,1737451077.000,86.000,0,107,0,0,"schlandals --timeout 1500 -i /data/schlandals/pwmc_benchmarks/instances/bayesian_networks/pcnf/munin/1286.cnf | tr '\n' ' '",/data/schlandals/pwmc_benchmarks/instances/bayesian_networks/pcnf/munin/1286.cnf,"Estimated probability 5.8368376e-2 with bounds [5.8368376e-2 5.8368376e-2] (epsilon 0) found in 86 seconds ",
1290,:,1737451106.000,61.000,0,132,0,0,"schlandals --timeout 1500 -i /data/schlandals/pwmc_benchmarks/instances/bayesian_networks/pcnf/munin/1290.cnf | tr '\n' ' '",/data/schlandals/pwmc_benchmarks/instances/bayesian_networks/pcnf/munin/1290.cnf,"Estimated probability 1.4410888e-3 with bounds [1.4410887e-3 1.4410888e-3] (epsilon 0.000000043880668876283835) found in 60 seconds ",
1287,:,1737451078.000,92.000,0,107,0,0,"schlandals --timeout 1500 -i /data/schlandals/pwmc_benchmarks/instances/bayesian_networks/pcnf/munin/1287.cnf | tr '\n' ' '",/data/schlandals/pwmc_benchmarks/instances/bayesian_networks/pcnf/munin/1287.cnf,"Estimated probability 7.9866221e-1 with bounds [7.9866221e-1 7.9866221e-1] (epsilon 0) found in 91 seconds ",
1288,:,1737451090.000,88.000,0,107,0,0,"schlandals --timeout 1500 -i /data/schlandals/pwmc_benchmarks/instances/bayesian_networks/pcnf/munin/1288.cnf | tr '\n' ' '",/data/schlandals/pwmc_benchmarks/instances/bayesian_networks/pcnf/munin/1288.cnf,"Estimated probability 1.1467941e-1 with bounds [1.1467941e-1 1.1467941e-1] (epsilon 0) found in 87 seconds ",
1289,:,1737451101.000,88.000,0,107,0,0,"schlandals --timeout 1500 -i /data/schlandals/pwmc_benchmarks/instances/bayesian_networks/pcnf/munin/1289.cnf | tr '\n' ' '",/data/schlandals/pwmc_benchmarks/instances/bayesian_networks/pcnf/munin/1289.cnf,"Estimated probability 2.1546798e-2 with bounds [2.1546798e-2 2.1546798e-2] (epsilon 0) found in 87 seconds ",
1291,:,1737451119.000,102.000,0,133,0,0,"schlandals --timeout 1500 -i /data/schlandals/pwmc_benchmarks/instances/bayesian_networks/pcnf/munin/1291.cnf | tr '\n' ' '",/data/schlandals/pwmc_benchmarks/instances/bayesian_networks/pcnf/munin/1291.cnf,"Estimated probability 3.0126502e-3 with bounds [3.0126502e-3 3.0126503e-3] (epsilon 0.000000020990131854858873) found in 101 seconds ",
1292,:,1737451121.000,102.000,0,132,0,0,"schlandals --timeout 1500 -i /data/schlandals/pwmc_benchmarks/instances/bayesian_networks/pcnf/munin/1292.cnf | tr '\n' ' '",/data/schlandals/pwmc_benchmarks/instances/bayesian_networks/pcnf/munin/1292.cnf,"Estimated probability 6.7384158e-3 with bounds [6.7384155e-3 6.7384161e-3] (epsilon 0.00000003870582654386112) found in 101 seconds ",
1293,:,1737451129.000,96.000,0,131,0,0,"schlandals --timeout 1500 -i /data/schlandals/pwmc_benchmarks/instances/bayesian_networks/pcnf/munin/1293.cnf | tr '\n' ' '",/data/schlandals/pwmc_benchmarks/instances/bayesian_networks/pcnf/munin/1293.cnf,"Estimated probability 2.1652677e-2 with bounds [2.1652677e-2 2.1652678e-2] (epsilon 0.00000001204543931265789) found in 95 seconds ",
1294,:,1737451135.000,101.000,0,133,0,0,"schlandals --timeout 1500 -i /data/schlandals/pwmc_benchmarks/instances/bayesian_networks/pcnf/munin/1294.cnf | tr '\n' ' '",/data/schlandals/pwmc_benchmarks/instances/bayesian_networks/pcnf/munin/1294.cnf,"Estimated probability 7.2308117e-2 with bounds [7.2308116e-2 7.2308117e-2] (epsilon 0.000000005282158044295215) found in 100 seconds ",
1295,:,1737451143.000,101.000,0,134,0,0,"schlandals --timeout 1500 -i /data/schlandals/pwmc_benchmarks/instances/bayesian_networks/pcnf/munin/1295.cnf | tr '\n' ' '",/data/schlandals/pwmc_benchmarks/instances/bayesian_networks/pcnf/munin/1295.cnf,"Estimated probability 1.7152647e-1 with bounds [1.7152647e-1 1.7152647e-1] (epsilon 0.0000000024317647895344408) found in 100 seconds ",
1301,:,1737451170.000,78.000,0,132,0,0,"schlandals --timeout 1500 -i /data/schlandals/pwmc_benchmarks/instances/bayesian_networks/pcnf/munin/1301.cnf | tr '\n' ' '",/data/schlandals/pwmc_benchmarks/instances/bayesian_networks/pcnf/munin/1301.cnf,"Estimated probability 1.0372517e-2 with bounds [1.0372516e-2 1.0372517e-2] (epsilon 0.000000040213196106364535) found in 77 seconds ",
1296,:,1737451153.000,102.000,0,134,0,0,"schlandals --timeout 1500 -i /data/schlandals/pwmc_benchmarks/instances/bayesian_networks/pcnf/munin/1296.cnf | tr '\n' ' '",/data/schlandals/pwmc_benchmarks/instances/bayesian_networks/pcnf/munin/1296.cnf,"Estimated probability 2.5553850e-1 with bounds [2.5553850e-1 2.5553850e-1] (epsilon 0.0000000016322863061191129) found in 101 seconds ",
1297,:,1737451155.000,102.000,0,134,0,0,"schlandals --timeout 1500 -i /data/schlandals/pwmc_benchmarks/instances/bayesian_networks/pcnf/munin/1297.cnf | tr '\n' ' '",/data/schlandals/pwmc_benchmarks/instances/bayesian_networks/pcnf/munin/1297.cnf,"Estimated probability 2.3417023e-1 with bounds [2.3417023e-1 2.3417023e-1] (epsilon 0.0000000017812344932366386) found in 101 seconds ",
1299,:,1737451163.000,103.000,0,133,0,0,"schlandals --timeout 1500 -i /data/schlandals/pwmc_benchmarks/instances/bayesian_networks/pcnf/munin/1299.cnf | tr '\n' ' '",/data/schlandals/pwmc_benchmarks/instances/bayesian_networks/pcnf/munin/1299.cnf,"Estimated probability 5.4022470e-2 with bounds [5.4022469e-2 5.4022470e-2] (epsilon 0.000000007721084438472303) found in 102 seconds ",
1298,:,1737451162.000,104.000,0,134,0,0,"schlandals --timeout 1500 -i /data/schlandals/pwmc_benchmarks/instances/bayesian_networks/pcnf/munin/1298.cnf | tr '\n' ' '",/data/schlandals/pwmc_benchmarks/instances/bayesian_networks/pcnf/munin/1298.cnf,"Estimated probability 1.3470693e-1 with bounds [1.3470693e-1 1.3470693e-1] (epsilon 0.0000000030964411035228068) found in 103 seconds ",
1300,:,1737451167.000,102.000,0,133,0,0,"schlandals --timeout 1500 -i /data/schlandals/pwmc_benchmarks/instances/bayesian_networks/pcnf/munin/1300.cnf | tr '\n' ' '",/data/schlandals/pwmc_benchmarks/instances/bayesian_networks/pcnf/munin/1300.cnf,"Estimated probability 2.0579486e-2 with bounds [2.0579486e-2 2.0579487e-2] (epsilon 0.000000020268341893725506) found in 101 seconds ",
1314,:,1737451269.000,4.000,0,106,0,0,"schlandals --timeout 1500 -i /data/schlandals/pwmc_benchmarks/instances/bayesian_networks/pcnf/munin/1314.cnf | tr '\n' ' '",/data/schlandals/pwmc_benchmarks/instances/bayesian_networks/pcnf/munin/1314.cnf,"Estimated probability 8.8020006e-1 with bounds [8.8020006e-1 8.8020006e-1] (epsilon 0) found in 3 seconds ",
1302,:,1737451178.000,98.000,0,131,0,0,"schlandals --timeout 1500 -i /data/schlandals/pwmc_benchmarks/instances/bayesian_networks/pcnf/munin/1302.cnf | tr '\n' ' '",/data/schlandals/pwmc_benchmarks/instances/bayesian_networks/pcnf/munin/1302.cnf,"Estimated probability 6.1368203e-3 with bounds [6.1368199e-3 6.1368206e-3] (epsilon 0.00000005698860228164904) found in 97 seconds ",
1315,:,1737451273.000,4.000,0,106,0,0,"schlandals --timeout 1500 -i /data/schlandals/pwmc_benchmarks/instances/bayesian_networks/pcnf/munin/1315.cnf | tr '\n' ' '",/data/schlandals/pwmc_benchmarks/instances/bayesian_networks/pcnf/munin/1315.cnf,"Estimated probability 1.1979994e-1 with bounds [1.1979994e-1 1.1979994e-1] (epsilon 0) found in 3 seconds ",
1316,:,1737451276.000,8.000,0,106,0,0,"schlandals --timeout 1500 -i /data/schlandals/pwmc_benchmarks/instances/bayesian_networks/pcnf/munin/1316.cnf | tr '\n' ' '",/data/schlandals/pwmc_benchmarks/instances/bayesian_networks/pcnf/munin/1316.cnf,"Estimated probability 9.4632480e-1 with bounds [9.4632480e-1 9.4632480e-1] (epsilon 0) found in 8 seconds ",
1317,:,1737451277.000,10.000,0,106,0,0,"schlandals --timeout 1500 -i /data/schlandals/pwmc_benchmarks/instances/bayesian_networks/pcnf/munin/1317.cnf | tr '\n' ' '",/data/schlandals/pwmc_benchmarks/instances/bayesian_networks/pcnf/munin/1317.cnf,"Estimated probability 5.3675200e-2 with bounds [5.3675200e-2 5.3675200e-2] (epsilon 0) found in 8 seconds ",
1303,:,1737451189.000,105.000,0,132,0,0,"schlandals --timeout 1500 -i /data/schlandals/pwmc_benchmarks/instances/bayesian_networks/pcnf/munin/1303.cnf | tr '\n' ' '",/data/schlandals/pwmc_benchmarks/instances/bayesian_networks/pcnf/munin/1303.cnf,"Estimated probability 3.5506232e-3 with bounds [3.5506228e-3 3.5506235e-3] (epsilon 0.00000009849786408722139) found in 104 seconds ",
1304,:,1737451221.000,98.000,0,131,0,0,"schlandals --timeout 1500 -i /data/schlandals/pwmc_benchmarks/instances/bayesian_networks/pcnf/munin/1304.cnf | tr '\n' ' '",/data/schlandals/pwmc_benchmarks/instances/bayesian_networks/pcnf/munin/1304.cnf,"Estimated probability 2.0688035e-3 with bounds [2.0688031e-3 2.0688038e-3] (epsilon 0.00000016904883426427375) found in 97 seconds ",
1305,:,1737451223.000,97.000,0,130,0,0,"schlandals --timeout 1500 -i /data/schlandals/pwmc_benchmarks/instances/bayesian_networks/pcnf/munin/1305.cnf | tr '\n' ' '",/data/schlandals/pwmc_benchmarks/instances/bayesian_networks/pcnf/munin/1305.cnf,"Estimated probability 1.2015357e-3 with bounds [1.2015353e-3 1.2015360e-3] (epsilon 0.0000002910682044277024) found in 96 seconds ",
1306,:,1737451225.000,103.000,0,132,0,0,"schlandals --timeout 1500 -i /data/schlandals/pwmc_benchmarks/instances/bayesian_networks/pcnf/munin/1306.cnf | tr '\n' ' '",/data/schlandals/pwmc_benchmarks/instances/bayesian_networks/pcnf/munin/1306.cnf,"Estimated probability 6.4127000e-4 with bounds [6.4126984e-4 6.4127016e-4] (epsilon 0.00000023726162901027692) found in 102 seconds ",
1309,:,1737451248.000,84.000,0,107,0,0,"schlandals --timeout 1500 -i /data/schlandals/pwmc_benchmarks/instances/bayesian_networks/pcnf/munin/1309.cnf | tr '\n' ' '",/data/schlandals/pwmc_benchmarks/instances/bayesian_networks/pcnf/munin/1309.cnf,"Estimated probability 1.1456274e-1 with bounds [1.1456274e-1 1.1456274e-1] (epsilon 0) found in 83 seconds ",
1307,:,1737451236.000,100.000,0,130,0,0,"schlandals --timeout 1500 -i /data/schlandals/pwmc_benchmarks/instances/bayesian_networks/pcnf/munin/1307.cnf | tr '\n' ' '",/data/schlandals/pwmc_benchmarks/instances/bayesian_networks/pcnf/munin/1307.cnf,"Estimated probability 2.8930809e-4 with bounds [2.8930793e-4 2.8930825e-4] (epsilon 0.0000005259057416218127) found in 99 seconds ",
1310,:,1737451255.000,84.000,0,107,0,0,"schlandals --timeout 1500 -i /data/schlandals/pwmc_benchmarks/instances/bayesian_networks/pcnf/munin/1310.cnf | tr '\n' ' '",/data/schlandals/pwmc_benchmarks/instances/bayesian_networks/pcnf/munin/1310.cnf,"Estimated probability 7.3927674e-1 with bounds [7.3927674e-1 7.3927674e-1] (epsilon 0) found in 83 seconds ",
1308,:,1737451244.000,100.000,0,130,0,0,"schlandals --timeout 1500 -i /data/schlandals/pwmc_benchmarks/instances/bayesian_networks/pcnf/munin/1308.cnf | tr '\n' ' '",/data/schlandals/pwmc_benchmarks/instances/bayesian_networks/pcnf/munin/1308.cnf,"Estimated probability 4.2088905e-5 with bounds [4.2088869e-5 4.2088941e-5] (epsilon 0.0000007370557899566421) found in 99 seconds ",
1311,:,1737451257.000,89.000,0,107,0,0,"schlandals --timeout 1500 -i /data/schlandals/pwmc_benchmarks/instances/bayesian_networks/pcnf/munin/1311.cnf | tr '\n' ' '",/data/schlandals/pwmc_benchmarks/instances/bayesian_networks/pcnf/munin/1311.cnf,"Estimated probability 1.4616052e-1 with bounds [1.4616052e-1 1.4616052e-1] (epsilon 0) found in 88 seconds ",
1313,:,1737451266.000,84.000,0,107,0,0,"schlandals --timeout 1500 -i /data/schlandals/pwmc_benchmarks/instances/bayesian_networks/pcnf/munin/1313.cnf | tr '\n' ' '",/data/schlandals/pwmc_benchmarks/instances/bayesian_networks/pcnf/munin/1313.cnf,"Estimated probability 1.7729355e-1 with bounds [1.7729355e-1 1.7729355e-1] (epsilon 0) found in 83 seconds ",
1312,:,1737451266.000,86.000,0,107,0,0,"schlandals --timeout 1500 -i /data/schlandals/pwmc_benchmarks/instances/bayesian_networks/pcnf/munin/1312.cnf | tr '\n' ' '",/data/schlandals/pwmc_benchmarks/instances/bayesian_networks/pcnf/munin/1312.cnf,"Estimated probability 8.2270645e-1 with bounds [8.2270645e-1 8.2270645e-1] (epsilon 0) found in 85 seconds ",
884,:,1737450129.000,1416.000,0,134,0,0,"schlandals --timeout 1500 -i /data/schlandals/pwmc_benchmarks/instances/bayesian_networks/pcnf/munin/884.cnf | tr '\n' ' '",/data/schlandals/pwmc_benchmarks/instances/bayesian_networks/pcnf/munin/884.cnf,"Estimated probability 1.2316860e-2 with bounds [1.2316860e-2 1.2316860e-2] (epsilon 0.000000011185965043125634) found in 1415 seconds ",
885,:,1737450131.000,1501.000,0,126,0,0,"schlandals --timeout 1500 -i /data/schlandals/pwmc_benchmarks/instances/bayesian_networks/pcnf/munin/885.cnf | tr '\n' ' '",/data/schlandals/pwmc_benchmarks/instances/bayesian_networks/pcnf/munin/885.cnf,"Estimated probability 3.5199162e-3 with bounds [2.8733601e-3 4.3119586e-3] (epsilon 0.2250174082567069) found in 1500 seconds ",
886,:,1737450132.000,1501.000,0,126,0,0,"schlandals --timeout 1500 -i /data/schlandals/pwmc_benchmarks/instances/bayesian_networks/pcnf/munin/886.cnf | tr '\n' ' '",/data/schlandals/pwmc_benchmarks/instances/bayesian_networks/pcnf/munin/886.cnf,"Estimated probability 8.5395848e-3 with bounds [2.9087112e-3 2.5071072e-2] (epsilon 1.9358654574640162) found in 1500 seconds ",
887,:,1737450132.000,1501.000,0,127,0,0,"schlandals --timeout 1500 -i /data/schlandals/pwmc_benchmarks/instances/bayesian_networks/pcnf/munin/887.cnf | tr '\n' ' '",/data/schlandals/pwmc_benchmarks/instances/bayesian_networks/pcnf/munin/887.cnf,"Estimated probability 5.0509691e-3 with bounds [4.3032182e-3 5.9286533e-3] (epsilon 0.17376551025635734) found in 1500 seconds ",
888,:,1737450133.000,1501.000,0,126,0,0,"schlandals --timeout 1500 -i /data/schlandals/pwmc_benchmarks/instances/bayesian_networks/pcnf/munin/888.cnf | tr '\n' ' '",/data/schlandals/pwmc_benchmarks/instances/bayesian_networks/pcnf/munin/888.cnf,"Estimated probability 1.1848796e-2 with bounds [5.1442981e-3 2.7291182e-2] (epsilon 1.3032872935214264) found in 1500 seconds ",
889,:,1737450134.000,1501.000,0,127,0,0,"schlandals --timeout 1500 -i /data/schlandals/pwmc_benchmarks/instances/bayesian_networks/pcnf/munin/889.cnf | tr '\n' ' '",/data/schlandals/pwmc_benchmarks/instances/bayesian_networks/pcnf/munin/889.cnf,"Estimated probability 9.4506949e-3 with bounds [7.9558370e-3 1.1226428e-2] (epsilon 0.18789448659650154) found in 1500 seconds ",
890,:,1737450135.000,1501.000,0,126,0,0,"schlandals --timeout 1500 -i /data/schlandals/pwmc_benchmarks/instances/bayesian_networks/pcnf/munin/890.cnf | tr '\n' ' '",/data/schlandals/pwmc_benchmarks/instances/bayesian_networks/pcnf/munin/890.cnf,"Estimated probability 1.6973248e-2 with bounds [9.1927003e-3 3.1339119e-2] (epsilon 0.8463832074157951) found in 1500 seconds ",
891,:,1737450136.000,1501.000,0,127,0,0,"schlandals --timeout 1500 -i /data/schlandals/pwmc_benchmarks/instances/bayesian_networks/pcnf/munin/891.cnf | tr '\n' ' '",/data/schlandals/pwmc_benchmarks/instances/bayesian_networks/pcnf/munin/891.cnf,"Estimated probability 1.5194980e-2 with bounds [1.4502684e-2 1.5920323e-2] (epsilon 0.04773571771623364) found in 1500 seconds ",
892,:,1737450136.000,1501.000,0,126,0,0,"schlandals --timeout 1500 -i /data/schlandals/pwmc_benchmarks/instances/bayesian_networks/pcnf/munin/892.cnf | tr '\n' ' '",/data/schlandals/pwmc_benchmarks/instances/bayesian_networks/pcnf/munin/892.cnf,"Estimated probability 2.8767642e-2 with bounds [1.9814594e-2 4.1766046e-2] (epsilon 0.4518411188524658) found in 1500 seconds ",
893,:,1737450138.000,1501.000,0,126,0,0,"schlandals --timeout 1500 -i /data/schlandals/pwmc_benchmarks/instances/bayesian_networks/pcnf/munin/893.cnf | tr '\n' ' '",/data/schlandals/pwmc_benchmarks/instances/bayesian_networks/pcnf/munin/893.cnf,"Estimated probability 4.7217071e-2 with bounds [3.7486703e-2 5.9473136e-2] (epsilon 0.2595685094425013) found in 1500 seconds ",
894,:,1737450138.000,1501.000,0,127,0,0,"schlandals --timeout 1500 -i /data/schlandals/pwmc_benchmarks/instances/bayesian_networks/pcnf/munin/894.cnf | tr '\n' ' '",/data/schlandals/pwmc_benchmarks/instances/bayesian_networks/pcnf/munin/894.cnf,"Estimated probability 9.3022166e-2 with bounds [8.2691882e-2 1.0464296e-1] (epsilon 0.12492500956553632) found in 1500 seconds ",
895,:,1737450138.000,1501.000,0,126,0,0,"schlandals --timeout 1500 -i /data/schlandals/pwmc_benchmarks/instances/bayesian_networks/pcnf/munin/895.cnf | tr '\n' ' '",/data/schlandals/pwmc_benchmarks/instances/bayesian_networks/pcnf/munin/895.cnf,"Estimated probability 1.7124641e-1 with bounds [1.6053037e-1 1.8267779e-1] (epsilon 0.0667539705466631) found in 1500 seconds ",
896,:,1737450140.000,1501.000,0,129,0,0,"schlandals --timeout 1500 -i /data/schlandals/pwmc_benchmarks/instances/bayesian_networks/pcnf/munin/896.cnf | tr '\n' ' '",/data/schlandals/pwmc_benchmarks/instances/bayesian_networks/pcnf/munin/896.cnf,"Estimated probability 2.2513203e-1 with bounds [2.2442433e-1 2.2584196e-1] (epsilon 0.0031534023646060394) found in 1500 seconds ",
897,:,1737450140.000,1502.000,0,129,0,0,"schlandals --timeout 1500 -i /data/schlandals/pwmc_benchmarks/instances/bayesian_networks/pcnf/munin/897.cnf | tr '\n' ' '",/data/schlandals/pwmc_benchmarks/instances/bayesian_networks/pcnf/munin/897.cnf,"Estimated probability 2.0784564e-1 with bounds [2.0717189e-1 2.0852159e-1] (epsilon 0.0032521330954573546) found in 1500 seconds ",
898,:,1737450142.000,1501.000,0,127,0,0,"schlandals --timeout 1500 -i /data/schlandals/pwmc_benchmarks/instances/bayesian_networks/pcnf/munin/898.cnf | tr '\n' ' '",/data/schlandals/pwmc_benchmarks/instances/bayesian_networks/pcnf/munin/898.cnf,"Estimated probability 1.3559097e-1 with bounds [1.2499373e-1 1.4708666e-1] (epsilon 0.08478213004309443) found in 1500 seconds ",
1339,:,1737451637.000,9.000,0,106,0,0,"schlandals --timeout 1500 -i /data/schlandals/pwmc_benchmarks/instances/bayesian_networks/pcnf/munin/1339.cnf | tr '\n' ' '",/data/schlandals/pwmc_benchmarks/instances/bayesian_networks/pcnf/munin/1339.cnf,"Estimated probability 9.4588394e-1 with bounds [9.4588394e-1 9.4588394e-1] (epsilon 0) found in 8 seconds ",
1343,:,1737451641.000,5.000,0,106,0,0,"schlandals --timeout 1500 -i /data/schlandals/pwmc_benchmarks/instances/bayesian_networks/pcnf/munin/1343.cnf | tr '\n' ' '",/data/schlandals/pwmc_benchmarks/instances/bayesian_networks/pcnf/munin/1343.cnf,"Estimated probability 2.0000000e-2 with bounds [2.0000000e-2 2.0000000e-2] (epsilon 0) found in 5 seconds ",
1342,:,1737451639.000,8.000,0,106,0,0,"schlandals --timeout 1500 -i /data/schlandals/pwmc_benchmarks/instances/bayesian_networks/pcnf/munin/1342.cnf | tr '\n' ' '",/data/schlandals/pwmc_benchmarks/instances/bayesian_networks/pcnf/munin/1342.cnf,"Estimated probability 1.3017219e-3 with bounds [1.3017219e-3 1.3017219e-3] (epsilon 0) found in 7 seconds ",
1341,:,1737451639.000,9.000,0,106,0,0,"schlandals --timeout 1500 -i /data/schlandals/pwmc_benchmarks/instances/bayesian_networks/pcnf/munin/1341.cnf | tr '\n' ' '",/data/schlandals/pwmc_benchmarks/instances/bayesian_networks/pcnf/munin/1341.cnf,"Estimated probability 1.0633318e-2 with bounds [1.0633318e-2 1.0633318e-2] (epsilon 0) found in 8 seconds ",
1340,:,1737451639.000,9.000,0,106,0,0,"schlandals --timeout 1500 -i /data/schlandals/pwmc_benchmarks/instances/bayesian_networks/pcnf/munin/1340.cnf | tr '\n' ' '",/data/schlandals/pwmc_benchmarks/instances/bayesian_networks/pcnf/munin/1340.cnf,"Estimated probability 2.2181015e-2 with bounds [2.2181015e-2 2.2181015e-2] (epsilon 0) found in 8 seconds ",
1344,:,1737451642.000,9.000,0,106,0,0,"schlandals --timeout 1500 -i /data/schlandals/pwmc_benchmarks/instances/bayesian_networks/pcnf/munin/1344.cnf | tr '\n' ' '",/data/schlandals/pwmc_benchmarks/instances/bayesian_networks/pcnf/munin/1344.cnf,"Estimated probability 9.4901349e-1 with bounds [9.4901349e-1 9.4901349e-1] (epsilon 0) found in 8 seconds ",
1345,:,1737451643.000,9.000,0,106,0,0,"schlandals --timeout 1500 -i /data/schlandals/pwmc_benchmarks/instances/bayesian_networks/pcnf/munin/1345.cnf | tr '\n' ' '",/data/schlandals/pwmc_benchmarks/instances/bayesian_networks/pcnf/munin/1345.cnf,"Estimated probability 2.0756259e-2 with bounds [2.0756259e-2 2.0756259e-2] (epsilon 0) found in 8 seconds ",
1346,:,1737451646.000,9.000,0,106,0,0,"schlandals --timeout 1500 -i /data/schlandals/pwmc_benchmarks/instances/bayesian_networks/pcnf/munin/1346.cnf | tr '\n' ' '",/data/schlandals/pwmc_benchmarks/instances/bayesian_networks/pcnf/munin/1346.cnf,"Estimated probability 1.0177664e-2 with bounds [1.0177664e-2 1.0177664e-2] (epsilon 0) found in 8 seconds ",
1347,:,1737451646.000,10.000,0,106,0,0,"schlandals --timeout 1500 -i /data/schlandals/pwmc_benchmarks/instances/bayesian_networks/pcnf/munin/1347.cnf | tr '\n' ' '",/data/schlandals/pwmc_benchmarks/instances/bayesian_networks/pcnf/munin/1347.cnf,"Estimated probability 2.0052583e-2 with bounds [2.0052583e-2 2.0052583e-2] (epsilon 0) found in 8 seconds ",
1350,:,1737451648.000,8.000,0,106,0,0,"schlandals --timeout 1500 -i /data/schlandals/pwmc_benchmarks/instances/bayesian_networks/pcnf/munin/1350.cnf | tr '\n' ' '",/data/schlandals/pwmc_benchmarks/instances/bayesian_networks/pcnf/munin/1350.cnf,"Estimated probability 1.0836669e-2 with bounds [1.0836669e-2 1.0836669e-2] (epsilon 0) found in 7 seconds ",
1348,:,1737451647.000,10.000,0,106,0,0,"schlandals --timeout 1500 -i /data/schlandals/pwmc_benchmarks/instances/bayesian_networks/pcnf/munin/1348.cnf | tr '\n' ' '",/data/schlandals/pwmc_benchmarks/instances/bayesian_networks/pcnf/munin/1348.cnf,"Estimated probability 9.4549911e-1 with bounds [9.4549911e-1 9.4549911e-1] (epsilon 0) found in 9 seconds ",
1349,:,1737451648.000,9.000,0,106,0,0,"schlandals --timeout 1500 -i /data/schlandals/pwmc_benchmarks/instances/bayesian_networks/pcnf/munin/1349.cnf | tr '\n' ' '",/data/schlandals/pwmc_benchmarks/instances/bayesian_networks/pcnf/munin/1349.cnf,"Estimated probability 2.2297814e-2 with bounds [2.2297814e-2 2.2297814e-2] (epsilon 0) found in 8 seconds ",
1351,:,1737451651.000,8.000,0,106,0,0,"schlandals --timeout 1500 -i /data/schlandals/pwmc_benchmarks/instances/bayesian_networks/pcnf/munin/1351.cnf | tr '\n' ' '",/data/schlandals/pwmc_benchmarks/instances/bayesian_networks/pcnf/munin/1351.cnf,"Estimated probability 1.3440672e-3 with bounds [1.3440672e-3 1.3440672e-3] (epsilon 0) found in 7 seconds ",
1352,:,1737451652.000,8.000,0,106,0,0,"schlandals --timeout 1500 -i /data/schlandals/pwmc_benchmarks/instances/bayesian_networks/pcnf/munin/1352.cnf | tr '\n' ' '",/data/schlandals/pwmc_benchmarks/instances/bayesian_networks/pcnf/munin/1352.cnf,"Estimated probability 2.0022336e-2 with bounds [2.0022336e-2 2.0022336e-2] (epsilon 0) found in 8 seconds ",
1354,:,1737451656.000,7.000,0,106,0,0,"schlandals --timeout 1500 -i /data/schlandals/pwmc_benchmarks/instances/bayesian_networks/pcnf/munin/1354.cnf | tr '\n' ' '",/data/schlandals/pwmc_benchmarks/instances/bayesian_networks/pcnf/munin/1354.cnf,"Estimated probability 5.2579806e-2 with bounds [5.2579806e-2 5.2579806e-2] (epsilon 0) found in 7 seconds ",
1356,:,1737451657.000,7.000,0,106,0,0,"schlandals --timeout 1500 -i /data/schlandals/pwmc_benchmarks/instances/bayesian_networks/pcnf/munin/1356.cnf | tr '\n' ' '",/data/schlandals/pwmc_benchmarks/instances/bayesian_networks/pcnf/munin/1356.cnf,"Estimated probability 4.1321565e-4 with bounds [4.1321565e-4 4.1321565e-4] (epsilon 0) found in 6 seconds ",
1355,:,1737451656.000,8.000,0,106,0,0,"schlandals --timeout 1500 -i /data/schlandals/pwmc_benchmarks/instances/bayesian_networks/pcnf/munin/1355.cnf | tr '\n' ' '",/data/schlandals/pwmc_benchmarks/instances/bayesian_networks/pcnf/munin/1355.cnf,"Estimated probability 1.2936256e-3 with bounds [1.2936256e-3 1.2936256e-3] (epsilon 0) found in 7 seconds ",
1353,:,1737451655.000,9.000,0,106,0,0,"schlandals --timeout 1500 -i /data/schlandals/pwmc_benchmarks/instances/bayesian_networks/pcnf/munin/1353.cnf | tr '\n' ' '",/data/schlandals/pwmc_benchmarks/instances/bayesian_networks/pcnf/munin/1353.cnf,"Estimated probability 9.4571335e-1 with bounds [9.4571335e-1 9.4571335e-1] (epsilon 0) found in 8 seconds ",
1360,:,1737451663.000,2.000,0,106,0,0,"schlandals --timeout 1500 -i /data/schlandals/pwmc_benchmarks/instances/bayesian_networks/pcnf/munin/1360.cnf | tr '\n' ' '",/data/schlandals/pwmc_benchmarks/instances/bayesian_networks/pcnf/munin/1360.cnf,"Estimated probability 9.2221932e-1 with bounds [9.2221932e-1 9.2221932e-1] (epsilon 0) found in 0 seconds ",
1361,:,1737451664.000,1.000,0,106,0,0,"schlandals --timeout 1500 -i /data/schlandals/pwmc_benchmarks/instances/bayesian_networks/pcnf/munin/1361.cnf | tr '\n' ' '",/data/schlandals/pwmc_benchmarks/instances/bayesian_networks/pcnf/munin/1361.cnf,"Estimated probability 7.7780683e-2 with bounds [7.7780683e-2 7.7780683e-2] (epsilon 0) found in 0 seconds ",
1362,:,1737451664.000,1.000,0,87,0,0,"schlandals --timeout 1500 -i /data/schlandals/pwmc_benchmarks/instances/bayesian_networks/pcnf/munin/1362.cnf | tr '\n' ' '",/data/schlandals/pwmc_benchmarks/instances/bayesian_networks/pcnf/munin/1362.cnf,"Estimated probability -0 with bounds [0 -6.7353649e-17] (epsilon 0) found in 0 seconds ",
1363,:,1737451664.000,1.000,0,87,0,0,"schlandals --timeout 1500 -i /data/schlandals/pwmc_benchmarks/instances/bayesian_networks/pcnf/munin/1363.cnf | tr '\n' ' '",/data/schlandals/pwmc_benchmarks/instances/bayesian_networks/pcnf/munin/1363.cnf,"Estimated probability -0 with bounds [0 -6.7353649e-17] (epsilon 0) found in 0 seconds ",
1364,:,1737451665.000,1.000,0,87,0,0,"schlandals --timeout 1500 -i /data/schlandals/pwmc_benchmarks/instances/bayesian_networks/pcnf/munin/1364.cnf | tr '\n' ' '",/data/schlandals/pwmc_benchmarks/instances/bayesian_networks/pcnf/munin/1364.cnf,"Estimated probability -0 with bounds [0 -6.7353649e-17] (epsilon 0) found in 0 seconds ",
1365,:,1737451665.000,1.000,0,87,0,0,"schlandals --timeout 1500 -i /data/schlandals/pwmc_benchmarks/instances/bayesian_networks/pcnf/munin/1365.cnf | tr '\n' ' '",/data/schlandals/pwmc_benchmarks/instances/bayesian_networks/pcnf/munin/1365.cnf,"Estimated probability -0 with bounds [0 -6.7353649e-17] (epsilon 0) found in 0 seconds ",
1357,:,1737451657.000,13.000,0,107,0,0,"schlandals --timeout 1500 -i /data/schlandals/pwmc_benchmarks/instances/bayesian_networks/pcnf/munin/1357.cnf | tr '\n' ' '",/data/schlandals/pwmc_benchmarks/instances/bayesian_networks/pcnf/munin/1357.cnf,"Estimated probability 9.0647974e-1 with bounds [9.0647974e-1 9.0647974e-1] (epsilon 0) found in 12 seconds ",
1358,:,1737451659.000,12.000,0,107,0,0,"schlandals --timeout 1500 -i /data/schlandals/pwmc_benchmarks/instances/bayesian_networks/pcnf/munin/1358.cnf | tr '\n' ' '",/data/schlandals/pwmc_benchmarks/instances/bayesian_networks/pcnf/munin/1358.cnf,"Estimated probability 7.7236892e-2 with bounds [7.7236892e-2 7.7236892e-2] (epsilon 0) found in 12 seconds ",
1359,:,1737451660.000,13.000,0,107,0,0,"schlandals --timeout 1500 -i /data/schlandals/pwmc_benchmarks/instances/bayesian_networks/pcnf/munin/1359.cnf | tr '\n' ' '",/data/schlandals/pwmc_benchmarks/instances/bayesian_networks/pcnf/munin/1359.cnf,"Estimated probability 1.6283367e-2 with bounds [1.6283367e-2 1.6283367e-2] (epsilon 0) found in 12 seconds ",
899,:,1737450183.000,1501.000,0,127,0,0,"schlandals --timeout 1500 -i /data/schlandals/pwmc_benchmarks/instances/bayesian_networks/pcnf/munin/899.cnf | tr '\n' ' '",/data/schlandals/pwmc_benchmarks/instances/bayesian_networks/pcnf/munin/899.cnf,"Estimated probability 6.2388408e-2 with bounds [5.2294819e-2 7.4430193e-2] (epsilon 0.19301317417937702) found in 1500 seconds ",
900,:,1737450190.000,1501.000,0,126,0,0,"schlandals --timeout 1500 -i /data/schlandals/pwmc_benchmarks/instances/bayesian_networks/pcnf/munin/900.cnf | tr '\n' ' '",/data/schlandals/pwmc_benchmarks/instances/bayesian_networks/pcnf/munin/900.cnf,"Estimated probability 2.7738033e-2 with bounds [1.8793276e-2 4.0940093e-2] (epsilon 0.4759551474579995) found in 1500 seconds ",
1209,:,1737450657.000,1043.000,0,133,0,0,"schlandals --timeout 1500 -i /data/schlandals/pwmc_benchmarks/instances/bayesian_networks/pcnf/munin/1209.cnf | tr '\n' ' '",/data/schlandals/pwmc_benchmarks/instances/bayesian_networks/pcnf/munin/1209.cnf,"Estimated probability 1.1180487e-2 with bounds [1.1180487e-2 1.1180487e-2] (epsilon 0.00000000696314605974635) found in 1041 seconds ",
1221,:,1737450671.000,1057.000,0,135,0,0,"schlandals --timeout 1500 -i /data/schlandals/pwmc_benchmarks/instances/bayesian_networks/pcnf/munin/1221.cnf | tr '\n' ' '",/data/schlandals/pwmc_benchmarks/instances/bayesian_networks/pcnf/munin/1221.cnf,"Estimated probability 1.4363342e-1 with bounds [1.4363342e-1 1.4363342e-1] (epsilon 0.0000000034470157839194826) found in 1055 seconds ",
1367,:,1737451665.000,68.000,0,107,0,0,"schlandals --timeout 1500 -i /data/schlandals/pwmc_benchmarks/instances/bayesian_networks/pcnf/munin/1367.cnf | tr '\n' ' '",/data/schlandals/pwmc_benchmarks/instances/bayesian_networks/pcnf/munin/1367.cnf,"Estimated probability 7.1036563e-2 with bounds [7.1036563e-2 7.1036563e-2] (epsilon 0) found in 66 seconds ",
1368,:,1737451666.000,68.000,0,107,0,0,"schlandals --timeout 1500 -i /data/schlandals/pwmc_benchmarks/instances/bayesian_networks/pcnf/munin/1368.cnf | tr '\n' ' '",/data/schlandals/pwmc_benchmarks/instances/bayesian_networks/pcnf/munin/1368.cnf,"Estimated probability 4.0725131e-2 with bounds [4.0725131e-2 4.0725131e-2] (epsilon 0) found in 67 seconds ",
1370,:,1737451670.000,65.000,0,107,0,0,"schlandals --timeout 1500 -i /data/schlandals/pwmc_benchmarks/instances/bayesian_networks/pcnf/munin/1370.cnf | tr '\n' ' '",/data/schlandals/pwmc_benchmarks/instances/bayesian_networks/pcnf/munin/1370.cnf,"Estimated probability 9.8642707e-1 with bounds [9.8642707e-1 9.8642707e-1] (epsilon 0) found in 64 seconds ",
1369,:,1737451666.000,69.000,0,107,0,0,"schlandals --timeout 1500 -i /data/schlandals/pwmc_benchmarks/instances/bayesian_networks/pcnf/munin/1369.cnf | tr '\n' ' '",/data/schlandals/pwmc_benchmarks/instances/bayesian_networks/pcnf/munin/1369.cnf,"Estimated probability 1.4188150e-2 with bounds [1.4188150e-2 1.4188150e-2] (epsilon 0) found in 68 seconds ",
1366,:,1737451665.000,72.000,0,107,0,0,"schlandals --timeout 1500 -i /data/schlandals/pwmc_benchmarks/instances/bayesian_networks/pcnf/munin/1366.cnf | tr '\n' ' '",/data/schlandals/pwmc_benchmarks/instances/bayesian_networks/pcnf/munin/1366.cnf,"Estimated probability 8.7405016e-1 with bounds [8.7405016e-1 8.7405016e-1] (epsilon 0) found in 71 seconds ",
1372,:,1737451673.000,65.000,0,107,0,0,"schlandals --timeout 1500 -i /data/schlandals/pwmc_benchmarks/instances/bayesian_networks/pcnf/munin/1372.cnf | tr '\n' ' '",/data/schlandals/pwmc_benchmarks/instances/bayesian_networks/pcnf/munin/1372.cnf,"Estimated probability 8.7809180e-1 with bounds [8.7809180e-1 8.7809180e-1] (epsilon 0) found in 63 seconds ",
1371,:,1737451671.000,68.000,0,107,0,0,"schlandals --timeout 1500 -i /data/schlandals/pwmc_benchmarks/instances/bayesian_networks/pcnf/munin/1371.cnf | tr '\n' ' '",/data/schlandals/pwmc_benchmarks/instances/bayesian_networks/pcnf/munin/1371.cnf,"Estimated probability 1.3572932e-2 with bounds [1.3572932e-2 1.3572932e-2] (epsilon 0) found in 66 seconds ",
1373,:,1737451684.000,67.000,0,107,0,0,"schlandals --timeout 1500 -i /data/schlandals/pwmc_benchmarks/instances/bayesian_networks/pcnf/munin/1373.cnf | tr '\n' ' '",/data/schlandals/pwmc_benchmarks/instances/bayesian_networks/pcnf/munin/1373.cnf,"Estimated probability 1.2190820e-1 with bounds [1.2190820e-1 1.2190820e-1] (epsilon 0) found in 66 seconds ",
920,:,1737450283.000,1501.000,0,128,0,0,"schlandals --timeout 1500 -i /data/schlandals/pwmc_benchmarks/instances/bayesian_networks/pcnf/munin/920.cnf | tr '\n' ' '",/data/schlandals/pwmc_benchmarks/instances/bayesian_networks/pcnf/munin/920.cnf,"Estimated probability 8.2564659e-1 with bounds [8.1465713e-1 8.3678428e-1] (epsilon 0.013489665429864184) found in 1500 seconds ",
921,:,1737450288.000,1501.000,0,127,0,0,"schlandals --timeout 1500 -i /data/schlandals/pwmc_benchmarks/instances/bayesian_networks/pcnf/munin/921.cnf | tr '\n' ' '",/data/schlandals/pwmc_benchmarks/instances/bayesian_networks/pcnf/munin/921.cnf,"Estimated probability 1.2384050e-1 with bounds [1.1326090e-1 1.3540833e-1] (epsilon 0.09340909590841973) found in 1500 seconds ",
922,:,1737450289.000,1501.000,0,126,0,0,"schlandals --timeout 1500 -i /data/schlandals/pwmc_benchmarks/instances/bayesian_networks/pcnf/munin/922.cnf | tr '\n' ' '",/data/schlandals/pwmc_benchmarks/instances/bayesian_networks/pcnf/munin/922.cnf,"Estimated probability 3.7269900e-2 with bounds [2.7850584e-2 4.9874912e-2] (epsilon 0.3382089068533811) found in 1500 seconds ",
923,:,1737450292.000,1501.000,0,126,0,0,"schlandals --timeout 1500 -i /data/schlandals/pwmc_benchmarks/instances/bayesian_networks/pcnf/munin/923.cnf | tr '\n' ' '",/data/schlandals/pwmc_benchmarks/instances/bayesian_networks/pcnf/munin/923.cnf,"Estimated probability 1.5794095e-2 with bounds [8.2201746e-3 3.0346490e-2] (epsilon 0.9213819604676396) found in 1500 seconds ",
924,:,1737450294.000,1501.000,0,126,0,0,"schlandals --timeout 1500 -i /data/schlandals/pwmc_benchmarks/instances/bayesian_networks/pcnf/munin/924.cnf | tr '\n' ' '",/data/schlandals/pwmc_benchmarks/instances/bayesian_networks/pcnf/munin/924.cnf,"Estimated probability 9.6432510e-3 with bounds [5.3518365e-3 1.7375772e-2] (epsilon 0.8018583124425083) found in 1500 seconds ",
925,:,1737450295.000,1501.000,0,125,0,0,"schlandals --timeout 1500 -i /data/schlandals/pwmc_benchmarks/instances/bayesian_networks/pcnf/munin/925.cnf | tr '\n' ' '",/data/schlandals/pwmc_benchmarks/instances/bayesian_networks/pcnf/munin/925.cnf,"Estimated probability 1.6685753e-2 with bounds [8.9570423e-3 3.1083292e-2] (epsilon 0.862864171540791) found in 1500 seconds ",
1001,:,1737450494.000,1441.000,0,133,0,0,"schlandals --timeout 1500 -i /data/schlandals/pwmc_benchmarks/instances/bayesian_networks/pcnf/munin/1001.cnf | tr '\n' ' '",/data/schlandals/pwmc_benchmarks/instances/bayesian_networks/pcnf/munin/1001.cnf,"Estimated probability 5.6387728e-3 with bounds [5.6387722e-3 5.6387735e-3] (epsilon 0.00000011197711802246602) found in 1439 seconds ",
1391,:,1737451935.000,4.000,0,129,0,0,"schlandals --timeout 1500 -i /data/schlandals/pwmc_benchmarks/instances/bayesian_networks/pcnf/munin/1391.cnf | tr '\n' ' '",/data/schlandals/pwmc_benchmarks/instances/bayesian_networks/pcnf/munin/1391.cnf,"Estimated probability 9.1061802e-3 with bounds [9.1061756e-3 9.1061847e-3] (epsilon 0.0000005025760740906549) found in 3 seconds ",
1392,:,1737451939.000,7.000,0,130,0,0,"schlandals --timeout 1500 -i /data/schlandals/pwmc_benchmarks/instances/bayesian_networks/pcnf/munin/1392.cnf | tr '\n' ' '",/data/schlandals/pwmc_benchmarks/instances/bayesian_networks/pcnf/munin/1392.cnf,"Estimated probability 6.6006550e-2 with bounds [6.6006545e-2 6.6006555e-2] (epsilon 0.00000006985158518268975) found in 6 seconds ",
1393,:,1737451946.000,6.000,0,129,0,0,"schlandals --timeout 1500 -i /data/schlandals/pwmc_benchmarks/instances/bayesian_networks/pcnf/munin/1393.cnf | tr '\n' ' '",/data/schlandals/pwmc_benchmarks/instances/bayesian_networks/pcnf/munin/1393.cnf,"Estimated probability 2.1797613e-1 with bounds [2.1797613e-1 2.1797614e-1] (epsilon 0.0000000211521411497273) found in 6 seconds ",
1394,:,1737451952.000,7.000,0,131,0,0,"schlandals --timeout 1500 -i /data/schlandals/pwmc_benchmarks/instances/bayesian_networks/pcnf/munin/1394.cnf | tr '\n' ' '",/data/schlandals/pwmc_benchmarks/instances/bayesian_networks/pcnf/munin/1394.cnf,"Estimated probability 3.3055599e-1 with bounds [3.3055599e-1 3.3055600e-1] (epsilon 0.000000013948202814972888) found in 6 seconds ",
1395,:,1737451959.000,7.000,0,131,0,0,"schlandals --timeout 1500 -i /data/schlandals/pwmc_benchmarks/instances/bayesian_networks/pcnf/munin/1395.cnf | tr '\n' ' '",/data/schlandals/pwmc_benchmarks/instances/bayesian_networks/pcnf/munin/1395.cnf,"Estimated probability 2.9363592e-1 with bounds [2.9363592e-1 2.9363593e-1] (epsilon 0.000000015701968392178856) found in 6 seconds ",
1213,:,1737450658.000,1309.000,0,134,0,0,"schlandals --timeout 1500 -i /data/schlandals/pwmc_benchmarks/instances/bayesian_networks/pcnf/munin/1213.cnf | tr '\n' ' '",/data/schlandals/pwmc_benchmarks/instances/bayesian_networks/pcnf/munin/1213.cnf,"Estimated probability 3.5011128e-3 with bounds [3.5011126e-3 3.5011129e-3] (epsilon 0.000000034334601384244934) found in 1308 seconds ",
1396,:,1737451966.000,6.000,0,130,0,0,"schlandals --timeout 1500 -i /data/schlandals/pwmc_benchmarks/instances/bayesian_networks/pcnf/munin/1396.cnf | tr '\n' ' '",/data/schlandals/pwmc_benchmarks/instances/bayesian_networks/pcnf/munin/1396.cnf,"Estimated probability 6.0319783e-2 with bounds [6.0319778e-2 6.0319787e-2] (epsilon 0.00000007643698229919949) found in 6 seconds ",
1397,:,1737451967.000,7.000,0,129,0,0,"schlandals --timeout 1500 -i /data/schlandals/pwmc_benchmarks/instances/bayesian_networks/pcnf/munin/1397.cnf | tr '\n' ' '",/data/schlandals/pwmc_benchmarks/instances/bayesian_networks/pcnf/munin/1397.cnf,"Estimated probability 5.6373538e-3 with bounds [5.6373492e-3 5.6373584e-3] (epsilon 0.0000008178773238665116) found in 6 seconds ",
1398,:,1737451972.000,4.000,0,130,0,0,"schlandals --timeout 1500 -i /data/schlandals/pwmc_benchmarks/instances/bayesian_networks/pcnf/munin/1398.cnf | tr '\n' ' '",/data/schlandals/pwmc_benchmarks/instances/bayesian_networks/pcnf/munin/1398.cnf,"Estimated probability 1.5462251e-3 with bounds [1.5462250e-3 1.5462251e-3] (epsilon 0.00000004285363486289384) found in 3 seconds ",
1399,:,1737451974.000,6.000,0,131,0,0,"schlandals --timeout 1500 -i /data/schlandals/pwmc_benchmarks/instances/bayesian_networks/pcnf/munin/1399.cnf | tr '\n' ' '",/data/schlandals/pwmc_benchmarks/instances/bayesian_networks/pcnf/munin/1399.cnf,"Estimated probability 1.1170591e-3 with bounds [1.1170591e-3 1.1170592e-3] (epsilon 0.000000059317685208171156) found in 6 seconds ",
993,:,1737450483.000,1501.000,0,127,0,0,"schlandals --timeout 1500 -i /data/schlandals/pwmc_benchmarks/instances/bayesian_networks/pcnf/munin/993.cnf | tr '\n' ' '",/data/schlandals/pwmc_benchmarks/instances/bayesian_networks/pcnf/munin/993.cnf,"Estimated probability 1.2950162e-2 with bounds [1.1882498e-2 1.4113758e-2] (epsilon 0.08985184293936044) found in 1500 seconds ",
1400,:,1737451976.000,8.000,0,130,0,0,"schlandals --timeout 1500 -i /data/schlandals/pwmc_benchmarks/instances/bayesian_networks/pcnf/munin/1400.cnf | tr '\n' ' '",/data/schlandals/pwmc_benchmarks/instances/bayesian_networks/pcnf/munin/1400.cnf,"Estimated probability 1.2847634e-3 with bounds [1.2847633e-3 1.2847635e-3] (epsilon 0.00000005157476001826922) found in 6 seconds ",
994,:,1737450483.000,1501.000,0,125,0,0,"schlandals --timeout 1500 -i /data/schlandals/pwmc_benchmarks/instances/bayesian_networks/pcnf/munin/994.cnf | tr '\n' ' '",/data/schlandals/pwmc_benchmarks/instances/bayesian_networks/pcnf/munin/994.cnf,"Estimated probability 4.5614568e-3 with bounds [9.0860292e-4 2.2899869e-2] (epsilon 4.020297232129641) found in 1500 seconds ",
995,:,1737450485.000,1501.000,0,126,0,0,"schlandals --timeout 1500 -i /data/schlandals/pwmc_benchmarks/instances/bayesian_networks/pcnf/munin/995.cnf | tr '\n' ' '",/data/schlandals/pwmc_benchmarks/instances/bayesian_networks/pcnf/munin/995.cnf,"Estimated probability 1.8502987e-3 with bounds [1.1221585e-3 3.0509105e-3] (epsilon 0.6488745751693858) found in 1500 seconds ",
996,:,1737450486.000,1501.000,0,126,0,0,"schlandals --timeout 1500 -i /data/schlandals/pwmc_benchmarks/instances/bayesian_networks/pcnf/munin/996.cnf | tr '\n' ' '",/data/schlandals/pwmc_benchmarks/instances/bayesian_networks/pcnf/munin/996.cnf,"Estimated probability 5.1646596e-3 with bounds [1.1530420e-3 2.3133337e-2] (epsilon 3.4791599329716947) found in 1500 seconds ",
1401,:,1737451980.000,7.000,0,130,0,0,"schlandals --timeout 1500 -i /data/schlandals/pwmc_benchmarks/instances/bayesian_networks/pcnf/munin/1401.cnf | tr '\n' ' '",/data/schlandals/pwmc_benchmarks/instances/bayesian_networks/pcnf/munin/1401.cnf,"Estimated probability 8.6862754e-4 with bounds [8.6862749e-4 8.6862760e-4] (epsilon 0.00000005592047469527017) found in 6 seconds ",
1402,:,1737451984.000,4.000,0,131,0,0,"schlandals --timeout 1500 -i /data/schlandals/pwmc_benchmarks/instances/bayesian_networks/pcnf/munin/1402.cnf | tr '\n' ' '",/data/schlandals/pwmc_benchmarks/instances/bayesian_networks/pcnf/munin/1402.cnf,"Estimated probability 1.0257607e-3 with bounds [1.0257606e-3 1.0257607e-3] (epsilon 0.000000047354187682202564) found in 4 seconds ",
997,:,1737450487.000,1501.000,0,126,0,0,"schlandals --timeout 1500 -i /data/schlandals/pwmc_benchmarks/instances/bayesian_networks/pcnf/munin/997.cnf | tr '\n' ' '",/data/schlandals/pwmc_benchmarks/instances/bayesian_networks/pcnf/munin/997.cnf,"Estimated probability 5.6020659e-3 with bounds [1.3374957e-3 2.3464107e-2] (epsilon 3.1884738428807387) found in 1500 seconds ",
1403,:,1737451984.000,5.000,0,131,0,0,"schlandals --timeout 1500 -i /data/schlandals/pwmc_benchmarks/instances/bayesian_networks/pcnf/munin/1403.cnf | tr '\n' ' '",/data/schlandals/pwmc_benchmarks/instances/bayesian_networks/pcnf/munin/1403.cnf,"Estimated probability 1.7056354e-3 with bounds [1.7056353e-3 1.7056354e-3] (epsilon 0.000000028478574387591493) found in 4 seconds ",
998,:,1737450488.000,1501.000,0,127,0,0,"schlandals --timeout 1500 -i /data/schlandals/pwmc_benchmarks/instances/bayesian_networks/pcnf/munin/998.cnf | tr '\n' ' '",/data/schlandals/pwmc_benchmarks/instances/bayesian_networks/pcnf/munin/998.cnf,"Estimated probability 2.5399773e-3 with bounds [1.9230073e-3 3.3548935e-3] (epsilon 0.32083600745749075) found in 1500 seconds ",
999,:,1737450489.000,1501.000,0,125,0,0,"schlandals --timeout 1500 -i /data/schlandals/pwmc_benchmarks/instances/bayesian_networks/pcnf/munin/999.cnf | tr '\n' ' '",/data/schlandals/pwmc_benchmarks/instances/bayesian_networks/pcnf/munin/999.cnf,"Estimated probability 7.5958864e-3 with bounds [2.3544837e-3 2.4505368e-2] (epsilon 2.226136686696706) found in 1500 seconds ",
1407,:,1737451987.000,3.000,0,106,0,0,"schlandals --timeout 1500 -i /data/schlandals/pwmc_benchmarks/instances/bayesian_networks/pcnf/munin/1407.cnf | tr '\n' ' '",/data/schlandals/pwmc_benchmarks/instances/bayesian_networks/pcnf/munin/1407.cnf,"Estimated probability 8.4307940e-4 with bounds [8.4307940e-4 8.4307940e-4] (epsilon 0) found in 3 seconds ",
1404,:,1737451984.000,6.000,0,130,0,0,"schlandals --timeout 1500 -i /data/schlandals/pwmc_benchmarks/instances/bayesian_networks/pcnf/munin/1404.cnf | tr '\n' ' '",/data/schlandals/pwmc_benchmarks/instances/bayesian_networks/pcnf/munin/1404.cnf,"Estimated probability 2.1484469e-3 with bounds [2.1484468e-3 2.1484469e-3] (epsilon 0.00000001496266976985794) found in 5 seconds ",
1405,:,1737451986.000,5.000,0,131,0,0,"schlandals --timeout 1500 -i /data/schlandals/pwmc_benchmarks/instances/bayesian_networks/pcnf/munin/1405.cnf | tr '\n' ' '",/data/schlandals/pwmc_benchmarks/instances/bayesian_networks/pcnf/munin/1405.cnf,"Estimated probability 2.8073020e-3 with bounds [2.8073020e-3 2.8073021e-3] (epsilon 0.000000011451030568210285) found in 4 seconds ",
1406,:,1737451987.000,6.000,0,131,0,0,"schlandals --timeout 1500 -i /data/schlandals/pwmc_benchmarks/instances/bayesian_networks/pcnf/munin/1406.cnf | tr '\n' ' '",/data/schlandals/pwmc_benchmarks/instances/bayesian_networks/pcnf/munin/1406.cnf,"Estimated probability 3.4152062e-3 with bounds [3.4152062e-3 3.4152062e-3] (epsilon 0.000000009412755463955591) found in 5 seconds ",
1000,:,1737450494.000,1501.000,0,126,0,0,"schlandals --timeout 1500 -i /data/schlandals/pwmc_benchmarks/instances/bayesian_networks/pcnf/munin/1000.cnf | tr '\n' ' '",/data/schlandals/pwmc_benchmarks/instances/bayesian_networks/pcnf/munin/1000.cnf,"Estimated probability 9.2898179e-3 with bounds [3.3702051e-3 2.5606963e-2] (epsilon 1.7564547870615992) found in 1500 seconds ",
1416,:,1737451993.000,4.000,0,106,0,0,"schlandals --timeout 1500 -i /data/schlandals/pwmc_benchmarks/instances/bayesian_networks/pcnf/munin/1416.cnf | tr '\n' ' '",/data/schlandals/pwmc_benchmarks/instances/bayesian_networks/pcnf/munin/1416.cnf,"Estimated probability 8.3003723e-1 with bounds [8.3003723e-1 8.3003723e-1] (epsilon 0) found in 3 seconds ",
1002,:,1737450497.000,1501.000,0,126,0,0,"schlandals --timeout 1500 -i /data/schlandals/pwmc_benchmarks/instances/bayesian_networks/pcnf/munin/1002.cnf | tr '\n' ' '",/data/schlandals/pwmc_benchmarks/instances/bayesian_networks/pcnf/munin/1002.cnf,"Estimated probability 1.3849656e-2 with bounds [6.6420775e-3 2.8878459e-2] (epsilon 1.0851391154133836) found in 1500 seconds ",
1417,:,1737451995.000,4.000,0,106,0,0,"schlandals --timeout 1500 -i /data/schlandals/pwmc_benchmarks/instances/bayesian_networks/pcnf/munin/1417.cnf | tr '\n' ' '",/data/schlandals/pwmc_benchmarks/instances/bayesian_networks/pcnf/munin/1417.cnf,"Estimated probability 1.4443556e-1 with bounds [1.4443556e-1 1.4443556e-1] (epsilon 0) found in 3 seconds ",
1418,:,1737451997.000,3.000,0,106,0,0,"schlandals --timeout 1500 -i /data/schlandals/pwmc_benchmarks/instances/bayesian_networks/pcnf/munin/1418.cnf | tr '\n' ' '",/data/schlandals/pwmc_benchmarks/instances/bayesian_networks/pcnf/munin/1418.cnf,"Estimated probability 2.4700342e-2 with bounds [2.4700342e-2 2.4700342e-2] (epsilon 0) found in 3 seconds ",
1003,:,1737450501.000,1501.000,0,127,0,0,"schlandals --timeout 1500 -i /data/schlandals/pwmc_benchmarks/instances/bayesian_networks/pcnf/munin/1003.cnf | tr '\n' ' '",/data/schlandals/pwmc_benchmarks/instances/bayesian_networks/pcnf/munin/1003.cnf,"Estimated probability 1.1117521e-2 with bounds [1.0435051e-2 1.1844625e-2] (epsilon 0.06540165721548696) found in 1500 seconds ",
1419,:,1737451998.000,4.000,0,106,0,0,"schlandals --timeout 1500 -i /data/schlandals/pwmc_benchmarks/instances/bayesian_networks/pcnf/munin/1419.cnf | tr '\n' ' '",/data/schlandals/pwmc_benchmarks/instances/bayesian_networks/pcnf/munin/1419.cnf,"Estimated probability 8.2687553e-4 with bounds [8.2687553e-4 8.2687553e-4] (epsilon 0) found in 3 seconds ",
1004,:,1737450504.000,1501.000,0,126,0,0,"schlandals --timeout 1500 -i /data/schlandals/pwmc_benchmarks/instances/bayesian_networks/pcnf/munin/1004.cnf | tr '\n' ' '",/data/schlandals/pwmc_benchmarks/instances/bayesian_networks/pcnf/munin/1004.cnf,"Estimated probability 2.0931694e-2 with bounds [1.2582805e-2 3.4820203e-2] (epsilon 0.6635157523220963) found in 1500 seconds ",
1005,:,1737450507.000,1501.000,0,127,0,0,"schlandals --timeout 1500 -i /data/schlandals/pwmc_benchmarks/instances/bayesian_networks/pcnf/munin/1005.cnf | tr '\n' ' '",/data/schlandals/pwmc_benchmarks/instances/bayesian_networks/pcnf/munin/1005.cnf,"Estimated probability 2.7867801e-2 with bounds [1.8924377e-2 4.1037776e-2] (epsilon 0.47258750112651415) found in 1500 seconds ",
1006,:,1737450508.000,1501.000,0,128,0,0,"schlandals --timeout 1500 -i /data/schlandals/pwmc_benchmarks/instances/bayesian_networks/pcnf/munin/1006.cnf | tr '\n' ' '",/data/schlandals/pwmc_benchmarks/instances/bayesian_networks/pcnf/munin/1006.cnf,"Estimated probability 3.8610540e-2 with bounds [3.7956731e-2 3.9275610e-2] (epsilon 0.017225104997586893) found in 1500 seconds ",
1007,:,1737450511.000,1501.000,0,126,0,0,"schlandals --timeout 1500 -i /data/schlandals/pwmc_benchmarks/instances/bayesian_networks/pcnf/munin/1007.cnf | tr '\n' ' '",/data/schlandals/pwmc_benchmarks/instances/bayesian_networks/pcnf/munin/1007.cnf,"Estimated probability 9.1813338e-2 with bounds [8.1425492e-2 1.0352641e-1] (epsilon 0.1275748681680331) found in 1500 seconds ",
1008,:,1737450513.000,1501.000,0,127,0,0,"schlandals --timeout 1500 -i /data/schlandals/pwmc_benchmarks/instances/bayesian_networks/pcnf/munin/1008.cnf | tr '\n' ' '",/data/schlandals/pwmc_benchmarks/instances/bayesian_networks/pcnf/munin/1008.cnf,"Estimated probability 1.6300198e-1 with bounds [1.6137793e-1 1.6464238e-1] (epsilon 0.01006364584288133) found in 1500 seconds ",
1009,:,1737450514.000,1501.000,0,127,0,0,"schlandals --timeout 1500 -i /data/schlandals/pwmc_benchmarks/instances/bayesian_networks/pcnf/munin/1009.cnf | tr '\n' ' '",/data/schlandals/pwmc_benchmarks/instances/bayesian_networks/pcnf/munin/1009.cnf,"Estimated probability 2.3421436e-1 with bounds [2.2335977e-1 2.4559645e-1] (epsilon 0.04859689326308181) found in 1500 seconds ",
1010,:,1737450516.000,1501.000,0,128,0,0,"schlandals --timeout 1500 -i /data/schlandals/pwmc_benchmarks/instances/bayesian_networks/pcnf/munin/1010.cnf | tr '\n' ' '",/data/schlandals/pwmc_benchmarks/instances/bayesian_networks/pcnf/munin/1010.cnf,"Estimated probability 2.1801205e-1 with bounds [2.0727625e-1 2.2930391e-1] (epsilon 0.051794646568561475) found in 1500 seconds ",
1011,:,1737450518.000,1501.000,0,127,0,0,"schlandals --timeout 1500 -i /data/schlandals/pwmc_benchmarks/instances/bayesian_networks/pcnf/munin/1011.cnf | tr '\n' ' '",/data/schlandals/pwmc_benchmarks/instances/bayesian_networks/pcnf/munin/1011.cnf,"Estimated probability 1.3651991e-1 with bounds [1.2595145e-1 1.4797517e-1] (epsilon 0.08390903852267528) found in 1500 seconds ",
1012,:,1737450521.000,1501.000,0,126,0,0,"schlandals --timeout 1500 -i /data/schlandals/pwmc_benchmarks/instances/bayesian_networks/pcnf/munin/1012.cnf | tr '\n' ' '",/data/schlandals/pwmc_benchmarks/instances/bayesian_networks/pcnf/munin/1012.cnf,"Estimated probability 6.2779366e-2 with bounds [5.2638083e-2 7.4874476e-2] (epsilon 0.1926605819723446) found in 1500 seconds ",
1013,:,1737450523.000,1501.000,0,127,0,0,"schlandals --timeout 1500 -i /data/schlandals/pwmc_benchmarks/instances/bayesian_networks/pcnf/munin/1013.cnf | tr '\n' ' '",/data/schlandals/pwmc_benchmarks/instances/bayesian_networks/pcnf/munin/1013.cnf,"Estimated probability 2.7536624e-2 with bounds [1.8612712e-2 4.0739128e-2] (epsilon 0.47945252250819825) found in 1500 seconds ",
1414,:,1737451990.000,42.000,0,107,0,0,"schlandals --timeout 1500 -i /data/schlandals/pwmc_benchmarks/instances/bayesian_networks/pcnf/munin/1414.cnf | tr '\n' ' '",/data/schlandals/pwmc_benchmarks/instances/bayesian_networks/pcnf/munin/1414.cnf,"Estimated probability 1.0936260e-1 with bounds [1.0936260e-1 1.0936260e-1] (epsilon 0) found in 41 seconds ",
1415,:,1737451991.000,44.000,0,107,0,0,"schlandals --timeout 1500 -i /data/schlandals/pwmc_benchmarks/instances/bayesian_networks/pcnf/munin/1415.cnf | tr '\n' ' '",/data/schlandals/pwmc_benchmarks/instances/bayesian_networks/pcnf/munin/1415.cnf,"Estimated probability 8.9063740e-1 with bounds [8.9063740e-1 8.9063740e-1] (epsilon 0) found in 43 seconds ",
1422,:,1737452002.000,34.000,0,107,0,0,"schlandals --timeout 1500 -i /data/schlandals/pwmc_benchmarks/instances/bayesian_networks/pcnf/munin/1422.cnf | tr '\n' ' '",/data/schlandals/pwmc_benchmarks/instances/bayesian_networks/pcnf/munin/1422.cnf,"Estimated probability 7.0541337e-2 with bounds [7.0541337e-2 7.0541337e-2] (epsilon 0) found in 34 seconds ",
1421,:,1737452000.000,42.000,0,107,0,0,"schlandals --timeout 1500 -i /data/schlandals/pwmc_benchmarks/instances/bayesian_networks/pcnf/munin/1421.cnf | tr '\n' ' '",/data/schlandals/pwmc_benchmarks/instances/bayesian_networks/pcnf/munin/1421.cnf,"Estimated probability 8.4666654e-1 with bounds [8.4666654e-1 8.4666654e-1] (epsilon 0) found in 41 seconds ",
1211,:,1737450658.000,1385.000,0,133,0,0,"schlandals --timeout 1500 -i /data/schlandals/pwmc_benchmarks/instances/bayesian_networks/pcnf/munin/1211.cnf | tr '\n' ' '",/data/schlandals/pwmc_benchmarks/instances/bayesian_networks/pcnf/munin/1211.cnf,"Estimated probability 2.1313621e-3 with bounds [2.1313620e-3 2.1313622e-3] (epsilon 0.00000005640022937569711) found in 1384 seconds ",
1426,:,1737452009.000,36.000,0,107,0,0,"schlandals --timeout 1500 -i /data/schlandals/pwmc_benchmarks/instances/bayesian_networks/pcnf/munin/1426.cnf | tr '\n' ' '",/data/schlandals/pwmc_benchmarks/instances/bayesian_networks/pcnf/munin/1426.cnf,"Estimated probability 4.1984924e-2 with bounds [4.1984924e-2 4.1984924e-2] (epsilon 0) found in 35 seconds ",
1420,:,1737451999.000,56.000,0,107,0,0,"schlandals --timeout 1500 -i /data/schlandals/pwmc_benchmarks/instances/bayesian_networks/pcnf/munin/1420.cnf | tr '\n' ' '",/data/schlandals/pwmc_benchmarks/instances/bayesian_networks/pcnf/munin/1420.cnf,"Estimated probability 8.2792128e-2 with bounds [8.2792128e-2 8.2792128e-2] (epsilon 0) found in 55 seconds ",
1423,:,1737452002.000,56.000,0,107,0,0,"schlandals --timeout 1500 -i /data/schlandals/pwmc_benchmarks/instances/bayesian_networks/pcnf/munin/1423.cnf | tr '\n' ' '",/data/schlandals/pwmc_benchmarks/instances/bayesian_networks/pcnf/munin/1423.cnf,"Estimated probability 1.8213750e-2 with bounds [1.8213750e-2 1.8213750e-2] (epsilon 0) found in 55 seconds ",
1430,:,1737452017.000,44.000,0,131,0,0,"schlandals --timeout 1500 -i /data/schlandals/pwmc_benchmarks/instances/bayesian_networks/pcnf/munin/1430.cnf | tr '\n' ' '",/data/schlandals/pwmc_benchmarks/instances/bayesian_networks/pcnf/munin/1430.cnf,"Estimated probability 3.6080955e-3 with bounds [3.6080951e-3 3.6080959e-3] (epsilon 0.00000011219119677718936) found in 43 seconds ",
1424,:,1737452005.000,57.000,0,107,0,0,"schlandals --timeout 1500 -i /data/schlandals/pwmc_benchmarks/instances/bayesian_networks/pcnf/munin/1424.cnf | tr '\n' ' '",/data/schlandals/pwmc_benchmarks/instances/bayesian_networks/pcnf/munin/1424.cnf,"Estimated probability 6.1356488e-2 with bounds [6.1356488e-2 6.1356488e-2] (epsilon 0) found in 55 seconds ",
1425,:,1737452008.000,56.000,0,107,0,0,"schlandals --timeout 1500 -i /data/schlandals/pwmc_benchmarks/instances/bayesian_networks/pcnf/munin/1425.cnf | tr '\n' ' '",/data/schlandals/pwmc_benchmarks/instances/bayesian_networks/pcnf/munin/1425.cnf,"Estimated probability 8.6526634e-1 with bounds [8.6526634e-1 8.6526634e-1] (epsilon 0) found in 55 seconds ",
1428,:,1737452014.000,51.000,0,130,0,0,"schlandals --timeout 1500 -i /data/schlandals/pwmc_benchmarks/instances/bayesian_networks/pcnf/munin/1428.cnf | tr '\n' ' '",/data/schlandals/pwmc_benchmarks/instances/bayesian_networks/pcnf/munin/1428.cnf,"Estimated probability 9.2699414e-4 with bounds [9.2699391e-4 9.2699436e-4] (epsilon 0.0000002396072826815754) found in 50 seconds ",
1427,:,1737452012.000,59.000,0,107,0,0,"schlandals --timeout 1500 -i /data/schlandals/pwmc_benchmarks/instances/bayesian_networks/pcnf/munin/1427.cnf | tr '\n' ' '",/data/schlandals/pwmc_benchmarks/instances/bayesian_networks/pcnf/munin/1427.cnf,"Estimated probability 1.3178498e-2 with bounds [1.3178498e-2 1.3178498e-2] (epsilon 0) found in 58 seconds ",
1436,:,1737452036.000,38.000,0,133,0,0,"schlandals --timeout 1500 -i /data/schlandals/pwmc_benchmarks/instances/bayesian_networks/pcnf/munin/1436.cnf | tr '\n' ' '",/data/schlandals/pwmc_benchmarks/instances/bayesian_networks/pcnf/munin/1436.cnf,"Estimated probability 2.2517973e-1 with bounds [2.2517973e-1 2.2517973e-1] (epsilon 0.0000000021671582306481696) found in 37 seconds ",
1429,:,1737452015.000,71.000,0,131,0,0,"schlandals --timeout 1500 -i /data/schlandals/pwmc_benchmarks/instances/bayesian_networks/pcnf/munin/1429.cnf | tr '\n' ' '",/data/schlandals/pwmc_benchmarks/instances/bayesian_networks/pcnf/munin/1429.cnf,"Estimated probability 1.8823963e-3 with bounds [1.8823960e-3 1.8823965e-3] (epsilon 0.00000011799561372427547) found in 70 seconds ",
1434,:,1737452032.000,57.000,0,133,0,0,"schlandals --timeout 1500 -i /data/schlandals/pwmc_benchmarks/instances/bayesian_networks/pcnf/munin/1434.cnf | tr '\n' ' '",/data/schlandals/pwmc_benchmarks/instances/bayesian_networks/pcnf/munin/1434.cnf,"Estimated probability 1.4643379e-1 with bounds [1.4643379e-1 1.4643379e-1] (epsilon 0.0000000033325648907123195) found in 56 seconds ",
1431,:,1737452019.000,72.000,0,131,0,0,"schlandals --timeout 1500 -i /data/schlandals/pwmc_benchmarks/instances/bayesian_networks/pcnf/munin/1431.cnf | tr '\n' ' '",/data/schlandals/pwmc_benchmarks/instances/bayesian_networks/pcnf/munin/1431.cnf,"Estimated probability 8.3911068e-3 with bounds [8.3911064e-3 8.3911072e-3] (epsilon 0.00000004824112598278418) found in 71 seconds ",
1432,:,1737452022.000,72.000,0,132,0,0,"schlandals --timeout 1500 -i /data/schlandals/pwmc_benchmarks/instances/bayesian_networks/pcnf/munin/1432.cnf | tr '\n' ' '",/data/schlandals/pwmc_benchmarks/instances/bayesian_networks/pcnf/munin/1432.cnf,"Estimated probability 2.4667216e-2 with bounds [2.4667215e-2 2.4667216e-2] (epsilon 0.000000019783349403112993) found in 71 seconds ",
1433,:,1737452024.000,71.000,0,132,0,0,"schlandals --timeout 1500 -i /data/schlandals/pwmc_benchmarks/instances/bayesian_networks/pcnf/munin/1433.cnf | tr '\n' ' '",/data/schlandals/pwmc_benchmarks/instances/bayesian_networks/pcnf/munin/1433.cnf,"Estimated probability 6.8880219e-2 with bounds [6.8880219e-2 6.8880220e-2] (epsilon 0.000000007084764552800493) found in 69 seconds ",
1438,:,1737452043.000,52.000,0,132,0,0,"schlandals --timeout 1500 -i /data/schlandals/pwmc_benchmarks/instances/bayesian_networks/pcnf/munin/1438.cnf | tr '\n' ' '",/data/schlandals/pwmc_benchmarks/instances/bayesian_networks/pcnf/munin/1438.cnf,"Estimated probability 8.1486754e-2 with bounds [8.1486753e-2 8.1486754e-2] (epsilon 0.000000005988704421255875) found in 51 seconds ",
1441,:,1737452058.000,40.000,0,131,0,0,"schlandals --timeout 1500 -i /data/schlandals/pwmc_benchmarks/instances/bayesian_networks/pcnf/munin/1441.cnf | tr '\n' ' '",/data/schlandals/pwmc_benchmarks/instances/bayesian_networks/pcnf/munin/1441.cnf,"Estimated probability 6.2492909e-3 with bounds [6.2492905e-3 6.2492914e-3] (epsilon 0.00000006934778129519259) found in 40 seconds ",
1435,:,1737452035.000,69.000,0,133,0,0,"schlandals --timeout 1500 -i /data/schlandals/pwmc_benchmarks/instances/bayesian_networks/pcnf/munin/1435.cnf | tr '\n' ' '",/data/schlandals/pwmc_benchmarks/instances/bayesian_networks/pcnf/munin/1435.cnf,"Estimated probability 2.1870550e-1 with bounds [2.1870550e-1 2.1870550e-1] (epsilon 0.0000000022313115799477146) found in 68 seconds ",
1443,:,1737452062.000,52.000,0,131,0,0,"schlandals --timeout 1500 -i /data/schlandals/pwmc_benchmarks/instances/bayesian_networks/pcnf/munin/1443.cnf | tr '\n' ' '",/data/schlandals/pwmc_benchmarks/instances/bayesian_networks/pcnf/munin/1443.cnf,"Estimated probability 1.9636186e-3 with bounds [1.9636182e-3 1.9636189e-3] (epsilon 0.00000018413550084694918) found in 51 seconds ",
1437,:,1737452042.000,72.000,0,132,0,0,"schlandals --timeout 1500 -i /data/schlandals/pwmc_benchmarks/instances/bayesian_networks/pcnf/munin/1437.cnf | tr '\n' ' '",/data/schlandals/pwmc_benchmarks/instances/bayesian_networks/pcnf/munin/1437.cnf,"Estimated probability 1.6038368e-1 with bounds [1.6038368e-1 1.6038368e-1] (epsilon 0.000000003042703866640295) found in 71 seconds ",
1215,:,1737450659.000,1455.000,0,133,0,0,"schlandals --timeout 1500 -i /data/schlandals/pwmc_benchmarks/instances/bayesian_networks/pcnf/munin/1215.cnf | tr '\n' ' '",/data/schlandals/pwmc_benchmarks/instances/bayesian_networks/pcnf/munin/1215.cnf,"Estimated probability 8.4619584e-3 with bounds [8.4619580e-3 8.4619588e-3] (epsilon 0.00000004669191100425962) found in 1454 seconds ",
1439,:,1737452045.000,72.000,0,132,0,0,"schlandals --timeout 1500 -i /data/schlandals/pwmc_benchmarks/instances/bayesian_networks/pcnf/munin/1439.cnf | tr '\n' ' '",/data/schlandals/pwmc_benchmarks/instances/bayesian_networks/pcnf/munin/1439.cnf,"Estimated probability 3.2616183e-2 with bounds [3.2616183e-2 3.2616184e-2] (epsilon 0.000000014961900829391084) found in 72 seconds ",
1445,:,1737452065.000,63.000,0,130,0,0,"schlandals --timeout 1500 -i /data/schlandals/pwmc_benchmarks/instances/bayesian_networks/pcnf/munin/1445.cnf | tr '\n' ' '",/data/schlandals/pwmc_benchmarks/instances/bayesian_networks/pcnf/munin/1445.cnf,"Estimated probability 6.3064100e-4 with bounds [6.3064063e-4 6.3064137e-4] (epsilon 0.0000005733403967145279) found in 63 seconds ",
1440,:,1737452055.000,74.000,0,132,0,0,"schlandals --timeout 1500 -i /data/schlandals/pwmc_benchmarks/instances/bayesian_networks/pcnf/munin/1440.cnf | tr '\n' ' '",/data/schlandals/pwmc_benchmarks/instances/bayesian_networks/pcnf/munin/1440.cnf,"Estimated probability 1.2891836e-2 with bounds [1.2891836e-2 1.2891837e-2] (epsilon 0.000000033616190053820105) found in 72 seconds ",
1453,:,1737452095.000,38.000,0,130,0,0,"schlandals --timeout 1500 -i /data/schlandals/pwmc_benchmarks/instances/bayesian_networks/pcnf/munin/1453.cnf | tr '\n' ' '",/data/schlandals/pwmc_benchmarks/instances/bayesian_networks/pcnf/munin/1453.cnf,"Estimated probability 2.1835246e-4 with bounds [2.1835193e-4 2.1835299e-4] (epsilon 0.0000024078640137314977) found in 37 seconds ",
1442,:,1737452061.000,72.000,0,131,0,0,"schlandals --timeout 1500 -i /data/schlandals/pwmc_benchmarks/instances/bayesian_networks/pcnf/munin/1442.cnf | tr '\n' ' '",/data/schlandals/pwmc_benchmarks/instances/bayesian_networks/pcnf/munin/1442.cnf,"Estimated probability 3.4822352e-3 with bounds [3.4822348e-3 3.4822355e-3] (epsilon 0.00000010383326487506395) found in 71 seconds ",
1444,:,1737452064.000,71.000,0,129,0,0,"schlandals --timeout 1500 -i /data/schlandals/pwmc_benchmarks/instances/bayesian_networks/pcnf/munin/1444.cnf | tr '\n' ' '",/data/schlandals/pwmc_benchmarks/instances/bayesian_networks/pcnf/munin/1444.cnf,"Estimated probability 1.1218172e-3 with bounds [1.1218168e-3 1.1218175e-3] (epsilon 0.000000322309134714871) found in 70 seconds ",
1454,:,1737452098.000,37.000,0,130,0,0,"schlandals --timeout 1500 -i /data/schlandals/pwmc_benchmarks/instances/bayesian_networks/pcnf/munin/1454.cnf | tr '\n' ' '",/data/schlandals/pwmc_benchmarks/instances/bayesian_networks/pcnf/munin/1454.cnf,"Estimated probability 6.4160633e-4 with bounds [6.4160579e-4 6.4160686e-4] (epsilon 0.0000008194473699596472) found in 36 seconds ",
1447,:,1737452074.000,63.000,0,130,0,0,"schlandals --timeout 1500 -i /data/schlandals/pwmc_benchmarks/instances/bayesian_networks/pcnf/munin/1447.cnf | tr '\n' ' '",/data/schlandals/pwmc_benchmarks/instances/bayesian_networks/pcnf/munin/1447.cnf,"Estimated probability 1.6307074e-4 with bounds [1.6307056e-4 1.6307092e-4] (epsilon 0.0000010970083523798024) found in 63 seconds ",
1446,:,1737452071.000,68.000,0,130,0,0,"schlandals --timeout 1500 -i /data/schlandals/pwmc_benchmarks/instances/bayesian_networks/pcnf/munin/1446.cnf | tr '\n' ' '",/data/schlandals/pwmc_benchmarks/instances/bayesian_networks/pcnf/munin/1446.cnf,"Estimated probability 3.3582409e-4 with bounds [3.3582390e-4 3.3582427e-4] (epsilon 0.0000005326893546264699) found in 68 seconds ",
1448,:,1737452086.000,60.000,0,107,0,0,"schlandals --timeout 1500 -i /data/schlandals/pwmc_benchmarks/instances/bayesian_networks/pcnf/munin/1448.cnf | tr '\n' ' '",/data/schlandals/pwmc_benchmarks/instances/bayesian_networks/pcnf/munin/1448.cnf,"Estimated probability 7.5349066e-3 with bounds [7.5349066e-3 7.5349066e-3] (epsilon 0) found in 60 seconds ",
1449,:,1737452089.000,62.000,0,107,0,0,"schlandals --timeout 1500 -i /data/schlandals/pwmc_benchmarks/instances/bayesian_networks/pcnf/munin/1449.cnf | tr '\n' ' '",/data/schlandals/pwmc_benchmarks/instances/bayesian_networks/pcnf/munin/1449.cnf,"Estimated probability 6.0697354e-2 with bounds [6.0697354e-2 6.0697354e-2] (epsilon 0) found in 61 seconds ",
1450,:,1737452091.000,61.000,0,107,0,0,"schlandals --timeout 1500 -i /data/schlandals/pwmc_benchmarks/instances/bayesian_networks/pcnf/munin/1450.cnf | tr '\n' ' '",/data/schlandals/pwmc_benchmarks/instances/bayesian_networks/pcnf/munin/1450.cnf,"Estimated probability 8.0875026e-1 with bounds [8.0875026e-1 8.0875026e-1] (epsilon 0) found in 61 seconds ",
1456,:,1737452114.000,38.000,0,131,0,0,"schlandals --timeout 1500 -i /data/schlandals/pwmc_benchmarks/instances/bayesian_networks/pcnf/munin/1456.cnf | tr '\n' ' '",/data/schlandals/pwmc_benchmarks/instances/bayesian_networks/pcnf/munin/1456.cnf,"Estimated probability 3.2927051e-3 with bounds [3.2927045e-3 3.2927056e-3] (epsilon 0.00000015967492394963756) found in 38 seconds ",
1216,:,1737450663.000,1490.000,0,133,0,0,"schlandals --timeout 1500 -i /data/schlandals/pwmc_benchmarks/instances/bayesian_networks/pcnf/munin/1216.cnf | tr '\n' ' '",/data/schlandals/pwmc_benchmarks/instances/bayesian_networks/pcnf/munin/1216.cnf,"Estimated probability 9.3113288e-3 with bounds [9.3113284e-3 9.3113292e-3] (epsilon 0.00000004243271978232599) found in 1488 seconds ",
1452,:,1737452095.000,59.000,0,107,0,0,"schlandals --timeout 1500 -i /data/schlandals/pwmc_benchmarks/instances/bayesian_networks/pcnf/munin/1452.cnf | tr '\n' ' '",/data/schlandals/pwmc_benchmarks/instances/bayesian_networks/pcnf/munin/1452.cnf,"Estimated probability 1.2341336e-2 with bounds [1.2341336e-2 1.2341336e-2] (epsilon 0) found in 58 seconds ",
1451,:,1737452094.000,63.000,0,107,0,0,"schlandals --timeout 1500 -i /data/schlandals/pwmc_benchmarks/instances/bayesian_networks/pcnf/munin/1451.cnf | tr '\n' ' '",/data/schlandals/pwmc_benchmarks/instances/bayesian_networks/pcnf/munin/1451.cnf,"Estimated probability 1.1067614e-1 with bounds [1.1067614e-1 1.1067614e-1] (epsilon 0) found in 62 seconds ",
1210,:,1737450658.000,1500.000,0,127,0,0,"schlandals --timeout 1500 -i /data/schlandals/pwmc_benchmarks/instances/bayesian_networks/pcnf/munin/1210.cnf | tr '\n' ' '",/data/schlandals/pwmc_benchmarks/instances/bayesian_networks/pcnf/munin/1210.cnf,"Estimated probability 2.9138004e-3 with bounds [2.3120630e-3 3.6721460e-3] (epsilon 0.26025993810952097) found in 1500 seconds ",
1212,:,1737450658.000,1501.000,0,126,0,0,"schlandals --timeout 1500 -i /data/schlandals/pwmc_benchmarks/instances/bayesian_networks/pcnf/munin/1212.cnf | tr '\n' ' '",/data/schlandals/pwmc_benchmarks/instances/bayesian_networks/pcnf/munin/1212.cnf,"Estimated probability 2.8694302e-3 with bounds [2.2615081e-3 3.6407694e-3] (epsilon 0.2688126721801112) found in 1500 seconds ",
1214,:,1737450658.000,1501.000,0,126,0,0,"schlandals --timeout 1500 -i /data/schlandals/pwmc_benchmarks/instances/bayesian_networks/pcnf/munin/1214.cnf | tr '\n' ' '",/data/schlandals/pwmc_benchmarks/instances/bayesian_networks/pcnf/munin/1214.cnf,"Estimated probability 6.9911956e-3 with bounds [5.9227324e-3 8.2524099e-3] (epsilon 0.1804003817700388) found in 1500 seconds ",
1477,:,1737452159.000,3.000,0,106,0,0,"schlandals --timeout 1500 -i /data/schlandals/pwmc_benchmarks/instances/bayesian_networks/pcnf/munin/1477.cnf | tr '\n' ' '",/data/schlandals/pwmc_benchmarks/instances/bayesian_networks/pcnf/munin/1477.cnf,"Estimated probability 8.9361496e-1 with bounds [8.9361496e-1 8.9361496e-1] (epsilon 0) found in 3 seconds ",
1217,:,1737450663.000,1501.000,0,127,0,0,"schlandals --timeout 1500 -i /data/schlandals/pwmc_benchmarks/instances/bayesian_networks/pcnf/munin/1217.cnf | tr '\n' ' '",/data/schlandals/pwmc_benchmarks/instances/bayesian_networks/pcnf/munin/1217.cnf,"Estimated probability 1.2325344e-2 with bounds [1.1562152e-2 1.3138914e-2] (epsilon 0.06600783323745585) found in 1500 seconds ",
1478,:,1737452162.000,4.000,0,106,0,0,"schlandals --timeout 1500 -i /data/schlandals/pwmc_benchmarks/instances/bayesian_networks/pcnf/munin/1478.cnf | tr '\n' ' '",/data/schlandals/pwmc_benchmarks/instances/bayesian_networks/pcnf/munin/1478.cnf,"Estimated probability 1.0638504e-1 with bounds [1.0638504e-1 1.0638504e-1] (epsilon 0) found in 2 seconds ",
1459,:,1737452117.000,50.000,0,132,0,0,"schlandals --timeout 1500 -i /data/schlandals/pwmc_benchmarks/instances/bayesian_networks/pcnf/munin/1459.cnf | tr '\n' ' '",/data/schlandals/pwmc_benchmarks/instances/bayesian_networks/pcnf/munin/1459.cnf,"Estimated probability 7.3644076e-2 with bounds [7.3644075e-2 7.3644077e-2] (epsilon 0.000000010041176556896403) found in 49 seconds ",
1479,:,1737452164.000,3.000,0,106,0,0,"schlandals --timeout 1500 -i /data/schlandals/pwmc_benchmarks/instances/bayesian_networks/pcnf/munin/1479.cnf | tr '\n' ' '",/data/schlandals/pwmc_benchmarks/instances/bayesian_networks/pcnf/munin/1479.cnf,"Estimated probability 9.4703114e-1 with bounds [9.4703114e-1 9.4703114e-1] (epsilon 0) found in 3 seconds ",
1218,:,1737450669.000,1501.000,0,127,0,0,"schlandals --timeout 1500 -i /data/schlandals/pwmc_benchmarks/instances/bayesian_networks/pcnf/munin/1218.cnf | tr '\n' ' '",/data/schlandals/pwmc_benchmarks/instances/bayesian_networks/pcnf/munin/1218.cnf,"Estimated probability 1.9499271e-2 with bounds [1.8715609e-2 2.0315747e-2] (epsilon 0.04187210775449968) found in 1500 seconds ",
1219,:,1737450670.000,1501.000,0,127,0,0,"schlandals --timeout 1500 -i /data/schlandals/pwmc_benchmarks/instances/bayesian_networks/pcnf/munin/1219.cnf | tr '\n' ' '",/data/schlandals/pwmc_benchmarks/instances/bayesian_networks/pcnf/munin/1219.cnf,"Estimated probability 2.3314479e-2 with bounds [2.2536280e-2 2.4119551e-2] (epsilon 0.03453097663801197) found in 1500 seconds ",
1480,:,1737452166.000,6.000,0,106,0,0,"schlandals --timeout 1500 -i /data/schlandals/pwmc_benchmarks/instances/bayesian_networks/pcnf/munin/1480.cnf | tr '\n' ' '",/data/schlandals/pwmc_benchmarks/instances/bayesian_networks/pcnf/munin/1480.cnf,"Estimated probability 5.2968860e-2 with bounds [5.2968860e-2 5.2968860e-2] (epsilon 0) found in 5 seconds ",
1220,:,1737450671.000,1501.000,0,127,0,0,"schlandals --timeout 1500 -i /data/schlandals/pwmc_benchmarks/instances/bayesian_networks/pcnf/munin/1220.cnf | tr '\n' ' '",/data/schlandals/pwmc_benchmarks/instances/bayesian_networks/pcnf/munin/1220.cnf,"Estimated probability 3.1874752e-2 with bounds [3.1189538e-2 3.2575020e-2] (epsilon 0.02196934775943138) found in 1500 seconds ",
1222,:,1737450672.000,1501.000,0,128,0,0,"schlandals --timeout 1500 -i /data/schlandals/pwmc_benchmarks/instances/bayesian_networks/pcnf/munin/1222.cnf | tr '\n' ' '",/data/schlandals/pwmc_benchmarks/instances/bayesian_networks/pcnf/munin/1222.cnf,"Estimated probability 4.5958799e-1 with bounds [4.5890064e-1 4.6027638e-1] (epsilon 0.001497826316132489) found in 1500 seconds ",
1466,:,1737452137.000,39.000,0,131,0,0,"schlandals --timeout 1500 -i /data/schlandals/pwmc_benchmarks/instances/bayesian_networks/pcnf/munin/1466.cnf | tr '\n' ' '",/data/schlandals/pwmc_benchmarks/instances/bayesian_networks/pcnf/munin/1466.cnf,"Estimated probability 7.5745671e-3 with bounds [7.5745664e-3 7.5745678e-3] (epsilon 0.00000009153098656788927) found in 38 seconds ",
1455,:,1737452104.000,72.000,0,131,0,0,"schlandals --timeout 1500 -i /data/schlandals/pwmc_benchmarks/instances/bayesian_networks/pcnf/munin/1455.cnf | tr '\n' ' '",/data/schlandals/pwmc_benchmarks/instances/bayesian_networks/pcnf/munin/1455.cnf,"Estimated probability 1.5749771e-3 with bounds [1.5749766e-3 1.5749776e-3] (epsilon 0.00000033382230535394797) found in 71 seconds ",
1223,:,1737450676.000,1501.000,0,129,0,0,"schlandals --timeout 1500 -i /data/schlandals/pwmc_benchmarks/instances/bayesian_networks/pcnf/munin/1223.cnf | tr '\n' ' '",/data/schlandals/pwmc_benchmarks/instances/bayesian_networks/pcnf/munin/1223.cnf,"Estimated probability 2.3016928e-1 with bounds [2.2923298e-1 2.3110940e-1] (epsilon 0.0040844849886942924) found in 1500 seconds ",
1225,:,1737450677.000,1501.000,0,128,0,0,"schlandals --timeout 1500 -i /data/schlandals/pwmc_benchmarks/instances/bayesian_networks/pcnf/munin/1225.cnf | tr '\n' ' '",/data/schlandals/pwmc_benchmarks/instances/bayesian_networks/pcnf/munin/1225.cnf,"Estimated probability 1.5305804e-2 with bounds [1.4648974e-2 1.5992085e-2] (epsilon 0.044837953238232586) found in 1500 seconds ",
1224,:,1737450677.000,1501.000,0,127,0,0,"schlandals --timeout 1500 -i /data/schlandals/pwmc_benchmarks/instances/bayesian_networks/pcnf/munin/1224.cnf | tr '\n' ' '",/data/schlandals/pwmc_benchmarks/instances/bayesian_networks/pcnf/munin/1224.cnf,"Estimated probability 2.4349008e-2 with bounds [2.3570246e-2 2.5153499e-2] (epsilon 0.03304001938332468) found in 1500 seconds ",
1458,:,1737452114.000,66.000,0,131,0,0,"schlandals --timeout 1500 -i /data/schlandals/pwmc_benchmarks/instances/bayesian_networks/pcnf/munin/1458.cnf | tr '\n' ' '",/data/schlandals/pwmc_benchmarks/instances/bayesian_networks/pcnf/munin/1458.cnf,"Estimated probability 2.2397047e-2 with bounds [2.2397046e-2 2.2397048e-2] (epsilon 0.00000003301654794007902) found in 65 seconds ",
1457,:,1737452114.000,69.000,0,131,0,0,"schlandals --timeout 1500 -i /data/schlandals/pwmc_benchmarks/instances/bayesian_networks/pcnf/munin/1457.cnf | tr '\n' ' '",/data/schlandals/pwmc_benchmarks/instances/bayesian_networks/pcnf/munin/1457.cnf,"Estimated probability 7.2080383e-3 with bounds [7.2080376e-3 7.2080391e-3] (epsilon 0.00000010259006733015497) found in 68 seconds ",
1465,:,1737452135.000,51.000,0,132,0,0,"schlandals --timeout 1500 -i /data/schlandals/pwmc_benchmarks/instances/bayesian_networks/pcnf/munin/1465.cnf | tr '\n' ' '",/data/schlandals/pwmc_benchmarks/instances/bayesian_networks/pcnf/munin/1465.cnf,"Estimated probability 1.8206092e-2 with bounds [1.8206091e-2 1.8206092e-2] (epsilon 0.000000038081078290730375) found in 50 seconds ",
1468,:,1737452146.000,44.000,0,131,0,0,"schlandals --timeout 1500 -i /data/schlandals/pwmc_benchmarks/instances/bayesian_networks/pcnf/munin/1468.cnf | tr '\n' ' '",/data/schlandals/pwmc_benchmarks/instances/bayesian_networks/pcnf/munin/1468.cnf,"Estimated probability 1.7284886e-3 with bounds [1.7284879e-3 1.7284892e-3] (epsilon 0.00000035697536437950816) found in 43 seconds ",
1460,:,1737452128.000,65.000,0,132,0,0,"schlandals --timeout 1500 -i /data/schlandals/pwmc_benchmarks/instances/bayesian_networks/pcnf/munin/1460.cnf | tr '\n' ' '",/data/schlandals/pwmc_benchmarks/instances/bayesian_networks/pcnf/munin/1460.cnf,"Estimated probability 1.7393942e-1 with bounds [1.7393942e-1 1.7393942e-1] (epsilon 0.000000004295193978265388) found in 64 seconds ",
1245,:,1737450694.000,1500.000,0,129,0,0,"schlandals --timeout 1500 -i /data/schlandals/pwmc_benchmarks/instances/bayesian_networks/pcnf/munin/1245.cnf | tr '\n' ' '",/data/schlandals/pwmc_benchmarks/instances/bayesian_networks/pcnf/munin/1245.cnf,"Estimated probability 8.3339536e-1 with bounds [8.3258443e-1 8.3420708e-1] (epsilon 0.0009739909257049373) found in 1500 seconds ",
1246,:,1737450694.000,1501.000,0,128,0,0,"schlandals --timeout 1500 -i /data/schlandals/pwmc_benchmarks/instances/bayesian_networks/pcnf/munin/1246.cnf | tr '\n' ' '",/data/schlandals/pwmc_benchmarks/instances/bayesian_networks/pcnf/munin/1246.cnf,"Estimated probability 1.1132373e-1 with bounds [1.1030315e-1 1.1235375e-1] (epsilon 0.009252493046809196) found in 1500 seconds ",
1247,:,1737450695.000,1501.000,0,128,0,0,"schlandals --timeout 1500 -i /data/schlandals/pwmc_benchmarks/instances/bayesian_networks/pcnf/munin/1247.cnf | tr '\n' ' '",/data/schlandals/pwmc_benchmarks/instances/bayesian_networks/pcnf/munin/1247.cnf,"Estimated probability 2.9867551e-2 with bounds [2.9185547e-2 3.0565492e-2] (epsilon 0.023367883603242268) found in 1500 seconds ",
1376,:,1737451728.000,468.000,0,132,0,0,"schlandals --timeout 1500 -i /data/schlandals/pwmc_benchmarks/instances/bayesian_networks/pcnf/munin/1376.cnf | tr '\n' ' '",/data/schlandals/pwmc_benchmarks/instances/bayesian_networks/pcnf/munin/1376.cnf,"Estimated probability 2.2680434e-3 with bounds [2.2680430e-3 2.2680437e-3] (epsilon 0.00000015092489791257435) found in 467 seconds ",
1461,:,1737452129.000,68.000,0,132,0,0,"schlandals --timeout 1500 -i /data/schlandals/pwmc_benchmarks/instances/bayesian_networks/pcnf/munin/1461.cnf | tr '\n' ' '",/data/schlandals/pwmc_benchmarks/instances/bayesian_networks/pcnf/munin/1461.cnf,"Estimated probability 2.5881352e-1 with bounds [2.5881352e-1 2.5881352e-1] (epsilon 0.000000002886648031719119) found in 68 seconds ",
1463,:,1737452133.000,68.000,0,132,0,0,"schlandals --timeout 1500 -i /data/schlandals/pwmc_benchmarks/instances/bayesian_networks/pcnf/munin/1463.cnf | tr '\n' ' '",/data/schlandals/pwmc_benchmarks/instances/bayesian_networks/pcnf/munin/1463.cnf,"Estimated probability 1.3572471e-1 with bounds [1.3572471e-1 1.3572471e-1] (epsilon 0.000000005504551037205374) found in 68 seconds ",
1248,:,1737450701.000,1501.000,0,126,0,0,"schlandals --timeout 1500 -i /data/schlandals/pwmc_benchmarks/instances/bayesian_networks/pcnf/munin/1248.cnf | tr '\n' ' '",/data/schlandals/pwmc_benchmarks/instances/bayesian_networks/pcnf/munin/1248.cnf,"Estimated probability 1.5418970e-2 with bounds [7.9451291e-3 2.9923320e-2] (epsilon 0.9406821233815508) found in 1500 seconds ",
1249,:,1737450701.000,1501.000,0,126,0,0,"schlandals --timeout 1500 -i /data/schlandals/pwmc_benchmarks/instances/bayesian_networks/pcnf/munin/1249.cnf | tr '\n' ' '",/data/schlandals/pwmc_benchmarks/instances/bayesian_networks/pcnf/munin/1249.cnf,"Estimated probability 1.1971958e-2 with bounds [5.2336827e-3 2.7385643e-2] (epsilon 1.2874824870044623) found in 1500 seconds ",
1250,:,1737450701.000,1501.000,0,127,0,0,"schlandals --timeout 1500 -i /data/schlandals/pwmc_benchmarks/instances/bayesian_networks/pcnf/munin/1250.cnf | tr '\n' ' '",/data/schlandals/pwmc_benchmarks/instances/bayesian_networks/pcnf/munin/1250.cnf,"Estimated probability 1.1569534e-2 with bounds [1.0804879e-2 1.2388303e-2] (epsilon 0.07076939884564148) found in 1500 seconds ",
1462,:,1737452133.000,70.000,0,133,0,0,"schlandals --timeout 1500 -i /data/schlandals/pwmc_benchmarks/instances/bayesian_networks/pcnf/munin/1462.cnf | tr '\n' ' '",/data/schlandals/pwmc_benchmarks/instances/bayesian_networks/pcnf/munin/1462.cnf,"Estimated probability 2.3696385e-1 with bounds [2.3696385e-1 2.3696385e-1] (epsilon 0.0000000031528166744010377) found in 69 seconds ",
1474,:,1737452157.000,47.000,0,107,0,0,"schlandals --timeout 1500 -i /data/schlandals/pwmc_benchmarks/instances/bayesian_networks/pcnf/munin/1474.cnf | tr '\n' ' '",/data/schlandals/pwmc_benchmarks/instances/bayesian_networks/pcnf/munin/1474.cnf,"Estimated probability 1.3406866e-1 with bounds [1.3406866e-1 1.3406866e-1] (epsilon 0) found in 46 seconds ",
1464,:,1737452135.000,70.000,0,132,0,0,"schlandals --timeout 1500 -i /data/schlandals/pwmc_benchmarks/instances/bayesian_networks/pcnf/munin/1464.cnf | tr '\n' ' '",/data/schlandals/pwmc_benchmarks/instances/bayesian_networks/pcnf/munin/1464.cnf,"Estimated probability 5.3036354e-2 with bounds [5.3036354e-2 5.3036355e-2] (epsilon 0.000000014086631416887485) found in 69 seconds ",
1502,:,1737452197.000,8.000,0,106,0,0,"schlandals --timeout 1500 -i /data/schlandals/pwmc_benchmarks/instances/bayesian_networks/pcnf/munin/1502.cnf | tr '\n' ' '",/data/schlandals/pwmc_benchmarks/instances/bayesian_networks/pcnf/munin/1502.cnf,"Estimated probability 9.4648282e-1 with bounds [9.4648282e-1 9.4648282e-1] (epsilon 0) found in 7 seconds ",
1473,:,1737452154.000,52.000,0,107,0,0,"schlandals --timeout 1500 -i /data/schlandals/pwmc_benchmarks/instances/bayesian_networks/pcnf/munin/1473.cnf | tr '\n' ' '",/data/schlandals/pwmc_benchmarks/instances/bayesian_networks/pcnf/munin/1473.cnf,"Estimated probability 7.4792576e-1 with bounds [7.4792576e-1 7.4792576e-1] (epsilon 0) found in 51 seconds ",
1508,:,1737452204.000,4.000,0,106,0,0,"schlandals --timeout 1500 -i /data/schlandals/pwmc_benchmarks/instances/bayesian_networks/pcnf/munin/1508.cnf | tr '\n' ' '",/data/schlandals/pwmc_benchmarks/instances/bayesian_networks/pcnf/munin/1508.cnf,"Estimated probability 2.0610913e-2 with bounds [2.0610913e-2 2.0610913e-2] (epsilon 0) found in 3 seconds ",
1503,:,1737452201.000,8.000,0,106,0,0,"schlandals --timeout 1500 -i /data/schlandals/pwmc_benchmarks/instances/bayesian_networks/pcnf/munin/1503.cnf | tr '\n' ' '",/data/schlandals/pwmc_benchmarks/instances/bayesian_networks/pcnf/munin/1503.cnf,"Estimated probability 2.1761845e-2 with bounds [2.1761845e-2 2.1761845e-2] (epsilon 0) found in 7 seconds ",
1504,:,1737452202.000,7.000,0,106,0,0,"schlandals --timeout 1500 -i /data/schlandals/pwmc_benchmarks/instances/bayesian_networks/pcnf/munin/1504.cnf | tr '\n' ' '",/data/schlandals/pwmc_benchmarks/instances/bayesian_networks/pcnf/munin/1504.cnf,"Estimated probability 1.0511600e-2 with bounds [1.0511600e-2 1.0511600e-2] (epsilon 0) found in 7 seconds ",
1505,:,1737452202.000,7.000,0,106,0,0,"schlandals --timeout 1500 -i /data/schlandals/pwmc_benchmarks/instances/bayesian_networks/pcnf/munin/1505.cnf | tr '\n' ' '",/data/schlandals/pwmc_benchmarks/instances/bayesian_networks/pcnf/munin/1505.cnf,"Estimated probability 1.2437337e-3 with bounds [1.2437337e-3 1.2437337e-3] (epsilon 0) found in 7 seconds ",
1506,:,1737452202.000,8.000,0,106,0,0,"schlandals --timeout 1500 -i /data/schlandals/pwmc_benchmarks/instances/bayesian_networks/pcnf/munin/1506.cnf | tr '\n' ' '",/data/schlandals/pwmc_benchmarks/instances/bayesian_networks/pcnf/munin/1506.cnf,"Estimated probability 2.0000000e-2 with bounds [2.0000000e-2 2.0000000e-2] (epsilon 0) found in 7 seconds ",
1467,:,1737452140.000,70.000,0,131,0,0,"schlandals --timeout 1500 -i /data/schlandals/pwmc_benchmarks/instances/bayesian_networks/pcnf/munin/1467.cnf | tr '\n' ' '",/data/schlandals/pwmc_benchmarks/instances/bayesian_networks/pcnf/munin/1467.cnf,"Estimated probability 3.7008326e-3 with bounds [3.7008320e-3 3.7008332e-3] (epsilon 0.00000016672674996165426) found in 70 seconds ",
1507,:,1737452203.000,7.000,0,106,0,0,"schlandals --timeout 1500 -i /data/schlandals/pwmc_benchmarks/instances/bayesian_networks/pcnf/munin/1507.cnf | tr '\n' ' '",/data/schlandals/pwmc_benchmarks/instances/bayesian_networks/pcnf/munin/1507.cnf,"Estimated probability 9.4920309e-1 with bounds [9.4920309e-1 9.4920309e-1] (epsilon 0) found in 7 seconds ",
1472,:,1737452153.000,59.000,0,107,0,0,"schlandals --timeout 1500 -i /data/schlandals/pwmc_benchmarks/instances/bayesian_networks/pcnf/munin/1472.cnf | tr '\n' ' '",/data/schlandals/pwmc_benchmarks/instances/bayesian_networks/pcnf/munin/1472.cnf,"Estimated probability 1.1800558e-1 with bounds [1.1800558e-1 1.1800558e-1] (epsilon 0) found in 58 seconds ",
1511,:,1737452206.000,6.000,0,106,0,0,"schlandals --timeout 1500 -i /data/schlandals/pwmc_benchmarks/instances/bayesian_networks/pcnf/munin/1511.cnf | tr '\n' ' '",/data/schlandals/pwmc_benchmarks/instances/bayesian_networks/pcnf/munin/1511.cnf,"Estimated probability 9.4617195e-1 with bounds [9.4617195e-1 9.4617195e-1] (epsilon 0) found in 5 seconds ",
1509,:,1737452205.000,7.000,0,106,0,0,"schlandals --timeout 1500 -i /data/schlandals/pwmc_benchmarks/instances/bayesian_networks/pcnf/munin/1509.cnf | tr '\n' ' '",/data/schlandals/pwmc_benchmarks/instances/bayesian_networks/pcnf/munin/1509.cnf,"Estimated probability 1.0143519e-2 with bounds [1.0143519e-2 1.0143519e-2] (epsilon 0) found in 6 seconds ",
1510,:,1737452205.000,7.000,0,106,0,0,"schlandals --timeout 1500 -i /data/schlandals/pwmc_benchmarks/instances/bayesian_networks/pcnf/munin/1510.cnf | tr '\n' ' '",/data/schlandals/pwmc_benchmarks/instances/bayesian_networks/pcnf/munin/1510.cnf,"Estimated probability 2.0042477e-2 with bounds [2.0042477e-2 2.0042477e-2] (epsilon 0) found in 6 seconds ",
1469,:,1737452151.000,62.000,0,130,0,0,"schlandals --timeout 1500 -i /data/schlandals/pwmc_benchmarks/instances/bayesian_networks/pcnf/munin/1469.cnf | tr '\n' ' '",/data/schlandals/pwmc_benchmarks/instances/bayesian_networks/pcnf/munin/1469.cnf,"Estimated probability 7.9496072e-4 with bounds [7.9496010e-4 7.9496134e-4] (epsilon 0.0000007761741505074582) found in 61 seconds ",
1523,:,1737452213.000,1.000,0,106,0,0,"schlandals --timeout 1500 -i /data/schlandals/pwmc_benchmarks/instances/bayesian_networks/pcnf/munin/1523.cnf | tr '\n' ' '",/data/schlandals/pwmc_benchmarks/instances/bayesian_networks/pcnf/munin/1523.cnf,"Estimated probability 9.3398291e-1 with bounds [9.3398291e-1 9.3398291e-1] (epsilon 0) found in 0 seconds ",
1524,:,1737452214.000,1.000,0,106,0,0,"schlandals --timeout 1500 -i /data/schlandals/pwmc_benchmarks/instances/bayesian_networks/pcnf/munin/1524.cnf | tr '\n' ' '",/data/schlandals/pwmc_benchmarks/instances/bayesian_networks/pcnf/munin/1524.cnf,"Estimated probability 6.6017086e-2 with bounds [6.6017086e-2 6.6017086e-2] (epsilon 0) found in 0 seconds ",
1512,:,1737452208.000,8.000,0,106,0,0,"schlandals --timeout 1500 -i /data/schlandals/pwmc_benchmarks/instances/bayesian_networks/pcnf/munin/1512.cnf | tr '\n' ' '",/data/schlandals/pwmc_benchmarks/instances/bayesian_networks/pcnf/munin/1512.cnf,"Estimated probability 2.1856196e-2 with bounds [2.1856196e-2 2.1856196e-2] (epsilon 0) found in 6 seconds ",
1525,:,1737452215.000,1.000,0,87,0,0,"schlandals --timeout 1500 -i /data/schlandals/pwmc_benchmarks/instances/bayesian_networks/pcnf/munin/1525.cnf | tr '\n' ' '",/data/schlandals/pwmc_benchmarks/instances/bayesian_networks/pcnf/munin/1525.cnf,"Estimated probability -0 with bounds [0 -1.4098400e-16] (epsilon 0) found in 0 seconds ",
1513,:,1737452209.000,7.000,0,106,0,0,"schlandals --timeout 1500 -i /data/schlandals/pwmc_benchmarks/instances/bayesian_networks/pcnf/munin/1513.cnf | tr '\n' ' '",/data/schlandals/pwmc_benchmarks/instances/bayesian_networks/pcnf/munin/1513.cnf,"Estimated probability 1.0675869e-2 with bounds [1.0675869e-2 1.0675869e-2] (epsilon 0) found in 7 seconds ",
1526,:,1737452216.000,1.000,0,87,0,0,"schlandals --timeout 1500 -i /data/schlandals/pwmc_benchmarks/instances/bayesian_networks/pcnf/munin/1526.cnf | tr '\n' ' '",/data/schlandals/pwmc_benchmarks/instances/bayesian_networks/pcnf/munin/1526.cnf,"Estimated probability -0 with bounds [0 -1.4098400e-16] (epsilon 0) found in 0 seconds ",
1527,:,1737452216.000,1.000,0,87,0,0,"schlandals --timeout 1500 -i /data/schlandals/pwmc_benchmarks/instances/bayesian_networks/pcnf/munin/1527.cnf | tr '\n' ' '",/data/schlandals/pwmc_benchmarks/instances/bayesian_networks/pcnf/munin/1527.cnf,"Estimated probability -0 with bounds [0 -1.4098400e-16] (epsilon 0) found in 0 seconds ",
1516,:,1737452210.000,7.000,0,106,0,0,"schlandals --timeout 1500 -i /data/schlandals/pwmc_benchmarks/instances/bayesian_networks/pcnf/munin/1516.cnf | tr '\n' ' '",/data/schlandals/pwmc_benchmarks/instances/bayesian_networks/pcnf/munin/1516.cnf,"Estimated probability 9.4653721e-1 with bounds [9.4653721e-1 9.4653721e-1] (epsilon 0) found in 6 seconds ",
1514,:,1737452209.000,8.000,0,106,0,0,"schlandals --timeout 1500 -i /data/schlandals/pwmc_benchmarks/instances/bayesian_networks/pcnf/munin/1514.cnf | tr '\n' ' '",/data/schlandals/pwmc_benchmarks/instances/bayesian_networks/pcnf/munin/1514.cnf,"Estimated probability 1.2779407e-3 with bounds [1.2779407e-3 1.2779407e-3] (epsilon 0) found in 7 seconds ",
1515,:,1737452209.000,8.000,0,106,0,0,"schlandals --timeout 1500 -i /data/schlandals/pwmc_benchmarks/instances/bayesian_networks/pcnf/munin/1515.cnf | tr '\n' ' '",/data/schlandals/pwmc_benchmarks/instances/bayesian_networks/pcnf/munin/1515.cnf,"Estimated probability 2.0018043e-2 with bounds [2.0018043e-2 2.0018043e-2] (epsilon 0) found in 7 seconds ",
1517,:,1737452210.000,7.000,0,106,0,0,"schlandals --timeout 1500 -i /data/schlandals/pwmc_benchmarks/instances/bayesian_networks/pcnf/munin/1517.cnf | tr '\n' ' '",/data/schlandals/pwmc_benchmarks/instances/bayesian_networks/pcnf/munin/1517.cnf,"Estimated probability 5.2083991e-2 with bounds [5.2083991e-2 5.2083991e-2] (epsilon 0) found in 6 seconds ",
1528,:,1737452216.000,1.000,0,87,0,0,"schlandals --timeout 1500 -i /data/schlandals/pwmc_benchmarks/instances/bayesian_networks/pcnf/munin/1528.cnf | tr '\n' ' '",/data/schlandals/pwmc_benchmarks/instances/bayesian_networks/pcnf/munin/1528.cnf,"Estimated probability -0 with bounds [0 -1.4098400e-16] (epsilon 0) found in 0 seconds ",
1518,:,1737452210.000,7.000,0,106,0,0,"schlandals --timeout 1500 -i /data/schlandals/pwmc_benchmarks/instances/bayesian_networks/pcnf/munin/1518.cnf | tr '\n' ' '",/data/schlandals/pwmc_benchmarks/instances/bayesian_networks/pcnf/munin/1518.cnf,"Estimated probability 1.0450027e-3 with bounds [1.0450027e-3 1.0450027e-3] (epsilon 0) found in 6 seconds ",
1519,:,1737452212.000,7.000,0,106,0,0,"schlandals --timeout 1500 -i /data/schlandals/pwmc_benchmarks/instances/bayesian_networks/pcnf/munin/1519.cnf | tr '\n' ' '",/data/schlandals/pwmc_benchmarks/instances/bayesian_networks/pcnf/munin/1519.cnf,"Estimated probability 3.3379944e-4 with bounds [3.3379944e-4 3.3379944e-4] (epsilon 0) found in 6 seconds ",
1521,:,1737452212.000,9.000,0,106,0,0,"schlandals --timeout 1500 -i /data/schlandals/pwmc_benchmarks/instances/bayesian_networks/pcnf/munin/1521.cnf | tr '\n' ' '",/data/schlandals/pwmc_benchmarks/instances/bayesian_networks/pcnf/munin/1521.cnf,"Estimated probability 6.9579182e-2 with bounds [6.9579182e-2 6.9579182e-2] (epsilon 0) found in 7 seconds ",
1471,:,1737452152.000,70.000,0,130,0,0,"schlandals --timeout 1500 -i /data/schlandals/pwmc_benchmarks/instances/bayesian_networks/pcnf/munin/1471.cnf | tr '\n' ' '",/data/schlandals/pwmc_benchmarks/instances/bayesian_networks/pcnf/munin/1471.cnf,"Estimated probability 1.6588251e-4 with bounds [1.6588210e-4 1.6588291e-4] (epsilon 0.0000024313442710255373) found in 69 seconds ",
1470,:,1737452152.000,70.000,0,130,0,0,"schlandals --timeout 1500 -i /data/schlandals/pwmc_benchmarks/instances/bayesian_networks/pcnf/munin/1470.cnf | tr '\n' ' '",/data/schlandals/pwmc_benchmarks/instances/bayesian_networks/pcnf/munin/1470.cnf,"Estimated probability 3.7453763e-4 with bounds [3.7453701e-4 3.7453825e-4] (epsilon 0.0000016474398649712896) found in 69 seconds ",
1520,:,1737452212.000,11.000,0,107,0,0,"schlandals --timeout 1500 -i /data/schlandals/pwmc_benchmarks/instances/bayesian_networks/pcnf/munin/1520.cnf | tr '\n' ' '",/data/schlandals/pwmc_benchmarks/instances/bayesian_networks/pcnf/munin/1520.cnf,"Estimated probability 9.2023040e-1 with bounds [9.2023040e-1 9.2023040e-1] (epsilon 0) found in 10 seconds ",
1522,:,1737452212.000,11.000,0,107,0,0,"schlandals --timeout 1500 -i /data/schlandals/pwmc_benchmarks/instances/bayesian_networks/pcnf/munin/1522.cnf | tr '\n' ' '",/data/schlandals/pwmc_benchmarks/instances/bayesian_networks/pcnf/munin/1522.cnf,"Estimated probability 1.0190423e-2 with bounds [1.0190423e-2 1.0190423e-2] (epsilon 0) found in 10 seconds ",
1537,:,1737452219.000,4.000,0,131,0,0,"schlandals --timeout 1500 -i /data/schlandals/pwmc_benchmarks/instances/bayesian_networks/pcnf/munin/1537.cnf | tr '\n' ' '",/data/schlandals/pwmc_benchmarks/instances/bayesian_networks/pcnf/munin/1537.cnf,"Estimated probability 1.3202119e-2 with bounds [1.3202118e-2 1.3202119e-2] (epsilon 0.000000011908982910924237) found in 4 seconds ",
1538,:,1737452221.000,4.000,0,131,0,0,"schlandals --timeout 1500 -i /data/schlandals/pwmc_benchmarks/instances/bayesian_networks/pcnf/munin/1538.cnf | tr '\n' ' '",/data/schlandals/pwmc_benchmarks/instances/bayesian_networks/pcnf/munin/1538.cnf,"Estimated probability 7.5139597e-3 with bounds [7.5139593e-3 7.5139601e-3] (epsilon 0.000000049662434165043123) found in 3 seconds ",
1476,:,1737452159.000,67.000,0,107,0,0,"schlandals --timeout 1500 -i /data/schlandals/pwmc_benchmarks/instances/bayesian_networks/pcnf/munin/1476.cnf | tr '\n' ' '",/data/schlandals/pwmc_benchmarks/instances/bayesian_networks/pcnf/munin/1476.cnf,"Estimated probability 1.6418096e-1 with bounds [1.6418096e-1 1.6418096e-1] (epsilon 0) found in 66 seconds ",
1384,:,1737451751.000,475.000,0,133,0,0,"schlandals --timeout 1500 -i /data/schlandals/pwmc_benchmarks/instances/bayesian_networks/pcnf/munin/1384.cnf | tr '\n' ' '",/data/schlandals/pwmc_benchmarks/instances/bayesian_networks/pcnf/munin/1384.cnf,"Estimated probability 5.2869144e-2 with bounds [5.2869144e-2 5.2869145e-2] (epsilon 0.000000006474555114266423) found in 474 seconds ",
1540,:,1737452222.000,5.000,0,130,0,0,"schlandals --timeout 1500 -i /data/schlandals/pwmc_benchmarks/instances/bayesian_networks/pcnf/munin/1540.cnf | tr '\n' ' '",/data/schlandals/pwmc_benchmarks/instances/bayesian_networks/pcnf/munin/1540.cnf,"Estimated probability 6.1470543e-3 with bounds [6.1470539e-3 6.1470547e-3] (epsilon 0.00000006070574865013612) found in 3 seconds ",
1539,:,1737452222.000,5.000,0,131,0,0,"schlandals --timeout 1500 -i /data/schlandals/pwmc_benchmarks/instances/bayesian_networks/pcnf/munin/1539.cnf | tr '\n' ' '",/data/schlandals/pwmc_benchmarks/instances/bayesian_networks/pcnf/munin/1539.cnf,"Estimated probability 6.3078750e-3 with bounds [6.3078746e-3 6.3078754e-3] (epsilon 0.000000059158041798568206) found in 4 seconds ",
1541,:,1737452223.000,4.000,0,130,0,0,"schlandals --timeout 1500 -i /data/schlandals/pwmc_benchmarks/instances/bayesian_networks/pcnf/munin/1541.cnf | tr '\n' ' '",/data/schlandals/pwmc_benchmarks/instances/bayesian_networks/pcnf/munin/1541.cnf,"Estimated probability 7.1547348e-3 with bounds [7.1547342e-3 7.1547355e-3] (epsilon 0.00000009248926224891818) found in 3 seconds ",
1542,:,1737452223.000,4.000,0,130,0,0,"schlandals --timeout 1500 -i /data/schlandals/pwmc_benchmarks/instances/bayesian_networks/pcnf/munin/1542.cnf | tr '\n' ' '",/data/schlandals/pwmc_benchmarks/instances/bayesian_networks/pcnf/munin/1542.cnf,"Estimated probability 1.0936338e-2 with bounds [1.0936338e-2 1.0936339e-2] (epsilon 0.00000006050801637513814) found in 3 seconds ",
1543,:,1737452224.000,4.000,0,129,0,0,"schlandals --timeout 1500 -i /data/schlandals/pwmc_benchmarks/instances/bayesian_networks/pcnf/munin/1543.cnf | tr '\n' ' '",/data/schlandals/pwmc_benchmarks/instances/bayesian_networks/pcnf/munin/1543.cnf,"Estimated probability 1.5867065e-2 with bounds [1.5867060e-2 1.5867070e-2] (epsilon 0.0000003120506932852152) found in 4 seconds ",
1475,:,1737452158.000,70.000,0,107,0,0,"schlandals --timeout 1500 -i /data/schlandals/pwmc_benchmarks/instances/bayesian_networks/pcnf/munin/1475.cnf | tr '\n' ' '",/data/schlandals/pwmc_benchmarks/instances/bayesian_networks/pcnf/munin/1475.cnf,"Estimated probability 8.3581904e-1 with bounds [8.3581904e-1 8.3581904e-1] (epsilon 0) found in 69 seconds ",
1544,:,1737452225.000,4.000,0,130,0,0,"schlandals --timeout 1500 -i /data/schlandals/pwmc_benchmarks/instances/bayesian_networks/pcnf/munin/1544.cnf | tr '\n' ' '",/data/schlandals/pwmc_benchmarks/instances/bayesian_networks/pcnf/munin/1544.cnf,"Estimated probability 2.4376649e-2 with bounds [2.4376644e-2 2.4376654e-2] (epsilon 0.00000020311768023084653) found in 3 seconds ",
1545,:,1737452226.000,4.000,0,130,0,0,"schlandals --timeout 1500 -i /data/schlandals/pwmc_benchmarks/instances/bayesian_networks/pcnf/munin/1545.cnf | tr '\n' ' '",/data/schlandals/pwmc_benchmarks/instances/bayesian_networks/pcnf/munin/1545.cnf,"Estimated probability 8.7845178e-2 with bounds [8.7845173e-2 8.7845183e-2] (epsilon 0.00000005636425393085176) found in 3 seconds ",
1546,:,1737452226.000,4.000,0,130,0,0,"schlandals --timeout 1500 -i /data/schlandals/pwmc_benchmarks/instances/bayesian_networks/pcnf/munin/1546.cnf | tr '\n' ' '",/data/schlandals/pwmc_benchmarks/instances/bayesian_networks/pcnf/munin/1546.cnf,"Estimated probability 2.9442114e-1 with bounds [2.9442114e-1 2.9442115e-1] (epsilon 0.00000001681716144119605) found in 3 seconds ",
1548,:,1737452227.000,4.000,0,130,0,0,"schlandals --timeout 1500 -i /data/schlandals/pwmc_benchmarks/instances/bayesian_networks/pcnf/munin/1548.cnf | tr '\n' ' '",/data/schlandals/pwmc_benchmarks/instances/bayesian_networks/pcnf/munin/1548.cnf,"Estimated probability 1.4602125e-1 with bounds [1.4602125e-1 1.4602126e-1] (epsilon 0.00000003279730842464801) found in 3 seconds ",
1549,:,1737452227.000,4.000,0,129,0,0,"schlandals --timeout 1500 -i /data/schlandals/pwmc_benchmarks/instances/bayesian_networks/pcnf/munin/1549.cnf | tr '\n' ' '",/data/schlandals/pwmc_benchmarks/instances/bayesian_networks/pcnf/munin/1549.cnf,"Estimated probability 1.7733391e-2 with bounds [1.7733386e-2 1.7733396e-2] (epsilon 0.0000002578845081924186) found in 3 seconds ",
1547,:,1737452227.000,4.000,0,131,0,0,"schlandals --timeout 1500 -i /data/schlandals/pwmc_benchmarks/instances/bayesian_networks/pcnf/munin/1547.cnf | tr '\n' ' '",/data/schlandals/pwmc_benchmarks/instances/bayesian_networks/pcnf/munin/1547.cnf,"Estimated probability 3.6247327e-1 with bounds [3.6247326e-1 3.6247327e-1] (epsilon 0.000000013659842812430156) found in 4 seconds ",
1550,:,1737452227.000,4.000,0,132,0,0,"schlandals --timeout 1500 -i /data/schlandals/pwmc_benchmarks/instances/bayesian_networks/pcnf/munin/1550.cnf | tr '\n' ' '",/data/schlandals/pwmc_benchmarks/instances/bayesian_networks/pcnf/munin/1550.cnf,"Estimated probability 8.7163642e-3 with bounds [8.7163641e-3 8.7163642e-3] (epsilon 0.0000000014616863275307423) found in 3 seconds ",
1551,:,1737452228.000,4.000,0,130,0,0,"schlandals --timeout 1500 -i /data/schlandals/pwmc_benchmarks/instances/bayesian_networks/pcnf/munin/1551.cnf | tr '\n' ' '",/data/schlandals/pwmc_benchmarks/instances/bayesian_networks/pcnf/munin/1551.cnf,"Estimated probability 1.2375577e-4 with bounds [1.2375575e-4 1.2375579e-4] (epsilon 0.00000010294947716538161) found in 3 seconds ",
1552,:,1737452228.000,5.000,0,130,0,0,"schlandals --timeout 1500 -i /data/schlandals/pwmc_benchmarks/instances/bayesian_networks/pcnf/munin/1552.cnf | tr '\n' ' '",/data/schlandals/pwmc_benchmarks/instances/bayesian_networks/pcnf/munin/1552.cnf,"Estimated probability 8.2557425e-4 with bounds [8.2557423e-4 8.2557427e-4] (epsilon 0.00000001543239958046172) found in 3 seconds ",
1553,:,1737452229.000,4.000,0,131,0,0,"schlandals --timeout 1500 -i /data/schlandals/pwmc_benchmarks/instances/bayesian_networks/pcnf/munin/1553.cnf | tr '\n' ' '",/data/schlandals/pwmc_benchmarks/instances/bayesian_networks/pcnf/munin/1553.cnf,"Estimated probability 1.5344947e-3 with bounds [1.5344947e-3 1.5344947e-3] (epsilon 0.000000008302793119696616) found in 3 seconds ",
1554,:,1737452230.000,4.000,0,130,0,0,"schlandals --timeout 1500 -i /data/schlandals/pwmc_benchmarks/instances/bayesian_networks/pcnf/munin/1554.cnf | tr '\n' ' '",/data/schlandals/pwmc_benchmarks/instances/bayesian_networks/pcnf/munin/1554.cnf,"Estimated probability 1.5667765e-3 with bounds [1.5667765e-3 1.5667765e-3] (epsilon 0.00000000813172262859041) found in 3 seconds ",
1555,:,1737452230.000,4.000,0,131,0,0,"schlandals --timeout 1500 -i /data/schlandals/pwmc_benchmarks/instances/bayesian_networks/pcnf/munin/1555.cnf | tr '\n' ' '",/data/schlandals/pwmc_benchmarks/instances/bayesian_networks/pcnf/munin/1555.cnf,"Estimated probability 1.3746810e-3 with bounds [1.3746810e-3 1.3746810e-3] (epsilon 0.000000009268035228160443) found in 3 seconds ",
1556,:,1737452231.000,4.000,0,130,0,0,"schlandals --timeout 1500 -i /data/schlandals/pwmc_benchmarks/instances/bayesian_networks/pcnf/munin/1556.cnf | tr '\n' ' '",/data/schlandals/pwmc_benchmarks/instances/bayesian_networks/pcnf/munin/1556.cnf,"Estimated probability 1.8831615e-3 with bounds [1.8831615e-3 1.8831615e-3] (epsilon 0.00000000676553302270122) found in 3 seconds ",
1557,:,1737452231.000,4.000,0,131,0,0,"schlandals --timeout 1500 -i /data/schlandals/pwmc_benchmarks/instances/bayesian_networks/pcnf/munin/1557.cnf | tr '\n' ' '",/data/schlandals/pwmc_benchmarks/instances/bayesian_networks/pcnf/munin/1557.cnf,"Estimated probability 2.0968150e-3 with bounds [2.0968150e-3 2.0968150e-3] (epsilon 0.000000006076163572288351) found in 3 seconds ",
1559,:,1737452231.000,4.000,0,130,0,0,"schlandals --timeout 1500 -i /data/schlandals/pwmc_benchmarks/instances/bayesian_networks/pcnf/munin/1559.cnf | tr '\n' ' '",/data/schlandals/pwmc_benchmarks/instances/bayesian_networks/pcnf/munin/1559.cnf,"Estimated probability 9.3888192e-3 with bounds [9.3888184e-3 9.3888200e-3] (epsilon 0.00000008852532640268862) found in 3 seconds ",
1558,:,1737452231.000,4.000,0,130,0,0,"schlandals --timeout 1500 -i /data/schlandals/pwmc_benchmarks/instances/bayesian_networks/pcnf/munin/1558.cnf | tr '\n' ' '",/data/schlandals/pwmc_benchmarks/instances/bayesian_networks/pcnf/munin/1558.cnf,"Estimated probability 4.0448963e-3 with bounds [4.0448955e-3 4.0448972e-3] (epsilon 0.00000020548074952664308) found in 3 seconds ",
1560,:,1737452232.000,4.000,0,128,0,0,"schlandals --timeout 1500 -i /data/schlandals/pwmc_benchmarks/instances/bayesian_networks/pcnf/munin/1560.cnf | tr '\n' ' '",/data/schlandals/pwmc_benchmarks/instances/bayesian_networks/pcnf/munin/1560.cnf,"Estimated probability 3.4088236e-2 with bounds [3.4088232e-2 3.4088241e-2] (epsilon 0.000000141743583537135) found in 3 seconds ",
1561,:,1737452233.000,4.000,0,131,0,0,"schlandals --timeout 1500 -i /data/schlandals/pwmc_benchmarks/instances/bayesian_networks/pcnf/munin/1561.cnf | tr '\n' ' '",/data/schlandals/pwmc_benchmarks/instances/bayesian_networks/pcnf/munin/1561.cnf,"Estimated probability 9.4727521e-2 with bounds [9.4727516e-2 9.4727526e-2] (epsilon 0.000000051007231549604626) found in 3 seconds ",
1562,:,1737452233.000,4.000,0,130,0,0,"schlandals --timeout 1500 -i /data/schlandals/pwmc_benchmarks/instances/bayesian_networks/pcnf/munin/1562.cnf | tr '\n' ' '",/data/schlandals/pwmc_benchmarks/instances/bayesian_networks/pcnf/munin/1562.cnf,"Estimated probability 2.9201934e-1 with bounds [2.9201934e-1 2.9201935e-1] (epsilon 0.00000001654612447055115) found in 3 seconds ",
1563,:,1737452234.000,4.000,0,131,0,0,"schlandals --timeout 1500 -i /data/schlandals/pwmc_benchmarks/instances/bayesian_networks/pcnf/munin/1563.cnf | tr '\n' ' '",/data/schlandals/pwmc_benchmarks/instances/bayesian_networks/pcnf/munin/1563.cnf,"Estimated probability 3.5411397e-1 with bounds [3.5411397e-1 3.5411398e-1] (epsilon 0.000000013644727125949885) found in 3 seconds ",
1564,:,1737452234.000,4.000,0,130,0,0,"schlandals --timeout 1500 -i /data/schlandals/pwmc_benchmarks/instances/bayesian_networks/pcnf/munin/1564.cnf | tr '\n' ' '",/data/schlandals/pwmc_benchmarks/instances/bayesian_networks/pcnf/munin/1564.cnf,"Estimated probability 1.5438225e-1 with bounds [1.5438225e-1 1.5438225e-1] (epsilon 0.00000003129756520614535) found in 3 seconds ",
1565,:,1737452235.000,4.000,0,130,0,0,"schlandals --timeout 1500 -i /data/schlandals/pwmc_benchmarks/instances/bayesian_networks/pcnf/munin/1565.cnf | tr '\n' ' '",/data/schlandals/pwmc_benchmarks/instances/bayesian_networks/pcnf/munin/1565.cnf,"Estimated probability 3.6376827e-2 with bounds [3.6376822e-2 3.6376832e-2] (epsilon 0.00000013282600996866734) found in 3 seconds ",
1566,:,1737452235.000,4.000,0,129,0,0,"schlandals --timeout 1500 -i /data/schlandals/pwmc_benchmarks/instances/bayesian_networks/pcnf/munin/1566.cnf | tr '\n' ' '",/data/schlandals/pwmc_benchmarks/instances/bayesian_networks/pcnf/munin/1566.cnf,"Estimated probability 2.7365379e-3 with bounds [2.7365331e-3 2.7365428e-3] (epsilon 0.0000017656589703651804) found in 3 seconds ",
1383,:,1737451739.000,511.000,0,133,0,0,"schlandals --timeout 1500 -i /data/schlandals/pwmc_benchmarks/instances/bayesian_networks/pcnf/munin/1383.cnf | tr '\n' ' '",/data/schlandals/pwmc_benchmarks/instances/bayesian_networks/pcnf/munin/1383.cnf,"Estimated probability 2.7171328e-2 with bounds [2.7171327e-2 2.7171328e-2] (epsilon 0.000000012597993537255547) found in 510 seconds ",
1534,:,1737452217.000,54.000,0,107,0,0,"schlandals --timeout 1500 -i /data/schlandals/pwmc_benchmarks/instances/bayesian_networks/pcnf/munin/1534.cnf | tr '\n' ' '",/data/schlandals/pwmc_benchmarks/instances/bayesian_networks/pcnf/munin/1534.cnf,"Estimated probability 1.2663445e-2 with bounds [1.2663445e-2 1.2663445e-2] (epsilon 0) found in 53 seconds ",
1535,:,1737452217.000,54.000,0,107,0,0,"schlandals --timeout 1500 -i /data/schlandals/pwmc_benchmarks/instances/bayesian_networks/pcnf/munin/1535.cnf | tr '\n' ' '",/data/schlandals/pwmc_benchmarks/instances/bayesian_networks/pcnf/munin/1535.cnf,"Estimated probability 8.9568117e-1 with bounds [8.9568117e-1 8.9568117e-1] (epsilon 0) found in 53 seconds ",
1530,:,1737452217.000,54.000,0,107,0,0,"schlandals --timeout 1500 -i /data/schlandals/pwmc_benchmarks/instances/bayesian_networks/pcnf/munin/1530.cnf | tr '\n' ' '",/data/schlandals/pwmc_benchmarks/instances/bayesian_networks/pcnf/munin/1530.cnf,"Estimated probability 6.8376587e-2 with bounds [6.8376587e-2 6.8376587e-2] (epsilon 0) found in 53 seconds ",
1529,:,1737452217.000,54.000,0,107,0,0,"schlandals --timeout 1500 -i /data/schlandals/pwmc_benchmarks/instances/bayesian_networks/pcnf/munin/1529.cnf | tr '\n' ' '",/data/schlandals/pwmc_benchmarks/instances/bayesian_networks/pcnf/munin/1529.cnf,"Estimated probability 8.9247575e-1 with bounds [8.9247575e-1 8.9247575e-1] (epsilon 0) found in 53 seconds ",
1531,:,1737452217.000,54.000,0,107,0,0,"schlandals --timeout 1500 -i /data/schlandals/pwmc_benchmarks/instances/bayesian_networks/pcnf/munin/1531.cnf | tr '\n' ' '",/data/schlandals/pwmc_benchmarks/instances/bayesian_networks/pcnf/munin/1531.cnf,"Estimated probability 3.4847567e-2 with bounds [3.4847567e-2 3.4847567e-2] (epsilon 0) found in 53 seconds ",
1532,:,1737452217.000,54.000,0,107,0,0,"schlandals --timeout 1500 -i /data/schlandals/pwmc_benchmarks/instances/bayesian_networks/pcnf/munin/1532.cnf | tr '\n' ' '",/data/schlandals/pwmc_benchmarks/instances/bayesian_networks/pcnf/munin/1532.cnf,"Estimated probability 4.3001002e-3 with bounds [4.3001002e-3 4.3001002e-3] (epsilon 0) found in 53 seconds ",
1533,:,1737452217.000,54.000,0,107,0,0,"schlandals --timeout 1500 -i /data/schlandals/pwmc_benchmarks/instances/bayesian_networks/pcnf/munin/1533.cnf | tr '\n' ' '",/data/schlandals/pwmc_benchmarks/instances/bayesian_networks/pcnf/munin/1533.cnf,"Estimated probability 9.8733655e-1 with bounds [9.8733655e-1 9.8733655e-1] (epsilon 0) found in 53 seconds ",
1536,:,1737452217.000,55.000,0,107,0,0,"schlandals --timeout 1500 -i /data/schlandals/pwmc_benchmarks/instances/bayesian_networks/pcnf/munin/1536.cnf | tr '\n' ' '",/data/schlandals/pwmc_benchmarks/instances/bayesian_networks/pcnf/munin/1536.cnf,"Estimated probability 1.0431883e-1 with bounds [1.0431883e-1 1.0431883e-1] (epsilon 0) found in 53 seconds ",
1374,:,1737451691.000,581.000,0,133,0,0,"schlandals --timeout 1500 -i /data/schlandals/pwmc_benchmarks/instances/bayesian_networks/pcnf/munin/1374.cnf | tr '\n' ' '",/data/schlandals/pwmc_benchmarks/instances/bayesian_networks/pcnf/munin/1374.cnf,"Estimated probability 6.7821447e-3 with bounds [6.7821446e-3 6.7821448e-3] (epsilon 0.000000012913396352232098) found in 580 seconds ",
1380,:,1737451735.000,554.000,0,132,0,0,"schlandals --timeout 1500 -i /data/schlandals/pwmc_benchmarks/instances/bayesian_networks/pcnf/munin/1380.cnf | tr '\n' ' '",/data/schlandals/pwmc_benchmarks/instances/bayesian_networks/pcnf/munin/1380.cnf,"Estimated probability 5.9555414e-3 with bounds [5.9555411e-3 5.9555417e-3] (epsilon 0.00000005747658993193738) found in 553 seconds ",
1375,:,1737451700.000,597.000,0,133,0,0,"schlandals --timeout 1500 -i /data/schlandals/pwmc_benchmarks/instances/bayesian_networks/pcnf/munin/1375.cnf | tr '\n' ' '",/data/schlandals/pwmc_benchmarks/instances/bayesian_networks/pcnf/munin/1375.cnf,"Estimated probability 2.1076796e-3 with bounds [2.1076795e-3 2.1076796e-3] (epsilon 0.000000041553054774823295) found in 596 seconds ",
1377,:,1737451733.000,570.000,0,132,0,0,"schlandals --timeout 1500 -i /data/schlandals/pwmc_benchmarks/instances/bayesian_networks/pcnf/munin/1377.cnf | tr '\n' ' '",/data/schlandals/pwmc_benchmarks/instances/bayesian_networks/pcnf/munin/1377.cnf,"Estimated probability 2.5952265e-3 with bounds [2.5952262e-3 2.5952269e-3] (epsilon 0.00000013189762526621962) found in 569 seconds ",
1379,:,1737451735.000,577.000,0,132,0,0,"schlandals --timeout 1500 -i /data/schlandals/pwmc_benchmarks/instances/bayesian_networks/pcnf/munin/1379.cnf | tr '\n' ' '",/data/schlandals/pwmc_benchmarks/instances/bayesian_networks/pcnf/munin/1379.cnf,"Estimated probability 4.2563289e-3 with bounds [4.2563286e-3 4.2563292e-3] (epsilon 0.00000008042240562389225) found in 575 seconds ",
1388,:,1737451793.000,538.000,0,134,0,0,"schlandals --timeout 1500 -i /data/schlandals/pwmc_benchmarks/instances/bayesian_networks/pcnf/munin/1388.cnf | tr '\n' ' '",/data/schlandals/pwmc_benchmarks/instances/bayesian_networks/pcnf/munin/1388.cnf,"Estimated probability 1.8820654e-1 with bounds [1.8820653e-1 1.8820654e-1] (epsilon 0.0000000018187691352977708) found in 536 seconds ",
1385,:,1737451784.000,551.000,0,133,0,0,"schlandals --timeout 1500 -i /data/schlandals/pwmc_benchmarks/instances/bayesian_networks/pcnf/munin/1385.cnf | tr '\n' ' '",/data/schlandals/pwmc_benchmarks/instances/bayesian_networks/pcnf/munin/1385.cnf,"Estimated probability 9.5633853e-2 with bounds [9.5633852e-2 9.5633853e-2] (epsilon 0.000000003579319951541038) found in 549 seconds ",
1389,:,1737451795.000,546.000,0,134,0,0,"schlandals --timeout 1500 -i /data/schlandals/pwmc_benchmarks/instances/bayesian_networks/pcnf/munin/1389.cnf | tr '\n' ' '",/data/schlandals/pwmc_benchmarks/instances/bayesian_networks/pcnf/munin/1389.cnf,"Estimated probability 1.5263639e-1 with bounds [1.5263639e-1 1.5263639e-1] (epsilon 0.0000000022426118739815593) found in 545 seconds ",
1381,:,1737451737.000,608.000,0,133,0,0,"schlandals --timeout 1500 -i /data/schlandals/pwmc_benchmarks/instances/bayesian_networks/pcnf/munin/1381.cnf | tr '\n' ' '",/data/schlandals/pwmc_benchmarks/instances/bayesian_networks/pcnf/munin/1381.cnf,"Estimated probability 8.7828680e-3 with bounds [8.7828676e-3 8.7828683e-3] (epsilon 0.000000038974080629472496) found in 606 seconds ",
1378,:,1737451734.000,619.000,0,132,0,0,"schlandals --timeout 1500 -i /data/schlandals/pwmc_benchmarks/instances/bayesian_networks/pcnf/munin/1378.cnf | tr '\n' ' '",/data/schlandals/pwmc_benchmarks/instances/bayesian_networks/pcnf/munin/1378.cnf,"Estimated probability 3.2288220e-3 with bounds [3.2288216e-3 3.2288223e-3] (epsilon 0.00000010601520195052672) found in 618 seconds ",
1387,:,1737451790.000,579.000,0,134,0,0,"schlandals --timeout 1500 -i /data/schlandals/pwmc_benchmarks/instances/bayesian_networks/pcnf/munin/1387.cnf | tr '\n' ' '",/data/schlandals/pwmc_benchmarks/instances/bayesian_networks/pcnf/munin/1387.cnf,"Estimated probability 1.8582683e-1 with bounds [1.8582683e-1 1.8582683e-1] (epsilon 0.0000000018420600600421722) found in 578 seconds ",
1382,:,1737451738.000,639.000,0,133,0,0,"schlandals --timeout 1500 -i /data/schlandals/pwmc_benchmarks/instances/bayesian_networks/pcnf/munin/1382.cnf | tr '\n' ' '",/data/schlandals/pwmc_benchmarks/instances/bayesian_networks/pcnf/munin/1382.cnf,"Estimated probability 1.4527434e-2 with bounds [1.4527434e-2 1.4527434e-2] (epsilon 0.000000023562603868043652) found in 639 seconds ",
1390,:,1737451796.000,584.000,0,134,0,0,"schlandals --timeout 1500 -i /data/schlandals/pwmc_benchmarks/instances/bayesian_networks/pcnf/munin/1390.cnf | tr '\n' ' '",/data/schlandals/pwmc_benchmarks/instances/bayesian_networks/pcnf/munin/1390.cnf,"Estimated probability 9.9837871e-2 with bounds [9.9837871e-2 9.9837871e-2] (epsilon 0.0000000029860569572548457) found in 584 seconds ",
1386,:,1737451789.000,594.000,0,133,0,0,"schlandals --timeout 1500 -i /data/schlandals/pwmc_benchmarks/instances/bayesian_networks/pcnf/munin/1386.cnf | tr '\n' ' '",/data/schlandals/pwmc_benchmarks/instances/bayesian_networks/pcnf/munin/1386.cnf,"Estimated probability 1.4731397e-1 with bounds [1.4731396e-1 1.4731397e-1] (epsilon 0.000000002323636616452518) found in 593 seconds ",
1413,:,1737451990.000,420.000,0,133,0,0,"schlandals --timeout 1500 -i /data/schlandals/pwmc_benchmarks/instances/bayesian_networks/pcnf/munin/1413.cnf | tr '\n' ' '",/data/schlandals/pwmc_benchmarks/instances/bayesian_networks/pcnf/munin/1413.cnf,"Estimated probability 7.6128480e-3 with bounds [7.6128479e-3 7.6128481e-3] (epsilon 0.000000011504304620046923) found in 419 seconds ",
1408,:,1737451988.000,439.000,0,135,0,0,"schlandals --timeout 1500 -i /data/schlandals/pwmc_benchmarks/instances/bayesian_networks/pcnf/munin/1408.cnf | tr '\n' ' '",/data/schlandals/pwmc_benchmarks/instances/bayesian_networks/pcnf/munin/1408.cnf,"Estimated probability 8.4945500e-1 with bounds [8.4945500e-1 8.4945500e-1] (epsilon 0.00000000010310197140483979) found in 438 seconds ",
1412,:,1737451990.000,443.000,0,132,0,0,"schlandals --timeout 1500 -i /data/schlandals/pwmc_benchmarks/instances/bayesian_networks/pcnf/munin/1412.cnf | tr '\n' ' '",/data/schlandals/pwmc_benchmarks/instances/bayesian_networks/pcnf/munin/1412.cnf,"Estimated probability 5.4713847e-3 with bounds [5.4713846e-3 5.4713848e-3] (epsilon 0.00000001600701216020184) found in 442 seconds ",
1411,:,1737451989.000,473.000,0,133,0,0,"schlandals --timeout 1500 -i /data/schlandals/pwmc_benchmarks/instances/bayesian_networks/pcnf/munin/1411.cnf | tr '\n' ' '",/data/schlandals/pwmc_benchmarks/instances/bayesian_networks/pcnf/munin/1411.cnf,"Estimated probability 7.3022899e-3 with bounds [7.3022899e-3 7.3022900e-3] (epsilon 0.000000011993569914992008) found in 471 seconds ",
1409,:,1737451988.000,527.000,0,134,0,0,"schlandals --timeout 1500 -i /data/schlandals/pwmc_benchmarks/instances/bayesian_networks/pcnf/munin/1409.cnf | tr '\n' ' '",/data/schlandals/pwmc_benchmarks/instances/bayesian_networks/pcnf/munin/1409.cnf,"Estimated probability 1.0695332e-1 with bounds [1.0695331e-1 1.0695332e-1] (epsilon 0.0000000008188665301389619) found in 525 seconds ",
1496,:,1737452190.000,328.000,0,133,0,0,"schlandals --timeout 1500 -i /data/schlandals/pwmc_benchmarks/instances/bayesian_networks/pcnf/munin/1496.cnf | tr '\n' ' '",/data/schlandals/pwmc_benchmarks/instances/bayesian_networks/pcnf/munin/1496.cnf,"Estimated probability 9.4923408e-2 with bounds [9.4923407e-2 9.4923408e-2] (epsilon 0.000000008383443050874462) found in 327 seconds ",
1486,:,1737452172.000,355.000,0,131,0,0,"schlandals --timeout 1500 -i /data/schlandals/pwmc_benchmarks/instances/bayesian_networks/pcnf/munin/1486.cnf | tr '\n' ' '",/data/schlandals/pwmc_benchmarks/instances/bayesian_networks/pcnf/munin/1486.cnf,"Estimated probability 1.3723785e-3 with bounds [1.3723781e-3 1.3723789e-3] (epsilon 0.0000003030722286467835) found in 353 seconds ",
1410,:,1737451989.000,538.000,0,134,0,0,"schlandals --timeout 1500 -i /data/schlandals/pwmc_benchmarks/instances/bayesian_networks/pcnf/munin/1410.cnf | tr '\n' ' '",/data/schlandals/pwmc_benchmarks/instances/bayesian_networks/pcnf/munin/1410.cnf,"Estimated probability 2.3205162e-2 with bounds [2.3205162e-2 2.3205162e-2] (epsilon 0.0000000037741827441095666) found in 537 seconds ",
1491,:,1737452178.000,351.000,0,132,0,0,"schlandals --timeout 1500 -i /data/schlandals/pwmc_benchmarks/instances/bayesian_networks/pcnf/munin/1491.cnf | tr '\n' ' '",/data/schlandals/pwmc_benchmarks/instances/bayesian_networks/pcnf/munin/1491.cnf,"Estimated probability 5.8647297e-3 with bounds [5.8647289e-3 5.8647305e-3] (epsilon 0.00000013568997947466244) found in 350 seconds ",
1492,:,1737452178.000,352.000,0,132,0,0,"schlandals --timeout 1500 -i /data/schlandals/pwmc_benchmarks/instances/bayesian_networks/pcnf/munin/1492.cnf | tr '\n' ' '",/data/schlandals/pwmc_benchmarks/instances/bayesian_networks/pcnf/munin/1492.cnf,"Estimated probability 8.6803630e-3 with bounds [8.6803622e-3 8.6803638e-3] (epsilon 0.00000009167647041508076) found in 351 seconds ",
1483,:,1737452170.000,362.000,0,132,0,0,"schlandals --timeout 1500 -i /data/schlandals/pwmc_benchmarks/instances/bayesian_networks/pcnf/munin/1483.cnf | tr '\n' ' '",/data/schlandals/pwmc_benchmarks/instances/bayesian_networks/pcnf/munin/1483.cnf,"Estimated probability 8.9041981e-4 with bounds [8.9041964e-4 8.9041998e-4] (epsilon 0.00000018104504739824279) found in 362 seconds ",
1487,:,1737452173.000,360.000,0,131,0,0,"schlandals --timeout 1500 -i /data/schlandals/pwmc_benchmarks/instances/bayesian_networks/pcnf/munin/1487.cnf | tr '\n' ' '",/data/schlandals/pwmc_benchmarks/instances/bayesian_networks/pcnf/munin/1487.cnf,"Estimated probability 1.6855264e-3 with bounds [1.6855260e-3 1.6855268e-3] (epsilon 0.0000002467655222382348) found in 359 seconds ",
1493,:,1737452180.000,357.000,0,133,0,0,"schlandals --timeout 1500 -i /data/schlandals/pwmc_benchmarks/instances/bayesian_networks/pcnf/munin/1493.cnf | tr '\n' ' '",/data/schlandals/pwmc_benchmarks/instances/bayesian_networks/pcnf/munin/1493.cnf,"Estimated probability 1.4267675e-2 with bounds [1.4267674e-2 1.4267676e-2] (epsilon 0.000000055775379870226516) found in 356 seconds ",
1320,:,1737451294.000,1243.000,0,133,0,0,"schlandals --timeout 1500 -i /data/schlandals/pwmc_benchmarks/instances/bayesian_networks/pcnf/munin/1320.cnf | tr '\n' ' '",/data/schlandals/pwmc_benchmarks/instances/bayesian_networks/pcnf/munin/1320.cnf,"Estimated probability 9.6367579e-4 with bounds [9.6367571e-4 9.6367587e-4] (epsilon 0.00000008078584778914433) found in 1242 seconds ",
1321,:,1737451319.000,1226.000,0,133,0,0,"schlandals --timeout 1500 -i /data/schlandals/pwmc_benchmarks/instances/bayesian_networks/pcnf/munin/1321.cnf | tr '\n' ' '",/data/schlandals/pwmc_benchmarks/instances/bayesian_networks/pcnf/munin/1321.cnf,"Estimated probability 1.0712048e-3 with bounds [1.0712047e-3 1.0712049e-3] (epsilon 0.00000007267645552033741) found in 1224 seconds ",
1494,:,1737452183.000,362.000,0,132,0,0,"schlandals --timeout 1500 -i /data/schlandals/pwmc_benchmarks/instances/bayesian_networks/pcnf/munin/1494.cnf | tr '\n' ' '",/data/schlandals/pwmc_benchmarks/instances/bayesian_networks/pcnf/munin/1494.cnf,"Estimated probability 2.6656021e-2 with bounds [2.6656020e-2 2.6656022e-2] (epsilon 0.00000002985385694209697) found in 361 seconds ",
1328,:,1737451346.000,1201.000,0,134,0,0,"schlandals --timeout 1500 -i /data/schlandals/pwmc_benchmarks/instances/bayesian_networks/pcnf/munin/1328.cnf | tr '\n' ' '",/data/schlandals/pwmc_benchmarks/instances/bayesian_networks/pcnf/munin/1328.cnf,"Estimated probability 7.3530327e-3 with bounds [7.3530323e-3 7.3530330e-3] (epsilon 0.000000047973002903489714) found in 1200 seconds ",
1495,:,1737452186.000,363.000,0,133,0,0,"schlandals --timeout 1500 -i /data/schlandals/pwmc_benchmarks/instances/bayesian_networks/pcnf/munin/1495.cnf | tr '\n' ' '",/data/schlandals/pwmc_benchmarks/instances/bayesian_networks/pcnf/munin/1495.cnf,"Estimated probability 5.2139694e-2 with bounds [5.2139693e-2 5.2139694e-2] (epsilon 0.000000015262556329886934) found in 362 seconds ",
1481,:,1737452167.000,383.000,0,133,0,0,"schlandals --timeout 1500 -i /data/schlandals/pwmc_benchmarks/instances/bayesian_networks/pcnf/munin/1481.cnf | tr '\n' ' '",/data/schlandals/pwmc_benchmarks/instances/bayesian_networks/pcnf/munin/1481.cnf,"Estimated probability 6.7874464e-3 with bounds [6.7874464e-3 6.7874465e-3] (epsilon 0.000000006393850338071161) found in 382 seconds ",
1484,:,1737452171.000,381.000,0,132,0,0,"schlandals --timeout 1500 -i /data/schlandals/pwmc_benchmarks/instances/bayesian_networks/pcnf/munin/1484.cnf | tr '\n' ' '",/data/schlandals/pwmc_benchmarks/instances/bayesian_networks/pcnf/munin/1484.cnf,"Estimated probability 1.0264894e-3 with bounds [1.0264892e-3 1.0264896e-3] (epsilon 0.00000015704604128252697) found in 379 seconds ",
1501,:,1737452196.000,362.000,0,133,0,0,"schlandals --timeout 1500 -i /data/schlandals/pwmc_benchmarks/instances/bayesian_networks/pcnf/munin/1501.cnf | tr '\n' ' '",/data/schlandals/pwmc_benchmarks/instances/bayesian_networks/pcnf/munin/1501.cnf,"Estimated probability 9.9945945e-2 with bounds [9.9945945e-2 9.9945946e-2] (epsilon 0.000000007962153825147311) found in 361 seconds ",
1488,:,1737452176.000,383.000,0,132,0,0,"schlandals --timeout 1500 -i /data/schlandals/pwmc_benchmarks/instances/bayesian_networks/pcnf/munin/1488.cnf | tr '\n' ' '",/data/schlandals/pwmc_benchmarks/instances/bayesian_networks/pcnf/munin/1488.cnf,"Estimated probability 2.1959380e-3 with bounds [2.1959375e-3 2.1959384e-3] (epsilon 0.00000018940871959749472) found in 382 seconds ",
1500,:,1737452196.000,363.000,0,133,0,0,"schlandals --timeout 1500 -i /data/schlandals/pwmc_benchmarks/instances/bayesian_networks/pcnf/munin/1500.cnf | tr '\n' ' '",/data/schlandals/pwmc_benchmarks/instances/bayesian_networks/pcnf/munin/1500.cnf,"Estimated probability 1.5309257e-1 with bounds [1.5309257e-1 1.5309258e-1] (epsilon 0.000000005198063979250378) found in 363 seconds ",
1499,:,1737452195.000,369.000,0,133,0,0,"schlandals --timeout 1500 -i /data/schlandals/pwmc_benchmarks/instances/bayesian_networks/pcnf/munin/1499.cnf | tr '\n' ' '",/data/schlandals/pwmc_benchmarks/instances/bayesian_networks/pcnf/munin/1499.cnf,"Estimated probability 1.8864221e-1 with bounds [1.8864221e-1 1.8864221e-1] (epsilon 0.000000004218488669494036) found in 368 seconds ",
1498,:,1737452194.000,374.000,0,133,0,0,"schlandals --timeout 1500 -i /data/schlandals/pwmc_benchmarks/instances/bayesian_networks/pcnf/munin/1498.cnf | tr '\n' ' '",/data/schlandals/pwmc_benchmarks/instances/bayesian_networks/pcnf/munin/1498.cnf,"Estimated probability 1.8589752e-1 with bounds [1.8589752e-1 1.8589752e-1] (epsilon 0.000000004280772625264717) found in 373 seconds ",
1482,:,1737452167.000,406.000,0,132,0,0,"schlandals --timeout 1500 -i /data/schlandals/pwmc_benchmarks/instances/bayesian_networks/pcnf/munin/1482.cnf | tr '\n' ' '",/data/schlandals/pwmc_benchmarks/instances/bayesian_networks/pcnf/munin/1482.cnf,"Estimated probability 7.4756771e-4 with bounds [7.4756755e-4 7.4756788e-4] (epsilon 0.00000021564079832891991) found in 404 seconds ",
1485,:,1737452172.000,402.000,0,131,0,0,"schlandals --timeout 1500 -i /data/schlandals/pwmc_benchmarks/instances/bayesian_networks/pcnf/munin/1485.cnf | tr '\n' ' '",/data/schlandals/pwmc_benchmarks/instances/bayesian_networks/pcnf/munin/1485.cnf,"Estimated probability 1.1722620e-3 with bounds [1.1722619e-3 1.1722622e-3] (epsilon 0.0000001375171165829414) found in 401 seconds ",
1497,:,1737452193.000,383.000,0,132,0,0,"schlandals --timeout 1500 -i /data/schlandals/pwmc_benchmarks/instances/bayesian_networks/pcnf/munin/1497.cnf | tr '\n' ' '",/data/schlandals/pwmc_benchmarks/instances/bayesian_networks/pcnf/munin/1497.cnf,"Estimated probability 1.4691322e-1 with bounds [1.4691322e-1 1.4691322e-1] (epsilon 0.00000000541670064357902) found in 382 seconds ",
1490,:,1737452177.000,403.000,0,132,0,0,"schlandals --timeout 1500 -i /data/schlandals/pwmc_benchmarks/instances/bayesian_networks/pcnf/munin/1490.cnf | tr '\n' ' '",/data/schlandals/pwmc_benchmarks/instances/bayesian_networks/pcnf/munin/1490.cnf,"Estimated probability 4.1187447e-3 with bounds [4.1187439e-3 4.1187455e-3] (epsilon 0.00000019321058641885713) found in 402 seconds ",
1489,:,1737452176.000,406.000,0,132,0,0,"schlandals --timeout 1500 -i /data/schlandals/pwmc_benchmarks/instances/bayesian_networks/pcnf/munin/1489.cnf | tr '\n' ' '",/data/schlandals/pwmc_benchmarks/instances/bayesian_networks/pcnf/munin/1489.cnf,"Estimated probability 2.9798757e-3 with bounds [2.9798749e-3 2.9798765e-3] (epsilon 0.00000026705312361485767) found in 405 seconds ",
1318,:,1737451284.000,1320.000,0,134,0,0,"schlandals --timeout 1500 -i /data/schlandals/pwmc_benchmarks/instances/bayesian_networks/pcnf/munin/1318.cnf | tr '\n' ' '",/data/schlandals/pwmc_benchmarks/instances/bayesian_networks/pcnf/munin/1318.cnf,"Estimated probability 1.1183027e-2 with bounds [1.1183027e-2 1.1183027e-2] (epsilon 0.000000006961564436025469) found in 1319 seconds ",
1330,:,1737451352.000,1258.000,0,134,0,0,"schlandals --timeout 1500 -i /data/schlandals/pwmc_benchmarks/instances/bayesian_networks/pcnf/munin/1330.cnf | tr '\n' ' '",/data/schlandals/pwmc_benchmarks/instances/bayesian_networks/pcnf/munin/1330.cnf,"Estimated probability 1.2886562e-2 with bounds [1.2886561e-2 1.2886562e-2] (epsilon 0.000000027373248778772563) found in 1257 seconds ",
1322,:,1737451320.000,1309.000,0,133,0,0,"schlandals --timeout 1500 -i /data/schlandals/pwmc_benchmarks/instances/bayesian_networks/pcnf/munin/1322.cnf | tr '\n' ' '",/data/schlandals/pwmc_benchmarks/instances/bayesian_networks/pcnf/munin/1322.cnf,"Estimated probability 1.1448038e-3 with bounds [1.1448037e-3 1.1448039e-3] (epsilon 0.00000006800411012086727) found in 1308 seconds ",
1319,:,1737451287.000,1353.000,0,133,0,0,"schlandals --timeout 1500 -i /data/schlandals/pwmc_benchmarks/instances/bayesian_networks/pcnf/munin/1319.cnf | tr '\n' ' '",/data/schlandals/pwmc_benchmarks/instances/bayesian_networks/pcnf/munin/1319.cnf,"Estimated probability 8.1464117e-4 with bounds [8.1464109e-4 8.1464126e-4] (epsilon 0.00000009556522395648415) found in 1353 seconds ",
1325,:,1737451336.000,1311.000,0,134,0,0,"schlandals --timeout 1500 -i /data/schlandals/pwmc_benchmarks/instances/bayesian_networks/pcnf/munin/1325.cnf | tr '\n' ' '",/data/schlandals/pwmc_benchmarks/instances/bayesian_networks/pcnf/munin/1325.cnf,"Estimated probability 2.3844762e-3 with bounds [2.3844761e-3 2.3844763e-3] (epsilon 0.000000032649252634797676) found in 1309 seconds ",
1324,:,1737451332.000,1327.000,0,132,0,0,"schlandals --timeout 1500 -i /data/schlandals/pwmc_benchmarks/instances/bayesian_networks/pcnf/munin/1324.cnf | tr '\n' ' '",/data/schlandals/pwmc_benchmarks/instances/bayesian_networks/pcnf/munin/1324.cnf,"Estimated probability 1.5968293e-3 with bounds [1.5968292e-3 1.5968293e-3] (epsilon 0.0000000487537195059673) found in 1326 seconds ",
1326,:,1737451339.000,1324.000,0,133,0,0,"schlandals --timeout 1500 -i /data/schlandals/pwmc_benchmarks/instances/bayesian_networks/pcnf/munin/1326.cnf | tr '\n' ' '",/data/schlandals/pwmc_benchmarks/instances/bayesian_networks/pcnf/munin/1326.cnf,"Estimated probability 3.7537347e-3 with bounds [3.7537343e-3 3.7537351e-3] (epsilon 0.00000009397229661090023) found in 1323 seconds ",
1323,:,1737451328.000,1344.000,0,133,0,0,"schlandals --timeout 1500 -i /data/schlandals/pwmc_benchmarks/instances/bayesian_networks/pcnf/munin/1323.cnf | tr '\n' ' '",/data/schlandals/pwmc_benchmarks/instances/bayesian_networks/pcnf/munin/1323.cnf,"Estimated probability 1.2630842e-3 with bounds [1.2630841e-3 1.2630843e-3] (epsilon 0.00000006163592525254558) found in 1343 seconds ",
1329,:,1737451350.000,1331.000,0,134,0,0,"schlandals --timeout 1500 -i /data/schlandals/pwmc_benchmarks/instances/bayesian_networks/pcnf/munin/1329.cnf | tr '\n' ' '",/data/schlandals/pwmc_benchmarks/instances/bayesian_networks/pcnf/munin/1329.cnf,"Estimated probability 9.6351681e-3 with bounds [9.6351677e-3 9.6351685e-3] (epsilon 0.000000036610369180678504) found in 1330 seconds ",
1327,:,1737451344.000,1346.000,0,133,0,0,"schlandals --timeout 1500 -i /data/schlandals/pwmc_benchmarks/instances/bayesian_networks/pcnf/munin/1327.cnf | tr '\n' ' '",/data/schlandals/pwmc_benchmarks/instances/bayesian_networks/pcnf/munin/1327.cnf,"Estimated probability 5.5030920e-3 with bounds [5.5030917e-3 5.5030924e-3] (epsilon 0.00000006409979369514929) found in 1345 seconds ",
1338,:,1737451637.000,1098.000,0,134,0,0,"schlandals --timeout 1500 -i /data/schlandals/pwmc_benchmarks/instances/bayesian_networks/pcnf/munin/1338.cnf | tr '\n' ' '",/data/schlandals/pwmc_benchmarks/instances/bayesian_networks/pcnf/munin/1338.cnf,"Estimated probability 1.3427949e-2 with bounds [1.3427948e-2 1.3427949e-2] (epsilon 0.000000026269614927798557) found in 1097 seconds ",
1331,:,1737451545.000,1207.000,0,133,0,0,"schlandals --timeout 1500 -i /data/schlandals/pwmc_benchmarks/instances/bayesian_networks/pcnf/munin/1331.cnf | tr '\n' ' '",/data/schlandals/pwmc_benchmarks/instances/bayesian_networks/pcnf/munin/1331.cnf,"Estimated probability 1.6398781e-2 with bounds [1.6398781e-2 1.6398782e-2] (epsilon 0.00000002151056532895268) found in 1206 seconds ",
1335,:,1737451634.000,1119.000,0,135,0,0,"schlandals --timeout 1500 -i /data/schlandals/pwmc_benchmarks/instances/bayesian_networks/pcnf/munin/1335.cnf | tr '\n' ' '",/data/schlandals/pwmc_benchmarks/instances/bayesian_networks/pcnf/munin/1335.cnf,"Estimated probability 4.6117271e-1 with bounds [4.6117271e-1 4.6117271e-1] (epsilon 0.0000000007648912614399705) found in 1118 seconds ",
1337,:,1737451636.000,1127.000,0,134,0,0,"schlandals --timeout 1500 -i /data/schlandals/pwmc_benchmarks/instances/bayesian_networks/pcnf/munin/1337.cnf | tr '\n' ' '",/data/schlandals/pwmc_benchmarks/instances/bayesian_networks/pcnf/munin/1337.cnf,"Estimated probability 2.3937594e-2 with bounds [2.3937594e-2 2.3937594e-2] (epsilon 0.000000014736112996516226) found in 1127 seconds ",
1332,:,1737451632.000,1137.000,0,133,0,0,"schlandals --timeout 1500 -i /data/schlandals/pwmc_benchmarks/instances/bayesian_networks/pcnf/munin/1332.cnf | tr '\n' ' '",/data/schlandals/pwmc_benchmarks/instances/bayesian_networks/pcnf/munin/1332.cnf,"Estimated probability 2.0408513e-2 with bounds [2.0408513e-2 2.0408514e-2] (epsilon 0.00000001728430931713376) found in 1136 seconds ",
1334,:,1737451633.000,1136.000,0,134,0,0,"schlandals --timeout 1500 -i /data/schlandals/pwmc_benchmarks/instances/bayesian_networks/pcnf/munin/1334.cnf | tr '\n' ' '",/data/schlandals/pwmc_benchmarks/instances/bayesian_networks/pcnf/munin/1334.cnf,"Estimated probability 1.4046703e-1 with bounds [1.4046703e-1 1.4046703e-1] (epsilon 0.000000002511244545644331) found in 1135 seconds ",
1336,:,1737451635.000,1136.000,0,135,0,0,"schlandals --timeout 1500 -i /data/schlandals/pwmc_benchmarks/instances/bayesian_networks/pcnf/munin/1336.cnf | tr '\n' ' '",/data/schlandals/pwmc_benchmarks/instances/bayesian_networks/pcnf/munin/1336.cnf,"Estimated probability 2.3273683e-1 with bounds [2.3273683e-1 2.3273683e-1] (epsilon 0.0000000015156478294642284) found in 1135 seconds ",
1333,:,1737451633.000,1187.000,0,134,0,0,"schlandals --timeout 1500 -i /data/schlandals/pwmc_benchmarks/instances/bayesian_networks/pcnf/munin/1333.cnf | tr '\n' ' '",/data/schlandals/pwmc_benchmarks/instances/bayesian_networks/pcnf/munin/1333.cnf,"Estimated probability 3.1897264e-2 with bounds [3.1897264e-2 3.1897265e-2] (epsilon 0.000000011058849613831967) found in 1186 seconds ",
