Seq,Host,Starttime,JobRuntime,Send,Receive,Exitval,Signal,Command,V1,Stdout,Stderr
73,:,1737464069.000,0.000,0,182,0,0,"schlandals --timeout 1500 -i /data/schlandals/pwmc_benchmarks/instances/bayesian_networks/pcnf/munin/73.cnf compile | tr '\n' ' '",/data/schlandals/pwmc_benchmarks/instances/bayesian_networks/pcnf/munin/73.cnf,"lower 2.98771112042032162875173810216417200e-4 upper 9.99701191315677078530133033529815683e-1 Final circuit size: 158 Estimated probability 0.00029877 (epsilon 0) found in 0 seconds ",
69,:,1737464069.000,0.000,0,182,0,0,"schlandals --timeout 1500 -i /data/schlandals/pwmc_benchmarks/instances/bayesian_networks/pcnf/munin/69.cnf compile | tr '\n' ' '",/data/schlandals/pwmc_benchmarks/instances/bayesian_networks/pcnf/munin/69.cnf,"lower 4.22422409889008692010610264007339210e-1 upper 5.77577580110991433833858683218407007e-1 Final circuit size: 461 Estimated probability 0.42242241 (epsilon 0) found in 0 seconds ",
71,:,1737464069.000,0.000,0,182,0,0,"schlandals --timeout 1500 -i /data/schlandals/pwmc_benchmarks/instances/bayesian_networks/pcnf/munin/71.cnf compile | tr '\n' ' '",/data/schlandals/pwmc_benchmarks/instances/bayesian_networks/pcnf/munin/71.cnf,"lower 9.36364388751784372252383952191068877e-4 upper 9.99063625611248339792787414887800019e-1 Final circuit size: 449 Estimated probability 0.00093636 (epsilon 0) found in 0 seconds ",
68,:,1737464068.000,1.000,0,182,0,0,"schlandals --timeout 1500 -i /data/schlandals/pwmc_benchmarks/instances/bayesian_networks/pcnf/munin/68.cnf compile | tr '\n' ' '",/data/schlandals/pwmc_benchmarks/instances/bayesian_networks/pcnf/munin/68.cnf,"lower 4.17932185382453103701165264939596357e-1 upper 5.82067804617547021068859340097458406e-1 Final circuit size: 461 Estimated probability 0.41793219 (epsilon 0) found in 0 seconds ",
67,:,1737464068.000,1.000,0,182,0,0,"schlandals --timeout 1500 -i /data/schlandals/pwmc_benchmarks/instances/bayesian_networks/pcnf/munin/67.cnf compile | tr '\n' ' '",/data/schlandals/pwmc_benchmarks/instances/bayesian_networks/pcnf/munin/67.cnf,"lower 8.76222307332333642207374014342010377e-2 upper 9.12377759266766760549287203602853605e-1 Final circuit size: 461 Estimated probability 0.08762223 (epsilon 0) found in 0 seconds ",
72,:,1737464069.000,0.000,0,182,0,0,"schlandals --timeout 1500 -i /data/schlandals/pwmc_benchmarks/instances/bayesian_networks/pcnf/munin/72.cnf compile | tr '\n' ' '",/data/schlandals/pwmc_benchmarks/instances/bayesian_networks/pcnf/munin/72.cnf,"lower 3.33882958630619780418727652258748268e-4 upper 9.99666079966937881884147166765155207e-1 Final circuit size: 200 Estimated probability 0.00033388 (epsilon 0) found in 0 seconds ",
74,:,1737464069.000,0.000,0,182,0,0,"schlandals --timeout 1500 -i /data/schlandals/pwmc_benchmarks/instances/bayesian_networks/pcnf/munin/74.cnf compile | tr '\n' ' '",/data/schlandals/pwmc_benchmarks/instances/bayesian_networks/pcnf/munin/74.cnf,"lower 6.15980685393419873963538696136495953e-5 upper 9.99938364359179772017130668438597293e-1 Final circuit size: 158 Estimated probability 0.00006160 (epsilon 0) found in 0 seconds ",
76,:,1737464069.000,0.000,0,181,0,0,"schlandals --timeout 1500 -i /data/schlandals/pwmc_benchmarks/instances/bayesian_networks/pcnf/munin/76.cnf compile | tr '\n' ' '",/data/schlandals/pwmc_benchmarks/instances/bayesian_networks/pcnf/munin/76.cnf,"lower 3.05573495156461285952883383138265746e-5 upper 9.99969404740220253969923394922065332e-1 Final circuit size: 75 Estimated probability 0.00003056 (epsilon 0) found in 0 seconds ",
75,:,1737464069.000,0.000,0,182,0,0,"schlandals --timeout 1500 -i /data/schlandals/pwmc_benchmarks/instances/bayesian_networks/pcnf/munin/75.cnf compile | tr '\n' ' '",/data/schlandals/pwmc_benchmarks/instances/bayesian_networks/pcnf/munin/75.cnf,"lower 1.55347641451077995950223031283867110e-5 upper 9.99984427663574006204932000005082588e-1 Final circuit size: 158 Estimated probability 0.00001553 (epsilon 0) found in 0 seconds ",
77,:,1737464069.000,0.000,0,181,0,0,"schlandals --timeout 1500 -i /data/schlandals/pwmc_benchmarks/instances/bayesian_networks/pcnf/munin/77.cnf compile | tr '\n' ' '",/data/schlandals/pwmc_benchmarks/instances/bayesian_networks/pcnf/munin/77.cnf,"lower 3.07184603215282684912962784816192935e-5 upper 9.99969243629414371830027386981897548e-1 Final circuit size: 75 Estimated probability 0.00003072 (epsilon 0) found in 0 seconds ",
70,:,1737464069.000,0.000,0,182,0,0,"schlandals --timeout 1500 -i /data/schlandals/pwmc_benchmarks/instances/bayesian_networks/pcnf/munin/70.cnf compile | tr '\n' ' '",/data/schlandals/pwmc_benchmarks/instances/bayesian_networks/pcnf/munin/70.cnf,"lower 7.02965682674639962291893841463796081e-2 upper 9.29703421732536127935850414693611658e-1 Final circuit size: 461 Estimated probability 0.07029657 (epsilon 0) found in 0 seconds ",
78,:,1737464069.000,0.000,0,181,0,0,"schlandals --timeout 1500 -i /data/schlandals/pwmc_benchmarks/instances/bayesian_networks/pcnf/munin/78.cnf compile | tr '\n' ' '",/data/schlandals/pwmc_benchmarks/instances/bayesian_networks/pcnf/munin/78.cnf,"lower 1.91786250000000038898389717600959393e-5 upper 9.99980783258806965184569597000031645e-1 Final circuit size: 67 Estimated probability 0.00001918 (epsilon 0) found in 0 seconds ",
3,:,1737464068.000,4.000,0,183,0,0,"schlandals --timeout 1500 -i /data/schlandals/pwmc_benchmarks/instances/bayesian_networks/pcnf/munin/3.cnf compile | tr '\n' ' '",/data/schlandals/pwmc_benchmarks/instances/bayesian_networks/pcnf/munin/3.cnf,"lower 1.03194973732119634226032592393519053e-3 upper 9.98967963125174445515124518452807798e-1 Final circuit size: 9557 Estimated probability 0.00103195 (epsilon 0) found in 2 seconds ",
4,:,1737464068.000,4.000,0,209,0,0,"schlandals --timeout 1500 -i /data/schlandals/pwmc_benchmarks/instances/bayesian_networks/pcnf/munin/4.cnf compile | tr '\n' ' '",/data/schlandals/pwmc_benchmarks/instances/bayesian_networks/pcnf/munin/4.cnf,"lower 8.40499270438460427338601352376764829e-2 upper 9.15949997578701918130616649930337422e-1 Final circuit size: 10537 Estimated probability 0.08404993 (epsilon 0.000000002076491867342156) found in 2 seconds ",
9,:,1737464068.000,4.000,0,209,0,0,"schlandals --timeout 1500 -i /data/schlandals/pwmc_benchmarks/instances/bayesian_networks/pcnf/munin/9.cnf compile | tr '\n' ' '",/data/schlandals/pwmc_benchmarks/instances/bayesian_networks/pcnf/munin/9.cnf,"lower 2.38149986795770308534080255731996672e-2 upper 9.76184931304640437424858831959241474e-1 Final circuit size: 10719 Estimated probability 0.02381500 (epsilon 0.000000007429473036779655) found in 2 seconds ",
10,:,1737464068.000,4.000,0,209,0,0,"schlandals --timeout 1500 -i /data/schlandals/pwmc_benchmarks/instances/bayesian_networks/pcnf/munin/10.cnf compile | tr '\n' ' '",/data/schlandals/pwmc_benchmarks/instances/bayesian_networks/pcnf/munin/10.cnf,"lower 1.85432503231671347370493279833045936e-2 upper 9.81456679644981456767333072901172676e-1 Final circuit size: 10721 Estimated probability 0.01854325 (epsilon 0.000000009541633483323153) found in 2 seconds ",
13,:,1737464068.000,5.000,0,208,0,0,"schlandals --timeout 1500 -i /data/schlandals/pwmc_benchmarks/instances/bayesian_networks/pcnf/munin/13.cnf compile | tr '\n' ' '",/data/schlandals/pwmc_benchmarks/instances/bayesian_networks/pcnf/munin/13.cnf,"lower 8.15439223903700144382488788822637155e-3 upper 9.91845275019216382748616177781295323e-1 Final circuit size: 4271 Estimated probability 0.00815439 (epsilon 0.000000002221560047033222) found in 4 seconds ",
11,:,1737464068.000,6.000,0,209,0,0,"schlandals --timeout 1500 -i /data/schlandals/pwmc_benchmarks/instances/bayesian_networks/pcnf/munin/11.cnf compile | tr '\n' ' '",/data/schlandals/pwmc_benchmarks/instances/bayesian_networks/pcnf/munin/11.cnf,"lower 1.51361517227088920760771274836980259e-2 upper 9.84863778129190017014774678790500223e-1 Final circuit size: 10563 Estimated probability 0.01513615 (epsilon 0.000000011689426759886601) found in 4 seconds ",
15,:,1737464068.000,6.000,0,208,0,0,"schlandals --timeout 1500 -i /data/schlandals/pwmc_benchmarks/instances/bayesian_networks/pcnf/munin/15.cnf compile | tr '\n' ' '",/data/schlandals/pwmc_benchmarks/instances/bayesian_networks/pcnf/munin/15.cnf,"lower 6.20078361288058012435677327653801864e-4 upper 9.92182224361996064746320608962476295e-1 Final circuit size: 10351 Estimated probability 0.00062008 (epsilon 0.00000004480588500221927) found in 4 seconds ",
16,:,1737464068.000,6.000,0,208,0,0,"schlandals --timeout 1500 -i /data/schlandals/pwmc_benchmarks/instances/bayesian_networks/pcnf/munin/16.cnf compile | tr '\n' ' '",/data/schlandals/pwmc_benchmarks/instances/bayesian_networks/pcnf/munin/16.cnf,"lower 9.48995763730621829043110933710222541e-4 upper 9.91853300456837141651635505591416574e-1 Final circuit size: 10408 Estimated probability 0.00094900 (epsilon 0.00000002927637976490871) found in 4 seconds ",
18,:,1737464068.000,6.000,0,208,0,0,"schlandals --timeout 1500 -i /data/schlandals/pwmc_benchmarks/instances/bayesian_networks/pcnf/munin/18.cnf compile | tr '\n' ' '",/data/schlandals/pwmc_benchmarks/instances/bayesian_networks/pcnf/munin/18.cnf,"lower 1.25370814941200231220473143754580768e-3 upper 9.98746006629481459884896404956798047e-1 Final circuit size: 15035 Estimated probability 0.00125371 (epsilon 0.00000003454801733582258) found in 4 seconds ",
19,:,1737464068.000,6.000,0,208,0,0,"schlandals --timeout 1500 -i /data/schlandals/pwmc_benchmarks/instances/bayesian_networks/pcnf/munin/19.cnf compile | tr '\n' ' '",/data/schlandals/pwmc_benchmarks/instances/bayesian_networks/pcnf/munin/19.cnf,"lower 1.14807747966736121497642819639183878e-3 upper 9.98851657731869309657805226571750291e-1 Final circuit size: 15144 Estimated probability 0.00114808 (epsilon 0.00000003772666201662389) found in 4 seconds ",
22,:,1737464068.000,6.000,0,207,0,0,"schlandals --timeout 1500 -i /data/schlandals/pwmc_benchmarks/instances/bayesian_networks/pcnf/munin/22.cnf compile | tr '\n' ' '",/data/schlandals/pwmc_benchmarks/instances/bayesian_networks/pcnf/munin/22.cnf,"lower 2.26416703307241383340453244691595299e-3 upper 9.97735574266521207949793838250549530e-1 Final circuit size: 15185 Estimated probability 0.00226417 (epsilon 0.0000000655200906862774) found in 3 seconds ",
27,:,1737464068.000,6.000,0,209,0,0,"schlandals --timeout 1500 -i /data/schlandals/pwmc_benchmarks/instances/bayesian_networks/pcnf/munin/27.cnf compile | tr '\n' ' '",/data/schlandals/pwmc_benchmarks/instances/bayesian_networks/pcnf/munin/27.cnf,"lower 1.30373889703063835132041005554139203e-1 upper 8.69626010068161511855117838093715369e-1 Final circuit size: 15266 Estimated probability 0.13037389 (epsilon 0.000000005478427489435944) found in 4 seconds ",
6,:,1737464068.000,6.000,0,210,0,0,"schlandals --timeout 1500 -i /data/schlandals/pwmc_benchmarks/instances/bayesian_networks/pcnf/munin/6.cnf compile | tr '\n' ' '",/data/schlandals/pwmc_benchmarks/instances/bayesian_networks/pcnf/munin/6.cnf,"lower 3.18409374474366403158251558757219905e-1 upper 6.81590555524382351485138371894034782e-1 Final circuit size: 10849 Estimated probability 0.31840937 (epsilon 0.0000000005556775040105322) found in 4 seconds ",
5,:,1737464068.000,6.000,0,211,0,0,"schlandals --timeout 1500 -i /data/schlandals/pwmc_benchmarks/instances/bayesian_networks/pcnf/munin/5.cnf compile | tr '\n' ' '",/data/schlandals/pwmc_benchmarks/instances/bayesian_networks/pcnf/munin/5.cnf,"lower 3.82451715306016200794432139917421560e-1 upper 6.17548214692732553901102774827995049e-1 Final circuit size: 10718 Estimated probability 0.38245172 (epsilon 0.00000000046262815800446333) found in 4 seconds ",
12,:,1737464068.000,7.000,0,210,0,0,"schlandals --timeout 1500 -i /data/schlandals/pwmc_benchmarks/instances/bayesian_networks/pcnf/munin/12.cnf compile | tr '\n' ' '",/data/schlandals/pwmc_benchmarks/instances/bayesian_networks/pcnf/munin/12.cnf,"lower 9.83748117855752532190630417524597506e-3 upper 9.90162281294863596964137948436352642e-1 Final circuit size: 10360 Estimated probability 0.00983748 (epsilon 0.0000000003782321122969279) found in 4 seconds ",
2,:,1737464068.000,7.000,0,183,0,0,"schlandals --timeout 1500 -i /data/schlandals/pwmc_benchmarks/instances/bayesian_networks/pcnf/munin/2.cnf compile | tr '\n' ' '",/data/schlandals/pwmc_benchmarks/instances/bayesian_networks/pcnf/munin/2.cnf,"lower 8.43121944580393442554596187457213425e-5 upper 9.99915417891418098031799807866771518e-1 Final circuit size: 3738 Estimated probability 0.00008431 (epsilon 0) found in 4 seconds ",
8,:,1737464068.000,7.000,0,209,0,0,"schlandals --timeout 1500 -i /data/schlandals/pwmc_benchmarks/instances/bayesian_networks/pcnf/munin/8.cnf compile | tr '\n' ' '",/data/schlandals/pwmc_benchmarks/instances/bayesian_networks/pcnf/munin/8.cnf,"lower 3.94576944922899206900587827533372921e-2 upper 9.60542235505941215907405234096964803e-1 Final circuit size: 10863 Estimated probability 0.03945769 (epsilon 0.000000004484117077652172) found in 4 seconds ",
7,:,1737464068.000,7.000,0,210,0,0,"schlandals --timeout 1500 -i /data/schlandals/pwmc_benchmarks/instances/bayesian_networks/pcnf/munin/7.cnf compile | tr '\n' ' '",/data/schlandals/pwmc_benchmarks/instances/bayesian_networks/pcnf/munin/7.cnf,"lower 1.07165025983825739316107284328411465e-1 upper 8.92834904014852959154277509207938208e-1 Final circuit size: 10832 Estimated probability 0.10716503 (epsilon 0.0000000016510324218899086) found in 4 seconds ",
24,:,1737464068.000,7.000,0,208,0,0,"schlandals --timeout 1500 -i /data/schlandals/pwmc_benchmarks/instances/bayesian_networks/pcnf/munin/24.cnf compile | tr '\n' ' '",/data/schlandals/pwmc_benchmarks/instances/bayesian_networks/pcnf/munin/24.cnf,"lower 8.28520370918676402957409233521131295e-3 upper 9.91714537567546769891063346118076906e-1 Final circuit size: 15162 Estimated probability 0.00828520 (epsilon 0.00000008808157669903949) found in 5 seconds ",
1,:,1737464068.000,7.000,0,183,0,0,"schlandals --timeout 1500 -i /data/schlandals/pwmc_benchmarks/instances/bayesian_networks/pcnf/munin/1.cnf compile | tr '\n' ' '",/data/schlandals/pwmc_benchmarks/instances/bayesian_networks/pcnf/munin/1.cnf,"lower 1.81185000000000043864760395394207991e-5 upper 9.99981516733524677804716398614722740e-1 Final circuit size: 1063 Estimated probability 0.00001812 (epsilon 0) found in 5 seconds ",
32,:,1737464068.000,8.000,0,209,0,0,"schlandals --timeout 1500 -i /data/schlandals/pwmc_benchmarks/instances/bayesian_networks/pcnf/munin/32.cnf compile | tr '\n' ' '",/data/schlandals/pwmc_benchmarks/instances/bayesian_networks/pcnf/munin/32.cnf,"lower 2.18658589715095794375718780789349204e-2 upper 9.78134040510066917597800387398008491e-1 Final circuit size: 15233 Estimated probability 0.02186586 (epsilon 0.000000027419041703780067) found in 5 seconds ",
14,:,1737464068.000,9.000,0,206,0,0,"schlandals --timeout 1500 -i /data/schlandals/pwmc_benchmarks/instances/bayesian_networks/pcnf/munin/14.cnf compile | tr '\n' ' '",/data/schlandals/pwmc_benchmarks/instances/bayesian_networks/pcnf/munin/14.cnf,"lower 1.48241683486058252098545186512031474e-5 upper 9.92741916226000351233288144551048198e-1 Final circuit size: 9653 Estimated probability 0.00001482 (epsilon 0.0000012220212470825942) found in 6 seconds ",
17,:,1737464068.000,9.000,0,209,0,0,"schlandals --timeout 1500 -i /data/schlandals/pwmc_benchmarks/instances/bayesian_networks/pcnf/munin/17.cnf compile | tr '\n' ' '",/data/schlandals/pwmc_benchmarks/instances/bayesian_networks/pcnf/munin/17.cnf,"lower 1.24345315680527705852974773099202498e-3 upper 9.91558843086879081608174648343485855e-1 Final circuit size: 10431 Estimated probability 0.00124345 (epsilon 0.000000022343552119608034) found in 7 seconds ",
26,:,1737464068.000,10.000,0,208,0,0,"schlandals --timeout 1500 -i /data/schlandals/pwmc_benchmarks/instances/bayesian_networks/pcnf/munin/26.cnf compile | tr '\n' ' '",/data/schlandals/pwmc_benchmarks/instances/bayesian_networks/pcnf/munin/26.cnf,"lower 4.46337927282861450347082137717032200e-2 upper 9.55366107127088844268664864579289420e-1 Final circuit size: 15421 Estimated probability 0.04463379 (epsilon 0.00000001635025270729784) found in 7 seconds ",
21,:,1737464068.000,10.000,0,208,0,0,"schlandals --timeout 1500 -i /data/schlandals/pwmc_benchmarks/instances/bayesian_networks/pcnf/munin/21.cnf compile | tr '\n' ' '",/data/schlandals/pwmc_benchmarks/instances/bayesian_networks/pcnf/munin/21.cnf,"lower 1.54971982122377905704090724636651961e-3 upper 9.98450028447328613139478454028760840e-1 Final circuit size: 15213 Estimated probability 0.00154972 (epsilon 0.00000010196431077247325) found in 7 seconds ",
23,:,1737464068.000,10.000,0,208,0,0,"schlandals --timeout 1500 -i /data/schlandals/pwmc_benchmarks/instances/bayesian_networks/pcnf/munin/23.cnf compile | tr '\n' ' '",/data/schlandals/pwmc_benchmarks/instances/bayesian_networks/pcnf/munin/23.cnf,"lower 4.47952788289283172052168731006265681e-3 upper 9.95520212591965648110900326767947121e-1 Final circuit size: 14952 Estimated probability 0.00447953 (epsilon 0.00000016291310100946532) found in 7 seconds ",
20,:,1737464068.000,10.000,0,208,0,0,"schlandals --timeout 1500 -i /data/schlandals/pwmc_benchmarks/instances/bayesian_networks/pcnf/munin/20.cnf compile | tr '\n' ' '",/data/schlandals/pwmc_benchmarks/instances/bayesian_networks/pcnf/munin/20.cnf,"lower 1.41322378500283755707385200774056136e-3 upper 9.98586511330840445378304987340674778e-1 Final circuit size: 15134 Estimated probability 0.00141322 (epsilon 0.00000003064845865985433) found in 7 seconds ",
28,:,1737464068.000,10.000,0,210,0,0,"schlandals --timeout 1500 -i /data/schlandals/pwmc_benchmarks/instances/bayesian_networks/pcnf/munin/28.cnf compile | tr '\n' ' '",/data/schlandals/pwmc_benchmarks/instances/bayesian_networks/pcnf/munin/28.cnf,"lower 2.35819372481666473827822953061975364e-1 upper 7.64180527289558870740471548606779335e-1 Final circuit size: 15269 Estimated probability 0.23581937 (epsilon 0.0000000030287752306179527) found in 7 seconds ",
31,:,1737464068.000,10.000,0,209,0,0,"schlandals --timeout 1500 -i /data/schlandals/pwmc_benchmarks/instances/bayesian_networks/pcnf/munin/31.cnf compile | tr '\n' ' '",/data/schlandals/pwmc_benchmarks/instances/bayesian_networks/pcnf/munin/31.cnf,"lower 6.83067932006481576160465759150645215e-2 upper 9.31693106455117416916541167248713921e-1 Final circuit size: 15339 Estimated probability 0.06830679 (epsilon 0.000000010456410848291853) found in 7 seconds ",
30,:,1737464068.000,10.000,0,209,0,0,"schlandals --timeout 1500 -i /data/schlandals/pwmc_benchmarks/instances/bayesian_networks/pcnf/munin/30.cnf compile | tr '\n' ' '",/data/schlandals/pwmc_benchmarks/instances/bayesian_networks/pcnf/munin/30.cnf,"lower 1.66154022431428519031758567828654909e-1 upper 8.33845877224337060703614268588379950e-1 Final circuit size: 15124 Estimated probability 0.16615402 (epsilon 0.000000004298685185588624) found in 7 seconds ",
25,:,1737464068.000,10.000,0,209,0,0,"schlandals --timeout 1500 -i /data/schlandals/pwmc_benchmarks/instances/bayesian_networks/pcnf/munin/25.cnf compile | tr '\n' ' '",/data/schlandals/pwmc_benchmarks/instances/bayesian_networks/pcnf/munin/25.cnf,"lower 1.94604686246930648890961265837466682e-2 upper 9.80539431230681926732450008419231440e-1 Final circuit size: 15416 Estimated probability 0.01946047 (epsilon 0.000000037500318850192116) found in 7 seconds ",
29,:,1737464068.000,10.000,0,209,0,0,"schlandals --timeout 1500 -i /data/schlandals/pwmc_benchmarks/instances/bayesian_networks/pcnf/munin/29.cnf compile | tr '\n' ' '",/data/schlandals/pwmc_benchmarks/instances/bayesian_networks/pcnf/munin/29.cnf,"lower 2.82010428820153629604672459422559663e-1 upper 7.17989470835611948413882251709319098e-1 Final circuit size: 15289 Estimated probability 0.28201043 (epsilon 0.000000002532686060874312) found in 7 seconds ",
43,:,1737464068.000,12.000,0,209,0,0,"schlandals --timeout 1500 -i /data/schlandals/pwmc_benchmarks/instances/bayesian_networks/pcnf/munin/43.cnf compile | tr '\n' ' '",/data/schlandals/pwmc_benchmarks/instances/bayesian_networks/pcnf/munin/43.cnf,"lower 2.14955311869652055104220030906487437e-1 upper 7.85044657475725230186878873774369093e-1 Final circuit size: 57954 Estimated probability 0.21495531 (epsilon 0.000000003740675103003355) found in 9 seconds ",
83,:,1737464069.000,13.000,0,210,0,0,"schlandals --timeout 1500 -i /data/schlandals/pwmc_benchmarks/instances/bayesian_networks/pcnf/munin/83.cnf compile | tr '\n' ' '",/data/schlandals/pwmc_benchmarks/instances/bayesian_networks/pcnf/munin/83.cnf,"lower 1.36708030333217964108734210164274513e-3 upper 9.98632858124822570165756323069255199e-1 Final circuit size: 32727 Estimated probability 0.00136708 (epsilon 0.000000013565772283286037) found in 10 seconds ",
46,:,1737464068.000,14.000,0,210,0,0,"schlandals --timeout 1500 -i /data/schlandals/pwmc_benchmarks/instances/bayesian_networks/pcnf/munin/46.cnf compile | tr '\n' ' '",/data/schlandals/pwmc_benchmarks/instances/bayesian_networks/pcnf/munin/46.cnf,"lower 4.98214844381631226653889633596800186e-2 upper 9.50178483642223680563511239330478181e-1 Final circuit size: 57779 Estimated probability 0.04982148 (epsilon 0.000000011526787968563212) found in 11 seconds ",
79,:,1737464069.000,14.000,0,210,0,0,"schlandals --timeout 1500 -i /data/schlandals/pwmc_benchmarks/instances/bayesian_networks/pcnf/munin/79.cnf compile | tr '\n' ' '",/data/schlandals/pwmc_benchmarks/instances/bayesian_networks/pcnf/munin/79.cnf,"lower 7.23929809084642869515002420857485701e-3 upper 9.92760440213124636766229663766248898e-1 Final circuit size: 5324 Estimated probability 0.00723930 (epsilon 0.0000000010078025081128317) found in 12 seconds ",
90,:,1737464069.000,14.000,0,211,0,0,"schlandals --timeout 1500 -i /data/schlandals/pwmc_benchmarks/instances/bayesian_networks/pcnf/munin/90.cnf compile | tr '\n' ' '",/data/schlandals/pwmc_benchmarks/instances/bayesian_networks/pcnf/munin/90.cnf,"lower 1.90789560985399630361255579294908727e-2 upper 9.80920993583387970275343007168567235e-1 Final circuit size: 33071 Estimated probability 0.01907896 (epsilon 0.0000000029313635963035267) found in 11 seconds ",
80,:,1737464069.000,15.000,0,209,0,0,"schlandals --timeout 1500 -i /data/schlandals/pwmc_benchmarks/instances/bayesian_networks/pcnf/munin/80.cnf compile | tr '\n' ' '",/data/schlandals/pwmc_benchmarks/instances/bayesian_networks/pcnf/munin/80.cnf,"lower 1.50824674845632910287933948903988619e-4 upper 9.99848928490002643233271092529392357e-1 Final circuit size: 26561 Estimated probability 0.00015082 (epsilon 0.00000004837260836332291) found in 13 seconds ",
47,:,1737464068.000,17.000,0,210,0,0,"schlandals --timeout 1500 -i /data/schlandals/pwmc_benchmarks/instances/bayesian_networks/pcnf/munin/47.cnf compile | tr '\n' ' '",/data/schlandals/pwmc_benchmarks/instances/bayesian_networks/pcnf/munin/47.cnf,"lower 5.72842154115307230504709051369482084e-3 upper 9.94271537796533588387871979847282083e-1 Final circuit size: 33415 Estimated probability 0.00572842 (epsilon 0.000000048366290306134374) found in 14 seconds ",
81,:,1737464069.000,16.000,0,210,0,0,"schlandals --timeout 1500 -i /data/schlandals/pwmc_benchmarks/instances/bayesian_networks/pcnf/munin/81.cnf compile | tr '\n' ' '",/data/schlandals/pwmc_benchmarks/instances/bayesian_networks/pcnf/munin/81.cnf,"lower 9.58920034214600353071390942158195491e-4 upper 9.99040969564440186987908505064877256e-1 Final circuit size: 31537 Estimated probability 0.00095892 (epsilon 0.000000007608333740805051) found in 12 seconds ",
37,:,1737464068.000,17.000,0,208,0,0,"schlandals --timeout 1500 -i /data/schlandals/pwmc_benchmarks/instances/bayesian_networks/pcnf/munin/37.cnf compile | tr '\n' ' '",/data/schlandals/pwmc_benchmarks/instances/bayesian_networks/pcnf/munin/37.cnf,"lower 1.35098517508206677199177036579646503e-2 upper 9.86490046322189705662524761581794580e-1 Final circuit size: 70742 Estimated probability 0.01350985 (epsilon 0.0000000386396048490667) found in 14 seconds ",
84,:,1737464069.000,17.000,0,208,0,0,"schlandals --timeout 1500 -i /data/schlandals/pwmc_benchmarks/instances/bayesian_networks/pcnf/munin/84.cnf compile | tr '\n' ' '",/data/schlandals/pwmc_benchmarks/instances/bayesian_networks/pcnf/munin/84.cnf,"lower 1.32029480266628891966505253760855233e-3 upper 9.98679643625488460531572459767393409e-1 Final circuit size: 32811 Estimated probability 0.00132029 (epsilon 0.0000000140464839759602) found in 14 seconds ",
44,:,1737464068.000,18.000,0,209,0,0,"schlandals --timeout 1500 -i /data/schlandals/pwmc_benchmarks/instances/bayesian_networks/pcnf/munin/44.cnf compile | tr '\n' ' '",/data/schlandals/pwmc_benchmarks/instances/bayesian_networks/pcnf/munin/44.cnf,"lower 3.07071095746982876764988162957816436e-1 upper 6.92928873590419491517759868009968645e-1 Final circuit size: 56937 Estimated probability 0.30707110 (epsilon 0.00000000261853982941318) found in 14 seconds ",
38,:,1737464068.000,19.000,0,208,0,0,"schlandals --timeout 1500 -i /data/schlandals/pwmc_benchmarks/instances/bayesian_networks/pcnf/munin/38.cnf compile | tr '\n' ' '",/data/schlandals/pwmc_benchmarks/instances/bayesian_networks/pcnf/munin/38.cnf,"lower 1.43064795368925811401325822801461872e-2 upper 9.85693490463107694841825569495103251e-1 Final circuit size: 70668 Estimated probability 0.01430648 (epsilon 0.0000000562037578699659) found in 15 seconds ",
85,:,1737464069.000,18.000,0,209,0,0,"schlandals --timeout 1500 -i /data/schlandals/pwmc_benchmarks/instances/bayesian_networks/pcnf/munin/85.cnf compile | tr '\n' ' '",/data/schlandals/pwmc_benchmarks/instances/bayesian_networks/pcnf/munin/85.cnf,"lower 1.66198959867345373304534680400731950e-3 upper 9.98337951578645571360927973740418164e-1 Final circuit size: 33052 Estimated probability 0.00166199 (epsilon 0.00000004041965850909435) found in 14 seconds ",
87,:,1737464069.000,18.000,0,210,0,0,"schlandals --timeout 1500 -i /data/schlandals/pwmc_benchmarks/instances/bayesian_networks/pcnf/munin/87.cnf compile | tr '\n' ' '",/data/schlandals/pwmc_benchmarks/instances/bayesian_networks/pcnf/munin/87.cnf,"lower 4.45346700406313844900062748815674651e-3 upper 9.95546477424169902878022052707604509e-1 Final circuit size: 33013 Estimated probability 0.00445347 (epsilon 0.000000015084214544103247) found in 16 seconds ",
94,:,1737464072.000,16.000,0,213,0,0,"schlandals --timeout 1500 -i /data/schlandals/pwmc_benchmarks/instances/bayesian_networks/pcnf/munin/94.cnf compile | tr '\n' ' '",/data/schlandals/pwmc_benchmarks/instances/bayesian_networks/pcnf/munin/94.cnf,"lower 2.63294105351583897542733715116181336e-1 upper 7.36705844246122708931335074977226344e-1 Final circuit size: 32831 Estimated probability 0.26329411 (epsilon 0.000000000027709390337804507) found in 12 seconds ",
49,:,1737464068.000,20.000,0,209,0,0,"schlandals --timeout 1500 -i /data/schlandals/pwmc_benchmarks/instances/bayesian_networks/pcnf/munin/49.cnf compile | tr '\n' ' '",/data/schlandals/pwmc_benchmarks/instances/bayesian_networks/pcnf/munin/49.cnf,"lower 4.70956668738742172788809186930729373e-4 upper 9.94688579563902533285984700271402908e-1 Final circuit size: 32249 Estimated probability 0.00047096 (epsilon 0.00000011878380989926995) found in 16 seconds ",
82,:,1737464069.000,20.000,0,209,0,0,"schlandals --timeout 1500 -i /data/schlandals/pwmc_benchmarks/instances/bayesian_networks/pcnf/munin/82.cnf compile | tr '\n' ' '",/data/schlandals/pwmc_benchmarks/instances/bayesian_networks/pcnf/munin/82.cnf,"lower 1.19915163805812344171433896597673384e-3 upper 9.98800785181656197513854949327003154e-1 Final circuit size: 32580 Estimated probability 0.00119915 (epsilon 0.00000001546551664510787) found in 16 seconds ",
45,:,1737464068.000,21.000,0,210,0,0,"schlandals --timeout 1500 -i /data/schlandals/pwmc_benchmarks/instances/bayesian_networks/pcnf/munin/45.cnf compile | tr '\n' ' '",/data/schlandals/pwmc_benchmarks/instances/bayesian_networks/pcnf/munin/45.cnf,"lower 1.92182960721949223895603406127551708e-1 upper 8.07817007336267503367083796789354968e-1 Final circuit size: 58797 Estimated probability 0.19218296 (epsilon 0.000000002988202796316841) found in 17 seconds ",
58,:,1737464068.000,21.000,0,210,0,0,"schlandals --timeout 1500 -i /data/schlandals/pwmc_benchmarks/instances/bayesian_networks/pcnf/munin/58.cnf compile | tr '\n' ' '",/data/schlandals/pwmc_benchmarks/instances/bayesian_networks/pcnf/munin/58.cnf,"lower 1.66541877115649452071780326712341817e-2 upper 9.83345614598653758164259162597608662e-1 Final circuit size: 39226 Estimated probability 0.01665419 (epsilon 0.000000050149105534913474) found in 17 seconds ",
33,:,1737464068.000,21.000,0,210,0,0,"schlandals --timeout 1500 -i /data/schlandals/pwmc_benchmarks/instances/bayesian_networks/pcnf/munin/33.cnf compile | tr '\n' ' '",/data/schlandals/pwmc_benchmarks/instances/bayesian_networks/pcnf/munin/33.cnf,"lower 2.03372861597868641309542743035690456e-2 upper 9.79662610315265599428826451812538650e-1 Final circuit size: 70884 Estimated probability 0.02033729 (epsilon 0.000000011053399751048687) found in 17 seconds ",
36,:,1737464068.000,22.000,0,209,0,0,"schlandals --timeout 1500 -i /data/schlandals/pwmc_benchmarks/instances/bayesian_networks/pcnf/munin/36.cnf compile | tr '\n' ' '",/data/schlandals/pwmc_benchmarks/instances/bayesian_networks/pcnf/munin/36.cnf,"lower 1.25576691051349483067511967261446972e-2 upper 9.87442228967875422978716045872564620e-1 Final circuit size: 69490 Estimated probability 0.01255767 (epsilon 0.00000004156944521938044) found in 17 seconds ",
35,:,1737464068.000,22.000,0,209,0,0,"schlandals --timeout 1500 -i /data/schlandals/pwmc_benchmarks/instances/bayesian_networks/pcnf/munin/35.cnf compile | tr '\n' ' '",/data/schlandals/pwmc_benchmarks/instances/bayesian_networks/pcnf/munin/35.cnf,"lower 1.19278146830079444092544166483818484e-2 upper 9.88072083390321407119813161656611299e-1 Final circuit size: 70853 Estimated probability 0.01192781 (epsilon 0.00000004376454110222028) found in 17 seconds ",
59,:,1737464068.000,22.000,0,209,0,0,"schlandals --timeout 1500 -i /data/schlandals/pwmc_benchmarks/instances/bayesian_networks/pcnf/munin/59.cnf compile | tr '\n' ' '",/data/schlandals/pwmc_benchmarks/instances/bayesian_networks/pcnf/munin/59.cnf,"lower 1.89204005816235698109670765500039213e-2 upper 9.81079489189862067519807433412884685e-1 Final circuit size: 39394 Estimated probability 0.01892040 (epsilon 0.00000025872201625531943) found in 17 seconds ",
89,:,1737464069.000,21.000,0,210,0,0,"schlandals --timeout 1500 -i /data/schlandals/pwmc_benchmarks/instances/bayesian_networks/pcnf/munin/89.cnf compile | tr '\n' ' '",/data/schlandals/pwmc_benchmarks/instances/bayesian_networks/pcnf/munin/89.cnf,"lower 1.16816713099634412152424769766974956e-2 upper 9.88318278400407013540295086429344288e-1 Final circuit size: 33219 Estimated probability 0.01168167 (epsilon 0.000000005750637965817873) found in 17 seconds ",
41,:,1737464068.000,22.000,0,210,0,0,"schlandals --timeout 1500 -i /data/schlandals/pwmc_benchmarks/instances/bayesian_networks/pcnf/munin/41.cnf compile | tr '\n' ' '",/data/schlandals/pwmc_benchmarks/instances/bayesian_networks/pcnf/munin/41.cnf,"lower 2.92727391336932482521003079564445313e-2 upper 9.70727230204681098329343321985201896e-1 Final circuit size: 57847 Estimated probability 0.02927274 (epsilon 0.000000027468488594806217) found in 18 seconds ",
86,:,1737464069.000,21.000,0,210,0,0,"schlandals --timeout 1500 -i /data/schlandals/pwmc_benchmarks/instances/bayesian_networks/pcnf/munin/86.cnf compile | tr '\n' ' '",/data/schlandals/pwmc_benchmarks/instances/bayesian_networks/pcnf/munin/86.cnf,"lower 2.59629736078246542708380001732444172e-3 upper 9.97403647067450573481788307791849632e-1 Final circuit size: 33046 Estimated probability 0.00259630 (epsilon 0.000000025874175024753754) found in 17 seconds ",
62,:,1737464068.000,22.000,0,209,0,0,"schlandals --timeout 1500 -i /data/schlandals/pwmc_benchmarks/instances/bayesian_networks/pcnf/munin/62.cnf compile | tr '\n' ' '",/data/schlandals/pwmc_benchmarks/instances/bayesian_networks/pcnf/munin/62.cnf,"lower 2.71507632241267997736149189475542261e-1 upper 7.28492257369359135413697642636176743e-1 Final circuit size: 39125 Estimated probability 0.27150763 (epsilon 0.00000001765407264819885) found in 17 seconds ",
39,:,1737464068.000,22.000,0,210,0,0,"schlandals --timeout 1500 -i /data/schlandals/pwmc_benchmarks/instances/bayesian_networks/pcnf/munin/39.cnf compile | tr '\n' ' '",/data/schlandals/pwmc_benchmarks/instances/bayesian_networks/pcnf/munin/39.cnf,"lower 1.69115707229618609679312537993643677e-2 upper 9.83088399277038414590482886695182479e-1 Final circuit size: 70392 Estimated probability 0.01691157 (epsilon 0.000000047546021786359915) found in 18 seconds ",
34,:,1737464068.000,22.000,0,210,0,0,"schlandals --timeout 1500 -i /data/schlandals/pwmc_benchmarks/instances/bayesian_networks/pcnf/munin/34.cnf compile | tr '\n' ' '",/data/schlandals/pwmc_benchmarks/instances/bayesian_networks/pcnf/munin/34.cnf,"lower 1.35420846477346991792233808452305984e-2 upper 9.86457811575325167368564761461554204e-1 Final circuit size: 69401 Estimated probability 0.01354208 (epsilon 0.000000016599819074869515) found in 18 seconds ",
88,:,1737464069.000,21.000,0,210,0,0,"schlandals --timeout 1500 -i /data/schlandals/pwmc_benchmarks/instances/bayesian_networks/pcnf/munin/88.cnf compile | tr '\n' ' '",/data/schlandals/pwmc_benchmarks/instances/bayesian_networks/pcnf/munin/88.cnf,"lower 1.03490415730111366295702487625043022e-2 upper 9.89650908137359316805098452687306193e-1 Final circuit size: 33026 Estimated probability 0.01034904 (epsilon 0.000000006491137849451434) found in 17 seconds ",
92,:,1737464069.000,21.000,0,212,0,0,"schlandals --timeout 1500 -i /data/schlandals/pwmc_benchmarks/instances/bayesian_networks/pcnf/munin/92.cnf compile | tr '\n' ' '",/data/schlandals/pwmc_benchmarks/instances/bayesian_networks/pcnf/munin/92.cnf,"lower 1.55150578926402171432786690067822789e-1 upper 8.44849370720182613655352136536120346e-1 Final circuit size: 33065 Estimated probability 0.15515058 (epsilon 0.00000000036047098639357955) found in 17 seconds ",
40,:,1737464068.000,22.000,0,210,0,0,"schlandals --timeout 1500 -i /data/schlandals/pwmc_benchmarks/instances/bayesian_networks/pcnf/munin/40.cnf compile | tr '\n' ' '",/data/schlandals/pwmc_benchmarks/instances/bayesian_networks/pcnf/munin/40.cnf,"lower 2.13857634620041807359965910873955757e-2 upper 9.78614205880262430457050536359113291e-1 Final circuit size: 58550 Estimated probability 0.02138576 (epsilon 0.000000037598745894484864) found in 18 seconds ",
42,:,1737464068.000,22.000,0,210,0,0,"schlandals --timeout 1500 -i /data/schlandals/pwmc_benchmarks/instances/bayesian_networks/pcnf/munin/42.cnf compile | tr '\n' ' '",/data/schlandals/pwmc_benchmarks/instances/bayesian_networks/pcnf/munin/42.cnf,"lower 7.64894648619068024310187273203724934e-2 upper 9.23510504463417683761586909246286529e-1 Final circuit size: 57404 Estimated probability 0.07648946 (epsilon 0.000000010512270609552843) found in 18 seconds ",
55,:,1737464068.000,22.000,0,209,0,0,"schlandals --timeout 1500 -i /data/schlandals/pwmc_benchmarks/instances/bayesian_networks/pcnf/munin/55.cnf compile | tr '\n' ' '",/data/schlandals/pwmc_benchmarks/instances/bayesian_networks/pcnf/munin/55.cnf,"lower 1.06474813458444964131241307491451273e-2 upper 9.89352320936400171856198279064450208e-1 Final circuit size: 39333 Estimated probability 0.01064748 (epsilon 0.00000004828812727453169) found in 17 seconds ",
97,:,1737464073.000,17.000,0,211,0,0,"schlandals --timeout 1500 -i /data/schlandals/pwmc_benchmarks/instances/bayesian_networks/pcnf/munin/97.cnf compile | tr '\n' ' '",/data/schlandals/pwmc_benchmarks/instances/bayesian_networks/pcnf/munin/97.cnf,"lower 8.48740292823337897300961829812802157e-3 upper 9.91512546593618084759459856326731683e-1 Final circuit size: 32500 Estimated probability 0.00848740 (epsilon 0.0000000008595963940649654) found in 14 seconds ",
91,:,1737464069.000,21.000,0,210,0,0,"schlandals --timeout 1500 -i /data/schlandals/pwmc_benchmarks/instances/bayesian_networks/pcnf/munin/91.cnf compile | tr '\n' ' '",/data/schlandals/pwmc_benchmarks/instances/bayesian_networks/pcnf/munin/91.cnf,"lower 5.62987222535170389155212849363682754e-2 upper 9.43701227428410893037749020859423582e-1 Final circuit size: 33046 Estimated probability 0.05629872 (epsilon 0.000000000993403803661863) found in 17 seconds ",
93,:,1737464072.000,19.000,0,212,0,0,"schlandals --timeout 1500 -i /data/schlandals/pwmc_benchmarks/instances/bayesian_networks/pcnf/munin/93.cnf compile | tr '\n' ' '",/data/schlandals/pwmc_benchmarks/instances/bayesian_networks/pcnf/munin/93.cnf,"lower 2.72898250298088011937044982043850552e-1 upper 7.27101699348496776570415966343688211e-1 Final circuit size: 33016 Estimated probability 0.27289825 (epsilon 0.00000000020493806651700197) found in 15 seconds ",
96,:,1737464072.000,19.000,0,211,0,0,"schlandals --timeout 1500 -i /data/schlandals/pwmc_benchmarks/instances/bayesian_networks/pcnf/munin/96.cnf compile | tr '\n' ' '",/data/schlandals/pwmc_benchmarks/instances/bayesian_networks/pcnf/munin/96.cnf,"lower 4.28319069485413887349023844934983734e-2 upper 9.57168042649165217801423476049468177e-1 Final circuit size: 32743 Estimated probability 0.04283191 (epsilon 0.0000000001703337471070654) found in 15 seconds ",
95,:,1737464072.000,20.000,0,213,0,0,"schlandals --timeout 1500 -i /data/schlandals/pwmc_benchmarks/instances/bayesian_networks/pcnf/munin/95.cnf compile | tr '\n' ' '",/data/schlandals/pwmc_benchmarks/instances/bayesian_networks/pcnf/munin/95.cnf,"lower 1.38982040660283122468829625229552317e-1 upper 8.61017908937423484349268087775324436e-1 Final circuit size: 32692 Estimated probability 0.13898204 (epsilon 0.000000000052494231184141427) found in 16 seconds ",
64,:,1737464068.000,24.000,0,210,0,0,"schlandals --timeout 1500 -i /data/schlandals/pwmc_benchmarks/instances/bayesian_networks/pcnf/munin/64.cnf compile | tr '\n' ' '",/data/schlandals/pwmc_benchmarks/instances/bayesian_networks/pcnf/munin/64.cnf,"lower 1.43130352977005722706072499229773951e-1 upper 8.56869536161573825499939039669719702e-1 Final circuit size: 38693 Estimated probability 0.14313035 (epsilon 0.000000032529187343754984) found in 17 seconds ",
48,:,1737464068.000,26.000,0,209,0,0,"schlandals --timeout 1500 -i /data/schlandals/pwmc_benchmarks/instances/bayesian_networks/pcnf/munin/48.cnf compile | tr '\n' ' '",/data/schlandals/pwmc_benchmarks/instances/bayesian_networks/pcnf/munin/48.cnf,"lower 8.15439223903700155192074295793654687e-3 upper 9.91845294852531963020780711856291587e-1 Final circuit size: 11137 Estimated probability 0.00815439 (epsilon 0.00000000686035561692222) found in 21 seconds ",
52,:,1737464068.000,27.000,0,209,0,0,"schlandals --timeout 1500 -i /data/schlandals/pwmc_benchmarks/instances/bayesian_networks/pcnf/munin/52.cnf compile | tr '\n' ' '",/data/schlandals/pwmc_benchmarks/instances/bayesian_networks/pcnf/munin/52.cnf,"lower 4.64272301475523846518123302284259438e-3 upper 9.95356983822287476390445558966850488e-1 Final circuit size: 39200 Estimated probability 0.00464272 (epsilon 0.00000003954341498690894) found in 22 seconds ",
54,:,1737464068.000,27.000,0,210,0,0,"schlandals --timeout 1500 -i /data/schlandals/pwmc_benchmarks/instances/bayesian_networks/pcnf/munin/54.cnf compile | tr '\n' ' '",/data/schlandals/pwmc_benchmarks/instances/bayesian_networks/pcnf/munin/54.cnf,"lower 7.48879010481060959355444137867971662e-3 upper 9.92511003899941254835458860229654706e-1 Final circuit size: 39238 Estimated probability 0.00748879 (epsilon 0.000000042849437109637734) found in 20 seconds ",
56,:,1737464068.000,27.000,0,209,0,0,"schlandals --timeout 1500 -i /data/schlandals/pwmc_benchmarks/instances/bayesian_networks/pcnf/munin/56.cnf compile | tr '\n' ' '",/data/schlandals/pwmc_benchmarks/instances/bayesian_networks/pcnf/munin/56.cnf,"lower 1.27840099419927581368575905374053440e-2 upper 9.87215792385939561584964420392078481e-1 Final circuit size: 39360 Estimated probability 0.01278401 (epsilon 0.00000004021797050945963) found in 22 seconds ",
142,:,1737464089.000,6.000,0,184,0,0,"schlandals --timeout 1500 -i /data/schlandals/pwmc_benchmarks/instances/bayesian_networks/pcnf/munin/142.cnf compile | tr '\n' ' '",/data/schlandals/pwmc_benchmarks/instances/bayesian_networks/pcnf/munin/142.cnf,"lower 7.91169961987792068658257200995196562e-1 upper 2.08830028012207649149447479364546053e-1 Final circuit size: 27556 Estimated probability 0.79116996 (epsilon 0) found in 5 seconds ",
144,:,1737464089.000,7.000,0,184,0,0,"schlandals --timeout 1500 -i /data/schlandals/pwmc_benchmarks/instances/bayesian_networks/pcnf/munin/144.cnf compile | tr '\n' ' '",/data/schlandals/pwmc_benchmarks/instances/bayesian_networks/pcnf/munin/144.cnf,"lower 4.07967194734108888689452834330130524e-2 upper 9.59203270526588826943569769943229047e-1 Final circuit size: 27543 Estimated probability 0.04079672 (epsilon 0) found in 5 seconds ",
66,:,1737464068.000,29.000,0,208,0,0,"schlandals --timeout 1500 -i /data/schlandals/pwmc_benchmarks/instances/bayesian_networks/pcnf/munin/66.cnf compile | tr '\n' ' '",/data/schlandals/pwmc_benchmarks/instances/bayesian_networks/pcnf/munin/66.cnf,"lower 4.56053925762618355092736601736735624e-3 upper 9.95416959889601383915933386784383549e-1 Final circuit size: 37931 Estimated probability 0.00456054 (epsilon 0.0000009785368082493306) found in 22 seconds ",
50,:,1737464068.000,29.000,0,210,0,0,"schlandals --timeout 1500 -i /data/schlandals/pwmc_benchmarks/instances/bayesian_networks/pcnf/munin/50.cnf compile | tr '\n' ' '",/data/schlandals/pwmc_benchmarks/instances/bayesian_networks/pcnf/munin/50.cnf,"lower 8.85970153618713710786920754678324363e-3 upper 9.86482725188377313963040879292519096e-1 Final circuit size: 35867 Estimated probability 0.00885970 (epsilon 0.000000006314211598024144) found in 23 seconds ",
53,:,1737464068.000,30.000,0,209,0,0,"schlandals --timeout 1500 -i /data/schlandals/pwmc_benchmarks/instances/bayesian_networks/pcnf/munin/53.cnf compile | tr '\n' ' '",/data/schlandals/pwmc_benchmarks/instances/bayesian_networks/pcnf/munin/53.cnf,"lower 3.62506800773752488262882950588847767e-3 upper 9.96374638829814949955016881069416381e-1 Final circuit size: 39224 Estimated probability 0.00362507 (epsilon 0.00000005064432473389502) found in 23 seconds ",
65,:,1737464068.000,30.000,0,208,0,0,"schlandals --timeout 1500 -i /data/schlandals/pwmc_benchmarks/instances/bayesian_networks/pcnf/munin/65.cnf compile | tr '\n' ' '",/data/schlandals/pwmc_benchmarks/instances/bayesian_networks/pcnf/munin/65.cnf,"lower 3.28654153927875306124266924717701063e-2 upper 9.67112083754180402696299323316586974e-1 Final circuit size: 37900 Estimated probability 0.03286542 (epsilon 0.0000001357858194772632) found in 23 seconds ",
61,:,1737464068.000,30.000,0,210,0,0,"schlandals --timeout 1500 -i /data/schlandals/pwmc_benchmarks/instances/bayesian_networks/pcnf/munin/61.cnf compile | tr '\n' ' '",/data/schlandals/pwmc_benchmarks/instances/bayesian_networks/pcnf/munin/61.cnf,"lower 1.05319082423297055538396211283107560e-1 upper 8.94680807232939840654358047081403953e-1 Final circuit size: 39075 Estimated probability 0.10531908 (epsilon 0.000000045511366675299314) found in 23 seconds ",
51,:,1737464068.000,30.000,0,210,0,0,"schlandals --timeout 1500 -i /data/schlandals/pwmc_benchmarks/instances/bayesian_networks/pcnf/munin/51.cnf compile | tr '\n' ' '",/data/schlandals/pwmc_benchmarks/instances/bayesian_networks/pcnf/munin/51.cnf,"lower 6.13198984591244402068448434660469425e-3 upper 9.89477634015241895432278964316502641e-1 Final circuit size: 37346 Estimated probability 0.00613199 (epsilon 0.000000013320279768080923) found in 24 seconds ",
60,:,1737464068.000,30.000,0,209,0,0,"schlandals --timeout 1500 -i /data/schlandals/pwmc_benchmarks/instances/bayesian_networks/pcnf/munin/60.cnf compile | tr '\n' ' '",/data/schlandals/pwmc_benchmarks/instances/bayesian_networks/pcnf/munin/60.cnf,"lower 3.59716457290081708638331065224271661e-2 upper 9.64028243927293634551330849023956904e-1 Final circuit size: 39171 Estimated probability 0.03597165 (epsilon 0.00000013324981673612513) found in 23 seconds ",
57,:,1737464068.000,30.000,0,209,0,0,"schlandals --timeout 1500 -i /data/schlandals/pwmc_benchmarks/instances/bayesian_networks/pcnf/munin/57.cnf compile | tr '\n' ' '",/data/schlandals/pwmc_benchmarks/instances/bayesian_networks/pcnf/munin/57.cnf,"lower 1.57335178054446820505043304083394881e-2 upper 9.84266284522487641093546528799298074e-1 Final circuit size: 39385 Estimated probability 0.01573352 (epsilon 0.00000005471951136648556) found in 24 seconds ",
63,:,1737464068.000,31.000,0,210,0,0,"schlandals --timeout 1500 -i /data/schlandals/pwmc_benchmarks/instances/bayesian_networks/pcnf/munin/63.cnf compile | tr '\n' ' '",/data/schlandals/pwmc_benchmarks/instances/bayesian_networks/pcnf/munin/63.cnf,"lower 2.92532103323633013891525037895457942e-1 upper 7.07467785860476749914132346013845062e-1 Final circuit size: 38804 Estimated probability 0.29253210 (epsilon 0.000000015915908369024123) found in 24 seconds ",
119,:,1737464078.000,22.000,0,210,0,0,"schlandals --timeout 1500 -i /data/schlandals/pwmc_benchmarks/instances/bayesian_networks/pcnf/munin/119.cnf compile | tr '\n' ' '",/data/schlandals/pwmc_benchmarks/instances/bayesian_networks/pcnf/munin/119.cnf,"lower 6.83476814236442742477394504319159524e-2 upper 9.31652258576356652778222565762699350e-1 Final circuit size: 45208 Estimated probability 0.06834768 (epsilon 0.000000009382410182112721) found in 18 seconds ",
145,:,1737464090.000,10.000,0,184,0,0,"schlandals --timeout 1500 -i /data/schlandals/pwmc_benchmarks/instances/bayesian_networks/pcnf/munin/145.cnf compile | tr '\n' ' '",/data/schlandals/pwmc_benchmarks/instances/bayesian_networks/pcnf/munin/145.cnf,"lower 7.91146985035819487088843425934055617e-3 upper 9.92088478893163618737534898730864488e-1 Final circuit size: 10100 Estimated probability 0.00791147 (epsilon 0) found in 9 seconds ",
143,:,1737464089.000,11.000,0,184,0,0,"schlandals --timeout 1500 -i /data/schlandals/pwmc_benchmarks/instances/bayesian_networks/pcnf/munin/143.cnf compile | tr '\n' ' '",/data/schlandals/pwmc_benchmarks/instances/bayesian_networks/pcnf/munin/143.cnf,"lower 1.60121848686539544437618253149824029e-1 upper 8.39878141313460172983918265824626823e-1 Final circuit size: 27549 Estimated probability 0.16012185 (epsilon 0) found in 9 seconds ",
129,:,1737464083.000,18.000,0,208,0,0,"schlandals --timeout 1500 -i /data/schlandals/pwmc_benchmarks/instances/bayesian_networks/pcnf/munin/129.cnf compile | tr '\n' ' '",/data/schlandals/pwmc_benchmarks/instances/bayesian_networks/pcnf/munin/129.cnf,"lower 1.77676223106039969935669438088731663e-3 upper 9.92031815032681781891821441981692902e-1 Final circuit size: 36092 Estimated probability 0.00177676 (epsilon 0.0000000730740001841923) found in 14 seconds ",
117,:,1737464078.000,25.000,0,211,0,0,"schlandals --timeout 1500 -i /data/schlandals/pwmc_benchmarks/instances/bayesian_networks/pcnf/munin/117.cnf compile | tr '\n' ' '",/data/schlandals/pwmc_benchmarks/instances/bayesian_networks/pcnf/munin/117.cnf,"lower 4.24111683648640472256165100811958050e-1 upper 5.75888256351360460488996385538540790e-1 Final circuit size: 45152 Estimated probability 0.42411168 (epsilon 0.0000000015120213969765928) found in 19 seconds ",
120,:,1737464078.000,27.000,0,207,0,0,"schlandals --timeout 1500 -i /data/schlandals/pwmc_benchmarks/instances/bayesian_networks/pcnf/munin/120.cnf compile | tr '\n' ' '",/data/schlandals/pwmc_benchmarks/instances/bayesian_networks/pcnf/munin/120.cnf,"lower 2.80766787592082265200404707231399236e-2 upper 9.71923261240792701718934027307119168e-1 Final circuit size: 44942 Estimated probability 0.02807668 (epsilon 0.000000022839809155073) found in 23 seconds ",
125,:,1737464080.000,26.000,0,209,0,0,"schlandals --timeout 1500 -i /data/schlandals/pwmc_benchmarks/instances/bayesian_networks/pcnf/munin/125.cnf compile | tr '\n' ' '",/data/schlandals/pwmc_benchmarks/instances/bayesian_networks/pcnf/munin/125.cnf,"lower 2.81455958154819166269851620965590136e-3 upper 9.93083829156352803611410754242969604e-1 Final circuit size: 42914 Estimated probability 0.00281456 (epsilon 0.00000004612981974183583) found in 21 seconds ",
122,:,1737464078.000,28.000,0,210,0,0,"schlandals --timeout 1500 -i /data/schlandals/pwmc_benchmarks/instances/bayesian_networks/pcnf/munin/122.cnf compile | tr '\n' ' '",/data/schlandals/pwmc_benchmarks/instances/bayesian_networks/pcnf/munin/122.cnf,"lower 1.58153450212557922943986022687377112e-2 upper 9.84184542131121368061159265070494729e-1 Final circuit size: 44883 Estimated probability 0.01581535 (epsilon 0.000000023441974805749055) found in 24 seconds ",
133,:,1737464085.000,21.000,0,209,0,0,"schlandals --timeout 1500 -i /data/schlandals/pwmc_benchmarks/instances/bayesian_networks/pcnf/munin/133.cnf compile | tr '\n' ' '",/data/schlandals/pwmc_benchmarks/instances/bayesian_networks/pcnf/munin/133.cnf,"lower 7.24074616767250177641160387734223889e-3 upper 9.92758888944425934233798838568749639e-1 Final circuit size: 6305 Estimated probability 0.00724075 (epsilon 0.000000012864097342912828) found in 18 seconds ",
126,:,1737464082.000,25.000,0,210,0,0,"schlandals --timeout 1500 -i /data/schlandals/pwmc_benchmarks/instances/bayesian_networks/pcnf/munin/126.cnf compile | tr '\n' ' '",/data/schlandals/pwmc_benchmarks/instances/bayesian_networks/pcnf/munin/126.cnf,"lower 2.50516832880235173851263540410933987e-3 upper 9.93393220398627735423396744015267133e-1 Final circuit size: 43126 Estimated probability 0.00250517 (epsilon 0.000000051826907210283935) found in 21 seconds ",
115,:,1737464077.000,30.000,0,209,0,0,"schlandals --timeout 1500 -i /data/schlandals/pwmc_benchmarks/instances/bayesian_networks/pcnf/munin/115.cnf compile | tr '\n' ' '",/data/schlandals/pwmc_benchmarks/instances/bayesian_networks/pcnf/munin/115.cnf,"lower 4.89447565659346984306724754355527770e-3 upper 9.95105464343407462995683230129692765e-1 Final circuit size: 44947 Estimated probability 0.00489448 (epsilon 0.00000008179797239549202) found in 25 seconds ",
131,:,1737464085.000,23.000,0,209,0,0,"schlandals --timeout 1500 -i /data/schlandals/pwmc_benchmarks/instances/bayesian_networks/pcnf/munin/131.cnf compile | tr '\n' ' '",/data/schlandals/pwmc_benchmarks/instances/bayesian_networks/pcnf/munin/131.cnf,"lower 6.60381568433167419630796304523093484e-4 upper 9.93148196201180716432061244631818488e-1 Final circuit size: 36002 Estimated probability 0.00066038 (epsilon 0.00000019660620531603001) found in 18 seconds ",
118,:,1737464078.000,30.000,0,211,0,0,"schlandals --timeout 1500 -i /data/schlandals/pwmc_benchmarks/instances/bayesian_networks/pcnf/munin/118.cnf compile | tr '\n' ' '",/data/schlandals/pwmc_benchmarks/instances/bayesian_networks/pcnf/munin/118.cnf,"lower 2.96735582488092188654311021406921004e-1 upper 7.03264357511908741425716427668883182e-1 Final circuit size: 45312 Estimated probability 0.29673558 (epsilon 0.0000000021610686573581006) found in 26 seconds ",
123,:,1737464078.000,32.000,0,209,0,0,"schlandals --timeout 1500 -i /data/schlandals/pwmc_benchmarks/instances/bayesian_networks/pcnf/munin/123.cnf compile | tr '\n' ' '",/data/schlandals/pwmc_benchmarks/instances/bayesian_networks/pcnf/munin/123.cnf,"lower 4.71379023283788593287092684232882812e-3 upper 9.95286095422856054211364021503157946e-1 Final circuit size: 44955 Estimated probability 0.00471379 (epsilon 0.00000007865070239532201) found in 26 seconds ",
116,:,1737464078.000,32.000,0,210,0,0,"schlandals --timeout 1500 -i /data/schlandals/pwmc_benchmarks/instances/bayesian_networks/pcnf/munin/116.cnf compile | tr '\n' ' '",/data/schlandals/pwmc_benchmarks/instances/bayesian_networks/pcnf/munin/116.cnf,"lower 1.10194419027078709659683162510868780e-1 upper 8.89805520972922221824036628524514300e-1 Final circuit size: 45059 Estimated probability 0.11019442 (epsilon 0.000000003633198852881492) found in 27 seconds ",
121,:,1737464078.000,32.000,0,209,0,0,"schlandals --timeout 1500 -i /data/schlandals/pwmc_benchmarks/instances/bayesian_networks/pcnf/munin/121.cnf compile | tr '\n' ' '",/data/schlandals/pwmc_benchmarks/instances/bayesian_networks/pcnf/munin/121.cnf,"lower 2.37382010985202970902095442732529455e-2 upper 9.76261738901480633223050175575345601e-1 Final circuit size: 45079 Estimated probability 0.02373820 (epsilon 0.00000002701409362870777) found in 27 seconds ",
124,:,1737464078.000,33.000,0,208,0,0,"schlandals --timeout 1500 -i /data/schlandals/pwmc_benchmarks/instances/bayesian_networks/pcnf/munin/124.cnf compile | tr '\n' ' '",/data/schlandals/pwmc_benchmarks/instances/bayesian_networks/pcnf/munin/124.cnf,"lower 3.11793304252335618703752871183563464e-3 upper 9.96881952613170583796804925704668349e-1 Final circuit size: 44779 Estimated probability 0.00311793 (epsilon 0.0000001189066278772799) found in 27 seconds ",
127,:,1737464082.000,31.000,0,208,0,0,"schlandals --timeout 1500 -i /data/schlandals/pwmc_benchmarks/instances/bayesian_networks/pcnf/munin/127.cnf compile | tr '\n' ' '",/data/schlandals/pwmc_benchmarks/instances/bayesian_networks/pcnf/munin/127.cnf,"lower 1.62084436461027700812278455543378436e-3 upper 9.94277544365902808140557688240130926e-1 Final circuit size: 42895 Estimated probability 0.00162084 (epsilon 0.0000000801033874786583) found in 25 seconds ",
128,:,1737464083.000,32.000,0,210,0,0,"schlandals --timeout 1500 -i /data/schlandals/pwmc_benchmarks/instances/bayesian_networks/pcnf/munin/128.cnf compile | tr '\n' ' '",/data/schlandals/pwmc_benchmarks/instances/bayesian_networks/pcnf/munin/128.cnf,"lower 2.23874837811957552584039323188607411e-3 upper 9.93659640352583434214925760586290023e-1 Final circuit size: 42910 Estimated probability 0.00223875 (epsilon 0.000000057994514746084747) found in 26 seconds ",
132,:,1737464085.000,31.000,0,208,0,0,"schlandals --timeout 1500 -i /data/schlandals/pwmc_benchmarks/instances/bayesian_networks/pcnf/munin/132.cnf compile | tr '\n' ' '",/data/schlandals/pwmc_benchmarks/instances/bayesian_networks/pcnf/munin/132.cnf,"lower 5.67230618064976401828533865223939881e-4 upper 9.93241346648547958824770475387637639e-1 Final circuit size: 36123 Estimated probability 0.00056723 (epsilon 0.0000002288929892291236) found in 27 seconds ",
130,:,1737464084.000,34.000,0,208,0,0,"schlandals --timeout 1500 -i /data/schlandals/pwmc_benchmarks/instances/bayesian_networks/pcnf/munin/130.cnf compile | tr '\n' ' '",/data/schlandals/pwmc_benchmarks/instances/bayesian_networks/pcnf/munin/130.cnf,"lower 8.29767070761887529516531879722585357e-4 upper 9.92978810206522576027445743384857216e-1 Final circuit size: 36117 Estimated probability 0.00082977 (epsilon 0.0000001564717642121849) found in 28 seconds ",
148,:,1737464090.000,69.000,0,186,0,0,"schlandals --timeout 1500 -i /data/schlandals/pwmc_benchmarks/instances/bayesian_networks/pcnf/munin/148.cnf compile | tr '\n' ' '",/data/schlandals/pwmc_benchmarks/instances/bayesian_networks/pcnf/munin/148.cnf,"lower 6.61604455318991982326959887233020491e-2 upper 9.33839494468102183632059752829816766e-1 Final circuit size: 138962 Estimated probability 0.06616045 (epsilon 0) found in 62 seconds ",
149,:,1737464090.000,77.000,0,186,0,0,"schlandals --timeout 1500 -i /data/schlandals/pwmc_benchmarks/instances/bayesian_networks/pcnf/munin/149.cnf compile | tr '\n' ' '",/data/schlandals/pwmc_benchmarks/instances/bayesian_networks/pcnf/munin/149.cnf,"lower 3.27156359624357881157246232914598155e-2 upper 9.67284304037565594862256024248523387e-1 Final circuit size: 139177 Estimated probability 0.03271564 (epsilon 0) found in 70 seconds ",
171,:,1737464097.000,81.000,0,209,0,0,"schlandals --timeout 1500 -i /data/schlandals/pwmc_benchmarks/instances/bayesian_networks/pcnf/munin/171.cnf compile | tr '\n' ' '",/data/schlandals/pwmc_benchmarks/instances/bayesian_networks/pcnf/munin/171.cnf,"lower 6.82419612919237799669045179617665833e-3 upper 9.93175723870809924396888345498156807e-1 Final circuit size: 138885 Estimated probability 0.00682420 (epsilon 0.0000006403666772403227) found in 72 seconds ",
140,:,1737464088.000,92.000,0,186,0,0,"schlandals --timeout 1500 -i /data/schlandals/pwmc_benchmarks/instances/bayesian_networks/pcnf/munin/140.cnf compile | tr '\n' ' '",/data/schlandals/pwmc_benchmarks/instances/bayesian_networks/pcnf/munin/140.cnf,"lower 1.40364919951679141721345008990274167e-1 upper 8.59635070048320615124170315159169851e-1 Final circuit size: 191449 Estimated probability 0.14036492 (epsilon 0) found in 84 seconds ",
170,:,1737464096.000,84.000,0,209,0,0,"schlandals --timeout 1500 -i /data/schlandals/pwmc_benchmarks/instances/bayesian_networks/pcnf/munin/170.cnf compile | tr '\n' ' '",/data/schlandals/pwmc_benchmarks/instances/bayesian_networks/pcnf/munin/170.cnf,"lower 1.02680913811140369440722269427126306e-2 upper 9.89731828618888267346254839313940048e-1 Final circuit size: 139583 Estimated probability 0.01026809 (epsilon 0.0000004255891465909656) found in 74 seconds ",
177,:,1737464098.000,82.000,0,186,0,0,"schlandals --timeout 1500 -i /data/schlandals/pwmc_benchmarks/instances/bayesian_networks/pcnf/munin/177.cnf compile | tr '\n' ' '",/data/schlandals/pwmc_benchmarks/instances/bayesian_networks/pcnf/munin/177.cnf,"lower 1.21735886332550977039556585595504238e-1 upper 8.78264053667450336817806267513066240e-1 Final circuit size: 139943 Estimated probability 0.12173589 (epsilon 0) found in 74 seconds ",
166,:,1737464095.000,86.000,0,211,0,0,"schlandals --timeout 1500 -i /data/schlandals/pwmc_benchmarks/instances/bayesian_networks/pcnf/munin/166.cnf compile | tr '\n' ' '",/data/schlandals/pwmc_benchmarks/instances/bayesian_networks/pcnf/munin/166.cnf,"lower 1.65103042922228016263233099589262945e-1 upper 8.34896877077774286465431362266130253e-1 Final circuit size: 139504 Estimated probability 0.16510304 (epsilon 0.000000026751886927911528) found in 76 seconds ",
168,:,1737464095.000,87.000,0,210,0,0,"schlandals --timeout 1500 -i /data/schlandals/pwmc_benchmarks/instances/bayesian_networks/pcnf/munin/168.cnf compile | tr '\n' ' '",/data/schlandals/pwmc_benchmarks/instances/bayesian_networks/pcnf/munin/168.cnf,"lower 3.85277522522411377750126479286305673e-2 upper 9.61472167747761166369438158219318023e-1 Final circuit size: 139512 Estimated probability 0.03852775 (epsilon 0.00000011463990290394577) found in 76 seconds ",
169,:,1737464095.000,88.000,0,210,0,0,"schlandals --timeout 1500 -i /data/schlandals/pwmc_benchmarks/instances/bayesian_networks/pcnf/munin/169.cnf compile | tr '\n' ' '",/data/schlandals/pwmc_benchmarks/instances/bayesian_networks/pcnf/munin/169.cnf,"lower 1.77303769114135458937154152004290349e-2 upper 9.82269543088588758105528238227291242e-1 Final circuit size: 139981 Estimated probability 0.01773038 (epsilon 0.00000024646902030411866) found in 78 seconds ",
165,:,1737464094.000,90.000,0,210,0,0,"schlandals --timeout 1500 -i /data/schlandals/pwmc_benchmarks/instances/bayesian_networks/pcnf/munin/165.cnf compile | tr '\n' ' '",/data/schlandals/pwmc_benchmarks/instances/bayesian_networks/pcnf/munin/165.cnf,"lower 2.23245056334671450951738283056459029e-1 upper 7.76754863665330853669509252569140304e-1 Final circuit size: 139992 Estimated probability 0.22324506 (epsilon 0.00000001978461705576251) found in 79 seconds ",
141,:,1737464089.000,96.000,0,186,0,0,"schlandals --timeout 1500 -i /data/schlandals/pwmc_benchmarks/instances/bayesian_networks/pcnf/munin/141.cnf compile | tr '\n' ' '",/data/schlandals/pwmc_benchmarks/instances/bayesian_networks/pcnf/munin/141.cnf,"lower 8.59635080048320998063161210713553489e-1 upper 1.40364909951678760218249469611395550e-1 Final circuit size: 191763 Estimated probability 0.85963508 (epsilon 0) found in 89 seconds ",
204,:,1737464180.000,9.000,0,185,0,0,"schlandals --timeout 1500 -i /data/schlandals/pwmc_benchmarks/instances/bayesian_networks/pcnf/munin/204.cnf compile | tr '\n' ' '",/data/schlandals/pwmc_benchmarks/instances/bayesian_networks/pcnf/munin/204.cnf,"lower 1.32069220860179409100549986553037995e-1 upper 8.67930779139820873596629175408459696e-1 Final circuit size: 109576 Estimated probability 0.13206922 (epsilon 0) found in 8 seconds ",
189,:,1737464107.000,83.000,0,210,0,0,"schlandals --timeout 1500 -i /data/schlandals/pwmc_benchmarks/instances/bayesian_networks/pcnf/munin/189.cnf compile | tr '\n' ' '",/data/schlandals/pwmc_benchmarks/instances/bayesian_networks/pcnf/munin/189.cnf,"lower 2.26997523312857658646953222082228675e-2 upper 9.77300157668717453250616334528237564e-1 Final circuit size: 139135 Estimated probability 0.02269975 (epsilon 0.00000002132874832305731) found in 73 seconds ",
206,:,1737464180.000,11.000,0,185,0,0,"schlandals --timeout 1500 -i /data/schlandals/pwmc_benchmarks/instances/bayesian_networks/pcnf/munin/206.cnf compile | tr '\n' ' '",/data/schlandals/pwmc_benchmarks/instances/bayesian_networks/pcnf/munin/206.cnf,"lower 5.43212180423579930140978416576025337e-2 upper 9.45678781957642185380724521036547810e-1 Final circuit size: 109476 Estimated probability 0.05432122 (epsilon 0) found in 9 seconds ",
205,:,1737464180.000,13.000,0,186,0,0,"schlandals --timeout 1500 -i /data/schlandals/pwmc_benchmarks/instances/bayesian_networks/pcnf/munin/205.cnf compile | tr '\n' ' '",/data/schlandals/pwmc_benchmarks/instances/bayesian_networks/pcnf/munin/205.cnf,"lower 9.45678781957642188194652432274701657e-1 upper 5.43212180423579902001699304194487110e-2 Final circuit size: 109476 Estimated probability 0.94567878 (epsilon 0) found in 11 seconds ",
203,:,1737464178.000,15.000,0,186,0,0,"schlandals --timeout 1500 -i /data/schlandals/pwmc_benchmarks/instances/bayesian_networks/pcnf/munin/203.cnf compile | tr '\n' ' '",/data/schlandals/pwmc_benchmarks/instances/bayesian_networks/pcnf/munin/203.cnf,"lower 8.67930779139820787082214025442715670e-1 upper 1.32069220860179495614965136518781852e-1 Final circuit size: 109576 Estimated probability 0.86793078 (epsilon 0) found in 13 seconds ",
187,:,1737464106.000,90.000,0,212,0,0,"schlandals --timeout 1500 -i /data/schlandals/pwmc_benchmarks/instances/bayesian_networks/pcnf/munin/187.cnf compile | tr '\n' ' '",/data/schlandals/pwmc_benchmarks/instances/bayesian_networks/pcnf/munin/187.cnf,"lower 1.35247252834581276071844121070988173e-1 upper 8.64752657165421943321472995845738231e-1 Final circuit size: 139415 Estimated probability 0.13524725 (epsilon 0.0000000035797942388171577) found in 75 seconds ",
151,:,1737464090.000,113.000,0,187,0,0,"schlandals --timeout 1500 -i /data/schlandals/pwmc_benchmarks/instances/bayesian_networks/pcnf/munin/151.cnf compile | tr '\n' ' '",/data/schlandals/pwmc_benchmarks/instances/bayesian_networks/pcnf/munin/151.cnf,"lower 8.43753041006269940662189461107328722e-1 upper 1.56246898993731441656080230990800917e-1 Final circuit size: 139462 Estimated probability 0.84375304 (epsilon 0) found in 105 seconds ",
153,:,1737464090.000,123.000,0,187,0,0,"schlandals --timeout 1500 -i /data/schlandals/pwmc_benchmarks/instances/bayesian_networks/pcnf/munin/153.cnf compile | tr '\n' ' '",/data/schlandals/pwmc_benchmarks/instances/bayesian_networks/pcnf/munin/153.cnf,"lower 1.14249496514823156303218083074976097e-2 upper 9.88574990348519067647871921032172411e-1 Final circuit size: 139093 Estimated probability 0.01142495 (epsilon 0) found in 112 seconds ",
147,:,1737464090.000,128.000,0,187,0,0,"schlandals --timeout 1500 -i /data/schlandals/pwmc_benchmarks/instances/bayesian_networks/pcnf/munin/147.cnf compile | tr '\n' ' '",/data/schlandals/pwmc_benchmarks/instances/bayesian_networks/pcnf/munin/147.cnf,"lower 8.29543694253815252414422229231926968e-1 upper 1.70456245746186132842063568133205919e-1 Final circuit size: 139731 Estimated probability 0.82954369 (epsilon 0) found in 117 seconds ",
152,:,1737464090.000,129.000,0,187,0,0,"schlandals --timeout 1500 -i /data/schlandals/pwmc_benchmarks/instances/bayesian_networks/pcnf/munin/152.cnf compile | tr '\n' ' '",/data/schlandals/pwmc_benchmarks/instances/bayesian_networks/pcnf/munin/152.cnf,"lower 3.95531938665725379371893785469135357e-2 upper 9.60446746133428845444236670051954946e-1 Final circuit size: 139018 Estimated probability 0.03955319 (epsilon 0) found in 118 seconds ",
179,:,1737464099.000,121.000,0,211,0,0,"schlandals --timeout 1500 -i /data/schlandals/pwmc_benchmarks/instances/bayesian_networks/pcnf/munin/179.cnf compile | tr '\n' ' '",/data/schlandals/pwmc_benchmarks/instances/bayesian_networks/pcnf/munin/179.cnf,"lower 1.44283005292831493741768608500079342e-3 upper 9.98557079947074903641030829092227290e-1 Final circuit size: 140159 Estimated probability 0.00144283 (epsilon 0.00000004409464615662273) found in 110 seconds ",
146,:,1737464090.000,130.000,0,187,0,0,"schlandals --timeout 1500 -i /data/schlandals/pwmc_benchmarks/instances/bayesian_networks/pcnf/munin/146.cnf compile | tr '\n' ' '",/data/schlandals/pwmc_benchmarks/instances/bayesian_networks/pcnf/munin/146.cnf,"lower 1.04295860212348318624160972661010849e-1 upper 8.95704079787653064158400014373632173e-1 Final circuit size: 138971 Estimated probability 0.10429586 (epsilon 0) found in 119 seconds ",
150,:,1737464090.000,130.000,0,187,0,0,"schlandals --timeout 1500 -i /data/schlandals/pwmc_benchmarks/instances/bayesian_networks/pcnf/munin/150.cnf compile | tr '\n' ' '",/data/schlandals/pwmc_benchmarks/instances/bayesian_networks/pcnf/munin/150.cnf,"lower 7.25531795113021153108041553191013626e-2 upper 9.27446760488699266831713956965540821e-1 Final circuit size: 139918 Estimated probability 0.07255318 (epsilon 0) found in 119 seconds ",
186,:,1737464106.000,115.000,0,213,0,0,"schlandals --timeout 1500 -i /data/schlandals/pwmc_benchmarks/instances/bayesian_networks/pcnf/munin/186.cnf compile | tr '\n' ' '",/data/schlandals/pwmc_benchmarks/instances/bayesian_networks/pcnf/munin/186.cnf,"lower 2.32451714974915450382342940109950406e-1 upper 7.67548195025087768291074126178917484e-1 Final circuit size: 140041 Estimated probability 0.23245171 (epsilon 0.0000000020828296865005314) found in 105 seconds ",
181,:,1737464100.000,122.000,0,211,0,0,"schlandals --timeout 1500 -i /data/schlandals/pwmc_benchmarks/instances/bayesian_networks/pcnf/munin/181.cnf compile | tr '\n' ' '",/data/schlandals/pwmc_benchmarks/instances/bayesian_networks/pcnf/munin/181.cnf,"lower 6.71546709881706266719816328670886683e-3 upper 9.93284442901186155911455785516659230e-1 Final circuit size: 140071 Estimated probability 0.00671547 (epsilon 0.00000004524051222531966) found in 111 seconds ",
185,:,1737464105.000,120.000,0,212,0,0,"schlandals --timeout 1500 -i /data/schlandals/pwmc_benchmarks/instances/bayesian_networks/pcnf/munin/185.cnf compile | tr '\n' ' '",/data/schlandals/pwmc_benchmarks/instances/bayesian_networks/pcnf/munin/185.cnf,"lower 2.52668721739661653297573334765589514e-1 upper 7.47331188260341566075169314344946535e-1 Final circuit size: 139593 Estimated probability 0.25266872 (epsilon 0.000000001916174108274049) found in 108 seconds ",
154,:,1737464090.000,136.000,0,211,0,0,"schlandals --timeout 1500 -i /data/schlandals/pwmc_benchmarks/instances/bayesian_networks/pcnf/munin/154.cnf compile | tr '\n' ' '",/data/schlandals/pwmc_benchmarks/instances/bayesian_networks/pcnf/munin/154.cnf,"lower 9.74945223234726749675804270974334811e-5 upper 9.99902425477678832166041127250001392e-1 Final circuit size: 139237 Estimated probability 0.00009749 (epsilon 0.00000043897279522475685) found in 120 seconds ",
157,:,1737464090.000,137.000,0,211,0,0,"schlandals --timeout 1500 -i /data/schlandals/pwmc_benchmarks/instances/bayesian_networks/pcnf/munin/157.cnf compile | tr '\n' ' '",/data/schlandals/pwmc_benchmarks/instances/bayesian_networks/pcnf/munin/157.cnf,"lower 7.97591555417730954480478677506020756e-4 upper 9.99202328444584572620087767472741999e-1 Final circuit size: 140135 Estimated probability 0.00079759 (epsilon 0.00000005365836042159344) found in 122 seconds ",
174,:,1737464098.000,131.000,0,187,0,0,"schlandals --timeout 1500 -i /data/schlandals/pwmc_benchmarks/instances/bayesian_networks/pcnf/munin/174.cnf compile | tr '\n' ' '",/data/schlandals/pwmc_benchmarks/instances/bayesian_networks/pcnf/munin/174.cnf,"lower 6.75255672753405147598450989800466066e-3 upper 9.93247383272467261081843237768275036e-1 Final circuit size: 139676 Estimated probability 0.00675256 (epsilon 0) found in 119 seconds ",
183,:,1737464101.000,129.000,0,212,0,0,"schlandals --timeout 1500 -i /data/schlandals/pwmc_benchmarks/instances/bayesian_networks/pcnf/munin/183.cnf compile | tr '\n' ' '",/data/schlandals/pwmc_benchmarks/instances/bayesian_networks/pcnf/munin/183.cnf,"lower 7.14203625298464224576290661465361703e-2 upper 9.28579547470156796344578406425461643e-1 Final circuit size: 139912 Estimated probability 0.07142036 (epsilon 0.000000006256717588470906) found in 114 seconds ",
158,:,1737464090.000,141.000,0,212,0,0,"schlandals --timeout 1500 -i /data/schlandals/pwmc_benchmarks/instances/bayesian_networks/pcnf/munin/158.cnf compile | tr '\n' ' '",/data/schlandals/pwmc_benchmarks/instances/bayesian_networks/pcnf/munin/158.cnf,"lower 1.53048459351538592973758738606105026e-3 upper 9.98469435406486917453865008355962150e-1 Final circuit size: 139567 Estimated probability 0.00153048 (epsilon 0.000000027963337423386747) found in 131 seconds ",
172,:,1737464097.000,135.000,0,187,0,0,"schlandals --timeout 1500 -i /data/schlandals/pwmc_benchmarks/instances/bayesian_networks/pcnf/munin/172.cnf compile | tr '\n' ' '",/data/schlandals/pwmc_benchmarks/instances/bayesian_networks/pcnf/munin/172.cnf,"lower 4.63357937312023893463795636166455511e-3 upper 9.95366340626882064903035510530617243e-1 Final circuit size: 139986 Estimated probability 0.00463358 (epsilon 0) found in 125 seconds ",
159,:,1737464090.000,143.000,0,210,0,0,"schlandals --timeout 1500 -i /data/schlandals/pwmc_benchmarks/instances/bayesian_networks/pcnf/munin/159.cnf compile | tr '\n' ' '",/data/schlandals/pwmc_benchmarks/instances/bayesian_networks/pcnf/munin/159.cnf,"lower 3.06310070928939251896312187291811135e-3 upper 9.96936819290712912282930383803746567e-1 Final circuit size: 139372 Estimated probability 0.00306310 (epsilon 0.0000014419424103628842) found in 126 seconds ",
178,:,1737464098.000,135.000,0,187,0,0,"schlandals --timeout 1500 -i /data/schlandals/pwmc_benchmarks/instances/bayesian_networks/pcnf/munin/178.cnf compile | tr '\n' ' '",/data/schlandals/pwmc_benchmarks/instances/bayesian_networks/pcnf/munin/178.cnf,"lower 2.38744425474812241308251352430415648e-2 upper 9.76125497452520087863598342227541035e-1 Final circuit size: 140243 Estimated probability 0.02387444 (epsilon 0) found in 122 seconds ",
201,:,1737464159.000,75.000,0,186,0,0,"schlandals --timeout 1500 -i /data/schlandals/pwmc_benchmarks/instances/bayesian_networks/pcnf/munin/201.cnf compile | tr '\n' ' '",/data/schlandals/pwmc_benchmarks/instances/bayesian_networks/pcnf/munin/201.cnf,"lower 8.11205736744088232636680605536070848e-1 upper 1.88794203255913158872959967502171616e-1 Final circuit size: 136435 Estimated probability 0.81120574 (epsilon 0) found in 68 seconds ",
160,:,1737464090.000,148.000,0,210,0,0,"schlandals --timeout 1500 -i /data/schlandals/pwmc_benchmarks/instances/bayesian_networks/pcnf/munin/160.cnf compile | tr '\n' ' '",/data/schlandals/pwmc_benchmarks/instances/bayesian_networks/pcnf/munin/160.cnf,"lower 7.16133331493454874020322841180334076e-3 upper 9.92838586685067755328958046081958530e-1 Final circuit size: 139395 Estimated probability 0.00716133 (epsilon 0.0000006167589821082231) found in 131 seconds ",
175,:,1737464098.000,140.000,0,187,0,0,"schlandals --timeout 1500 -i /data/schlandals/pwmc_benchmarks/instances/bayesian_networks/pcnf/munin/175.cnf compile | tr '\n' ' '",/data/schlandals/pwmc_benchmarks/instances/bayesian_networks/pcnf/munin/175.cnf,"lower 5.78562970504585194600057283869045185e-2 upper 9.42143642949542793169349176892310911e-1 Final circuit size: 139663 Estimated probability 0.05785630 (epsilon 0) found in 127 seconds ",
180,:,1737464100.000,138.000,0,211,0,0,"schlandals --timeout 1500 -i /data/schlandals/pwmc_benchmarks/instances/bayesian_networks/pcnf/munin/180.cnf compile | tr '\n' ' '",/data/schlandals/pwmc_benchmarks/instances/bayesian_networks/pcnf/munin/180.cnf,"lower 3.01414702011913140734128966380404300e-3 upper 9.96985762979884085803642831561373728e-1 Final circuit size: 140090 Estimated probability 0.00301415 (epsilon 0.00000002110748731354306) found in 128 seconds ",
196,:,1737464111.000,128.000,0,210,0,0,"schlandals --timeout 1500 -i /data/schlandals/pwmc_benchmarks/instances/bayesian_networks/pcnf/munin/196.cnf compile | tr '\n' ' '",/data/schlandals/pwmc_benchmarks/instances/bayesian_networks/pcnf/munin/196.cnf,"lower 3.06282074555683167988030628884790001e-4 upper 9.99693627925447535762173417636035468e-1 Final circuit size: 139396 Estimated probability 0.00030628 (epsilon 0.0000005756610996776601) found in 117 seconds ",
164,:,1737464092.000,147.000,0,211,0,0,"schlandals --timeout 1500 -i /data/schlandals/pwmc_benchmarks/instances/bayesian_networks/pcnf/munin/164.cnf compile | tr '\n' ' '",/data/schlandals/pwmc_benchmarks/instances/bayesian_networks/pcnf/munin/164.cnf,"lower 2.09698630779480648668418762889015876e-1 upper 7.90301289220521654927792529156892545e-1 Final circuit size: 139729 Estimated probability 0.20969863 (epsilon 0.00000002106269358925772) found in 131 seconds ",
163,:,1737464092.000,148.000,0,211,0,0,"schlandals --timeout 1500 -i /data/schlandals/pwmc_benchmarks/instances/bayesian_networks/pcnf/munin/163.cnf compile | tr '\n' ' '",/data/schlandals/pwmc_benchmarks/instances/bayesian_networks/pcnf/munin/163.cnf,"lower 1.35956780165761278284490567679597671e-1 upper 8.64043139834241024479702266553611683e-1 Final circuit size: 140009 Estimated probability 0.13595678 (epsilon 0.00000003248692670432263) found in 132 seconds ",
176,:,1737464098.000,144.000,0,187,0,0,"schlandals --timeout 1500 -i /data/schlandals/pwmc_benchmarks/instances/bayesian_networks/pcnf/munin/176.cnf compile | tr '\n' ' '",/data/schlandals/pwmc_benchmarks/instances/bayesian_networks/pcnf/munin/176.cnf,"lower 7.89780817340037935666238741061515336e-1 upper 2.10219122659963376973740383991978832e-1 Final circuit size: 139711 Estimated probability 0.78978082 (epsilon 0) found in 130 seconds ",
161,:,1737464091.000,151.000,0,211,0,0,"schlandals --timeout 1500 -i /data/schlandals/pwmc_benchmarks/instances/bayesian_networks/pcnf/munin/161.cnf compile | tr '\n' ' '",/data/schlandals/pwmc_benchmarks/instances/bayesian_networks/pcnf/munin/161.cnf,"lower 2.14849017740185953440552556247423470e-2 upper 9.78515018225983708539320312097646976e-1 Final circuit size: 139564 Estimated probability 0.02148490 (epsilon 0.00000020557774282892183) found in 137 seconds ",
156,:,1737464090.000,152.000,0,211,0,0,"schlandals --timeout 1500 -i /data/schlandals/pwmc_benchmarks/instances/bayesian_networks/pcnf/munin/156.cnf compile | tr '\n' ' '",/data/schlandals/pwmc_benchmarks/instances/bayesian_networks/pcnf/munin/156.cnf,"lower 3.90561366014868279791960397307866445e-4 upper 9.99609358633987435969645914765806825e-1 Final circuit size: 139763 Estimated probability 0.00039056 (epsilon 0.00000010957933627153693) found in 136 seconds ",
233,:,1737464232.000,10.000,0,185,0,0,"schlandals --timeout 1500 -i /data/schlandals/pwmc_benchmarks/instances/bayesian_networks/pcnf/munin/233.cnf compile | tr '\n' ' '",/data/schlandals/pwmc_benchmarks/instances/bayesian_networks/pcnf/munin/233.cnf,"lower 9.48840088345176298377851319928178288e-1 upper 5.11599116548238798271478373242672553e-2 Final circuit size: 109459 Estimated probability 0.94884009 (epsilon 0) found in 9 seconds ",
167,:,1737464095.000,149.000,0,212,0,0,"schlandals --timeout 1500 -i /data/schlandals/pwmc_benchmarks/instances/bayesian_networks/pcnf/munin/167.cnf compile | tr '\n' ' '",/data/schlandals/pwmc_benchmarks/instances/bayesian_networks/pcnf/munin/167.cnf,"lower 8.82436375640855434586730647155285784e-2 upper 9.11756282435916759319040070237256449e-1 Final circuit size: 139555 Estimated probability 0.08824364 (epsilon 0.000000050052536337830134) found in 133 seconds ",
155,:,1737464090.000,154.000,0,210,0,0,"schlandals --timeout 1500 -i /data/schlandals/pwmc_benchmarks/instances/bayesian_networks/pcnf/munin/155.cnf compile | tr '\n' ' '",/data/schlandals/pwmc_benchmarks/instances/bayesian_networks/pcnf/munin/155.cnf,"lower 1.91923961637187043182564562017800651e-4 upper 9.99807996038365115706728228008807643e-1 Final circuit size: 139892 Estimated probability 0.00019192 (epsilon 0.0000002229917028806483) found in 137 seconds ",
228,:,1737464226.000,19.000,0,186,0,0,"schlandals --timeout 1500 -i /data/schlandals/pwmc_benchmarks/instances/bayesian_networks/pcnf/munin/228.cnf compile | tr '\n' ' '",/data/schlandals/pwmc_benchmarks/instances/bayesian_networks/pcnf/munin/228.cnf,"lower 9.45336211129546130654163054425771817e-1 upper 5.46637888704540474559245001058212148e-2 Final circuit size: 109530 Estimated probability 0.94533621 (epsilon 0) found in 17 seconds ",
162,:,1737464091.000,154.000,0,211,0,0,"schlandals --timeout 1500 -i /data/schlandals/pwmc_benchmarks/instances/bayesian_networks/pcnf/munin/162.cnf compile | tr '\n' ' '",/data/schlandals/pwmc_benchmarks/instances/bayesian_networks/pcnf/munin/162.cnf,"lower 6.19511406568606835818441152869008069e-2 upper 9.38048779343141619313324656921619357e-1 Final circuit size: 139877 Estimated probability 0.06195114 (epsilon 0.00000007129518242443567) found in 138 seconds ",
182,:,1737464100.000,145.000,0,212,0,0,"schlandals --timeout 1500 -i /data/schlandals/pwmc_benchmarks/instances/bayesian_networks/pcnf/munin/182.cnf compile | tr '\n' ' '",/data/schlandals/pwmc_benchmarks/instances/bayesian_networks/pcnf/munin/182.cnf,"lower 2.14446663015153247802585055036015335e-2 upper 9.78555243698487893655919533554811053e-1 Final circuit size: 139952 Estimated probability 0.02144467 (epsilon 0.000000014167216733085297) found in 130 seconds ",
173,:,1737464098.000,147.000,0,187,0,0,"schlandals --timeout 1500 -i /data/schlandals/pwmc_benchmarks/instances/bayesian_networks/pcnf/munin/173.cnf compile | tr '\n' ' '",/data/schlandals/pwmc_benchmarks/instances/bayesian_networks/pcnf/munin/173.cnf,"lower 3.10031488904380012898472462810295289e-3 upper 9.96899605110958503646748916865231204e-1 Final circuit size: 139979 Estimated probability 0.00310031 (epsilon 0) found in 134 seconds ",
251,:,1737464245.000,1.000,0,138,0,0,"schlandals --timeout 1500 -i /data/schlandals/pwmc_benchmarks/instances/bayesian_networks/pcnf/munin/251.cnf compile | tr '\n' ' '",/data/schlandals/pwmc_benchmarks/instances/bayesian_networks/pcnf/munin/251.cnf,"lower 0 upper 1.00000000000000000000000000000000000 Final circuit size: 0 Estimated probability 0.00000000 (epsilon 0) found in 0 seconds ",
249,:,1737464245.000,1.000,0,183,0,0,"schlandals --timeout 1500 -i /data/schlandals/pwmc_benchmarks/instances/bayesian_networks/pcnf/munin/249.cnf compile | tr '\n' ' '",/data/schlandals/pwmc_benchmarks/instances/bayesian_networks/pcnf/munin/249.cnf,"lower 9.02144232250086126101959418008315699e-1 upper 9.78557677499139709230520772414740173e-2 Final circuit size: 8792 Estimated probability 0.90214423 (epsilon 0) found in 0 seconds ",
250,:,1737464245.000,1.000,0,183,0,0,"schlandals --timeout 1500 -i /data/schlandals/pwmc_benchmarks/instances/bayesian_networks/pcnf/munin/250.cnf compile | tr '\n' ' '",/data/schlandals/pwmc_benchmarks/instances/bayesian_networks/pcnf/munin/250.cnf,"lower 9.78557677499140143908993300365478152e-2 upper 9.02144232250086082634112165213241817e-1 Final circuit size: 8792 Estimated probability 0.09785577 (epsilon 0) found in 0 seconds ",
229,:,1737464227.000,19.000,0,186,0,0,"schlandals --timeout 1500 -i /data/schlandals/pwmc_benchmarks/instances/bayesian_networks/pcnf/munin/229.cnf compile | tr '\n' ' '",/data/schlandals/pwmc_benchmarks/instances/bayesian_networks/pcnf/munin/229.cnf,"lower 2.25643895878110767235498430425917404e-2 upper 9.77435610412189101386537711489001283e-1 Final circuit size: 109530 Estimated probability 0.02256439 (epsilon 0) found in 17 seconds ",
252,:,1737464245.000,2.000,0,138,0,0,"schlandals --timeout 1500 -i /data/schlandals/pwmc_benchmarks/instances/bayesian_networks/pcnf/munin/252.cnf compile | tr '\n' ' '",/data/schlandals/pwmc_benchmarks/instances/bayesian_networks/pcnf/munin/252.cnf,"lower 0 upper 1.00000000000000000000000000000000000 Final circuit size: 0 Estimated probability 0.00000000 (epsilon 0) found in 0 seconds ",
253,:,1737464246.000,1.000,0,138,0,0,"schlandals --timeout 1500 -i /data/schlandals/pwmc_benchmarks/instances/bayesian_networks/pcnf/munin/253.cnf compile | tr '\n' ' '",/data/schlandals/pwmc_benchmarks/instances/bayesian_networks/pcnf/munin/253.cnf,"lower 0 upper 1.00000000000000000000000000000000000 Final circuit size: 0 Estimated probability 0.00000000 (epsilon 0) found in 0 seconds ",
236,:,1737464234.000,13.000,0,186,0,0,"schlandals --timeout 1500 -i /data/schlandals/pwmc_benchmarks/instances/bayesian_networks/pcnf/munin/236.cnf compile | tr '\n' ' '",/data/schlandals/pwmc_benchmarks/instances/bayesian_networks/pcnf/munin/236.cnf,"lower 2.00618254797146733382187689104350285e-2 upper 9.79938174520285504866780388342010340e-1 Final circuit size: 109459 Estimated probability 0.02006183 (epsilon 0) found in 11 seconds ",
197,:,1737464113.000,134.000,0,210,0,0,"schlandals --timeout 1500 -i /data/schlandals/pwmc_benchmarks/instances/bayesian_networks/pcnf/munin/197.cnf compile | tr '\n' ' '",/data/schlandals/pwmc_benchmarks/instances/bayesian_networks/pcnf/munin/197.cnf,"lower 4.45180988564607248617719858987683309e-5 upper 9.99955391901146755980639744485007980e-1 Final circuit size: 139582 Estimated probability 0.00004452 (epsilon 0.0000007473122836110235) found in 124 seconds ",
254,:,1737464246.000,1.000,0,138,0,0,"schlandals --timeout 1500 -i /data/schlandals/pwmc_benchmarks/instances/bayesian_networks/pcnf/munin/254.cnf compile | tr '\n' ' '",/data/schlandals/pwmc_benchmarks/instances/bayesian_networks/pcnf/munin/254.cnf,"lower 0 upper 1.00000000000000000000000000000000000 Final circuit size: 0 Estimated probability 0.00000000 (epsilon 0) found in 0 seconds ",
230,:,1737464229.000,19.000,0,186,0,0,"schlandals --timeout 1500 -i /data/schlandals/pwmc_benchmarks/instances/bayesian_networks/pcnf/munin/230.cnf compile | tr '\n' ' '",/data/schlandals/pwmc_benchmarks/instances/bayesian_networks/pcnf/munin/230.cnf,"lower 1.07446413972713634591539658979150191e-2 upper 9.89255358602728814650933588633677980e-1 Final circuit size: 109530 Estimated probability 0.01074464 (epsilon 0) found in 16 seconds ",
199,:,1737464116.000,132.000,0,187,0,0,"schlandals --timeout 1500 -i /data/schlandals/pwmc_benchmarks/instances/bayesian_networks/pcnf/munin/199.cnf compile | tr '\n' ' '",/data/schlandals/pwmc_benchmarks/instances/bayesian_networks/pcnf/munin/199.cnf,"lower 7.33688708563058236667310240232665859e-1 upper 2.66311231436943057788770750374758203e-1 Final circuit size: 139647 Estimated probability 0.73368871 (epsilon 0) found in 120 seconds ",
263,:,1737464248.000,1.000,0,183,0,0,"schlandals --timeout 1500 -i /data/schlandals/pwmc_benchmarks/instances/bayesian_networks/pcnf/munin/263.cnf compile | tr '\n' ' '",/data/schlandals/pwmc_benchmarks/instances/bayesian_networks/pcnf/munin/263.cnf,"lower 5.00000000000000081177720795411195093e-1 upper 5.00000000000000081177720795411195093e-1 Final circuit size: 1596 Estimated probability 0.50000000 (epsilon 0) found in 0 seconds ",
231,:,1737464230.000,19.000,0,186,0,0,"schlandals --timeout 1500 -i /data/schlandals/pwmc_benchmarks/instances/bayesian_networks/pcnf/munin/231.cnf compile | tr '\n' ' '",/data/schlandals/pwmc_benchmarks/instances/bayesian_networks/pcnf/munin/231.cnf,"lower 1.35475788537160237153713399013170368e-3 upper 9.98645242114628575738550420541461412e-1 Final circuit size: 109530 Estimated probability 0.00135476 (epsilon 0) found in 17 seconds ",
264,:,1737464249.000,1.000,0,183,0,0,"schlandals --timeout 1500 -i /data/schlandals/pwmc_benchmarks/instances/bayesian_networks/pcnf/munin/264.cnf compile | tr '\n' ' '",/data/schlandals/pwmc_benchmarks/instances/bayesian_networks/pcnf/munin/264.cnf,"lower 5.00000000000000081177720795411195093e-1 upper 5.00000000000000081177720795411195093e-1 Final circuit size: 1596 Estimated probability 0.50000000 (epsilon 0) found in 0 seconds ",
265,:,1737464249.000,1.000,0,183,0,0,"schlandals --timeout 1500 -i /data/schlandals/pwmc_benchmarks/instances/bayesian_networks/pcnf/munin/265.cnf compile | tr '\n' ' '",/data/schlandals/pwmc_benchmarks/instances/bayesian_networks/pcnf/munin/265.cnf,"lower 5.00000000000000081177720795411195093e-1 upper 5.00000000000000118647747876510234360e-1 Final circuit size: 1596 Estimated probability 0.50000000 (epsilon 0) found in 0 seconds ",
266,:,1737464250.000,0.000,0,183,0,0,"schlandals --timeout 1500 -i /data/schlandals/pwmc_benchmarks/instances/bayesian_networks/pcnf/munin/266.cnf compile | tr '\n' ' '",/data/schlandals/pwmc_benchmarks/instances/bayesian_networks/pcnf/munin/266.cnf,"lower 5.00000000000000081177720795411195093e-1 upper 5.00000000000000118647747876510234360e-1 Final circuit size: 1596 Estimated probability 0.50000000 (epsilon 0) found in 0 seconds ",
267,:,1737464250.000,1.000,0,183,0,0,"schlandals --timeout 1500 -i /data/schlandals/pwmc_benchmarks/instances/bayesian_networks/pcnf/munin/267.cnf compile | tr '\n' ' '",/data/schlandals/pwmc_benchmarks/instances/bayesian_networks/pcnf/munin/267.cnf,"lower 5.00000000000000081173331945016973811e-1 upper 5.00000000000000081173331945016973811e-1 Final circuit size: 1596 Estimated probability 0.50000000 (epsilon 0) found in 0 seconds ",
232,:,1737464231.000,20.000,0,186,0,0,"schlandals --timeout 1500 -i /data/schlandals/pwmc_benchmarks/instances/bayesian_networks/pcnf/munin/232.cnf compile | tr '\n' ' '",/data/schlandals/pwmc_benchmarks/instances/bayesian_networks/pcnf/munin/232.cnf,"lower 2.00000000000000048632443580732374675e-2 upper 9.80000000000000173246843196458355525e-1 Final circuit size: 109530 Estimated probability 0.02000000 (epsilon 0) found in 17 seconds ",
234,:,1737464233.000,18.000,0,186,0,0,"schlandals --timeout 1500 -i /data/schlandals/pwmc_benchmarks/instances/bayesian_networks/pcnf/munin/234.cnf compile | tr '\n' ' '",/data/schlandals/pwmc_benchmarks/instances/bayesian_networks/pcnf/munin/234.cnf,"lower 2.08891926516130951879891977887219590e-2 upper 9.79110807348387083017009959463723431e-1 Final circuit size: 109459 Estimated probability 0.02088919 (epsilon 0) found in 16 seconds ",
268,:,1737464250.000,1.000,0,183,0,0,"schlandals --timeout 1500 -i /data/schlandals/pwmc_benchmarks/instances/bayesian_networks/pcnf/munin/268.cnf compile | tr '\n' ' '",/data/schlandals/pwmc_benchmarks/instances/bayesian_networks/pcnf/munin/268.cnf,"lower 5.00000000000000081173331945016973811e-1 upper 5.00000000000000081173331945016973811e-1 Final circuit size: 1596 Estimated probability 0.50000000 (epsilon 0) found in 0 seconds ",
194,:,1737464110.000,141.000,0,211,0,0,"schlandals --timeout 1500 -i /data/schlandals/pwmc_benchmarks/instances/bayesian_networks/pcnf/munin/194.cnf compile | tr '\n' ' '",/data/schlandals/pwmc_benchmarks/instances/bayesian_networks/pcnf/munin/194.cnf,"lower 1.28655683658010574072001084880222578e-3 upper 9.98713353163423113272353531903163294e-1 Final circuit size: 139538 Estimated probability 0.00128656 (epsilon 0.00000032373601532853513) found in 125 seconds ",
237,:,1737464238.000,14.000,0,186,0,0,"schlandals --timeout 1500 -i /data/schlandals/pwmc_benchmarks/instances/bayesian_networks/pcnf/munin/237.cnf compile | tr '\n' ' '",/data/schlandals/pwmc_benchmarks/instances/bayesian_networks/pcnf/munin/237.cnf,"lower 9.44883736158537008374006382977686530e-1 upper 5.51162638414631697360811715539063516e-2 Final circuit size: 109546 Estimated probability 0.94488374 (epsilon 0) found in 12 seconds ",
235,:,1737464233.000,19.000,0,186,0,0,"schlandals --timeout 1500 -i /data/schlandals/pwmc_benchmarks/instances/bayesian_networks/pcnf/munin/235.cnf compile | tr '\n' ' '",/data/schlandals/pwmc_benchmarks/instances/bayesian_networks/pcnf/munin/235.cnf,"lower 1.02088935234961123825170959544779794e-2 upper 9.89791106476504065822482061297967385e-1 Final circuit size: 109459 Estimated probability 0.01020889 (epsilon 0) found in 17 seconds ",
239,:,1737464238.000,14.000,0,186,0,0,"schlandals --timeout 1500 -i /data/schlandals/pwmc_benchmarks/instances/bayesian_networks/pcnf/munin/239.cnf compile | tr '\n' ' '",/data/schlandals/pwmc_benchmarks/instances/bayesian_networks/pcnf/munin/239.cnf,"lower 1.09837363940440194645621221540879773e-2 upper 9.89016263605956158645525432377505037e-1 Final circuit size: 109506 Estimated probability 0.01098374 (epsilon 0) found in 11 seconds ",
191,:,1737464108.000,145.000,0,211,0,0,"schlandals --timeout 1500 -i /data/schlandals/pwmc_benchmarks/instances/bayesian_networks/pcnf/munin/191.cnf compile | tr '\n' ' '",/data/schlandals/pwmc_benchmarks/instances/bayesian_networks/pcnf/munin/191.cnf,"lower 7.02395954167423681771501211701933256e-3 upper 9.92975950458328982240560668924122960e-1 Final circuit size: 139476 Estimated probability 0.00702396 (epsilon 0.00000005929773005952654) found in 134 seconds ",
243,:,1737464242.000,12.000,0,186,0,0,"schlandals --timeout 1500 -i /data/schlandals/pwmc_benchmarks/instances/bayesian_networks/pcnf/munin/243.cnf compile | tr '\n' ' '",/data/schlandals/pwmc_benchmarks/instances/bayesian_networks/pcnf/munin/243.cnf,"lower 5.30332784029922440176035801620895077e-2 upper 9.46966721597007838967427603807656650e-1 Final circuit size: 109498 Estimated probability 0.05303328 (epsilon 0) found in 10 seconds ",
192,:,1737464108.000,146.000,0,211,0,0,"schlandals --timeout 1500 -i /data/schlandals/pwmc_benchmarks/instances/bayesian_networks/pcnf/munin/192.cnf compile | tr '\n' ' '",/data/schlandals/pwmc_benchmarks/instances/bayesian_networks/pcnf/munin/192.cnf,"lower 3.97819888655073484559947223683362402e-3 upper 9.96021711113452483651322430412978037e-1 Final circuit size: 139627 Estimated probability 0.00397820 (epsilon 0.00000010469683431324484) found in 129 seconds ",
184,:,1737464103.000,151.000,0,212,0,0,"schlandals --timeout 1500 -i /data/schlandals/pwmc_benchmarks/instances/bayesian_networks/pcnf/munin/184.cnf compile | tr '\n' ' '",/data/schlandals/pwmc_benchmarks/instances/bayesian_networks/pcnf/munin/184.cnf,"lower 1.69379961613933791498239596097453536e-1 upper 8.30619948386069425317871234370085076e-1 Final circuit size: 139866 Estimated probability 0.16937996 (epsilon 0.000000002858409509087778) found in 135 seconds ",
198,:,1737464115.000,139.000,0,187,0,0,"schlandals --timeout 1500 -i /data/schlandals/pwmc_benchmarks/instances/bayesian_networks/pcnf/munin/198.cnf compile | tr '\n' ' '",/data/schlandals/pwmc_benchmarks/instances/bayesian_networks/pcnf/munin/198.cnf,"lower 1.13348797527707975105142061686104275e-1 upper 8.86651142472293318490554642828073287e-1 Final circuit size: 139687 Estimated probability 0.11334880 (epsilon 0) found in 127 seconds ",
188,:,1737464106.000,148.000,0,212,0,0,"schlandals --timeout 1500 -i /data/schlandals/pwmc_benchmarks/instances/bayesian_networks/pcnf/munin/188.cnf compile | tr '\n' ' '",/data/schlandals/pwmc_benchmarks/instances/bayesian_networks/pcnf/munin/188.cnf,"lower 5.60205282101252368106438819586742655e-2 upper 9.43979381789877981728130319931125732e-1 Final circuit size: 139830 Estimated probability 0.05602053 (epsilon 0.000000008642497828503792) found in 131 seconds ",
190,:,1737464107.000,149.000,0,212,0,0,"schlandals --timeout 1500 -i /data/schlandals/pwmc_benchmarks/instances/bayesian_networks/pcnf/munin/190.cnf compile | tr '\n' ' '",/data/schlandals/pwmc_benchmarks/instances/bayesian_networks/pcnf/munin/190.cnf,"lower 1.19166845635228539293639788440360033e-2 upper 9.88083225436480365117302623867838504e-1 Final circuit size: 140089 Estimated probability 0.01191668 (epsilon 0.000000040628521880137214) found in 132 seconds ",
241,:,1737464239.000,17.000,0,186,0,0,"schlandals --timeout 1500 -i /data/schlandals/pwmc_benchmarks/instances/bayesian_networks/pcnf/munin/241.cnf compile | tr '\n' ' '",/data/schlandals/pwmc_benchmarks/instances/bayesian_networks/pcnf/munin/241.cnf,"lower 2.00262621506752622704078578805452113e-2 upper 9.79973737849324915839679696651047770e-1 Final circuit size: 109481 Estimated probability 0.02002626 (epsilon 0) found in 15 seconds ",
200,:,1737464118.000,138.000,0,187,0,0,"schlandals --timeout 1500 -i /data/schlandals/pwmc_benchmarks/instances/bayesian_networks/pcnf/munin/200.cnf compile | tr '\n' ' '",/data/schlandals/pwmc_benchmarks/instances/bayesian_networks/pcnf/munin/200.cnf,"lower 1.52962493907296541235190329591690470e-1 upper 8.47037446092704753979886014039265508e-1 Final circuit size: 139405 Estimated probability 0.15296249 (epsilon 0) found in 126 seconds ",
195,:,1737464110.000,146.000,0,210,0,0,"schlandals --timeout 1500 -i /data/schlandals/pwmc_benchmarks/instances/bayesian_networks/pcnf/munin/195.cnf compile | tr '\n' ' '",/data/schlandals/pwmc_benchmarks/instances/bayesian_networks/pcnf/munin/195.cnf,"lower 6.80983559397852698735644771091255998e-4 upper 9.99318926440605366296119594773189859e-1 Final circuit size: 139528 Estimated probability 0.00068098 (epsilon 0.0000002589118410778468) found in 130 seconds ",
238,:,1737464238.000,20.000,0,186,0,0,"schlandals --timeout 1500 -i /data/schlandals/pwmc_benchmarks/instances/bayesian_networks/pcnf/munin/238.cnf compile | tr '\n' ' '",/data/schlandals/pwmc_benchmarks/instances/bayesian_networks/pcnf/munin/238.cnf,"lower 2.27017187507171103981133912403821590e-2 upper 9.77298281249283067711974163291211002e-1 Final circuit size: 109506 Estimated probability 0.02270172 (epsilon 0) found in 17 seconds ",
240,:,1737464239.000,19.000,0,186,0,0,"schlandals --timeout 1500 -i /data/schlandals/pwmc_benchmarks/instances/bayesian_networks/pcnf/munin/240.cnf compile | tr '\n' ' '",/data/schlandals/pwmc_benchmarks/instances/bayesian_networks/pcnf/munin/240.cnf,"lower 1.40454654602677785365934306466235807e-3 upper 9.98595453453973400256428211466930688e-1 Final circuit size: 109354 Estimated probability 0.00140455 (epsilon 0) found in 17 seconds ",
193,:,1737464110.000,149.000,0,211,0,0,"schlandals --timeout 1500 -i /data/schlandals/pwmc_benchmarks/instances/bayesian_networks/pcnf/munin/193.cnf compile | tr '\n' ' '",/data/schlandals/pwmc_benchmarks/instances/bayesian_networks/pcnf/munin/193.cnf,"lower 2.25741075281806655065848177097854405e-3 upper 9.97742499247185152239052146882212552e-1 Final circuit size: 139755 Estimated probability 0.00225741 (epsilon 0.00000018450555061555463) found in 133 seconds ",
242,:,1737464240.000,20.000,0,186,0,0,"schlandals --timeout 1500 -i /data/schlandals/pwmc_benchmarks/instances/bayesian_networks/pcnf/munin/242.cnf compile | tr '\n' ' '",/data/schlandals/pwmc_benchmarks/instances/bayesian_networks/pcnf/munin/242.cnf,"lower 9.44959855582907016680053069836030660e-1 upper 5.50401444170930663049781141337154561e-2 Final circuit size: 109567 Estimated probability 0.94495986 (epsilon 0) found in 17 seconds ",
245,:,1737464242.000,18.000,0,186,0,0,"schlandals --timeout 1500 -i /data/schlandals/pwmc_benchmarks/instances/bayesian_networks/pcnf/munin/245.cnf compile | tr '\n' ' '",/data/schlandals/pwmc_benchmarks/instances/bayesian_networks/pcnf/munin/245.cnf,"lower 4.85849787492262012213663452930843136e-4 upper 9.99514150212507545723984927280451288e-1 Final circuit size: 102263 Estimated probability 0.00048585 (epsilon 0) found in 15 seconds ",
244,:,1737464242.000,19.000,0,186,0,0,"schlandals --timeout 1500 -i /data/schlandals/pwmc_benchmarks/instances/bayesian_networks/pcnf/munin/244.cnf compile | tr '\n' ' '",/data/schlandals/pwmc_benchmarks/instances/bayesian_networks/pcnf/munin/244.cnf,"lower 1.52101622660865808791272069996217935e-3 upper 9.98478983773391149648285870033419694e-1 Final circuit size: 102263 Estimated probability 0.00152102 (epsilon 0) found in 16 seconds ",
269,:,1737464251.000,12.000,0,184,0,0,"schlandals --timeout 1500 -i /data/schlandals/pwmc_benchmarks/instances/bayesian_networks/pcnf/munin/269.cnf compile | tr '\n' ' '",/data/schlandals/pwmc_benchmarks/instances/bayesian_networks/pcnf/munin/269.cnf,"lower 1.94808353129500026585844912019517746e-3 upper 9.98051600659359724388615672123726723e-1 Final circuit size: 5926 Estimated probability 0.00194808 (epsilon 0) found in 10 seconds ",
248,:,1737464244.000,23.000,0,186,0,0,"schlandals --timeout 1500 -i /data/schlandals/pwmc_benchmarks/instances/bayesian_networks/pcnf/munin/248.cnf compile | tr '\n' ' '",/data/schlandals/pwmc_benchmarks/instances/bayesian_networks/pcnf/munin/248.cnf,"lower 1.70252615740865049058012167336025873e-2 upper 9.82974738425913462663832780087282254e-1 Final circuit size: 208479 Estimated probability 0.01702526 (epsilon 0) found in 21 seconds ",
270,:,1737464251.000,16.000,0,210,0,0,"schlandals --timeout 1500 -i /data/schlandals/pwmc_benchmarks/instances/bayesian_networks/pcnf/munin/270.cnf compile | tr '\n' ' '",/data/schlandals/pwmc_benchmarks/instances/bayesian_networks/pcnf/munin/270.cnf,"lower 1.33438004178406276688479531901181936e-3 upper 9.98665484342956279052117132922256165e-1 Final circuit size: 24901 Estimated probability 0.00133438 (epsilon 0.000000007321282247119143) found in 14 seconds ",
247,:,1737464244.000,24.000,0,186,0,0,"schlandals --timeout 1500 -i /data/schlandals/pwmc_benchmarks/instances/bayesian_networks/pcnf/munin/247.cnf compile | tr '\n' ' '",/data/schlandals/pwmc_benchmarks/instances/bayesian_networks/pcnf/munin/247.cnf,"lower 8.48490258098049230167397958561492543e-2 upper 9.15150974190195200610064892884788035e-1 Final circuit size: 210188 Estimated probability 0.08484903 (epsilon 0) found in 22 seconds ",
246,:,1737464242.000,27.000,0,186,0,0,"schlandals --timeout 1500 -i /data/schlandals/pwmc_benchmarks/instances/bayesian_networks/pcnf/munin/246.cnf compile | tr '\n' ' '",/data/schlandals/pwmc_benchmarks/instances/bayesian_networks/pcnf/munin/246.cnf,"lower 8.98125712616108767923768135139436598e-1 upper 1.01874287383891355703036553601500499e-1 Final circuit size: 210188 Estimated probability 0.89812571 (epsilon 0) found in 24 seconds ",
272,:,1737464251.000,21.000,0,209,0,0,"schlandals --timeout 1500 -i /data/schlandals/pwmc_benchmarks/instances/bayesian_networks/pcnf/munin/272.cnf compile | tr '\n' ' '",/data/schlandals/pwmc_benchmarks/instances/bayesian_networks/pcnf/munin/272.cnf,"lower 2.64461548442642198449122288998892358e-3 upper 9.97355259080097204943850262638290163e-1 Final circuit size: 32009 Estimated probability 0.00264462 (epsilon 0.00000001845519559395825) found in 18 seconds ",
277,:,1737464253.000,22.000,0,211,0,0,"schlandals --timeout 1500 -i /data/schlandals/pwmc_benchmarks/instances/bayesian_networks/pcnf/munin/277.cnf compile | tr '\n' ' '",/data/schlandals/pwmc_benchmarks/instances/bayesian_networks/pcnf/munin/277.cnf,"lower 3.27537724375715034157677783461993137e-1 upper 6.72462215121119278714933926479702576e-1 Final circuit size: 34433 Estimated probability 0.32753772 (epsilon 0.0000000010490286417308425) found in 17 seconds ",
273,:,1737464251.000,24.000,0,209,0,0,"schlandals --timeout 1500 -i /data/schlandals/pwmc_benchmarks/instances/bayesian_networks/pcnf/munin/273.cnf compile | tr '\n' ' '",/data/schlandals/pwmc_benchmarks/instances/bayesian_networks/pcnf/munin/273.cnf,"lower 8.75773376628679703399236886260472256e-3 upper 9.91242201075358882572434685977186676e-1 Final circuit size: 34244 Estimated probability 0.00875773 (epsilon 0.00000003046795149508341) found in 19 seconds ",
271,:,1737464251.000,24.000,0,210,0,0,"schlandals --timeout 1500 -i /data/schlandals/pwmc_benchmarks/instances/bayesian_networks/pcnf/munin/271.cnf compile | tr '\n' ' '",/data/schlandals/pwmc_benchmarks/instances/bayesian_networks/pcnf/munin/271.cnf,"lower 2.04127522472941480080261323767798985e-3 upper 9.97958593323901619599363366193632658e-1 Final circuit size: 30331 Estimated probability 0.00204128 (epsilon 0.000000008183767663538788) found in 20 seconds ",
301,:,1737464275.000,1.000,0,182,0,0,"schlandals --timeout 1500 -i /data/schlandals/pwmc_benchmarks/instances/bayesian_networks/pcnf/munin/301.cnf compile | tr '\n' ' '",/data/schlandals/pwmc_benchmarks/instances/bayesian_networks/pcnf/munin/301.cnf,"lower 1.81185000000000025452645672524277529e-5 upper 9.99981532774361155585372789576693326e-1 Final circuit size: 340 Estimated probability 0.00001812 (epsilon 0) found in 0 seconds ",
274,:,1737464252.000,25.000,0,209,0,0,"schlandals --timeout 1500 -i /data/schlandals/pwmc_benchmarks/instances/bayesian_networks/pcnf/munin/274.cnf compile | tr '\n' ' '",/data/schlandals/pwmc_benchmarks/instances/bayesian_networks/pcnf/munin/274.cnf,"lower 1.65107735140967322329240781106984917e-2 upper 9.83489165280912306026750716743537075e-1 Final circuit size: 34434 Estimated probability 0.01651077 (epsilon 0.00000001616097677903383) found in 21 seconds ",
302,:,1737464276.000,2.000,0,183,0,0,"schlandals --timeout 1500 -i /data/schlandals/pwmc_benchmarks/instances/bayesian_networks/pcnf/munin/302.cnf compile | tr '\n' ' '",/data/schlandals/pwmc_benchmarks/instances/bayesian_networks/pcnf/munin/302.cnf,"lower 9.80122324040617533737326632530379728e-5 upper 9.99901783033336573964507500649011135e-1 Final circuit size: 1228 Estimated probability 0.00009801 (epsilon 0) found in 0 seconds ",
278,:,1737464254.000,24.000,0,210,0,0,"schlandals --timeout 1500 -i /data/schlandals/pwmc_benchmarks/instances/bayesian_networks/pcnf/munin/278.cnf compile | tr '\n' ' '",/data/schlandals/pwmc_benchmarks/instances/bayesian_networks/pcnf/munin/278.cnf,"lower 1.22628693377453480763622193929955535e-1 upper 8.77371246114879500862829548874305509e-1 Final circuit size: 34287 Estimated probability 0.12262869 (epsilon 0.000000002801925358397739) found in 21 seconds ",
275,:,1737464252.000,26.000,0,211,0,0,"schlandals --timeout 1500 -i /data/schlandals/pwmc_benchmarks/instances/bayesian_networks/pcnf/munin/275.cnf compile | tr '\n' ' '",/data/schlandals/pwmc_benchmarks/instances/bayesian_networks/pcnf/munin/275.cnf,"lower 1.12134383421430326372501704120677390e-1 upper 8.87865556317052169955066144088266325e-1 Final circuit size: 34929 Estimated probability 0.11213438 (epsilon 0.0000000030641487125393496) found in 21 seconds ",
276,:,1737464252.000,26.000,0,211,0,0,"schlandals --timeout 1500 -i /data/schlandals/pwmc_benchmarks/instances/bayesian_networks/pcnf/munin/276.cnf compile | tr '\n' ' '",/data/schlandals/pwmc_benchmarks/instances/bayesian_networks/pcnf/munin/276.cnf,"lower 3.71522093906270401128599765576967897e-1 upper 6.28477845831142134015724197007690868e-1 Final circuit size: 34512 Estimated probability 0.37152209 (epsilon 0.0000000009248344312595691) found in 22 seconds ",
303,:,1737464277.000,1.000,0,183,0,0,"schlandals --timeout 1500 -i /data/schlandals/pwmc_benchmarks/instances/bayesian_networks/pcnf/munin/303.cnf compile | tr '\n' ' '",/data/schlandals/pwmc_benchmarks/instances/bayesian_networks/pcnf/munin/303.cnf,"lower 1.43975731338652124181147465929099428e-3 upper 9.98560170261270670250000916462751422e-1 Final circuit size: 1595 Estimated probability 0.00143976 (epsilon 0) found in 0 seconds ",
305,:,1737464278.000,1.000,0,209,0,0,"schlandals --timeout 1500 -i /data/schlandals/pwmc_benchmarks/instances/bayesian_networks/pcnf/munin/305.cnf compile | tr '\n' ' '",/data/schlandals/pwmc_benchmarks/instances/bayesian_networks/pcnf/munin/305.cnf,"lower 4.24137879362905417902629336851931836e-1 upper 5.75862050635828615801056836650960668e-1 Final circuit size: 1831 Estimated probability 0.42413788 (epsilon 0.0000000003887796751200767) found in 0 seconds ",
279,:,1737464254.000,25.000,0,210,0,0,"schlandals --timeout 1500 -i /data/schlandals/pwmc_benchmarks/instances/bayesian_networks/pcnf/munin/279.cnf compile | tr '\n' ' '",/data/schlandals/pwmc_benchmarks/instances/bayesian_networks/pcnf/munin/279.cnf,"lower 3.04761868376644056998593137285452335e-2 upper 9.69523751875940419597044353567299637e-1 Final circuit size: 33849 Estimated probability 0.03047619 (epsilon 0.000000011046674019965508) found in 20 seconds ",
306,:,1737464278.000,1.000,0,209,0,0,"schlandals --timeout 1500 -i /data/schlandals/pwmc_benchmarks/instances/bayesian_networks/pcnf/munin/306.cnf compile | tr '\n' ' '",/data/schlandals/pwmc_benchmarks/instances/bayesian_networks/pcnf/munin/306.cnf,"lower 3.44052407801049202447158698449668206e-1 upper 6.55947522197684848998170964363697365e-1 Final circuit size: 1735 Estimated probability 0.34405241 (epsilon 0.0000000004792763963479274) found in 0 seconds ",
304,:,1737464278.000,1.000,0,209,0,0,"schlandals --timeout 1500 -i /data/schlandals/pwmc_benchmarks/instances/bayesian_networks/pcnf/munin/304.cnf compile | tr '\n' ' '",/data/schlandals/pwmc_benchmarks/instances/bayesian_networks/pcnf/munin/304.cnf,"lower 9.40981756554197083399755211991545367e-2 upper 9.05901754032094701659035001343759572e-1 Final circuit size: 1770 Estimated probability 0.09409818 (epsilon 0.0000000017279311315121504) found in 0 seconds ",
284,:,1737464256.000,23.000,0,210,0,0,"schlandals --timeout 1500 -i /data/schlandals/pwmc_benchmarks/instances/bayesian_networks/pcnf/munin/284.cnf compile | tr '\n' ' '",/data/schlandals/pwmc_benchmarks/instances/bayesian_networks/pcnf/munin/284.cnf,"lower 4.10889296493240551466703160655167116e-3 upper 9.91307745624726096222670542190272912e-1 Final circuit size: 41362 Estimated probability 0.00410889 (epsilon 0.000000020041479142918206) found in 18 seconds ",
307,:,1737464278.000,1.000,0,209,0,0,"schlandals --timeout 1500 -i /data/schlandals/pwmc_benchmarks/instances/bayesian_networks/pcnf/munin/307.cnf compile | tr '\n' ' '",/data/schlandals/pwmc_benchmarks/instances/bayesian_networks/pcnf/munin/307.cnf,"lower 1.00350921778078868444521758741382555e-1 upper 8.99649008220391233976397196762763648e-1 Final circuit size: 1680 Estimated probability 0.10035092 (epsilon 0.0000000016431953575590796) found in 0 seconds ",
309,:,1737464279.000,1.000,0,208,0,0,"schlandals --timeout 1500 -i /data/schlandals/pwmc_benchmarks/instances/bayesian_networks/pcnf/munin/309.cnf compile | tr '\n' ' '",/data/schlandals/pwmc_benchmarks/instances/bayesian_networks/pcnf/munin/309.cnf,"lower 6.79682940826411717998278347329717717e-3 upper 9.93203100558002313486260116342555425e-1 Final circuit size: 1676 Estimated probability 0.00679683 (epsilon 0.000000024260743414217245) found in 0 seconds ",
311,:,1737464279.000,1.000,0,207,0,0,"schlandals --timeout 1500 -i /data/schlandals/pwmc_benchmarks/instances/bayesian_networks/pcnf/munin/311.cnf compile | tr '\n' ' '",/data/schlandals/pwmc_benchmarks/instances/bayesian_networks/pcnf/munin/311.cnf,"lower 1.86668761330793885648938210089112549e-3 upper 9.98133242111256523669028156005808323e-1 Final circuit size: 1472 Estimated probability 0.00186669 (epsilon 0.00000008833624431936471) found in 0 seconds ",
308,:,1737464278.000,2.000,0,208,0,0,"schlandals --timeout 1500 -i /data/schlandals/pwmc_benchmarks/instances/bayesian_networks/pcnf/munin/308.cnf compile | tr '\n' ' '",/data/schlandals/pwmc_benchmarks/instances/bayesian_networks/pcnf/munin/308.cnf,"lower 2.30265068797378525245237031601639490e-2 upper 9.76973423117638315199392989013995143e-1 Final circuit size: 1773 Estimated probability 0.02302651 (epsilon 0.000000007161145232359445) found in 0 seconds ",
310,:,1737464279.000,1.000,0,208,0,0,"schlandals --timeout 1500 -i /data/schlandals/pwmc_benchmarks/instances/bayesian_networks/pcnf/munin/310.cnf compile | tr '\n' ' '",/data/schlandals/pwmc_benchmarks/instances/bayesian_networks/pcnf/munin/310.cnf,"lower 3.42551428773513163964031164148358746e-3 upper 9.96574415656948091972954288830041387e-1 Final circuit size: 1524 Estimated probability 0.00342551 (epsilon 0.000000048137630548339416) found in 0 seconds ",
280,:,1737464254.000,26.000,0,209,0,0,"schlandals --timeout 1500 -i /data/schlandals/pwmc_benchmarks/instances/bayesian_networks/pcnf/munin/280.cnf compile | tr '\n' ' '",/data/schlandals/pwmc_benchmarks/instances/bayesian_networks/pcnf/munin/280.cnf,"lower 2.46405582165498787381602510499842097e-3 upper 9.97535882745746080777351160518608293e-1 Final circuit size: 33009 Estimated probability 0.00246406 (epsilon 0.00000004342031156845394) found in 22 seconds ",
312,:,1737464279.000,1.000,0,208,0,0,"schlandals --timeout 1500 -i /data/schlandals/pwmc_benchmarks/instances/bayesian_networks/pcnf/munin/312.cnf compile | tr '\n' ' '",/data/schlandals/pwmc_benchmarks/instances/bayesian_networks/pcnf/munin/312.cnf,"lower 6.89188827918817418075875607231460523e-4 upper 9.99310610103801588640364216154121603e-1 Final circuit size: 1348 Estimated probability 0.00068919 (epsilon 0.000000004864303848606255) found in 0 seconds ",
316,:,1737464280.000,4.000,0,207,0,0,"schlandals --timeout 1500 -i /data/schlandals/pwmc_benchmarks/instances/bayesian_networks/pcnf/munin/316.cnf compile | tr '\n' ' '",/data/schlandals/pwmc_benchmarks/instances/bayesian_networks/pcnf/munin/316.cnf,"lower 1.06858649998068917329015393967341494e-3 upper 9.92677433874633399424435473434213267e-1 Final circuit size: 7753 Estimated probability 0.00106859 (epsilon 0.00000001614209921285692) found in 2 seconds ",
315,:,1737464280.000,4.000,0,207,0,0,"schlandals --timeout 1500 -i /data/schlandals/pwmc_benchmarks/instances/bayesian_networks/pcnf/munin/315.cnf compile | tr '\n' ' '",/data/schlandals/pwmc_benchmarks/instances/bayesian_networks/pcnf/munin/315.cnf,"lower 6.28577062993255165559093994580227994e-4 upper 9.93117453884595404803635231334800375e-1 Final circuit size: 7712 Estimated probability 0.00062858 (epsilon 0.00000002744170912727384) found in 2 seconds ",
286,:,1737464256.000,28.000,0,209,0,0,"schlandals --timeout 1500 -i /data/schlandals/pwmc_benchmarks/instances/bayesian_networks/pcnf/munin/286.cnf compile | tr '\n' ' '",/data/schlandals/pwmc_benchmarks/instances/bayesian_networks/pcnf/munin/286.cnf,"lower 3.43516880258195859437968684342886899e-3 upper 9.96564719867436136089862578260012971e-1 Final circuit size: 44117 Estimated probability 0.00343517 (epsilon 0.00000002397212361948675) found in 21 seconds ",
313,:,1737464279.000,6.000,0,208,0,0,"schlandals --timeout 1500 -i /data/schlandals/pwmc_benchmarks/instances/bayesian_networks/pcnf/munin/313.cnf compile | tr '\n' ' '",/data/schlandals/pwmc_benchmarks/instances/bayesian_networks/pcnf/munin/313.cnf,"lower 8.23893668559150067797599321531956171e-3 upper 9.91760715480582823788519272399640317e-1 Final circuit size: 2980 Estimated probability 0.00823894 (epsilon 0.000000002093623274745937) found in 4 seconds ",
314,:,1737464279.000,6.000,0,206,0,0,"schlandals --timeout 1500 -i /data/schlandals/pwmc_benchmarks/instances/bayesian_networks/pcnf/munin/314.cnf compile | tr '\n' ' '",/data/schlandals/pwmc_benchmarks/instances/bayesian_networks/pcnf/munin/314.cnf,"lower 2.87838286071542807825988020020377127e-5 upper 9.93717242474450538169880746034870902e-1 Final circuit size: 7254 Estimated probability 0.00002878 (epsilon 0.0000005992676839206013) found in 4 seconds ",
317,:,1737464280.000,6.000,0,209,0,0,"schlandals --timeout 1500 -i /data/schlandals/pwmc_benchmarks/instances/bayesian_networks/pcnf/munin/317.cnf compile | tr '\n' ' '",/data/schlandals/pwmc_benchmarks/instances/bayesian_networks/pcnf/munin/317.cnf,"lower 1.28216878174514921214349924504214870e-3 upper 9.98717668545751999500522338154861327e-1 Final circuit size: 10068 Estimated probability 0.00128217 (epsilon 0.000000025691834659724577) found in 4 seconds ",
318,:,1737464280.000,6.000,0,208,0,0,"schlandals --timeout 1500 -i /data/schlandals/pwmc_benchmarks/instances/bayesian_networks/pcnf/munin/318.cnf compile | tr '\n' ' '",/data/schlandals/pwmc_benchmarks/instances/bayesian_networks/pcnf/munin/318.cnf,"lower 1.24232134539689310631717902233664750e-3 upper 9.98757516020185934691309387936383418e-1 Final circuit size: 10005 Estimated probability 0.00124232 (epsilon 0.00000002651589992019865) found in 4 seconds ",
319,:,1737464280.000,7.000,0,207,0,0,"schlandals --timeout 1500 -i /data/schlandals/pwmc_benchmarks/instances/bayesian_networks/pcnf/munin/319.cnf compile | tr '\n' ' '",/data/schlandals/pwmc_benchmarks/instances/bayesian_networks/pcnf/munin/319.cnf,"lower 1.32357919572005478432848617116073213e-3 upper 9.98676266715731773697156037724994807e-1 Final circuit size: 10158 Estimated probability 0.00132358 (epsilon 0.0000000374645612311042) found in 4 seconds ",
320,:,1737464280.000,7.000,0,208,0,0,"schlandals --timeout 1500 -i /data/schlandals/pwmc_benchmarks/instances/bayesian_networks/pcnf/munin/320.cnf compile | tr '\n' ' '",/data/schlandals/pwmc_benchmarks/instances/bayesian_networks/pcnf/munin/320.cnf,"lower 1.54639758911773852685313103823450454e-3 upper 9.98453454673207391263164735264460712e-1 Final circuit size: 10137 Estimated probability 0.00154640 (epsilon 0.00000010388131221894525) found in 4 seconds ",
202,:,1737464167.000,120.000,0,187,0,0,"schlandals --timeout 1500 -i /data/schlandals/pwmc_benchmarks/instances/bayesian_networks/pcnf/munin/202.cnf compile | tr '\n' ' '",/data/schlandals/pwmc_benchmarks/instances/bayesian_networks/pcnf/munin/202.cnf,"lower 1.88794263253974505439467784079368053e-1 upper 8.11205676746026886070172788958874314e-1 Final circuit size: 136435 Estimated probability 0.18879426 (epsilon 0) found in 109 seconds ",
323,:,1737464284.000,4.000,0,208,0,0,"schlandals --timeout 1500 -i /data/schlandals/pwmc_benchmarks/instances/bayesian_networks/pcnf/munin/323.cnf compile | tr '\n' ' '",/data/schlandals/pwmc_benchmarks/instances/bayesian_networks/pcnf/munin/323.cnf,"lower 7.15175091731969238271161371594545612e-3 upper 9.92848168877242987920694481725336658e-1 Final circuit size: 10342 Estimated probability 0.00715175 (epsilon 0.00000008636782444781943) found in 2 seconds ",
321,:,1737464284.000,6.000,0,208,0,0,"schlandals --timeout 1500 -i /data/schlandals/pwmc_benchmarks/instances/bayesian_networks/pcnf/munin/321.cnf compile | tr '\n' ' '",/data/schlandals/pwmc_benchmarks/instances/bayesian_networks/pcnf/munin/321.cnf,"lower 1.94372318317096951992736737926652144e-3 upper 9.98056129079199279294344717781072326e-1 Final circuit size: 10301 Estimated probability 0.00194372 (epsilon 0.00000008264644635325169) found in 4 seconds ",
322,:,1737464284.000,6.000,0,208,0,0,"schlandals --timeout 1500 -i /data/schlandals/pwmc_benchmarks/instances/bayesian_networks/pcnf/munin/322.cnf compile | tr '\n' ' '",/data/schlandals/pwmc_benchmarks/instances/bayesian_networks/pcnf/munin/322.cnf,"lower 3.62106378982244510374957111121726510e-3 upper 9.96378788469344284739962663062378783e-1 Final circuit size: 10228 Estimated probability 0.00362106 (epsilon 0.00000017058002033110142) found in 4 seconds ",
288,:,1737464258.000,33.000,0,209,0,0,"schlandals --timeout 1500 -i /data/schlandals/pwmc_benchmarks/instances/bayesian_networks/pcnf/munin/288.cnf compile | tr '\n' ' '",/data/schlandals/pwmc_benchmarks/instances/bayesian_networks/pcnf/munin/288.cnf,"lower 2.73356044305840593112367875744331892e-3 upper 9.97266330183074784690174137233232717e-1 Final circuit size: 43447 Estimated probability 0.00273356 (epsilon 0.00000003012492011400525) found in 27 seconds ",
324,:,1737464285.000,6.000,0,208,0,0,"schlandals --timeout 1500 -i /data/schlandals/pwmc_benchmarks/instances/bayesian_networks/pcnf/munin/324.cnf compile | tr '\n' ' '",/data/schlandals/pwmc_benchmarks/instances/bayesian_networks/pcnf/munin/324.cnf,"lower 1.43678928035250609894344566800650379e-2 upper 9.85632026988754545570481725521618755e-1 Final circuit size: 10179 Estimated probability 0.01436789 (epsilon 0.00000004299037925648008) found in 4 seconds ",
281,:,1737464254.000,37.000,0,209,0,0,"schlandals --timeout 1500 -i /data/schlandals/pwmc_benchmarks/instances/bayesian_networks/pcnf/munin/281.cnf compile | tr '\n' ' '",/data/schlandals/pwmc_benchmarks/instances/bayesian_networks/pcnf/munin/281.cnf,"lower 8.23893668559150076145841787533704936e-3 upper 9.91760877901369722866142329194407989e-1 Final circuit size: 9116 Estimated probability 0.00823894 (epsilon 0.000000006057115475854857) found in 32 seconds ",
295,:,1737464267.000,24.000,0,210,0,0,"schlandals --timeout 1500 -i /data/schlandals/pwmc_benchmarks/instances/bayesian_networks/pcnf/munin/295.cnf compile | tr '\n' ' '",/data/schlandals/pwmc_benchmarks/instances/bayesian_networks/pcnf/munin/295.cnf,"lower 1.37573665873377556890383732331017003e-1 upper 8.62426240455204946987061389290909286e-1 Final circuit size: 43234 Estimated probability 0.13757367 (epsilon 0.000000034170612783768206) found in 19 seconds ",
325,:,1737464285.000,7.000,0,208,0,0,"schlandals --timeout 1500 -i /data/schlandals/pwmc_benchmarks/instances/bayesian_networks/pcnf/munin/325.cnf compile | tr '\n' ' '",/data/schlandals/pwmc_benchmarks/instances/bayesian_networks/pcnf/munin/325.cnf,"lower 4.28789732189930670181774714982756547e-2 upper 9.57120946579230346204338645051406739e-1 Final circuit size: 10398 Estimated probability 0.04287897 (epsilon 0.00000001440522323647997) found in 4 seconds ",
282,:,1737464254.000,38.000,0,208,0,0,"schlandals --timeout 1500 -i /data/schlandals/pwmc_benchmarks/instances/bayesian_networks/pcnf/munin/282.cnf compile | tr '\n' ' '",/data/schlandals/pwmc_benchmarks/instances/bayesian_networks/pcnf/munin/282.cnf,"lower 2.02300255945795055041214001810899431e-4 upper 9.95214280603889084148385535664640887e-1 Final circuit size: 37012 Estimated probability 0.00020230 (epsilon 0.0000002466837334402783) found in 30 seconds ",
326,:,1737464286.000,6.000,0,208,0,0,"schlandals --timeout 1500 -i /data/schlandals/pwmc_benchmarks/instances/bayesian_networks/pcnf/munin/326.cnf compile | tr '\n' ' '",/data/schlandals/pwmc_benchmarks/instances/bayesian_networks/pcnf/munin/326.cnf,"lower 1.03025395267113982782064821601864416e-1 upper 8.96974524506592589807055372462241485e-1 Final circuit size: 10142 Estimated probability 0.10302540 (epsilon 0.00000000584311421469863) found in 4 seconds ",
327,:,1737464286.000,7.000,0,210,0,0,"schlandals --timeout 1500 -i /data/schlandals/pwmc_benchmarks/instances/bayesian_networks/pcnf/munin/327.cnf compile | tr '\n' ' '",/data/schlandals/pwmc_benchmarks/instances/bayesian_networks/pcnf/munin/327.cnf,"lower 2.05845217862582255647925904961082589e-1 upper 7.94154701903935200114398900142663511e-1 Final circuit size: 10132 Estimated probability 0.20584522 (epsilon 0.0000000029244748844803325) found in 4 seconds ",
328,:,1737464287.000,6.000,0,209,0,0,"schlandals --timeout 1500 -i /data/schlandals/pwmc_benchmarks/instances/bayesian_networks/pcnf/munin/328.cnf compile | tr '\n' ' '",/data/schlandals/pwmc_benchmarks/instances/bayesian_networks/pcnf/munin/328.cnf,"lower 2.47449398458022717896600796748293058e-1 upper 7.52550521280473822353712141446452262e-1 Final circuit size: 10262 Estimated probability 0.24744940 (epsilon 0.000000002432776868843689) found in 4 seconds ",
329,:,1737464287.000,6.000,0,209,0,0,"schlandals --timeout 1500 -i /data/schlandals/pwmc_benchmarks/instances/bayesian_networks/pcnf/munin/329.cnf compile | tr '\n' ' '",/data/schlandals/pwmc_benchmarks/instances/bayesian_networks/pcnf/munin/329.cnf,"lower 2.02231351666073432773852565687354965e-1 upper 7.97768568057899925013450059741618956e-1 Final circuit size: 10132 Estimated probability 0.20223135 (epsilon 0.000000002894423367649779) found in 4 seconds ",
330,:,1737464287.000,7.000,0,209,0,0,"schlandals --timeout 1500 -i /data/schlandals/pwmc_benchmarks/instances/bayesian_networks/pcnf/munin/330.cnf compile | tr '\n' ' '",/data/schlandals/pwmc_benchmarks/instances/bayesian_networks/pcnf/munin/330.cnf,"lower 1.00430129726905722362809223612881202e-1 upper 8.99569789928871043165407588834199602e-1 Final circuit size: 10227 Estimated probability 0.10043013 (epsilon 0.000000005828362015236621) found in 4 seconds ",
283,:,1737464256.000,38.000,0,210,0,0,"schlandals --timeout 1500 -i /data/schlandals/pwmc_benchmarks/instances/bayesian_networks/pcnf/munin/283.cnf compile | tr '\n' ' '",/data/schlandals/pwmc_benchmarks/instances/bayesian_networks/pcnf/munin/283.cnf,"lower 6.12154404742650199931907662596583482e-3 upper 9.89295092272274614445794817595754688e-1 Final circuit size: 39481 Estimated probability 0.00612154 (epsilon 0.000000013452209124409364) found in 31 seconds ",
331,:,1737464288.000,7.000,0,208,0,0,"schlandals --timeout 1500 -i /data/schlandals/pwmc_benchmarks/instances/bayesian_networks/pcnf/munin/331.cnf compile | tr '\n' ' '",/data/schlandals/pwmc_benchmarks/instances/bayesian_networks/pcnf/munin/331.cnf,"lower 4.09260150598319529340557649530034228e-2 upper 9.59073904738762513946675895482103782e-1 Final circuit size: 9995 Estimated probability 0.04092602 (epsilon 0.000000014302470985327886) found in 4 seconds ",
292,:,1737464261.000,34.000,0,209,0,0,"schlandals --timeout 1500 -i /data/schlandals/pwmc_benchmarks/instances/bayesian_networks/pcnf/munin/292.cnf compile | tr '\n' ' '",/data/schlandals/pwmc_benchmarks/instances/bayesian_networks/pcnf/munin/292.cnf,"lower 1.09449795224585216352419208665449133e-2 upper 9.89054924257872819756979795475015066e-1 Final circuit size: 44078 Estimated probability 0.01094498 (epsilon 0.00000042950976597566637) found in 29 seconds ",
332,:,1737464290.000,6.000,0,208,0,0,"schlandals --timeout 1500 -i /data/schlandals/pwmc_benchmarks/instances/bayesian_networks/pcnf/munin/332.cnf compile | tr '\n' ' '",/data/schlandals/pwmc_benchmarks/instances/bayesian_networks/pcnf/munin/332.cnf,"lower 1.47697358121238998551776300225684678e-2 upper 9.85230183716240751519761602244430453e-1 Final circuit size: 10184 Estimated probability 0.01476974 (epsilon 0.00000003211219135046406) found in 4 seconds ",
285,:,1737464256.000,40.000,0,210,0,0,"schlandals --timeout 1500 -i /data/schlandals/pwmc_benchmarks/instances/bayesian_networks/pcnf/munin/285.cnf compile | tr '\n' ' '",/data/schlandals/pwmc_benchmarks/instances/bayesian_networks/pcnf/munin/285.cnf,"lower 4.00728456682407347706857546063128486e-3 upper 9.95992607150638833251777188224321176e-1 Final circuit size: 43674 Estimated probability 0.00400728 (epsilon 0.000000020549649093482003) found in 33 seconds ",
293,:,1737464263.000,34.000,0,209,0,0,"schlandals --timeout 1500 -i /data/schlandals/pwmc_benchmarks/instances/bayesian_networks/pcnf/munin/293.cnf compile | tr '\n' ' '",/data/schlandals/pwmc_benchmarks/instances/bayesian_networks/pcnf/munin/293.cnf,"lower 2.56807796155612589903434563397491274e-2 upper 9.74319129784694987269248216594205232e-1 Final circuit size: 43885 Estimated probability 0.02568078 (epsilon 0.00000018305426041642647) found in 29 seconds ",
289,:,1737464259.000,38.000,0,209,0,0,"schlandals --timeout 1500 -i /data/schlandals/pwmc_benchmarks/instances/bayesian_networks/pcnf/munin/289.cnf compile | tr '\n' ' '",/data/schlandals/pwmc_benchmarks/instances/bayesian_networks/pcnf/munin/289.cnf,"lower 3.88353386072831267284811018079270365e-3 upper 9.96116355344751240797683988166235170e-1 Final circuit size: 44363 Estimated probability 0.00388353 (epsilon 0.00000002120447351039445) found in 33 seconds ",
255,:,1737464246.000,52.000,0,186,0,0,"schlandals --timeout 1500 -i /data/schlandals/pwmc_benchmarks/instances/bayesian_networks/pcnf/munin/255.cnf compile | tr '\n' ' '",/data/schlandals/pwmc_benchmarks/instances/bayesian_networks/pcnf/munin/255.cnf,"lower 8.59924579695124124151819290597366059e-1 upper 1.40075420304876003741284544965716493e-1 Final circuit size: 342023 Estimated probability 0.85992458 (epsilon 0) found in 48 seconds ",
287,:,1737464258.000,41.000,0,209,0,0,"schlandals --timeout 1500 -i /data/schlandals/pwmc_benchmarks/instances/bayesian_networks/pcnf/munin/287.cnf compile | tr '\n' ' '",/data/schlandals/pwmc_benchmarks/instances/bayesian_networks/pcnf/munin/287.cnf,"lower 2.71595667851215112082057648156174980e-3 upper 9.97283940386970716878762027134205340e-1 Final circuit size: 43655 Estimated probability 0.00271596 (epsilon 0.00000003032017836801515) found in 34 seconds ",
333,:,1737464290.000,9.000,0,184,0,0,"schlandals --timeout 1500 -i /data/schlandals/pwmc_benchmarks/instances/bayesian_networks/pcnf/munin/333.cnf compile | tr '\n' ' '",/data/schlandals/pwmc_benchmarks/instances/bayesian_networks/pcnf/munin/333.cnf,"lower 1.37944231453225266222242691334654052e-2 upper 9.86205519082422077137924434300185403e-1 Final circuit size: 25635 Estimated probability 0.01379442 (epsilon 0) found in 6 seconds ",
339,:,1737464292.000,7.000,0,208,0,0,"schlandals --timeout 1500 -i /data/schlandals/pwmc_benchmarks/instances/bayesian_networks/pcnf/munin/339.cnf compile | tr '\n' ' '",/data/schlandals/pwmc_benchmarks/instances/bayesian_networks/pcnf/munin/339.cnf,"lower 2.14248940906341405885478959480970381e-2 upper 9.78575075909365685435465569327936432e-1 Final circuit size: 25782 Estimated probability 0.02142489 (epsilon 0.00000022171363345258044) found in 6 seconds ",
291,:,1737464260.000,40.000,0,208,0,0,"schlandals --timeout 1500 -i /data/schlandals/pwmc_benchmarks/instances/bayesian_networks/pcnf/munin/291.cnf compile | tr '\n' ' '",/data/schlandals/pwmc_benchmarks/instances/bayesian_networks/pcnf/munin/291.cnf,"lower 7.64332194915415872486287732225165257e-3 upper 9.92356581841981570893963580445411067e-1 Final circuit size: 43469 Estimated probability 0.00764332 (epsilon 0.0000006150434546103867) found in 33 seconds ",
347,:,1737464295.000,6.000,0,206,0,0,"schlandals --timeout 1500 -i /data/schlandals/pwmc_benchmarks/instances/bayesian_networks/pcnf/munin/347.cnf compile | tr '\n' ' '",/data/schlandals/pwmc_benchmarks/instances/bayesian_networks/pcnf/munin/347.cnf,"lower 2.52485244449650882408016230482390799e-4 upper 9.99747480663283502066620047562592808e-1 Final circuit size: 16385 Estimated probability 0.00025249 (epsilon 0.000016645057622222126) found in 3 seconds ",
334,:,1737464291.000,10.000,0,209,0,0,"schlandals --timeout 1500 -i /data/schlandals/pwmc_benchmarks/instances/bayesian_networks/pcnf/munin/334.cnf compile | tr '\n' ' '",/data/schlandals/pwmc_benchmarks/instances/bayesian_networks/pcnf/munin/334.cnf,"lower 8.91709936798845197532272680316405018e-3 upper 9.91082844900038043482751541989224648e-1 Final circuit size: 25475 Estimated probability 0.00891710 (epsilon 0.000000026645727180252265) found in 7 seconds ",
348,:,1737464296.000,6.000,0,207,0,0,"schlandals --timeout 1500 -i /data/schlandals/pwmc_benchmarks/instances/bayesian_networks/pcnf/munin/348.cnf compile | tr '\n' ' '",/data/schlandals/pwmc_benchmarks/instances/bayesian_networks/pcnf/munin/348.cnf,"lower 8.23893668559150068912071868048096472e-3 upper 9.91760908277713082541786312777752027e-1 Final circuit size: 3334 Estimated probability 0.00823894 (epsilon 0.00000000480694706261886) found in 4 seconds ",
337,:,1737464291.000,11.000,0,207,0,0,"schlandals --timeout 1500 -i /data/schlandals/pwmc_benchmarks/instances/bayesian_networks/pcnf/munin/337.cnf compile | tr '\n' ' '",/data/schlandals/pwmc_benchmarks/instances/bayesian_networks/pcnf/munin/337.cnf,"lower 1.04028870392956575520116068151653296e-2 upper 9.89597082960704174395194706735798272e-1 Final circuit size: 26635 Estimated probability 0.01040289 (epsilon 0.0000000521513907614235) found in 8 seconds ",
336,:,1737464291.000,11.000,0,208,0,0,"schlandals --timeout 1500 -i /data/schlandals/pwmc_benchmarks/instances/bayesian_networks/pcnf/munin/336.cnf compile | tr '\n' ' '",/data/schlandals/pwmc_benchmarks/instances/bayesian_networks/pcnf/munin/336.cnf,"lower 8.58451253969622813774700629628255133e-3 upper 9.91415457460303599662240425853382621e-1 Final circuit size: 25890 Estimated probability 0.00858451 (epsilon 0.00000006319811673982656) found in 8 seconds ",
335,:,1737464291.000,11.000,0,209,0,0,"schlandals --timeout 1500 -i /data/schlandals/pwmc_benchmarks/instances/bayesian_networks/pcnf/munin/335.cnf compile | tr '\n' ' '",/data/schlandals/pwmc_benchmarks/instances/bayesian_networks/pcnf/munin/335.cnf,"lower 8.15897151633998967340932233639026171e-3 upper 9.91840972751686510827342192296914951e-1 Final circuit size: 25540 Estimated probability 0.00815897 (epsilon 0.000000029121635991558037) found in 8 seconds ",
338,:,1737464292.000,10.000,0,208,0,0,"schlandals --timeout 1500 -i /data/schlandals/pwmc_benchmarks/instances/bayesian_networks/pcnf/munin/338.cnf compile | tr '\n' ' '",/data/schlandals/pwmc_benchmarks/instances/bayesian_networks/pcnf/munin/338.cnf,"lower 1.41951680196790085258192638329113711e-2 upper 9.85804801980320817312379982253407431e-1 Final circuit size: 25702 Estimated probability 0.01419517 (epsilon 0.00000033463435156200205) found in 8 seconds ",
290,:,1737464260.000,42.000,0,209,0,0,"schlandals --timeout 1500 -i /data/schlandals/pwmc_benchmarks/instances/bayesian_networks/pcnf/munin/290.cnf compile | tr '\n' ' '",/data/schlandals/pwmc_benchmarks/instances/bayesian_networks/pcnf/munin/290.cnf,"lower 5.81819397711714043081650886631470561e-3 upper 9.94181693737893402810955157516226640e-1 Final circuit size: 44396 Estimated probability 0.00581819 (epsilon 0.00000007184896766432303) found in 35 seconds ",
346,:,1737464295.000,8.000,0,207,0,0,"schlandals --timeout 1500 -i /data/schlandals/pwmc_benchmarks/instances/bayesian_networks/pcnf/munin/346.cnf compile | tr '\n' ' '",/data/schlandals/pwmc_benchmarks/instances/bayesian_networks/pcnf/munin/346.cnf,"lower 3.99219651573345881817645260195317994e-3 upper 9.96007771809138286304689861728008303e-1 Final circuit size: 18437 Estimated probability 0.00399220 (epsilon 0.0000011290993460200127) found in 6 seconds ",
340,:,1737464292.000,11.000,0,207,0,0,"schlandals --timeout 1500 -i /data/schlandals/pwmc_benchmarks/instances/bayesian_networks/pcnf/munin/340.cnf compile | tr '\n' ' '",/data/schlandals/pwmc_benchmarks/instances/bayesian_networks/pcnf/munin/340.cnf,"lower 5.03985180444113750522431330475549051e-2 upper 9.49601451606962363078916864057957711e-1 Final circuit size: 21236 Estimated probability 0.05039852 (epsilon 0.0000000942526019453993) found in 8 seconds ",
257,:,1737464247.000,56.000,0,186,0,0,"schlandals --timeout 1500 -i /data/schlandals/pwmc_benchmarks/instances/bayesian_networks/pcnf/munin/257.cnf compile | tr '\n' ' '",/data/schlandals/pwmc_benchmarks/instances/bayesian_networks/pcnf/munin/257.cnf,"lower 4.40414571695189066851532858218024417e-2 upper 9.55958542830481064146828803740697752e-1 Final circuit size: 412785 Estimated probability 0.04404146 (epsilon 0) found in 52 seconds ",
341,:,1737464293.000,10.000,0,209,0,0,"schlandals --timeout 1500 -i /data/schlandals/pwmc_benchmarks/instances/bayesian_networks/pcnf/munin/341.cnf compile | tr '\n' ' '",/data/schlandals/pwmc_benchmarks/instances/bayesian_networks/pcnf/munin/341.cnf,"lower 1.42832090545001540064989647113165630e-1 upper 8.57167879106371372510108346527299482e-1 Final circuit size: 21021 Estimated probability 0.14283209 (epsilon 0.000000033257173459588785) found in 8 seconds ",
342,:,1737464293.000,10.000,0,209,0,0,"schlandals --timeout 1500 -i /data/schlandals/pwmc_benchmarks/instances/bayesian_networks/pcnf/munin/342.cnf compile | tr '\n' ' '",/data/schlandals/pwmc_benchmarks/instances/bayesian_networks/pcnf/munin/342.cnf,"lower 2.73592798911925157618366831934554871e-1 upper 7.26407170739447759621513278171335309e-1 Final circuit size: 21027 Estimated probability 0.27359280 (epsilon 0.000000017362268511789125) found in 8 seconds ",
367,:,1737464303.000,1.000,0,183,0,0,"schlandals --timeout 1500 -i /data/schlandals/pwmc_benchmarks/instances/bayesian_networks/pcnf/munin/367.cnf compile | tr '\n' ' '",/data/schlandals/pwmc_benchmarks/instances/bayesian_networks/pcnf/munin/367.cnf,"lower 9.73382534249562940318412159906769779e-2 upper 9.02660588171168822122887425677811048e-1 Final circuit size: 3810 Estimated probability 0.09733825 (epsilon 0) found in 0 seconds ",
343,:,1737464293.000,11.000,0,208,0,0,"schlandals --timeout 1500 -i /data/schlandals/pwmc_benchmarks/instances/bayesian_networks/pcnf/munin/343.cnf compile | tr '\n' ' '",/data/schlandals/pwmc_benchmarks/instances/bayesian_networks/pcnf/munin/343.cnf,"lower 2.72254076569281924194559706255341442e-1 upper 7.27745893151508026655470976340409479e-1 Final circuit size: 21001 Estimated probability 0.27225408 (epsilon 0.00000001744764199784754) found in 8 seconds ",
345,:,1737464294.000,10.000,0,207,0,0,"schlandals --timeout 1500 -i /data/schlandals/pwmc_benchmarks/instances/bayesian_networks/pcnf/munin/345.cnf compile | tr '\n' ' '",/data/schlandals/pwmc_benchmarks/instances/bayesian_networks/pcnf/munin/345.cnf,"lower 3.35134527347536165762004504042942222e-2 upper 9.66486516612029342820191234260460092e-1 Final circuit size: 20632 Estimated probability 0.03351345 (epsilon 0.0000001417398369785161) found in 8 seconds ",
368,:,1737464303.000,1.000,0,183,0,0,"schlandals --timeout 1500 -i /data/schlandals/pwmc_benchmarks/instances/bayesian_networks/pcnf/munin/368.cnf compile | tr '\n' ' '",/data/schlandals/pwmc_benchmarks/instances/bayesian_networks/pcnf/munin/368.cnf,"lower 5.48205642652989687303126358890877863e-1 upper 4.51794357347010427790416204142128728e-1 Final circuit size: 3768 Estimated probability 0.54820564 (epsilon 0) found in 0 seconds ",
371,:,1737464304.000,0.000,0,183,0,0,"schlandals --timeout 1500 -i /data/schlandals/pwmc_benchmarks/instances/bayesian_networks/pcnf/munin/371.cnf compile | tr '\n' ' '",/data/schlandals/pwmc_benchmarks/instances/bayesian_networks/pcnf/munin/371.cnf,"lower 2.78316202017799731650167494247827252e-3 upper 9.97215679575947209616700850499073803e-1 Final circuit size: 3673 Estimated probability 0.00278316 (epsilon 0) found in 0 seconds ",
369,:,1737464303.000,1.000,0,183,0,0,"schlandals --timeout 1500 -i /data/schlandals/pwmc_benchmarks/instances/bayesian_networks/pcnf/munin/369.cnf compile | tr '\n' ' '",/data/schlandals/pwmc_benchmarks/instances/bayesian_networks/pcnf/munin/369.cnf,"lower 3.16761462316867364386814310413465246e-1 upper 6.83238537683132752096844613255172805e-1 Final circuit size: 3768 Estimated probability 0.31676146 (epsilon 0) found in 0 seconds ",
370,:,1737464304.000,1.000,0,183,0,0,"schlandals --timeout 1500 -i /data/schlandals/pwmc_benchmarks/instances/bayesian_networks/pcnf/munin/370.cnf compile | tr '\n' ' '",/data/schlandals/pwmc_benchmarks/instances/bayesian_networks/pcnf/munin/370.cnf,"lower 2.55234089156074028990680000434710680e-2 upper 9.74475432680517713965565133631580855e-1 Final circuit size: 3878 Estimated probability 0.02552341 (epsilon 0) found in 0 seconds ",
352,:,1737464298.000,7.000,0,207,0,0,"schlandals --timeout 1500 -i /data/schlandals/pwmc_benchmarks/instances/bayesian_networks/pcnf/munin/352.cnf compile | tr '\n' ' '",/data/schlandals/pwmc_benchmarks/instances/bayesian_networks/pcnf/munin/352.cnf,"lower 3.15882358909665335574832876821430091e-3 upper 9.96840407436553073933651444898794879e-1 Final circuit size: 12458 Estimated probability 0.00315882 (epsilon 0.0000000214350941440955) found in 4 seconds ",
344,:,1737464294.000,11.000,0,209,0,0,"schlandals --timeout 1500 -i /data/schlandals/pwmc_benchmarks/instances/bayesian_networks/pcnf/munin/344.cnf compile | tr '\n' ' '",/data/schlandals/pwmc_benchmarks/instances/bayesian_networks/pcnf/munin/344.cnf,"lower 1.37686416205103927965520057161157732e-1 upper 8.62313553426872876863294545014356516e-1 Final circuit size: 21679 Estimated probability 0.13768642 (epsilon 0.000000034500074352905585) found in 9 seconds ",
372,:,1737464304.000,1.000,0,183,0,0,"schlandals --timeout 1500 -i /data/schlandals/pwmc_benchmarks/instances/bayesian_networks/pcnf/munin/372.cnf compile | tr '\n' ' '",/data/schlandals/pwmc_benchmarks/instances/bayesian_networks/pcnf/munin/372.cnf,"lower 3.04802278786643878857897633693265148e-3 upper 9.96950818808258773087569703002154512e-1 Final circuit size: 3661 Estimated probability 0.00304802 (epsilon 0) found in 0 seconds ",
374,:,1737464304.000,1.000,0,183,0,0,"schlandals --timeout 1500 -i /data/schlandals/pwmc_benchmarks/instances/bayesian_networks/pcnf/munin/374.cnf compile | tr '\n' ' '",/data/schlandals/pwmc_benchmarks/instances/bayesian_networks/pcnf/munin/374.cnf,"lower 4.73156095672906244738716736091391911e-4 upper 9.99525685500452218013288243285585684e-1 Final circuit size: 2894 Estimated probability 0.00047316 (epsilon 0) found in 0 seconds ",
373,:,1737464304.000,1.000,0,183,0,0,"schlandals --timeout 1500 -i /data/schlandals/pwmc_benchmarks/instances/bayesian_networks/pcnf/munin/373.cnf compile | tr '\n' ' '",/data/schlandals/pwmc_benchmarks/instances/bayesian_networks/pcnf/munin/373.cnf,"lower 2.44812950165824981882067480003694837e-3 upper 9.97550712094466876300799057570500859e-1 Final circuit size: 2941 Estimated probability 0.00244813 (epsilon 0) found in 0 seconds ",
375,:,1737464305.000,0.000,0,183,0,0,"schlandals --timeout 1500 -i /data/schlandals/pwmc_benchmarks/instances/bayesian_networks/pcnf/munin/375.cnf compile | tr '\n' ' '",/data/schlandals/pwmc_benchmarks/instances/bayesian_networks/pcnf/munin/375.cnf,"lower 2.97456805894298268124135049624364013e-4 upper 9.99701384790230827549642166402353677e-1 Final circuit size: 2882 Estimated probability 0.00029746 (epsilon 0) found in 0 seconds ",
351,:,1737464297.000,9.000,0,209,0,0,"schlandals --timeout 1500 -i /data/schlandals/pwmc_benchmarks/instances/bayesian_networks/pcnf/munin/351.cnf compile | tr '\n' ' '",/data/schlandals/pwmc_benchmarks/instances/bayesian_networks/pcnf/munin/351.cnf,"lower 2.83554612153371284115585441413302379e-3 upper 9.90909721630819098430494921733383043e-1 Final circuit size: 10874 Estimated probability 0.00283555 (epsilon 0.000000013967021095240284) found in 7 seconds ",
376,:,1737464305.000,1.000,0,183,0,0,"schlandals --timeout 1500 -i /data/schlandals/pwmc_benchmarks/instances/bayesian_networks/pcnf/munin/376.cnf compile | tr '\n' ' '",/data/schlandals/pwmc_benchmarks/instances/bayesian_networks/pcnf/munin/376.cnf,"lower 5.91179549228949844894320487018919133e-4 upper 9.99407662046896266557235034169359609e-1 Final circuit size: 1901 Estimated probability 0.00059118 (epsilon 0) found in 0 seconds ",
377,:,1737464305.000,1.000,0,183,0,0,"schlandals --timeout 1500 -i /data/schlandals/pwmc_benchmarks/instances/bayesian_networks/pcnf/munin/377.cnf compile | tr '\n' ' '",/data/schlandals/pwmc_benchmarks/instances/bayesian_networks/pcnf/munin/377.cnf,"lower 5.70984510612953528162211930489122939e-4 upper 9.99427857085512262873967142725889233e-1 Final circuit size: 1901 Estimated probability 0.00057098 (epsilon 0) found in 0 seconds ",
378,:,1737464305.000,1.000,0,183,0,0,"schlandals --timeout 1500 -i /data/schlandals/pwmc_benchmarks/instances/bayesian_networks/pcnf/munin/378.cnf compile | tr '\n' ' '",/data/schlandals/pwmc_benchmarks/instances/bayesian_networks/pcnf/munin/378.cnf,"lower 1.95914141846750037832616203437033406e-3 upper 9.98040858581532712013001294481226455e-1 Final circuit size: 1829 Estimated probability 0.00195914 (epsilon 0) found in 0 seconds ",
350,:,1737464297.000,10.000,0,209,0,0,"schlandals --timeout 1500 -i /data/schlandals/pwmc_benchmarks/instances/bayesian_networks/pcnf/munin/350.cnf compile | tr '\n' ' '",/data/schlandals/pwmc_benchmarks/instances/bayesian_networks/pcnf/munin/350.cnf,"lower 1.62324005675355220868508347168806772e-3 upper 9.92122687704376280786816569414751215e-1 Final circuit size: 10683 Estimated probability 0.00162324 (epsilon 0.000000024398198350539246) found in 8 seconds ",
299,:,1737464275.000,32.000,0,209,0,0,"schlandals --timeout 1500 -i /data/schlandals/pwmc_benchmarks/instances/bayesian_networks/pcnf/munin/299.cnf compile | tr '\n' ' '",/data/schlandals/pwmc_benchmarks/instances/bayesian_networks/pcnf/munin/299.cnf,"lower 9.29633224690258767428536984263532123e-2 upper 9.07036580594732936171625136550883960e-1 Final circuit size: 42323 Estimated probability 0.09296332 (epsilon 0.00000005056807728109902) found in 26 seconds ",
349,:,1737464296.000,11.000,0,208,0,0,"schlandals --timeout 1500 -i /data/schlandals/pwmc_benchmarks/instances/bayesian_networks/pcnf/munin/349.cnf compile | tr '\n' ' '",/data/schlandals/pwmc_benchmarks/instances/bayesian_networks/pcnf/munin/349.cnf,"lower 9.33323504112692498363600247948714399e-5 upper 9.93652594468035185744295130594385862e-1 Final circuit size: 10473 Estimated probability 0.00009333 (epsilon 0.00000042433433367072837) found in 8 seconds ",
298,:,1737464272.000,35.000,0,210,0,0,"schlandals --timeout 1500 -i /data/schlandals/pwmc_benchmarks/instances/bayesian_networks/pcnf/munin/298.cnf compile | tr '\n' ' '",/data/schlandals/pwmc_benchmarks/instances/bayesian_networks/pcnf/munin/298.cnf,"lower 1.53490672185834426897865109903484914e-1 upper 8.46509230941728900344795522147043319e-1 Final circuit size: 43981 Estimated probability 0.15349067 (epsilon 0.000000030627115288339724) found in 28 seconds ",
294,:,1737464267.000,41.000,0,209,0,0,"schlandals --timeout 1500 -i /data/schlandals/pwmc_benchmarks/instances/bayesian_networks/pcnf/munin/294.cnf compile | tr '\n' ' '",/data/schlandals/pwmc_benchmarks/instances/bayesian_networks/pcnf/munin/294.cnf,"lower 6.00393031637161016756830596452361662e-2 upper 9.39960600444809725070667118176533981e-1 Final circuit size: 44710 Estimated probability 0.06003930 (epsilon 0.00000007829831694117217) found in 33 seconds ",
358,:,1737464301.000,7.000,0,208,0,0,"schlandals --timeout 1500 -i /data/schlandals/pwmc_benchmarks/instances/bayesian_networks/pcnf/munin/358.cnf compile | tr '\n' ' '",/data/schlandals/pwmc_benchmarks/instances/bayesian_networks/pcnf/munin/358.cnf,"lower 6.93513990583971112514127649997513770e-3 upper 9.93064751001482315532577454501812216e-1 Final circuit size: 12712 Estimated probability 0.00693514 (epsilon 0.00000007563049897463259) found in 5 seconds ",
355,:,1737464299.000,10.000,0,207,0,0,"schlandals --timeout 1500 -i /data/schlandals/pwmc_benchmarks/instances/bayesian_networks/pcnf/munin/355.cnf compile | tr '\n' ' '",/data/schlandals/pwmc_benchmarks/instances/bayesian_networks/pcnf/munin/355.cnf,"lower 2.74322976785973035348040349957518265e-3 upper 9.97255989136264947063405602229603438e-1 Final circuit size: 12829 Estimated probability 0.00274323 (epsilon 0.0000000313545005514726) found in 7 seconds ",
353,:,1737464299.000,10.000,0,207,0,0,"schlandals --timeout 1500 -i /data/schlandals/pwmc_benchmarks/instances/bayesian_networks/pcnf/munin/353.cnf compile | tr '\n' ' '",/data/schlandals/pwmc_benchmarks/instances/bayesian_networks/pcnf/munin/353.cnf,"lower 2.81626185267937040140574522541508941e-3 upper 9.97183625750301947072185439094562616e-1 Final circuit size: 12523 Estimated probability 0.00281626 (epsilon 0.0000000240423951858304) found in 8 seconds ",
357,:,1737464301.000,9.000,0,208,0,0,"schlandals --timeout 1500 -i /data/schlandals/pwmc_benchmarks/instances/bayesian_networks/pcnf/munin/357.cnf compile | tr '\n' ' '",/data/schlandals/pwmc_benchmarks/instances/bayesian_networks/pcnf/munin/357.cnf,"lower 3.84536136072439814382825245868516397e-3 upper 9.96154514265393626635712750467934831e-1 Final circuit size: 12838 Estimated probability 0.00384536 (epsilon 0.00000013640020557481591) found in 7 seconds ",
354,:,1737464299.000,11.000,0,209,0,0,"schlandals --timeout 1500 -i /data/schlandals/pwmc_benchmarks/instances/bayesian_networks/pcnf/munin/354.cnf compile | tr '\n' ' '",/data/schlandals/pwmc_benchmarks/instances/bayesian_networks/pcnf/munin/354.cnf,"lower 2.77121466315802081867825089097772253e-3 upper 9.97228682136112249967226377778059674e-1 Final circuit size: 12270 Estimated probability 0.00277121 (epsilon 0.000000031037869607786206) found in 8 seconds ",
297,:,1737464269.000,41.000,0,210,0,0,"schlandals --timeout 1500 -i /data/schlandals/pwmc_benchmarks/instances/bayesian_networks/pcnf/munin/297.cnf compile | tr '\n' ' '",/data/schlandals/pwmc_benchmarks/instances/bayesian_networks/pcnf/munin/297.cnf,"lower 2.21674038979211753418096554449526953e-1 upper 7.78325867354117547926014943787023530e-1 Final circuit size: 42669 Estimated probability 0.22167404 (epsilon 0.000000021206707723209206) found in 33 seconds ",
296,:,1737464268.000,42.000,0,208,0,0,"schlandals --timeout 1500 -i /data/schlandals/pwmc_benchmarks/instances/bayesian_networks/pcnf/munin/296.cnf compile | tr '\n' ' '",/data/schlandals/pwmc_benchmarks/instances/bayesian_networks/pcnf/munin/296.cnf,"lower 1.99687178136318977882305636601973733e-1 upper 8.00312725362056400368287651221541664e-1 Final circuit size: 43982 Estimated probability 0.19968718 (epsilon 0.0000000235417045857389) found in 34 seconds ",
398,:,1737464310.000,1.000,0,182,0,0,"schlandals --timeout 1500 -i /data/schlandals/pwmc_benchmarks/instances/bayesian_networks/pcnf/munin/398.cnf compile | tr '\n' ' '",/data/schlandals/pwmc_benchmarks/instances/bayesian_networks/pcnf/munin/398.cnf,"lower 2.88079398445600456896878047456067744e-2 upper 9.71192050155440114396142781600957234e-1 Final circuit size: 499 Estimated probability 0.02880794 (epsilon 0) found in 0 seconds ",
361,:,1737464302.000,10.000,0,209,0,0,"schlandals --timeout 1500 -i /data/schlandals/pwmc_benchmarks/instances/bayesian_networks/pcnf/munin/361.cnf compile | tr '\n' ' '",/data/schlandals/pwmc_benchmarks/instances/bayesian_networks/pcnf/munin/361.cnf,"lower 1.43601460142754049117087321974456867e-1 upper 8.56398449523245106636858151464198100e-1 Final circuit size: 12889 Estimated probability 0.14360146 (epsilon 0.000000033646967656508764) found in 7 seconds ",
359,:,1737464302.000,10.000,0,208,0,0,"schlandals --timeout 1500 -i /data/schlandals/pwmc_benchmarks/instances/bayesian_networks/pcnf/munin/359.cnf compile | tr '\n' ' '",/data/schlandals/pwmc_benchmarks/instances/bayesian_networks/pcnf/munin/359.cnf,"lower 1.47991959903876721197295171760425743e-2 upper 9.85200713940966113443680737991678005e-1 Final circuit size: 12771 Estimated probability 0.01479920 (epsilon 0.00000032838666452761345) found in 7 seconds ",
399,:,1737464311.000,1.000,0,182,0,0,"schlandals --timeout 1500 -i /data/schlandals/pwmc_benchmarks/instances/bayesian_networks/pcnf/munin/399.cnf compile | tr '\n' ' '",/data/schlandals/pwmc_benchmarks/instances/bayesian_networks/pcnf/munin/399.cnf,"lower 2.82418915160186194586734421646451805e-1 upper 7.17581074839813965499096164700112234e-1 Final circuit size: 506 Estimated probability 0.28241892 (epsilon 0) found in 0 seconds ",
356,:,1737464300.000,12.000,0,208,0,0,"schlandals --timeout 1500 -i /data/schlandals/pwmc_benchmarks/instances/bayesian_networks/pcnf/munin/356.cnf compile | tr '\n' ' '",/data/schlandals/pwmc_benchmarks/instances/bayesian_networks/pcnf/munin/356.cnf,"lower 2.48358948630719807882402962010347236e-3 upper 9.97516285988190360915532655055567567e-1 Final circuit size: 13051 Estimated probability 0.00248359 (epsilon 0.00000003463237385759044) found in 9 seconds ",
400,:,1737464312.000,0.000,0,182,0,0,"schlandals --timeout 1500 -i /data/schlandals/pwmc_benchmarks/instances/bayesian_networks/pcnf/munin/400.cnf compile | tr '\n' ' '",/data/schlandals/pwmc_benchmarks/instances/bayesian_networks/pcnf/munin/400.cnf,"lower 5.15676828060892337476283948980387163e-1 upper 4.84323161939107822609546637366176876e-1 Final circuit size: 506 Estimated probability 0.51567683 (epsilon 0) found in 0 seconds ",
401,:,1737464312.000,0.000,0,182,0,0,"schlandals --timeout 1500 -i /data/schlandals/pwmc_benchmarks/instances/bayesian_networks/pcnf/munin/401.cnf compile | tr '\n' ' '",/data/schlandals/pwmc_benchmarks/instances/bayesian_networks/pcnf/munin/401.cnf,"lower 1.69019526993409911841094199460570806e-1 upper 8.30980463006590248244736386885993330e-1 Final circuit size: 506 Estimated probability 0.16901953 (epsilon 0) found in 0 seconds ",
402,:,1737464312.000,0.000,0,182,0,0,"schlandals --timeout 1500 -i /data/schlandals/pwmc_benchmarks/instances/bayesian_networks/pcnf/munin/402.cnf compile | tr '\n' ' '",/data/schlandals/pwmc_benchmarks/instances/bayesian_networks/pcnf/munin/402.cnf,"lower 3.20436137553937554849436108741684907e-3 upper 9.96795628624460784537336225259147229e-1 Final circuit size: 506 Estimated probability 0.00320436 (epsilon 0) found in 0 seconds ",
403,:,1737464312.000,1.000,0,182,0,0,"schlandals --timeout 1500 -i /data/schlandals/pwmc_benchmarks/instances/bayesian_networks/pcnf/munin/403.cnf compile | tr '\n' ' '",/data/schlandals/pwmc_benchmarks/instances/bayesian_networks/pcnf/munin/403.cnf,"lower 3.30952465679692125325480763720574278e-4 upper 9.99669009570358860853671926174202711e-1 Final circuit size: 194 Estimated probability 0.00033095 (epsilon 0) found in 0 seconds ",
404,:,1737464312.000,1.000,0,182,0,0,"schlandals --timeout 1500 -i /data/schlandals/pwmc_benchmarks/instances/bayesian_networks/pcnf/munin/404.cnf compile | tr '\n' ' '",/data/schlandals/pwmc_benchmarks/instances/bayesian_networks/pcnf/munin/404.cnf,"lower 3.49052301600140150345945287327859615e-4 upper 9.99650909708831590293721080504017967e-1 Final circuit size: 158 Estimated probability 0.00034905 (epsilon 0) found in 0 seconds ",
362,:,1737464302.000,11.000,0,208,0,0,"schlandals --timeout 1500 -i /data/schlandals/pwmc_benchmarks/instances/bayesian_networks/pcnf/munin/362.cnf compile | tr '\n' ' '",/data/schlandals/pwmc_benchmarks/instances/bayesian_networks/pcnf/munin/362.cnf,"lower 2.93151885667028479889992705337114244e-1 upper 7.06848024002700373405563073816534194e-1 Final circuit size: 12629 Estimated probability 0.29315189 (epsilon 0.00000001648208325377709) found in 8 seconds ",
360,:,1737464302.000,11.000,0,208,0,0,"schlandals --timeout 1500 -i /data/schlandals/pwmc_benchmarks/instances/bayesian_networks/pcnf/munin/360.cnf compile | tr '\n' ' '",/data/schlandals/pwmc_benchmarks/instances/bayesian_networks/pcnf/munin/360.cnf,"lower 4.90672144875491930525305351500656913e-2 upper 9.50932695179437877429991424458488016e-1 Final circuit size: 12821 Estimated probability 0.04906721 (epsilon 0.00000009847214044178543) found in 8 seconds ",
364,:,1737464302.000,11.000,0,209,0,0,"schlandals --timeout 1500 -i /data/schlandals/pwmc_benchmarks/instances/bayesian_networks/pcnf/munin/364.cnf compile | tr '\n' ' '",/data/schlandals/pwmc_benchmarks/instances/bayesian_networks/pcnf/munin/364.cnf,"lower 1.37543876424090928198196735407374340e-1 upper 8.62456032988752072703722078266878877e-1 Final circuit size: 12843 Estimated probability 0.13754388 (epsilon 0.000000034995747855148807) found in 8 seconds ",
405,:,1737464312.000,1.000,0,182,0,0,"schlandals --timeout 1500 -i /data/schlandals/pwmc_benchmarks/instances/bayesian_networks/pcnf/munin/405.cnf compile | tr '\n' ' '",/data/schlandals/pwmc_benchmarks/instances/bayesian_networks/pcnf/munin/405.cnf,"lower 9.43730304961738859396667878547964183e-5 upper 9.99905588979935556558127359003491035e-1 Final circuit size: 158 Estimated probability 0.00009437 (epsilon 0) found in 0 seconds ",
406,:,1737464312.000,1.000,0,182,0,0,"schlandals --timeout 1500 -i /data/schlandals/pwmc_benchmarks/instances/bayesian_networks/pcnf/munin/406.cnf compile | tr '\n' ' '",/data/schlandals/pwmc_benchmarks/instances/bayesian_networks/pcnf/munin/406.cnf,"lower 1.55793738097935258464379434533082745e-5 upper 9.99984382636621936918220587847892577e-1 Final circuit size: 158 Estimated probability 0.00001558 (epsilon 0) found in 0 seconds ",
409,:,1737464313.000,0.000,0,181,0,0,"schlandals --timeout 1500 -i /data/schlandals/pwmc_benchmarks/instances/bayesian_networks/pcnf/munin/409.cnf compile | tr '\n' ' '",/data/schlandals/pwmc_benchmarks/instances/bayesian_networks/pcnf/munin/409.cnf,"lower 1.91786250000000038898389717600959393e-5 upper 9.99980783269512987897457237153299568e-1 Final circuit size: 67 Estimated probability 0.00001918 (epsilon 0) found in 0 seconds ",
407,:,1737464313.000,0.000,0,181,0,0,"schlandals --timeout 1500 -i /data/schlandals/pwmc_benchmarks/instances/bayesian_networks/pcnf/munin/407.cnf compile | tr '\n' ' '",/data/schlandals/pwmc_benchmarks/instances/bayesian_networks/pcnf/munin/407.cnf,"lower 3.03665669670947537426619939351244108e-5 upper 9.99969595328504824384328956180690819e-1 Final circuit size: 72 Estimated probability 0.00003037 (epsilon 0) found in 0 seconds ",
408,:,1737464313.000,0.000,0,181,0,0,"schlandals --timeout 1500 -i /data/schlandals/pwmc_benchmarks/instances/bayesian_networks/pcnf/munin/408.cnf compile | tr '\n' ' '",/data/schlandals/pwmc_benchmarks/instances/bayesian_networks/pcnf/munin/408.cnf,"lower 3.29262009643211335087507949347197871e-5 upper 9.99967035694507598004562867379691163e-1 Final circuit size: 72 Estimated probability 0.00003293 (epsilon 0) found in 0 seconds ",
366,:,1737464303.000,10.000,0,206,0,0,"schlandals --timeout 1500 -i /data/schlandals/pwmc_benchmarks/instances/bayesian_networks/pcnf/munin/366.cnf compile | tr '\n' ' '",/data/schlandals/pwmc_benchmarks/instances/bayesian_networks/pcnf/munin/366.cnf,"lower 5.83510213508207409773731685747626255e-3 upper 9.94164807086740710657049893972794950e-1 Final circuit size: 12233 Estimated probability 0.00583510 (epsilon 0.000000824912546493195) found in 8 seconds ",
363,:,1737464302.000,12.000,0,209,0,0,"schlandals --timeout 1500 -i /data/schlandals/pwmc_benchmarks/instances/bayesian_networks/pcnf/munin/363.cnf compile | tr '\n' ' '",/data/schlandals/pwmc_benchmarks/instances/bayesian_networks/pcnf/munin/363.cnf,"lower 2.83740135468972327367581481653182392e-1 upper 7.16259773950812208352712586968704347e-1 Final circuit size: 12889 Estimated probability 0.28374014 (epsilon 0.000000016964293303445288) found in 9 seconds ",
365,:,1737464303.000,12.000,0,208,0,0,"schlandals --timeout 1500 -i /data/schlandals/pwmc_benchmarks/instances/bayesian_networks/pcnf/munin/365.cnf compile | tr '\n' ' '",/data/schlandals/pwmc_benchmarks/instances/bayesian_networks/pcnf/munin/365.cnf,"lower 3.47164441144613717002318344931110335e-2 upper 9.65283465021623032053914650458978901e-1 Final circuit size: 12796 Estimated probability 0.03471644 (epsilon 0.00000013865044956595796) found in 9 seconds ",
300,:,1737464275.000,40.000,0,209,0,0,"schlandals --timeout 1500 -i /data/schlandals/pwmc_benchmarks/instances/bayesian_networks/pcnf/munin/300.cnf compile | tr '\n' ' '",/data/schlandals/pwmc_benchmarks/instances/bayesian_networks/pcnf/munin/300.cnf,"lower 4.90373563457816331111916696462712580e-2 upper 9.50962549692681365060795609282411528e-1 Final circuit size: 42428 Estimated probability 0.04903736 (epsilon 0.00000009586520843818391) found in 33 seconds ",
413,:,1737464313.000,4.000,0,209,0,0,"schlandals --timeout 1500 -i /data/schlandals/pwmc_benchmarks/instances/bayesian_networks/pcnf/munin/413.cnf compile | tr '\n' ' '",/data/schlandals/pwmc_benchmarks/instances/bayesian_networks/pcnf/munin/413.cnf,"lower 1.02122512182836764479677252082489774e-3 upper 9.98978704236818104745206356656173639e-1 Final circuit size: 10664 Estimated probability 0.00102123 (epsilon 0.000000006621773573911582) found in 2 seconds ",
410,:,1737464313.000,5.000,0,209,0,0,"schlandals --timeout 1500 -i /data/schlandals/pwmc_benchmarks/instances/bayesian_networks/pcnf/munin/410.cnf compile | tr '\n' ' '",/data/schlandals/pwmc_benchmarks/instances/bayesian_networks/pcnf/munin/410.cnf,"lower 6.99519269661191361463042267296914018e-3 upper 9.93004550087622252256349312568352864e-1 Final circuit size: 1975 Estimated probability 0.00699519 (epsilon 0.0000000009667098233023808) found in 4 seconds ",
411,:,1737464313.000,6.000,0,207,0,0,"schlandals --timeout 1500 -i /data/schlandals/pwmc_benchmarks/instances/bayesian_networks/pcnf/munin/411.cnf compile | tr '\n' ' '",/data/schlandals/pwmc_benchmarks/instances/bayesian_networks/pcnf/munin/411.cnf,"lower 1.03471486147522634827279245726078011e-4 upper 9.99896277398544648622682962768004592e-1 Final circuit size: 8851 Estimated probability 0.00010347 (epsilon 0.00000006535443453081768) found in 4 seconds ",
260,:,1737464247.000,72.000,0,186,0,0,"schlandals --timeout 1500 -i /data/schlandals/pwmc_benchmarks/instances/bayesian_networks/pcnf/munin/260.cnf compile | tr '\n' ' '",/data/schlandals/pwmc_benchmarks/instances/bayesian_networks/pcnf/munin/260.cnf,"lower 1.39322748427360092693601752764192471e-2 upper 9.86067725157264121000805056209193407e-1 Final circuit size: 412489 Estimated probability 0.01393227 (epsilon 0) found in 68 seconds ",
415,:,1737464313.000,6.000,0,209,0,0,"schlandals --timeout 1500 -i /data/schlandals/pwmc_benchmarks/instances/bayesian_networks/pcnf/munin/415.cnf compile | tr '\n' ' '",/data/schlandals/pwmc_benchmarks/instances/bayesian_networks/pcnf/munin/415.cnf,"lower 1.22804755050254912206413990286610934e-3 upper 9.98771883533608831870753982407002453e-1 Final circuit size: 10420 Estimated probability 0.00122805 (epsilon 0.000000005506563205415205) found in 4 seconds ",
414,:,1737464313.000,6.000,0,209,0,0,"schlandals --timeout 1500 -i /data/schlandals/pwmc_benchmarks/instances/bayesian_networks/pcnf/munin/414.cnf compile | tr '\n' ' '",/data/schlandals/pwmc_benchmarks/instances/bayesian_networks/pcnf/munin/414.cnf,"lower 1.26311400530372435788314393297282125e-3 upper 9.98736817078807655290676305799787247e-1 Final circuit size: 10380 Estimated probability 0.00126311 (epsilon 0.000000005353690601950234) found in 4 seconds ",
416,:,1737464313.000,6.000,0,210,0,0,"schlandals --timeout 1500 -i /data/schlandals/pwmc_benchmarks/instances/bayesian_networks/pcnf/munin/416.cnf compile | tr '\n' ' '",/data/schlandals/pwmc_benchmarks/instances/bayesian_networks/pcnf/munin/416.cnf,"lower 1.37024711250265387871861266349763003e-3 upper 9.98629686868260287194874486257270350e-1 Final circuit size: 10827 Estimated probability 0.00137025 (epsilon 0.0000000049351109865369835) found in 4 seconds ",
412,:,1737464313.000,6.000,0,208,0,0,"schlandals --timeout 1500 -i /data/schlandals/pwmc_benchmarks/instances/bayesian_networks/pcnf/munin/412.cnf compile | tr '\n' ' '",/data/schlandals/pwmc_benchmarks/instances/bayesian_networks/pcnf/munin/412.cnf,"lower 9.09429885624341519981915818696636962e-4 upper 9.99090314387130863909855492135324015e-1 Final circuit size: 9128 Estimated probability 0.00090943 (epsilon 0.000000007435780879916365) found in 4 seconds ",
417,:,1737464313.000,7.000,0,208,0,0,"schlandals --timeout 1500 -i /data/schlandals/pwmc_benchmarks/instances/bayesian_networks/pcnf/munin/417.cnf compile | tr '\n' ' '",/data/schlandals/pwmc_benchmarks/instances/bayesian_networks/pcnf/munin/417.cnf,"lower 2.01704642210793380019189107153419634e-3 upper 9.97982887559291475361339148548068359e-1 Final circuit size: 10531 Estimated probability 0.00201705 (epsilon 0.00000007324505180150709) found in 4 seconds ",
418,:,1737464314.000,6.000,0,209,0,0,"schlandals --timeout 1500 -i /data/schlandals/pwmc_benchmarks/instances/bayesian_networks/pcnf/munin/418.cnf compile | tr '\n' ' '",/data/schlandals/pwmc_benchmarks/instances/bayesian_networks/pcnf/munin/418.cnf,"lower 2.92252503485056350605201037328237780e-3 upper 9.97077408946548845481333853855906119e-1 Final circuit size: 10438 Estimated probability 0.00292253 (epsilon 0.000000050551721475500244) found in 5 seconds ",
419,:,1737464315.000,6.000,0,208,0,0,"schlandals --timeout 1500 -i /data/schlandals/pwmc_benchmarks/instances/bayesian_networks/pcnf/munin/419.cnf compile | tr '\n' ' '",/data/schlandals/pwmc_benchmarks/instances/bayesian_networks/pcnf/munin/419.cnf,"lower 6.55482365381326967305573662708606003e-3 upper 9.93445115996109443098121060366426262e-1 Final circuit size: 10428 Estimated probability 0.00655482 (epsilon 0.00000005792860835462932) found in 4 seconds ",
420,:,1737464315.000,6.000,0,208,0,0,"schlandals --timeout 1500 -i /data/schlandals/pwmc_benchmarks/instances/bayesian_networks/pcnf/munin/420.cnf compile | tr '\n' ' '",/data/schlandals/pwmc_benchmarks/instances/bayesian_networks/pcnf/munin/420.cnf,"lower 7.62158237635147358398666004181008266e-3 upper 9.92378357273061358911399629838801190e-1 Final circuit size: 10785 Estimated probability 0.00762158 (epsilon 0.00000004982060053393411) found in 4 seconds ",
421,:,1737464317.000,5.000,0,206,0,0,"schlandals --timeout 1500 -i /data/schlandals/pwmc_benchmarks/instances/bayesian_networks/pcnf/munin/421.cnf compile | tr '\n' ' '",/data/schlandals/pwmc_benchmarks/instances/bayesian_networks/pcnf/munin/421.cnf,"lower 9.86533761321278294655176326753371226e-3 upper 9.90134601999551060724078828413505435e-1 Final circuit size: 10505 Estimated probability 0.00986534 (epsilon 0.000000467668969328372) found in 3 seconds ",
424,:,1737464319.000,3.000,0,209,0,0,"schlandals --timeout 1500 -i /data/schlandals/pwmc_benchmarks/instances/bayesian_networks/pcnf/munin/424.cnf compile | tr '\n' ' '",/data/schlandals/pwmc_benchmarks/instances/bayesian_networks/pcnf/munin/424.cnf,"lower 1.97545680913461865011176727072668657e-1 upper 8.02454258648024790077627663037927431e-1 Final circuit size: 10614 Estimated probability 0.19754568 (epsilon 0.000000023355171574479527) found in 2 seconds ",
423,:,1737464319.000,4.000,0,208,0,0,"schlandals --timeout 1500 -i /data/schlandals/pwmc_benchmarks/instances/bayesian_networks/pcnf/munin/423.cnf compile | tr '\n' ' '",/data/schlandals/pwmc_benchmarks/instances/bayesian_networks/pcnf/munin/423.cnf,"lower 7.02083541997020854682265490410877540e-2 upper 9.29791585361784565103292746852240860e-1 Final circuit size: 10294 Estimated probability 0.07020835 (epsilon 0.00000006571458910364925) found in 3 seconds ",
422,:,1737464318.000,6.000,0,208,0,0,"schlandals --timeout 1500 -i /data/schlandals/pwmc_benchmarks/instances/bayesian_networks/pcnf/munin/422.cnf compile | tr '\n' ' '",/data/schlandals/pwmc_benchmarks/instances/bayesian_networks/pcnf/munin/422.cnf,"lower 1.91824816159102825086242516229274886e-2 upper 9.80817457996853554013647251119473774e-1 Final circuit size: 10667 Estimated probability 0.01918248 (epsilon 0.00000024051699143434746) found in 4 seconds ",
425,:,1737464319.000,6.000,0,209,0,0,"schlandals --timeout 1500 -i /data/schlandals/pwmc_benchmarks/instances/bayesian_networks/pcnf/munin/425.cnf compile | tr '\n' ' '",/data/schlandals/pwmc_benchmarks/instances/bayesian_networks/pcnf/munin/425.cnf,"lower 2.97205487776010411042268429206547098e-1 upper 7.02794451784966370854163752749942608e-1 Final circuit size: 10683 Estimated probability 0.29720549 (epsilon 0.000000015523647700632637) found in 4 seconds ",
427,:,1737464319.000,6.000,0,208,0,0,"schlandals --timeout 1500 -i /data/schlandals/pwmc_benchmarks/instances/bayesian_networks/pcnf/munin/427.cnf compile | tr '\n' ' '",/data/schlandals/pwmc_benchmarks/instances/bayesian_networks/pcnf/munin/427.cnf,"lower 1.06548934753320454001052758037460618e-1 upper 8.93451004739748951341517474070134701e-1 Final circuit size: 10519 Estimated probability 0.10654893 (epsilon 0.00000004330135494612364) found in 4 seconds ",
428,:,1737464319.000,6.000,0,208,0,0,"schlandals --timeout 1500 -i /data/schlandals/pwmc_benchmarks/instances/bayesian_networks/pcnf/munin/428.cnf compile | tr '\n' ' '",/data/schlandals/pwmc_benchmarks/instances/bayesian_networks/pcnf/munin/428.cnf,"lower 3.03748019830660565290612873804063816e-2 upper 9.69625137510003351801072551865341700e-1 Final circuit size: 10587 Estimated probability 0.03037480 (epsilon 0.00000015189277657867706) found in 4 seconds ",
426,:,1737464319.000,6.000,0,209,0,0,"schlandals --timeout 1500 -i /data/schlandals/pwmc_benchmarks/instances/bayesian_networks/pcnf/munin/426.cnf compile | tr '\n' ' '",/data/schlandals/pwmc_benchmarks/instances/bayesian_networks/pcnf/munin/426.cnf,"lower 2.37062206562245048045951671881083774e-1 upper 7.62937732930824349069231815376957492e-1 Final circuit size: 10803 Estimated probability 0.23706221 (epsilon 0.000000019462036426887153) found in 5 seconds ",
258,:,1737464247.000,78.000,0,186,0,0,"schlandals --timeout 1500 -i /data/schlandals/pwmc_benchmarks/instances/bayesian_networks/pcnf/munin/258.cnf compile | tr '\n' ' '",/data/schlandals/pwmc_benchmarks/instances/bayesian_networks/pcnf/munin/258.cnf,"lower 1.43356679933114583081656548249656258e-2 upper 9.85664332006688510841425014355961664e-1 Final circuit size: 404350 Estimated probability 0.01433567 (epsilon 0) found in 73 seconds ",
261,:,1737464247.000,83.000,0,186,0,0,"schlandals --timeout 1500 -i /data/schlandals/pwmc_benchmarks/instances/bayesian_networks/pcnf/munin/261.cnf compile | tr '\n' ' '",/data/schlandals/pwmc_benchmarks/instances/bayesian_networks/pcnf/munin/261.cnf,"lower 8.64452838117492517571639104712341020e-1 upper 1.35547161882507611438236987932585217e-1 Final circuit size: 412733 Estimated probability 0.86445284 (epsilon 0) found in 78 seconds ",
256,:,1737464246.000,85.000,0,186,0,0,"schlandals --timeout 1500 -i /data/schlandals/pwmc_benchmarks/instances/bayesian_networks/pcnf/munin/256.cnf compile | tr '\n' ' '",/data/schlandals/pwmc_benchmarks/instances/bayesian_networks/pcnf/munin/256.cnf,"lower 8.16982951420457209844971494660258687e-2 upper 9.18301704857954407365171961421273005e-1 Final circuit size: 415627 Estimated probability 0.08169830 (epsilon 0) found in 79 seconds ",
262,:,1737464248.000,84.000,0,186,0,0,"schlandals --timeout 1500 -i /data/schlandals/pwmc_benchmarks/instances/bayesian_networks/pcnf/munin/262.cnf compile | tr '\n' ' '",/data/schlandals/pwmc_benchmarks/instances/bayesian_networks/pcnf/munin/262.cnf,"lower 1.35547161882507693014670436213672631e-1 upper 8.64452838117492435995205656431253245e-1 Final circuit size: 412733 Estimated probability 0.13554716 (epsilon 0) found in 79 seconds ",
259,:,1737464247.000,85.000,0,186,0,0,"schlandals --timeout 1500 -i /data/schlandals/pwmc_benchmarks/instances/bayesian_networks/pcnf/munin/259.cnf compile | tr '\n' ' '",/data/schlandals/pwmc_benchmarks/instances/bayesian_networks/pcnf/munin/259.cnf,"lower 9.86067725157264206080265396379558911e-1 upper 1.39322748427359241898998351060538427e-2 Final circuit size: 412489 Estimated probability 0.98606773 (epsilon 0) found in 80 seconds ",
386,:,1737464306.000,26.000,0,209,0,0,"schlandals --timeout 1500 -i /data/schlandals/pwmc_benchmarks/instances/bayesian_networks/pcnf/munin/386.cnf compile | tr '\n' ' '",/data/schlandals/pwmc_benchmarks/instances/bayesian_networks/pcnf/munin/386.cnf,"lower 3.83239823337603844578128196443755016e-3 upper 9.96167518694261010146248182444258530e-1 Final circuit size: 52883 Estimated probability 0.00383240 (epsilon 0.00000008001689222325581) found in 21 seconds ",
383,:,1737464306.000,29.000,0,210,0,0,"schlandals --timeout 1500 -i /data/schlandals/pwmc_benchmarks/instances/bayesian_networks/pcnf/munin/383.cnf compile | tr '\n' ' '",/data/schlandals/pwmc_benchmarks/instances/bayesian_networks/pcnf/munin/383.cnf,"lower 3.57297383742037927881766063156717480e-3 upper 9.96426870711064051960953959167919185e-1 Final circuit size: 52613 Estimated probability 0.00357297 (epsilon 0.000000032703468155759197) found in 24 seconds ",
379,:,1737464305.000,30.000,0,209,0,0,"schlandals --timeout 1500 -i /data/schlandals/pwmc_benchmarks/instances/bayesian_networks/pcnf/munin/379.cnf compile | tr '\n' ' '",/data/schlandals/pwmc_benchmarks/instances/bayesian_networks/pcnf/munin/379.cnf,"lower 6.99528283350861594429138458795282233e-3 upper 9.93004220823446764921804149450552806e-1 Final circuit size: 6989 Estimated probability 0.00699528 (epsilon 0.000000004082298055152478) found in 26 seconds ",
395,:,1737464310.000,26.000,0,210,0,0,"schlandals --timeout 1500 -i /data/schlandals/pwmc_benchmarks/instances/bayesian_networks/pcnf/munin/395.cnf compile | tr '\n' ' '",/data/schlandals/pwmc_benchmarks/instances/bayesian_networks/pcnf/munin/395.cnf,"lower 1.79853968120875718344618353869240857e-1 upper 8.20145947512383750073760959293577432e-1 Final circuit size: 43755 Estimated probability 0.17985397 (epsilon 0.000000022673790622818046) found in 21 seconds ",
391,:,1737464308.000,30.000,0,208,0,0,"schlandals --timeout 1500 -i /data/schlandals/pwmc_benchmarks/instances/bayesian_networks/pcnf/munin/391.cnf compile | tr '\n' ' '",/data/schlandals/pwmc_benchmarks/instances/bayesian_networks/pcnf/munin/391.cnf,"lower 5.28798222573499375928528286082436830e-2 upper 9.47120096183661306932619560470581736e-1 Final circuit size: 50478 Estimated probability 0.05287982 (epsilon 0.0000000776970610072425) found in 25 seconds ",
446,:,1737464332.000,12.000,0,209,0,0,"schlandals --timeout 1500 -i /data/schlandals/pwmc_benchmarks/instances/bayesian_networks/pcnf/munin/446.cnf compile | tr '\n' ' '",/data/schlandals/pwmc_benchmarks/instances/bayesian_networks/pcnf/munin/446.cnf,"lower 1.97992591647365155070503790520482001e-1 upper 8.02007338352636137983095939247051927e-1 Final circuit size: 13282 Estimated probability 0.19799259 (epsilon 0.000000002474882965231018) found in 9 seconds ",
384,:,1737464306.000,38.000,0,210,0,0,"schlandals --timeout 1500 -i /data/schlandals/pwmc_benchmarks/instances/bayesian_networks/pcnf/munin/384.cnf compile | tr '\n' ' '",/data/schlandals/pwmc_benchmarks/instances/bayesian_networks/pcnf/munin/384.cnf,"lower 3.66459407883848135769349057923293047e-3 upper 9.96335318798343991584833910228329576e-1 Final circuit size: 52870 Estimated probability 0.00366459 (epsilon 0.000000031885833307043754) found in 33 seconds ",
392,:,1737464308.000,36.000,0,209,0,0,"schlandals --timeout 1500 -i /data/schlandals/pwmc_benchmarks/instances/bayesian_networks/pcnf/munin/392.cnf compile | tr '\n' ' '",/data/schlandals/pwmc_benchmarks/instances/bayesian_networks/pcnf/munin/392.cnf,"lower 1.15855828421264902126826500152259879e-1 upper 8.84144090049585371618567544514353623e-1 Final circuit size: 50764 Estimated probability 0.11585583 (epsilon 0.00000003546310045621226) found in 30 seconds ",
389,:,1737464307.000,38.000,0,208,0,0,"schlandals --timeout 1500 -i /data/schlandals/pwmc_benchmarks/instances/bayesian_networks/pcnf/munin/389.cnf compile | tr '\n' ' '",/data/schlandals/pwmc_benchmarks/instances/bayesian_networks/pcnf/munin/389.cnf,"lower 1.22660523048551078057598079723357871e-2 upper 9.87733866613114811446025138160724030e-1 Final circuit size: 52339 Estimated probability 0.01226605 (epsilon 0.0000003378364381578791) found in 33 seconds ",
447,:,1737464335.000,12.000,0,210,0,0,"schlandals --timeout 1500 -i /data/schlandals/pwmc_benchmarks/instances/bayesian_networks/pcnf/munin/447.cnf compile | tr '\n' ' '",/data/schlandals/pwmc_benchmarks/instances/bayesian_networks/pcnf/munin/447.cnf,"lower 4.91724839663398073205834627446193903e-1 upper 5.08275090336603206356045088966380934e-1 Final circuit size: 13271 Estimated probability 0.49172484 (epsilon 0.0000000009965095415509495) found in 9 seconds ",
397,:,1737464310.000,37.000,0,209,0,0,"schlandals --timeout 1500 -i /data/schlandals/pwmc_benchmarks/instances/bayesian_networks/pcnf/munin/397.cnf compile | tr '\n' ' '",/data/schlandals/pwmc_benchmarks/instances/bayesian_networks/pcnf/munin/397.cnf,"lower 5.58803730520221352481542305202866609e-2 upper 9.44119542398749271082031998357384665e-1 Final circuit size: 43619 Estimated probability 0.05588037 (epsilon 0.00000007297680570950149) found in 32 seconds ",
448,:,1737464335.000,12.000,0,209,0,0,"schlandals --timeout 1500 -i /data/schlandals/pwmc_benchmarks/instances/bayesian_networks/pcnf/munin/448.cnf compile | tr '\n' ' '",/data/schlandals/pwmc_benchmarks/instances/bayesian_networks/pcnf/munin/448.cnf,"lower 2.30577011608556671170288114660081382e-1 upper 7.69422918391444619956580787707806762e-1 Final circuit size: 13231 Estimated probability 0.23057701 (epsilon 0.000000002125140063924391) found in 9 seconds ",
450,:,1737464338.000,9.000,0,208,0,0,"schlandals --timeout 1500 -i /data/schlandals/pwmc_benchmarks/instances/bayesian_networks/pcnf/munin/450.cnf compile | tr '\n' ' '",/data/schlandals/pwmc_benchmarks/instances/bayesian_networks/pcnf/munin/450.cnf,"lower 1.14507276227757431000921896328216477e-2 upper 9.88549202377225545815190737816550176e-1 Final circuit size: 13315 Estimated probability 0.01145073 (epsilon 0.00000004279278242869111) found in 7 seconds ",
394,:,1737464309.000,38.000,0,210,0,0,"schlandals --timeout 1500 -i /data/schlandals/pwmc_benchmarks/instances/bayesian_networks/pcnf/munin/394.cnf compile | tr '\n' ' '",/data/schlandals/pwmc_benchmarks/instances/bayesian_networks/pcnf/munin/394.cnf,"lower 2.14829602670236442399807077026852051e-1 upper 7.85170312961835940283773004832380119e-1 Final circuit size: 43665 Estimated probability 0.21482960 (epsilon 0.000000018982352356644583) found in 33 seconds ",
381,:,1737464305.000,43.000,0,210,0,0,"schlandals --timeout 1500 -i /data/schlandals/pwmc_benchmarks/instances/bayesian_networks/pcnf/munin/381.cnf compile | tr '\n' ' '",/data/schlandals/pwmc_benchmarks/instances/bayesian_networks/pcnf/munin/381.cnf,"lower 6.43275329040573724362627642571448002e-3 upper 9.93567084500805825085859793044757820e-1 Final circuit size: 51384 Estimated probability 0.00643275 (epsilon 0.000000007912595689774093) found in 36 seconds ",
449,:,1737464336.000,12.000,0,210,0,0,"schlandals --timeout 1500 -i /data/schlandals/pwmc_benchmarks/instances/bayesian_networks/pcnf/munin/449.cnf compile | tr '\n' ' '",/data/schlandals/pwmc_benchmarks/instances/bayesian_networks/pcnf/munin/449.cnf,"lower 4.28272532872955414440865992137690787e-2 upper 9.57172676712705749128358485947463599e-1 Final circuit size: 13226 Estimated probability 0.04282725 (epsilon 0.000000011441511960086359) found in 10 seconds ",
385,:,1737464306.000,42.000,0,208,0,0,"schlandals --timeout 1500 -i /data/schlandals/pwmc_benchmarks/instances/bayesian_networks/pcnf/munin/385.cnf compile | tr '\n' ' '",/data/schlandals/pwmc_benchmarks/instances/bayesian_networks/pcnf/munin/385.cnf,"lower 3.24225955589135343746723413699449637e-3 upper 9.96757653324966735008815125978487530e-1 Final circuit size: 52926 Estimated probability 0.00324226 (epsilon 0.0000000360392604648041) found in 36 seconds ",
380,:,1737464305.000,44.000,0,210,0,0,"schlandals --timeout 1500 -i /data/schlandals/pwmc_benchmarks/instances/bayesian_networks/pcnf/munin/380.cnf compile | tr '\n' ' '",/data/schlandals/pwmc_benchmarks/instances/bayesian_networks/pcnf/munin/380.cnf,"lower 8.69488040761143527424543962758477421e-4 upper 9.99130176788779100007144065899314665e-1 Final circuit size: 48020 Estimated probability 0.00086949 (epsilon 0.000000032843266994930786) found in 36 seconds ",
382,:,1737464306.000,44.000,0,210,0,0,"schlandals --timeout 1500 -i /data/schlandals/pwmc_benchmarks/instances/bayesian_networks/pcnf/munin/382.cnf compile | tr '\n' ' '",/data/schlandals/pwmc_benchmarks/instances/bayesian_networks/pcnf/munin/382.cnf,"lower 3.28212103088401746218799552008497091e-3 upper 9.96717719760861567270868844945251275e-1 Final circuit size: 52408 Estimated probability 0.00328212 (epsilon 0.000000026267455321971056) found in 38 seconds ",
388,:,1737464307.000,45.000,0,210,0,0,"schlandals --timeout 1500 -i /data/schlandals/pwmc_benchmarks/instances/bayesian_networks/pcnf/munin/388.cnf compile | tr '\n' ' '",/data/schlandals/pwmc_benchmarks/instances/bayesian_networks/pcnf/munin/388.cnf,"lower 1.05974069976416377933138853369983490e-2 upper 9.89402511920328286746926123308866816e-1 Final circuit size: 52227 Estimated probability 0.01059741 (epsilon 0.000000026828606447537595) found in 38 seconds ",
387,:,1737464307.000,45.000,0,210,0,0,"schlandals --timeout 1500 -i /data/schlandals/pwmc_benchmarks/instances/bayesian_networks/pcnf/munin/387.cnf compile | tr '\n' ' '",/data/schlandals/pwmc_benchmarks/instances/bayesian_networks/pcnf/munin/387.cnf,"lower 5.48655921060260095690562933219568462e-3 upper 9.94513357716694824093780090307875942e-1 Final circuit size: 52724 Estimated probability 0.00548656 (epsilon 0.000000055892333650220394) found in 38 seconds ",
390,:,1737464307.000,46.000,0,209,0,0,"schlandals --timeout 1500 -i /data/schlandals/pwmc_benchmarks/instances/bayesian_networks/pcnf/munin/390.cnf compile | tr '\n' ' '",/data/schlandals/pwmc_benchmarks/instances/bayesian_networks/pcnf/munin/390.cnf,"lower 2.20509248755937802336417390360584252e-2 upper 9.77948994031400510120868664558775749e-1 Final circuit size: 52399 Estimated probability 0.02205092 (epsilon 0.00000018792498823749781) found in 40 seconds ",
393,:,1737464309.000,45.000,0,210,0,0,"schlandals --timeout 1500 -i /data/schlandals/pwmc_benchmarks/instances/bayesian_networks/pcnf/munin/393.cnf compile | tr '\n' ' '",/data/schlandals/pwmc_benchmarks/instances/bayesian_networks/pcnf/munin/393.cnf,"lower 1.86904921982493923162995838481909339e-1 upper 8.13094993650780157515558300614145268e-1 Final circuit size: 43443 Estimated probability 0.18690492 (epsilon 0.000000021818425954833742) found in 39 seconds ",
459,:,1737464347.000,7.000,0,209,0,0,"schlandals --timeout 1500 -i /data/schlandals/pwmc_benchmarks/instances/bayesian_networks/pcnf/munin/459.cnf compile | tr '\n' ' '",/data/schlandals/pwmc_benchmarks/instances/bayesian_networks/pcnf/munin/459.cnf,"lower 1.10529333515045570993181780041742154e-3 upper 9.91978879178214115685595308775641803e-1 Final circuit size: 10921 Estimated probability 0.00110529 (epsilon 0.000000022151777523404803) found in 5 seconds ",
396,:,1737464310.000,44.000,0,209,0,0,"schlandals --timeout 1500 -i /data/schlandals/pwmc_benchmarks/instances/bayesian_networks/pcnf/munin/396.cnf compile | tr '\n' ' '",/data/schlandals/pwmc_benchmarks/instances/bayesian_networks/pcnf/munin/396.cnf,"lower 1.11502660863451823847305725376690992e-1 upper 8.88497254547212602531721904204767994e-1 Final circuit size: 43483 Estimated probability 0.11150266 (epsilon 0.00000003657285985170233) found in 38 seconds ",
453,:,1737464344.000,11.000,0,209,0,0,"schlandals --timeout 1500 -i /data/schlandals/pwmc_benchmarks/instances/bayesian_networks/pcnf/munin/453.cnf compile | tr '\n' ' '",/data/schlandals/pwmc_benchmarks/instances/bayesian_networks/pcnf/munin/453.cnf,"lower 2.10573372867110077911806062801327038e-3 upper 9.97894126544108761594375963842914246e-1 Final circuit size: 13033 Estimated probability 0.00210573 (epsilon 0.000000011627401930169867) found in 8 seconds ",
451,:,1737464344.000,12.000,0,208,0,0,"schlandals --timeout 1500 -i /data/schlandals/pwmc_benchmarks/instances/bayesian_networks/pcnf/munin/451.cnf compile | tr '\n' ' '",/data/schlandals/pwmc_benchmarks/instances/bayesian_networks/pcnf/munin/451.cnf,"lower 3.34631871683065000827530868359289880e-3 upper 9.96653611283170641338142906571619273e-1 Final circuit size: 13232 Estimated probability 0.00334632 (epsilon 0.0000001464320942279329) found in 10 seconds ",
452,:,1737464344.000,12.000,0,208,0,0,"schlandals --timeout 1500 -i /data/schlandals/pwmc_benchmarks/instances/bayesian_networks/pcnf/munin/452.cnf compile | tr '\n' ' '",/data/schlandals/pwmc_benchmarks/instances/bayesian_networks/pcnf/munin/452.cnf,"lower 2.43860641623382647323565320027397523e-3 upper 9.97561256294634294602390928348431822e-1 Final circuit size: 13128 Estimated probability 0.00243861 (epsilon 0.00000007475071073237416) found in 9 seconds ",
457,:,1737464347.000,9.000,0,209,0,0,"schlandals --timeout 1500 -i /data/schlandals/pwmc_benchmarks/instances/bayesian_networks/pcnf/munin/457.cnf compile | tr '\n' ' '",/data/schlandals/pwmc_benchmarks/instances/bayesian_networks/pcnf/munin/457.cnf,"lower 1.09465030489917995079713369724180727e-3 upper 9.91989526311534745982994762976280191e-1 Final circuit size: 10994 Estimated probability 0.00109465 (epsilon 0.000000022367154128843936) found in 7 seconds ",
454,:,1737464345.000,12.000,0,208,0,0,"schlandals --timeout 1500 -i /data/schlandals/pwmc_benchmarks/instances/bayesian_networks/pcnf/munin/454.cnf compile | tr '\n' ' '",/data/schlandals/pwmc_benchmarks/instances/bayesian_networks/pcnf/munin/454.cnf,"lower 2.14711609549986636346135008127805318e-3 upper 9.97852744177279999667384097116971141e-1 Final circuit size: 13040 Estimated probability 0.00214712 (epsilon 0.00000001140330163629244) found in 9 seconds ",
455,:,1737464347.000,10.000,0,209,0,0,"schlandals --timeout 1500 -i /data/schlandals/pwmc_benchmarks/instances/bayesian_networks/pcnf/munin/455.cnf compile | tr '\n' ' '",/data/schlandals/pwmc_benchmarks/instances/bayesian_networks/pcnf/munin/455.cnf,"lower 1.89601620940012482896531056403233281e-3 upper 9.91188158959703175957893737614955628e-1 Final circuit size: 10900 Estimated probability 0.00189602 (epsilon 0.000000012913503599776277) found in 8 seconds ",
456,:,1737464347.000,11.000,0,209,0,0,"schlandals --timeout 1500 -i /data/schlandals/pwmc_benchmarks/instances/bayesian_networks/pcnf/munin/456.cnf compile | tr '\n' ' '",/data/schlandals/pwmc_benchmarks/instances/bayesian_networks/pcnf/munin/456.cnf,"lower 1.26639320489166168377368736719269131e-3 upper 9.91817779903688317587335950860045987e-1 Final circuit size: 10958 Estimated probability 0.00126639 (epsilon 0.000000019333815437505564) found in 9 seconds ",
458,:,1737464347.000,11.000,0,209,0,0,"schlandals --timeout 1500 -i /data/schlandals/pwmc_benchmarks/instances/bayesian_networks/pcnf/munin/458.cnf compile | tr '\n' ' '",/data/schlandals/pwmc_benchmarks/instances/bayesian_networks/pcnf/munin/458.cnf,"lower 8.12979066415930974711361127467455141e-4 upper 9.92271194070421136144320271148119074e-1 Final circuit size: 10918 Estimated probability 0.00081298 (epsilon 0.000000030116657168122174) found in 9 seconds ",
464,:,1737464350.000,9.000,0,183,0,0,"schlandals --timeout 1500 -i /data/schlandals/pwmc_benchmarks/instances/bayesian_networks/pcnf/munin/464.cnf compile | tr '\n' ' '",/data/schlandals/pwmc_benchmarks/instances/bayesian_networks/pcnf/munin/464.cnf,"lower 6.99659194503500101191900006694791905e-3 upper 9.93002974005703487531257770834066152e-1 Final circuit size: 2126 Estimated probability 0.00699659 (epsilon 0) found in 7 seconds ",
461,:,1737464348.000,11.000,0,209,0,0,"schlandals --timeout 1500 -i /data/schlandals/pwmc_benchmarks/instances/bayesian_networks/pcnf/munin/461.cnf compile | tr '\n' ' '",/data/schlandals/pwmc_benchmarks/instances/bayesian_networks/pcnf/munin/461.cnf,"lower 5.18394854201403375007733526116649943e-4 upper 9.92565779143850730082097366409381015e-1 Final circuit size: 10871 Estimated probability 0.00051839 (epsilon 0.000000047230813260412674) found in 9 seconds ",
460,:,1737464348.000,11.000,0,207,0,0,"schlandals --timeout 1500 -i /data/schlandals/pwmc_benchmarks/instances/bayesian_networks/pcnf/munin/460.cnf compile | tr '\n' ' '",/data/schlandals/pwmc_benchmarks/instances/bayesian_networks/pcnf/munin/460.cnf,"lower 8.32320275632206318555858770016676070e-4 upper 9.92251851869999971209294110720302253e-1 Final circuit size: 10858 Estimated probability 0.00083232 (epsilon 0.0000000294168143177842) found in 9 seconds ",
462,:,1737464348.000,11.000,0,208,0,0,"schlandals --timeout 1500 -i /data/schlandals/pwmc_benchmarks/instances/bayesian_networks/pcnf/munin/462.cnf compile | tr '\n' ' '",/data/schlandals/pwmc_benchmarks/instances/bayesian_networks/pcnf/munin/462.cnf,"lower 4.75817059188745132230388708977701799e-4 upper 9.92608360022909481286657027291344899e-1 Final circuit size: 10767 Estimated probability 0.00047582 (epsilon 0.00000005145719317312114) found in 9 seconds ",
463,:,1737464349.000,11.000,0,208,0,0,"schlandals --timeout 1500 -i /data/schlandals/pwmc_benchmarks/instances/bayesian_networks/pcnf/munin/463.cnf compile | tr '\n' ' '",/data/schlandals/pwmc_benchmarks/instances/bayesian_networks/pcnf/munin/463.cnf,"lower 3.91343968541673014070289624946783042e-4 upper 9.92680472812019324388726197627605859e-1 Final circuit size: 10207 Estimated probability 0.00039134 (epsilon 0.00000001479679068161488) found in 9 seconds ",
475,:,1737464357.000,4.000,0,184,0,0,"schlandals --timeout 1500 -i /data/schlandals/pwmc_benchmarks/instances/bayesian_networks/pcnf/munin/475.cnf compile | tr '\n' ' '",/data/schlandals/pwmc_benchmarks/instances/bayesian_networks/pcnf/munin/475.cnf,"lower 3.80215510108838215834032028537656431e-2 upper 9.61978438989115624581927020550400137e-1 Final circuit size: 11304 Estimated probability 0.03802155 (epsilon 0) found in 3 seconds ",
473,:,1737464356.000,6.000,0,184,0,0,"schlandals --timeout 1500 -i /data/schlandals/pwmc_benchmarks/instances/bayesian_networks/pcnf/munin/473.cnf compile | tr '\n' ' '",/data/schlandals/pwmc_benchmarks/instances/bayesian_networks/pcnf/munin/473.cnf,"lower 8.08826384604733876098390332291549443e-1 upper 1.91173605395265570676465395203743401e-1 Final circuit size: 11400 Estimated probability 0.80882638 (epsilon 0) found in 4 seconds ",
474,:,1737464356.000,6.000,0,184,0,0,"schlandals --timeout 1500 -i /data/schlandals/pwmc_benchmarks/instances/bayesian_networks/pcnf/munin/474.cnf compile | tr '\n' ' '",/data/schlandals/pwmc_benchmarks/instances/bayesian_networks/pcnf/munin/474.cnf,"lower 1.46276677376438630144036529014039222e-1 upper 8.53723312623560816605506936671201351e-1 Final circuit size: 11473 Estimated probability 0.14627668 (epsilon 0) found in 4 seconds ",
476,:,1737464357.000,6.000,0,183,0,0,"schlandals --timeout 1500 -i /data/schlandals/pwmc_benchmarks/instances/bayesian_networks/pcnf/munin/476.cnf compile | tr '\n' ' '",/data/schlandals/pwmc_benchmarks/instances/bayesian_networks/pcnf/munin/476.cnf,"lower 6.87538700777393586827868996331541554e-3 upper 9.93124552295488851539846779801305806e-1 Final circuit size: 3034 Estimated probability 0.00687539 (epsilon 0) found in 4 seconds ",
471,:,1737464355.000,65.000,0,186,0,0,"schlandals --timeout 1500 -i /data/schlandals/pwmc_benchmarks/instances/bayesian_networks/pcnf/munin/471.cnf compile | tr '\n' ' '",/data/schlandals/pwmc_benchmarks/instances/bayesian_networks/pcnf/munin/471.cnf,"lower 1.27606984239134973468515394683383270e-1 upper 8.72393005760864561934393164932465847e-1 Final circuit size: 124806 Estimated probability 0.12760698 (epsilon 0) found in 59 seconds ",
472,:,1737464356.000,64.000,0,186,0,0,"schlandals --timeout 1500 -i /data/schlandals/pwmc_benchmarks/instances/bayesian_networks/pcnf/munin/472.cnf compile | tr '\n' ' '",/data/schlandals/pwmc_benchmarks/instances/bayesian_networks/pcnf/munin/472.cnf,"lower 8.72393015760865023323409323186130042e-1 upper 1.27606974239134512892239189274226890e-1 Final circuit size: 125252 Estimated probability 0.87239302 (epsilon 0) found in 59 seconds ",
480,:,1737464359.000,73.000,0,185,0,0,"schlandals --timeout 1500 -i /data/schlandals/pwmc_benchmarks/instances/bayesian_networks/pcnf/munin/480.cnf compile | tr '\n' ' '",/data/schlandals/pwmc_benchmarks/instances/bayesian_networks/pcnf/munin/480.cnf,"lower 2.84600791248550620200056772119256901e-2 upper 9.71539860875146207034811807016091521e-1 Final circuit size: 80614 Estimated probability 0.02846008 (epsilon 0) found in 66 seconds ",
478,:,1737464358.000,75.000,0,185,0,0,"schlandals --timeout 1500 -i /data/schlandals/pwmc_benchmarks/instances/bayesian_networks/pcnf/munin/478.cnf compile | tr '\n' ' '",/data/schlandals/pwmc_benchmarks/instances/bayesian_networks/pcnf/munin/478.cnf,"lower 8.36993839862505995835321349300533273e-1 upper 1.63006100137495272187537404324232013e-1 Final circuit size: 83325 Estimated probability 0.83699384 (epsilon 0) found in 68 seconds ",
477,:,1737464358.000,75.000,0,185,0,0,"schlandals --timeout 1500 -i /data/schlandals/pwmc_benchmarks/instances/bayesian_networks/pcnf/munin/477.cnf compile | tr '\n' ' '",/data/schlandals/pwmc_benchmarks/instances/bayesian_networks/pcnf/munin/477.cnf,"lower 9.62956208529125055562738224360140749e-2 upper 9.03704319147088762755166288292138605e-1 Final circuit size: 83442 Estimated probability 0.09629562 (epsilon 0) found in 68 seconds ",
483,:,1737464360.000,75.000,0,185,0,0,"schlandals --timeout 1500 -i /data/schlandals/pwmc_benchmarks/instances/bayesian_networks/pcnf/munin/483.cnf compile | tr '\n' ' '",/data/schlandals/pwmc_benchmarks/instances/bayesian_networks/pcnf/munin/483.cnf,"lower 3.98744630361802301414336891798983632e-2 upper 9.60125476963821037965520843651296610e-1 Final circuit size: 80606 Estimated probability 0.03987446 (epsilon 0) found in 67 seconds ",
479,:,1737464359.000,76.000,0,185,0,0,"schlandals --timeout 1500 -i /data/schlandals/pwmc_benchmarks/instances/bayesian_networks/pcnf/munin/479.cnf compile | tr '\n' ' '",/data/schlandals/pwmc_benchmarks/instances/bayesian_networks/pcnf/munin/479.cnf,"lower 6.67105392828761932991767742473097453e-2 upper 9.33289400717125074742996937416052716e-1 Final circuit size: 83534 Estimated probability 0.06671054 (epsilon 0) found in 69 seconds ",
481,:,1737464359.000,77.000,0,185,0,0,"schlandals --timeout 1500 -i /data/schlandals/pwmc_benchmarks/instances/bayesian_networks/pcnf/munin/481.cnf compile | tr '\n' ' '",/data/schlandals/pwmc_benchmarks/instances/bayesian_networks/pcnf/munin/481.cnf,"lower 6.52371386185804113313922768517690098e-2 upper 9.34762801381420856406332852532687847e-1 Final circuit size: 83783 Estimated probability 0.06523714 (epsilon 0) found in 70 seconds ",
482,:,1737464359.000,77.000,0,185,0,0,"schlandals --timeout 1500 -i /data/schlandals/pwmc_benchmarks/instances/bayesian_networks/pcnf/munin/482.cnf compile | tr '\n' ' '",/data/schlandals/pwmc_benchmarks/instances/bayesian_networks/pcnf/munin/482.cnf,"lower 8.55016040799939538541789142196250959e-1 upper 1.44983899200061729745004596395885540e-1 Final circuit size: 83996 Estimated probability 0.85501604 (epsilon 0) found in 70 seconds ",
484,:,1737464361.000,77.000,0,185,0,0,"schlandals --timeout 1500 -i /data/schlandals/pwmc_benchmarks/instances/bayesian_networks/pcnf/munin/484.cnf compile | tr '\n' ' '",/data/schlandals/pwmc_benchmarks/instances/bayesian_networks/pcnf/munin/484.cnf,"lower 1.14122784187393797342165042884209433e-2 upper 9.88587661581261888910112991805529064e-1 Final circuit size: 82359 Estimated probability 0.01141228 (epsilon 0) found in 70 seconds ",
485,:,1737464362.000,93.000,0,209,0,0,"schlandals --timeout 1500 -i /data/schlandals/pwmc_benchmarks/instances/bayesian_networks/pcnf/munin/485.cnf compile | tr '\n' ' '",/data/schlandals/pwmc_benchmarks/instances/bayesian_networks/pcnf/munin/485.cnf,"lower 9.74832604835261582301965421198109212e-5 upper 9.99902436739518666863902347077544926e-1 Final circuit size: 87382 Estimated probability 0.00009748 (epsilon 0.00000043710681563169373) found in 82 seconds ",
486,:,1737464362.000,99.000,0,209,0,0,"schlandals --timeout 1500 -i /data/schlandals/pwmc_benchmarks/instances/bayesian_networks/pcnf/munin/486.cnf compile | tr '\n' ' '",/data/schlandals/pwmc_benchmarks/instances/bayesian_networks/pcnf/munin/486.cnf,"lower 1.91866585185835714398713120839190776e-4 upper 9.99808053414816357373425375106293730e-1 Final circuit size: 86067 Estimated probability 0.00019187 (epsilon 0.00000022208455674466165) found in 90 seconds ",
487,:,1737464363.000,101.000,0,209,0,0,"schlandals --timeout 1500 -i /data/schlandals/pwmc_benchmarks/instances/bayesian_networks/pcnf/munin/487.cnf compile | tr '\n' ' '",/data/schlandals/pwmc_benchmarks/instances/bayesian_networks/pcnf/munin/487.cnf,"lower 3.90329751627265802260169228149848778e-4 upper 9.99609590248374924926387542336245003e-1 Final circuit size: 86289 Estimated probability 0.00039033 (epsilon 0.00000010916567227958751) found in 91 seconds ",
496,:,1737464436.000,56.000,0,210,0,0,"schlandals --timeout 1500 -i /data/schlandals/pwmc_benchmarks/instances/bayesian_networks/pcnf/munin/496.cnf compile | tr '\n' ' '",/data/schlandals/pwmc_benchmarks/instances/bayesian_networks/pcnf/munin/496.cnf,"lower 2.25101352741959193085992899429152462e-1 upper 7.74898567258042997100767200879171847e-1 Final circuit size: 85757 Estimated probability 0.22510135 (epsilon 0.000000019905262105268662) found in 49 seconds ",
489,:,1737464420.000,105.000,0,208,0,0,"schlandals --timeout 1500 -i /data/schlandals/pwmc_benchmarks/instances/bayesian_networks/pcnf/munin/489.cnf compile | tr '\n' ' '",/data/schlandals/pwmc_benchmarks/instances/bayesian_networks/pcnf/munin/489.cnf,"lower 1.52861916831791160193801188499805885e-3 upper 9.98471300831684280906771364531230272e-1 Final circuit size: 87035 Estimated probability 0.00152862 (epsilon 0.0000000278752303461971) found in 94 seconds ",
488,:,1737464420.000,105.000,0,210,0,0,"schlandals --timeout 1500 -i /data/schlandals/pwmc_benchmarks/instances/bayesian_networks/pcnf/munin/488.cnf compile | tr '\n' ' '",/data/schlandals/pwmc_benchmarks/instances/bayesian_networks/pcnf/munin/488.cnf,"lower 7.96864747777508002644904173127503407e-4 upper 9.99203055252224682287612525362189263e-1 Final circuit size: 85820 Estimated probability 0.00079686 (epsilon 0.000000053472825722877815) found in 95 seconds ",
490,:,1737464432.000,98.000,0,208,0,0,"schlandals --timeout 1500 -i /data/schlandals/pwmc_benchmarks/instances/bayesian_networks/pcnf/munin/490.cnf compile | tr '\n' ' '",/data/schlandals/pwmc_benchmarks/instances/bayesian_networks/pcnf/munin/490.cnf,"lower 3.06480830098856594298511793417477008e-3 upper 9.96935111699013625811690855801774960e-1 Final circuit size: 85523 Estimated probability 0.00306481 (epsilon 0.0000014619831800732896) found in 88 seconds ",
491,:,1737464433.000,101.000,0,208,0,0,"schlandals --timeout 1500 -i /data/schlandals/pwmc_benchmarks/instances/bayesian_networks/pcnf/munin/491.cnf compile | tr '\n' ' '",/data/schlandals/pwmc_benchmarks/instances/bayesian_networks/pcnf/munin/491.cnf,"lower 7.19580075217552221327896709469797054e-3 upper 9.92804119247826666574608728714409943e-1 Final circuit size: 86553 Estimated probability 0.00719580 (epsilon 0.0000006226826207988978) found in 91 seconds ",
492,:,1737464433.000,101.000,0,207,0,0,"schlandals --timeout 1500 -i /data/schlandals/pwmc_benchmarks/instances/bayesian_networks/pcnf/munin/492.cnf compile | tr '\n' ' '",/data/schlandals/pwmc_benchmarks/instances/bayesian_networks/pcnf/munin/492.cnf,"lower 2.16861516586041122014964827081431002e-2 upper 9.78313768341398081312311751476540121e-1 Final circuit size: 86577 Estimated probability 0.02168615 (epsilon 0.000000206615776265906) found in 91 seconds ",
493,:,1737464435.000,101.000,0,208,0,0,"schlandals --timeout 1500 -i /data/schlandals/pwmc_benchmarks/instances/bayesian_networks/pcnf/munin/493.cnf compile | tr '\n' ' '",/data/schlandals/pwmc_benchmarks/instances/bayesian_networks/pcnf/munin/493.cnf,"lower 6.26525574859196850521607553811014314e-2 upper 9.37347362514082507057226050705431593e-1 Final circuit size: 86125 Estimated probability 0.06265256 (epsilon 0.0000000715166545983692) found in 92 seconds ",
497,:,1737464438.000,99.000,0,210,0,0,"schlandals --timeout 1500 -i /data/schlandals/pwmc_benchmarks/instances/bayesian_networks/pcnf/munin/497.cnf compile | tr '\n' ' '",/data/schlandals/pwmc_benchmarks/instances/bayesian_networks/pcnf/munin/497.cnf,"lower 1.65504973946359514318658881776191491e-1 upper 8.34494946053642677840616481291492049e-1 Final circuit size: 86755 Estimated probability 0.16550497 (epsilon 0.000000027072910802061756) found in 90 seconds ",
494,:,1737464435.000,104.000,0,210,0,0,"schlandals --timeout 1500 -i /data/schlandals/pwmc_benchmarks/instances/bayesian_networks/pcnf/munin/494.cnf compile | tr '\n' ' '",/data/schlandals/pwmc_benchmarks/instances/bayesian_networks/pcnf/munin/494.cnf,"lower 1.37530402260162135485707411966706767e-1 upper 8.62469517739840052247329114827483018e-1 Final circuit size: 88954 Estimated probability 0.13753040 (epsilon 0.000000032579715814051724) found in 95 seconds ",
495,:,1737464436.000,104.000,0,210,0,0,"schlandals --timeout 1500 -i /data/schlandals/pwmc_benchmarks/instances/bayesian_networks/pcnf/munin/495.cnf compile | tr '\n' ' '",/data/schlandals/pwmc_benchmarks/instances/bayesian_networks/pcnf/munin/495.cnf,"lower 2.11946619024835728805985065599046464e-1 upper 7.88053300975166464374157683775515832e-1 Final circuit size: 86021 Estimated probability 0.21194662 (epsilon 0.000000021140707406885895) found in 93 seconds ",
498,:,1737464455.000,102.000,0,210,0,0,"schlandals --timeout 1500 -i /data/schlandals/pwmc_benchmarks/instances/bayesian_networks/pcnf/munin/498.cnf compile | tr '\n' ' '",/data/schlandals/pwmc_benchmarks/instances/bayesian_networks/pcnf/munin/498.cnf,"lower 8.71665936407490725011319538535413124e-2 upper 9.12833326359253118198817623943984841e-1 Final circuit size: 87595 Estimated probability 0.08716659 (epsilon 0.000000051403882261880085) found in 92 seconds ",
499,:,1737464461.000,103.000,0,209,0,0,"schlandals --timeout 1500 -i /data/schlandals/pwmc_benchmarks/instances/bayesian_networks/pcnf/munin/499.cnf compile | tr '\n' ' '",/data/schlandals/pwmc_benchmarks/instances/bayesian_networks/pcnf/munin/499.cnf,"lower 3.67787213807221991784968264558628448e-2 upper 9.63221198619279990812425302185477286e-1 Final circuit size: 87671 Estimated probability 0.03677872 (epsilon 0.00000012182862940690597) found in 93 seconds ",
500,:,1737464464.000,101.000,0,208,0,0,"schlandals --timeout 1500 -i /data/schlandals/pwmc_benchmarks/instances/bayesian_networks/pcnf/munin/500.cnf compile | tr '\n' ' '",/data/schlandals/pwmc_benchmarks/instances/bayesian_networks/pcnf/munin/500.cnf,"lower 1.60891413807360283776724468375093319e-2 upper 9.83910778619266161368202156338179170e-1 Final circuit size: 86095 Estimated probability 0.01608914 (epsilon 0.0000002755860484260353) found in 91 seconds ",
501,:,1737464492.000,82.000,0,208,0,0,"schlandals --timeout 1500 -i /data/schlandals/pwmc_benchmarks/instances/bayesian_networks/pcnf/munin/501.cnf compile | tr '\n' ' '",/data/schlandals/pwmc_benchmarks/instances/bayesian_networks/pcnf/munin/501.cnf,"lower 9.08070650329087102738142460673570597e-3 upper 9.90919213496711319590847836041936772e-1 Final circuit size: 87034 Estimated probability 0.00908071 (epsilon 0.0000004882816588835936) found in 74 seconds ",
508,:,1737464537.000,48.000,0,185,0,0,"schlandals --timeout 1500 -i /data/schlandals/pwmc_benchmarks/instances/bayesian_networks/pcnf/munin/508.cnf compile | tr '\n' ' '",/data/schlandals/pwmc_benchmarks/instances/bayesian_networks/pcnf/munin/508.cnf,"lower 1.14679407117162048853834899728332546e-1 upper 8.85320532882839150522062374340477271e-1 Final circuit size: 83536 Estimated probability 0.11467941 (epsilon 0) found in 43 seconds ",
507,:,1737464536.000,50.000,0,185,0,0,"schlandals --timeout 1500 -i /data/schlandals/pwmc_benchmarks/instances/bayesian_networks/pcnf/munin/507.cnf compile | tr '\n' ' '",/data/schlandals/pwmc_benchmarks/instances/bayesian_networks/pcnf/munin/507.cnf,"lower 7.98662208348690859341278044693855428e-1 upper 2.01337731651310339299129873558543860e-1 Final circuit size: 82512 Estimated probability 0.79866221 (epsilon 0) found in 44 seconds ",
503,:,1737464525.000,85.000,0,185,0,0,"schlandals --timeout 1500 -i /data/schlandals/pwmc_benchmarks/instances/bayesian_networks/pcnf/munin/503.cnf compile | tr '\n' ' '",/data/schlandals/pwmc_benchmarks/instances/bayesian_networks/pcnf/munin/503.cnf,"lower 4.22436072673507187927914855056075467e-3 upper 9.95775559273267120522174209040030992e-1 Final circuit size: 83856 Estimated probability 0.00422436 (epsilon 0) found in 75 seconds ",
506,:,1737464534.000,80.000,0,185,0,0,"schlandals --timeout 1500 -i /data/schlandals/pwmc_benchmarks/instances/bayesian_networks/pcnf/munin/506.cnf compile | tr '\n' ' '",/data/schlandals/pwmc_benchmarks/instances/bayesian_networks/pcnf/munin/506.cnf,"lower 5.83683755064467123957575699692515987e-2 upper 9.41631564493554487177619985605738713e-1 Final circuit size: 83728 Estimated probability 0.05836838 (epsilon 0) found in 73 seconds ",
505,:,1737464534.000,82.000,0,185,0,0,"schlandals --timeout 1500 -i /data/schlandals/pwmc_benchmarks/instances/bayesian_networks/pcnf/munin/505.cnf compile | tr '\n' ' '",/data/schlandals/pwmc_benchmarks/instances/bayesian_networks/pcnf/munin/505.cnf,"lower 6.74321094498656825802233213571446828e-3 upper 9.93256729055014631141893535334829543e-1 Final circuit size: 82827 Estimated probability 0.00674321 (epsilon 0) found in 74 seconds ",
510,:,1737464540.000,76.000,0,210,0,0,"schlandals --timeout 1500 -i /data/schlandals/pwmc_benchmarks/instances/bayesian_networks/pcnf/munin/510.cnf compile | tr '\n' ' '",/data/schlandals/pwmc_benchmarks/instances/bayesian_networks/pcnf/munin/510.cnf,"lower 1.44108869299547939860886116900403412e-3 upper 9.98558821307007626177943132706019606e-1 Final circuit size: 87321 Estimated probability 0.00144109 (epsilon 0.000000043880668876283835) found in 70 seconds ",
504,:,1737464530.000,86.000,0,185,0,0,"schlandals --timeout 1500 -i /data/schlandals/pwmc_benchmarks/instances/bayesian_networks/pcnf/munin/504.cnf compile | tr '\n' ' '",/data/schlandals/pwmc_benchmarks/instances/bayesian_networks/pcnf/munin/504.cnf,"lower 2.87845873486588916600624539061665269e-3 upper 9.97121461265136303068434519390945828e-1 Final circuit size: 84742 Estimated probability 0.00287846 (epsilon 0) found in 77 seconds ",
509,:,1737464539.000,82.000,0,185,0,0,"schlandals --timeout 1500 -i /data/schlandals/pwmc_benchmarks/instances/bayesian_networks/pcnf/munin/509.cnf compile | tr '\n' ' '",/data/schlandals/pwmc_benchmarks/instances/bayesian_networks/pcnf/munin/509.cnf,"lower 2.15467980810084429534024743049254322e-2 upper 9.78453141918992756186890043677504711e-1 Final circuit size: 81418 Estimated probability 0.02154680 (epsilon 0) found in 75 seconds ",
512,:,1737464564.000,59.000,0,209,0,0,"schlandals --timeout 1500 -i /data/schlandals/pwmc_benchmarks/instances/bayesian_networks/pcnf/munin/512.cnf compile | tr '\n' ' '",/data/schlandals/pwmc_benchmarks/instances/bayesian_networks/pcnf/munin/512.cnf,"lower 6.73841554575859087171535211070687954e-3 upper 9.93261494454244513107181613787722534e-1 Final circuit size: 87487 Estimated probability 0.00673842 (epsilon 0.00000003870582654386112) found in 53 seconds ",
502,:,1737464525.000,107.000,0,208,0,0,"schlandals --timeout 1500 -i /data/schlandals/pwmc_benchmarks/instances/bayesian_networks/pcnf/munin/502.cnf compile | tr '\n' ' '",/data/schlandals/pwmc_benchmarks/instances/bayesian_networks/pcnf/munin/502.cnf,"lower 6.09417897710138877882102246806810707e-3 upper 9.93905741022900805875368915659611872e-1 Final circuit size: 87271 Estimated probability 0.00609418 (epsilon 0.0000007275700208975167) found in 96 seconds ",
511,:,1737464557.000,101.000,0,210,0,0,"schlandals --timeout 1500 -i /data/schlandals/pwmc_benchmarks/instances/bayesian_networks/pcnf/munin/511.cnf compile | tr '\n' ' '",/data/schlandals/pwmc_benchmarks/instances/bayesian_networks/pcnf/munin/511.cnf,"lower 3.01265018133696696445157441604239448e-3 upper 9.96987259818666133702891226741951400e-1 Final circuit size: 85843 Estimated probability 0.00301265 (epsilon 0.000000020990131854858873) found in 90 seconds ",
513,:,1737464565.000,100.000,0,209,0,0,"schlandals --timeout 1500 -i /data/schlandals/pwmc_benchmarks/instances/bayesian_networks/pcnf/munin/513.cnf compile | tr '\n' ' '",/data/schlandals/pwmc_benchmarks/instances/bayesian_networks/pcnf/munin/513.cnf,"lower 2.16526770732174735905698141988796069e-2 upper 9.78347232926785629967911261030486672e-1 Final circuit size: 86379 Estimated probability 0.02165268 (epsilon 0.00000001204543931265789) found in 89 seconds ",
519,:,1737464616.000,53.000,0,210,0,0,"schlandals --timeout 1500 -i /data/schlandals/pwmc_benchmarks/instances/bayesian_networks/pcnf/munin/519.cnf compile | tr '\n' ' '",/data/schlandals/pwmc_benchmarks/instances/bayesian_networks/pcnf/munin/519.cnf,"lower 5.40224691775649546928919391726382151e-2 upper 9.45977440822438150464438993999018182e-1 Final circuit size: 84882 Estimated probability 0.05402247 (epsilon 0.000000007721084438472303) found in 46 seconds ",
514,:,1737464574.000,101.000,0,210,0,0,"schlandals --timeout 1500 -i /data/schlandals/pwmc_benchmarks/instances/bayesian_networks/pcnf/munin/514.cnf compile | tr '\n' ' '",/data/schlandals/pwmc_benchmarks/instances/bayesian_networks/pcnf/munin/514.cnf,"lower 7.23081164766711399520546324478332569e-2 upper 9.27691793523331961738104354779820460e-1 Final circuit size: 87647 Estimated probability 0.07230812 (epsilon 0.000000005282158044295215) found in 91 seconds ",
515,:,1737464585.000,98.000,0,211,0,0,"schlandals --timeout 1500 -i /data/schlandals/pwmc_benchmarks/instances/bayesian_networks/pcnf/munin/515.cnf compile | tr '\n' ' '",/data/schlandals/pwmc_benchmarks/instances/bayesian_networks/pcnf/munin/515.cnf,"lower 1.71526473535461159037917222776873779e-1 upper 8.28473436464541943147213332372468352e-1 Final circuit size: 86901 Estimated probability 0.17152647 (epsilon 0.0000000024317647895344408) found in 87 seconds ",
516,:,1737464586.000,106.000,0,211,0,0,"schlandals --timeout 1500 -i /data/schlandals/pwmc_benchmarks/instances/bayesian_networks/pcnf/munin/516.cnf compile | tr '\n' ' '",/data/schlandals/pwmc_benchmarks/instances/bayesian_networks/pcnf/munin/516.cnf,"lower 2.55538503341112864893174232517114498e-1 upper 7.44461406658890235406781779959262565e-1 Final circuit size: 89955 Estimated probability 0.25553850 (epsilon 0.0000000016322863061191129) found in 95 seconds ",
517,:,1737464610.000,99.000,0,211,0,0,"schlandals --timeout 1500 -i /data/schlandals/pwmc_benchmarks/instances/bayesian_networks/pcnf/munin/517.cnf compile | tr '\n' ' '",/data/schlandals/pwmc_benchmarks/instances/bayesian_networks/pcnf/munin/517.cnf,"lower 2.34170229061879792314364265537511406e-1 upper 7.65829680938123312467444542921061365e-1 Final circuit size: 85564 Estimated probability 0.23417023 (epsilon 0.0000000017812344932366386) found in 88 seconds ",
521,:,1737464616.000,97.000,0,210,0,0,"schlandals --timeout 1500 -i /data/schlandals/pwmc_benchmarks/instances/bayesian_networks/pcnf/munin/521.cnf compile | tr '\n' ' '",/data/schlandals/pwmc_benchmarks/instances/bayesian_networks/pcnf/munin/521.cnf,"lower 1.03725162229679472353754961554002086e-2 upper 9.89627393777035155812754716365831073e-1 Final circuit size: 86344 Estimated probability 0.01037252 (epsilon 0.000000040213196106364535) found in 87 seconds ",
518,:,1737464614.000,101.000,0,211,0,0,"schlandals --timeout 1500 -i /data/schlandals/pwmc_benchmarks/instances/bayesian_networks/pcnf/munin/518.cnf compile | tr '\n' ' '",/data/schlandals/pwmc_benchmarks/instances/bayesian_networks/pcnf/munin/518.cnf,"lower 1.34706926297302349951390331200455210e-1 upper 8.65292983702700751906236408637842371e-1 Final circuit size: 86863 Estimated probability 0.13470693 (epsilon 0.0000000030964411035228068) found in 90 seconds ",
520,:,1737464616.000,101.000,0,210,0,0,"schlandals --timeout 1500 -i /data/schlandals/pwmc_benchmarks/instances/bayesian_networks/pcnf/munin/520.cnf compile | tr '\n' ' '",/data/schlandals/pwmc_benchmarks/instances/bayesian_networks/pcnf/munin/520.cnf,"lower 2.05794857300197567786368710343622187e-2 upper 9.79420424269983343745686478682883635e-1 Final circuit size: 86047 Estimated probability 0.02057949 (epsilon 0.000000020268341893725506) found in 91 seconds ",
534,:,1737464717.000,4.000,0,184,0,0,"schlandals --timeout 1500 -i /data/schlandals/pwmc_benchmarks/instances/bayesian_networks/pcnf/munin/534.cnf compile | tr '\n' ' '",/data/schlandals/pwmc_benchmarks/instances/bayesian_networks/pcnf/munin/534.cnf,"lower 8.80200059361157841967055183111014006e-1 upper 1.19799940638842283378547765634403995e-1 Final circuit size: 42210 Estimated probability 0.88020006 (epsilon 0) found in 3 seconds ",
523,:,1737464623.000,100.000,0,209,0,0,"schlandals --timeout 1500 -i /data/schlandals/pwmc_benchmarks/instances/bayesian_networks/pcnf/munin/523.cnf compile | tr '\n' ' '",/data/schlandals/pwmc_benchmarks/instances/bayesian_networks/pcnf/munin/523.cnf,"lower 3.55062283052855004652267376515882103e-3 upper 9.96449287169474552794487147016284024e-1 Final circuit size: 85923 Estimated probability 0.00355062 (epsilon 0.00000009849786408722139) found in 89 seconds ",
535,:,1737464721.000,5.000,0,184,0,0,"schlandals --timeout 1500 -i /data/schlandals/pwmc_benchmarks/instances/bayesian_networks/pcnf/munin/535.cnf compile | tr '\n' ' '",/data/schlandals/pwmc_benchmarks/instances/bayesian_networks/pcnf/munin/535.cnf,"lower 1.19799940638842207764950613015916705e-1 upper 8.80200059361157917580652335729501127e-1 Final circuit size: 42210 Estimated probability 0.11979994 (epsilon 0) found in 3 seconds ",
522,:,1737464621.000,105.000,0,209,0,0,"schlandals --timeout 1500 -i /data/schlandals/pwmc_benchmarks/instances/bayesian_networks/pcnf/munin/522.cnf compile | tr '\n' ' '",/data/schlandals/pwmc_benchmarks/instances/bayesian_networks/pcnf/munin/522.cnf,"lower 6.13681990868903510374494961915838671e-3 upper 9.93863090091314064651115578969172265e-1 Final circuit size: 88871 Estimated probability 0.00613682 (epsilon 0.00000005698860228164904) found in 95 seconds ",
536,:,1737464723.000,8.000,0,184,0,0,"schlandals --timeout 1500 -i /data/schlandals/pwmc_benchmarks/instances/bayesian_networks/pcnf/munin/536.cnf compile | tr '\n' ' '",/data/schlandals/pwmc_benchmarks/instances/bayesian_networks/pcnf/munin/536.cnf,"lower 9.46324800458896192255738854187766178e-1 upper 5.36751995411039192405290469554214557e-2 Final circuit size: 46191 Estimated probability 0.94632480 (epsilon 0) found in 6 seconds ",
537,:,1737464726.000,7.000,0,184,0,0,"schlandals --timeout 1500 -i /data/schlandals/pwmc_benchmarks/instances/bayesian_networks/pcnf/munin/537.cnf compile | tr '\n' ' '",/data/schlandals/pwmc_benchmarks/instances/bayesian_networks/pcnf/munin/537.cnf,"lower 5.36751995411038447408557964780751525e-2 upper 9.46324800458896266755412104665113005e-1 Final circuit size: 46191 Estimated probability 0.05367520 (epsilon 0) found in 6 seconds ",
524,:,1737464632.000,101.000,0,209,0,0,"schlandals --timeout 1500 -i /data/schlandals/pwmc_benchmarks/instances/bayesian_networks/pcnf/munin/524.cnf compile | tr '\n' ' '",/data/schlandals/pwmc_benchmarks/instances/bayesian_networks/pcnf/munin/524.cnf,"lower 2.06880310592856368855578504187442623e-3 upper 9.97931106894074540691909271750716493e-1 Final circuit size: 85977 Estimated probability 0.00206880 (epsilon 0.00000016904883426427375) found in 91 seconds ",
525,:,1737464658.000,101.000,0,208,0,0,"schlandals --timeout 1500 -i /data/schlandals/pwmc_benchmarks/instances/bayesian_networks/pcnf/munin/525.cnf compile | tr '\n' ' '",/data/schlandals/pwmc_benchmarks/instances/bayesian_networks/pcnf/munin/525.cnf,"lower 1.20153533048723460734484841965083060e-3 upper 9.98798374669515867553232950024934413e-1 Final circuit size: 86669 Estimated probability 0.00120154 (epsilon 0.0000002910682044277024) found in 91 seconds ",
529,:,1737464683.000,78.000,0,185,0,0,"schlandals --timeout 1500 -i /data/schlandals/pwmc_benchmarks/instances/bayesian_networks/pcnf/munin/529.cnf compile | tr '\n' ' '",/data/schlandals/pwmc_benchmarks/instances/bayesian_networks/pcnf/munin/529.cnf,"lower 1.14562739559627879841864370356463112e-1 upper 8.85437200440373300167093102951046291e-1 Final circuit size: 82047 Estimated probability 0.11456274 (epsilon 0) found in 70 seconds ",
526,:,1737464665.000,99.000,0,209,0,0,"schlandals --timeout 1500 -i /data/schlandals/pwmc_benchmarks/instances/bayesian_networks/pcnf/munin/526.cnf compile | tr '\n' ' '",/data/schlandals/pwmc_benchmarks/instances/bayesian_networks/pcnf/munin/526.cnf,"lower 6.41269842607878276145998768462954211e-4 upper 9.99358640157395224312304505576489760e-1 Final circuit size: 85337 Estimated probability 0.00064127 (epsilon 0.00000023726162901027692) found in 89 seconds ",
527,:,1737464669.000,97.000,0,208,0,0,"schlandals --timeout 1500 -i /data/schlandals/pwmc_benchmarks/instances/bayesian_networks/pcnf/munin/527.cnf compile | tr '\n' ' '",/data/schlandals/pwmc_benchmarks/instances/bayesian_networks/pcnf/munin/527.cnf,"lower 2.89307931961000731535249459514090738e-4 upper 9.99710602068042101156357652536286328e-1 Final circuit size: 86425 Estimated probability 0.00028931 (epsilon 0.0000005259057416218127) found in 87 seconds ",
528,:,1737464675.000,98.000,0,208,0,0,"schlandals --timeout 1500 -i /data/schlandals/pwmc_benchmarks/instances/bayesian_networks/pcnf/munin/528.cnf compile | tr '\n' ' '",/data/schlandals/pwmc_benchmarks/instances/bayesian_networks/pcnf/munin/528.cnf,"lower 4.20888692851921467063942819703338844e-5 upper 9.99957821130717911306395887017360364e-1 Final circuit size: 86269 Estimated probability 0.00004209 (epsilon 0.0000007370557899566421) found in 88 seconds ",
530,:,1737464692.000,81.000,0,185,0,0,"schlandals --timeout 1500 -i /data/schlandals/pwmc_benchmarks/instances/bayesian_networks/pcnf/munin/530.cnf compile | tr '\n' ' '",/data/schlandals/pwmc_benchmarks/instances/bayesian_networks/pcnf/munin/530.cnf,"lower 7.39276738976875588867701967993753658e-1 upper 2.60723201023125591578116391569752998e-1 Final circuit size: 82959 Estimated probability 0.73927674 (epsilon 0) found in 73 seconds ",
531,:,1737464709.000,80.000,0,185,0,0,"schlandals --timeout 1500 -i /data/schlandals/pwmc_benchmarks/instances/bayesian_networks/pcnf/munin/531.cnf compile | tr '\n' ' '",/data/schlandals/pwmc_benchmarks/instances/bayesian_networks/pcnf/munin/531.cnf,"lower 1.46160521461791209288627999973714277e-1 upper 8.53839418538209970846614736297265712e-1 Final circuit size: 81795 Estimated probability 0.14616052 (epsilon 0) found in 72 seconds ",
532,:,1737464713.000,76.000,0,185,0,0,"schlandals --timeout 1500 -i /data/schlandals/pwmc_benchmarks/instances/bayesian_networks/pcnf/munin/532.cnf compile | tr '\n' ' '",/data/schlandals/pwmc_benchmarks/instances/bayesian_networks/pcnf/munin/532.cnf,"lower 8.22706453923909717881554022526715021e-1 upper 1.77293486076091560837897949869769190e-1 Final circuit size: 78791 Estimated probability 0.82270645 (epsilon 0) found in 69 seconds ",
533,:,1737464715.000,75.000,0,185,0,0,"schlandals --timeout 1500 -i /data/schlandals/pwmc_benchmarks/instances/bayesian_networks/pcnf/munin/533.cnf compile | tr '\n' ' '",/data/schlandals/pwmc_benchmarks/instances/bayesian_networks/pcnf/munin/533.cnf,"lower 1.77293546074384945749600313585834037e-1 upper 8.22706393925616332969851658810649958e-1 Final circuit size: 78791 Estimated probability 0.17729355 (epsilon 0) found in 68 seconds ",
214,:,1737464191.000,1139.000,0,0,0,0,"schlandals --timeout 1500 -i /data/schlandals/pwmc_benchmarks/instances/bayesian_networks/pcnf/munin/214.cnf compile | tr '\n' ' '",/data/schlandals/pwmc_benchmarks/instances/bayesian_networks/pcnf/munin/214.cnf,,
103,:,1737464074.000,1281.000,0,0,0,0,"schlandals --timeout 1500 -i /data/schlandals/pwmc_benchmarks/instances/bayesian_networks/pcnf/munin/103.cnf compile | tr '\n' ' '",/data/schlandals/pwmc_benchmarks/instances/bayesian_networks/pcnf/munin/103.cnf,,
208,:,1737464182.000,1171.000,0,0,0,0,"schlandals --timeout 1500 -i /data/schlandals/pwmc_benchmarks/instances/bayesian_networks/pcnf/munin/208.cnf compile | tr '\n' ' '",/data/schlandals/pwmc_benchmarks/instances/bayesian_networks/pcnf/munin/208.cnf,"lower 9.92991622846677724541131065831250507e-4 upper 9.99006710885983193613391017986274203e-1 Final circuit size: 959857 Estimated probability 0.00099299 (epsilon 0.0000003161252069006082) found in 1170 seconds ",
215,:,1737464193.000,1222.000,0,0,0,0,"schlandals --timeout 1500 -i /data/schlandals/pwmc_benchmarks/instances/bayesian_networks/pcnf/munin/215.cnf compile | tr '\n' ' '",/data/schlandals/pwmc_benchmarks/instances/bayesian_networks/pcnf/munin/215.cnf,,
104,:,1737464074.000,1129.000,0,0,0,0,"schlandals --timeout 1500 -i /data/schlandals/pwmc_benchmarks/instances/bayesian_networks/pcnf/munin/104.cnf compile | tr '\n' ' '",/data/schlandals/pwmc_benchmarks/instances/bayesian_networks/pcnf/munin/104.cnf,"lower 1.06954864982935761191528828632994262e-2 upper 9.89304312948715738042369623248809497e-1 Final circuit size: 968238 Estimated probability 0.01069549 (epsilon 0.00000010043472564724709) found in 1128 seconds ",
210,:,1737464184.000,1287.000,0,0,0,0,"schlandals --timeout 1500 -i /data/schlandals/pwmc_benchmarks/instances/bayesian_networks/pcnf/munin/210.cnf compile | tr '\n' ' '",/data/schlandals/pwmc_benchmarks/instances/bayesian_networks/pcnf/munin/210.cnf,,
137,:,1737464087.000,1416.000,0,0,0,0,"schlandals --timeout 1500 -i /data/schlandals/pwmc_benchmarks/instances/bayesian_networks/pcnf/munin/137.cnf compile | tr '\n' ' '",/data/schlandals/pwmc_benchmarks/instances/bayesian_networks/pcnf/munin/137.cnf,,
110,:,1737464075.000,1453.000,0,0,0,0,"schlandals --timeout 1500 -i /data/schlandals/pwmc_benchmarks/instances/bayesian_networks/pcnf/munin/110.cnf compile | tr '\n' ' '",/data/schlandals/pwmc_benchmarks/instances/bayesian_networks/pcnf/munin/110.cnf,,
114,:,1737464077.000,1478.000,0,0,0,0,"schlandals --timeout 1500 -i /data/schlandals/pwmc_benchmarks/instances/bayesian_networks/pcnf/munin/114.cnf compile | tr '\n' ' '",/data/schlandals/pwmc_benchmarks/instances/bayesian_networks/pcnf/munin/114.cnf,,
559,:,1737465555.000,7.000,0,184,0,0,"schlandals --timeout 1500 -i /data/schlandals/pwmc_benchmarks/instances/bayesian_networks/pcnf/munin/559.cnf compile | tr '\n' ' '",/data/schlandals/pwmc_benchmarks/instances/bayesian_networks/pcnf/munin/559.cnf,"lower 9.45883944516707076401977399982360099e-1 upper 5.41160554832930348521233098648538572e-2 Final circuit size: 42282 Estimated probability 0.94588394 (epsilon 0) found in 6 seconds ",
560,:,1737465562.000,7.000,0,184,0,0,"schlandals --timeout 1500 -i /data/schlandals/pwmc_benchmarks/instances/bayesian_networks/pcnf/munin/560.cnf compile | tr '\n' ' '",/data/schlandals/pwmc_benchmarks/instances/bayesian_networks/pcnf/munin/560.cnf,"lower 2.21810154784950243610547750943677829e-2 upper 9.77818984521505086893045934752845758e-1 Final circuit size: 42282 Estimated probability 0.02218102 (epsilon 0) found in 6 seconds ",
561,:,1737465569.000,7.000,0,184,0,0,"schlandals --timeout 1500 -i /data/schlandals/pwmc_benchmarks/instances/bayesian_networks/pcnf/munin/561.cnf compile | tr '\n' ' '",/data/schlandals/pwmc_benchmarks/instances/bayesian_networks/pcnf/munin/561.cnf,"lower 1.06333181280630958791191104854067985e-2 upper 9.89366681871937015374981599361806651e-1 Final circuit size: 42282 Estimated probability 0.01063332 (epsilon 0) found in 5 seconds ",
102,:,1737464074.000,1505.000,0,0,0,0,"schlandals --timeout 1500 -i /data/schlandals/pwmc_benchmarks/instances/bayesian_networks/pcnf/munin/102.cnf compile | tr '\n' ' '",/data/schlandals/pwmc_benchmarks/instances/bayesian_networks/pcnf/munin/102.cnf,,
562,:,1737465576.000,10.000,0,184,0,0,"schlandals --timeout 1500 -i /data/schlandals/pwmc_benchmarks/instances/bayesian_networks/pcnf/munin/562.cnf compile | tr '\n' ' '",/data/schlandals/pwmc_benchmarks/instances/bayesian_networks/pcnf/munin/562.cnf,"lower 1.30172187673483531683999460914617475e-3 upper 9.98698278123265275937260715238067700e-1 Final circuit size: 42282 Estimated probability 0.00130172 (epsilon 0) found in 7 seconds ",
563,:,1737465579.000,7.000,0,184,0,0,"schlandals --timeout 1500 -i /data/schlandals/pwmc_benchmarks/instances/bayesian_networks/pcnf/munin/563.cnf compile | tr '\n' ' '",/data/schlandals/pwmc_benchmarks/instances/bayesian_networks/pcnf/munin/563.cnf,"lower 2.00000000000000019804860040842144585e-2 upper 9.80000000000000109273614705762999386e-1 Final circuit size: 42282 Estimated probability 0.02000000 (epsilon 0) found in 6 seconds ",
564,:,1737465586.000,7.000,0,184,0,0,"schlandals --timeout 1500 -i /data/schlandals/pwmc_benchmarks/instances/bayesian_networks/pcnf/munin/564.cnf compile | tr '\n' ' '",/data/schlandals/pwmc_benchmarks/instances/bayesian_networks/pcnf/munin/564.cnf,"lower 9.49013494172304393739070229949254101e-1 upper 5.09865058276957175957528769966178478e-2 Final circuit size: 45864 Estimated probability 0.94901349 (epsilon 0) found in 4 seconds ",
111,:,1737464075.000,1115.000,0,0,0,0,"schlandals --timeout 1500 -i /data/schlandals/pwmc_benchmarks/instances/bayesian_networks/pcnf/munin/111.cnf compile | tr '\n' ' '",/data/schlandals/pwmc_benchmarks/instances/bayesian_networks/pcnf/munin/111.cnf,"lower 2.07246844529188521264153355019735898e-1 upper 7.92752955470828828187521515573049871e-1 Final circuit size: 967614 Estimated probability 0.20724684 (epsilon 0.0000000235270205539706) found in 1114 seconds ",
565,:,1737465586.000,8.000,0,184,0,0,"schlandals --timeout 1500 -i /data/schlandals/pwmc_benchmarks/instances/bayesian_networks/pcnf/munin/565.cnf compile | tr '\n' ' '",/data/schlandals/pwmc_benchmarks/instances/bayesian_networks/pcnf/munin/565.cnf,"lower 2.07562590901749775902762807190480339e-2 upper 9.79243740909825133744546826226823717e-1 Final circuit size: 45864 Estimated probability 0.02075626 (epsilon 0) found in 7 seconds ",
567,:,1737465593.000,5.000,0,184,0,0,"schlandals --timeout 1500 -i /data/schlandals/pwmc_benchmarks/instances/bayesian_networks/pcnf/munin/567.cnf compile | tr '\n' ' '",/data/schlandals/pwmc_benchmarks/instances/bayesian_networks/pcnf/munin/567.cnf,"lower 2.00525826219479297696277252107177477e-2 upper 9.79947417378052181565195381735154102e-1 Final circuit size: 45864 Estimated probability 0.02005258 (epsilon 0) found in 4 seconds ",
568,:,1737465594.000,5.000,0,184,0,0,"schlandals --timeout 1500 -i /data/schlandals/pwmc_benchmarks/instances/bayesian_networks/pcnf/munin/568.cnf compile | tr '\n' ' '",/data/schlandals/pwmc_benchmarks/instances/bayesian_networks/pcnf/munin/568.cnf,"lower 9.45499114177318259834363176765164186e-1 upper 5.45008858226818514197375330820495298e-2 Final circuit size: 42556 Estimated probability 0.94549911 (epsilon 0) found in 3 seconds ",
566,:,1737465593.000,8.000,0,184,0,0,"schlandals --timeout 1500 -i /data/schlandals/pwmc_benchmarks/instances/bayesian_networks/pcnf/munin/566.cnf compile | tr '\n' ' '",/data/schlandals/pwmc_benchmarks/instances/bayesian_networks/pcnf/munin/566.cnf,"lower 1.01776641155727340034702045401648838e-2 upper 9.89822335884427377331352902405707064e-1 Final circuit size: 45864 Estimated probability 0.01017766 (epsilon 0) found in 7 seconds ",
569,:,1737465598.000,5.000,0,184,0,0,"schlandals --timeout 1500 -i /data/schlandals/pwmc_benchmarks/instances/bayesian_networks/pcnf/munin/569.cnf compile | tr '\n' ' '",/data/schlandals/pwmc_benchmarks/instances/bayesian_networks/pcnf/munin/569.cnf,"lower 2.22978140458306871078656493624671770e-2 upper 9.77702185954169424146235060484746382e-1 Final circuit size: 45141 Estimated probability 0.02229781 (epsilon 0) found in 3 seconds ",
570,:,1737465599.000,6.000,0,184,0,0,"schlandals --timeout 1500 -i /data/schlandals/pwmc_benchmarks/instances/bayesian_networks/pcnf/munin/570.cnf compile | tr '\n' ' '",/data/schlandals/pwmc_benchmarks/instances/bayesian_networks/pcnf/munin/570.cnf,"lower 1.08366686217909228538772386941809147e-2 upper 9.89163331378209188400223471153032828e-1 Final circuit size: 45141 Estimated probability 0.01083667 (epsilon 0) found in 5 seconds ",
572,:,1737465603.000,5.000,0,184,0,0,"schlandals --timeout 1500 -i /data/schlandals/pwmc_benchmarks/instances/bayesian_networks/pcnf/munin/572.cnf compile | tr '\n' ' '",/data/schlandals/pwmc_benchmarks/instances/bayesian_networks/pcnf/munin/572.cnf,"lower 2.00223359810044314854241132490921398e-2 upper 9.79977664018995679768676596598121904e-1 Final circuit size: 45306 Estimated probability 0.02002234 (epsilon 0) found in 4 seconds ",
571,:,1737465601.000,8.000,0,184,0,0,"schlandals --timeout 1500 -i /data/schlandals/pwmc_benchmarks/instances/bayesian_networks/pcnf/munin/571.cnf compile | tr '\n' ' '",/data/schlandals/pwmc_benchmarks/instances/bayesian_networks/pcnf/munin/571.cnf,"lower 1.34406717405573290382752774710317303e-3 upper 9.98655932825944378350273182100110593e-1 Final circuit size: 45891 Estimated probability 0.00134407 (epsilon 0) found in 7 seconds ",
573,:,1737465605.000,10.000,0,184,0,0,"schlandals --timeout 1500 -i /data/schlandals/pwmc_benchmarks/instances/bayesian_networks/pcnf/munin/573.cnf compile | tr '\n' ' '",/data/schlandals/pwmc_benchmarks/instances/bayesian_networks/pcnf/munin/573.cnf,"lower 9.45713352978899934563587600000497867e-1 upper 5.42866470211000815228891224182924607e-2 Final circuit size: 49332 Estimated probability 0.94571335 (epsilon 0) found in 6 seconds ",
136,:,1737464087.000,1528.000,0,0,0,0,"schlandals --timeout 1500 -i /data/schlandals/pwmc_benchmarks/instances/bayesian_networks/pcnf/munin/136.cnf compile | tr '\n' ' '",/data/schlandals/pwmc_benchmarks/instances/bayesian_networks/pcnf/munin/136.cnf,,
574,:,1737465608.000,7.000,0,184,0,0,"schlandals --timeout 1500 -i /data/schlandals/pwmc_benchmarks/instances/bayesian_networks/pcnf/munin/574.cnf compile | tr '\n' ' '",/data/schlandals/pwmc_benchmarks/instances/bayesian_networks/pcnf/munin/574.cnf,"lower 5.25798058060116141638656862382087817e-2 upper 9.47420194193988401922611036180581558e-1 Final circuit size: 45591 Estimated probability 0.05257981 (epsilon 0) found in 6 seconds ",
575,:,1737465609.000,8.000,0,184,0,0,"schlandals --timeout 1500 -i /data/schlandals/pwmc_benchmarks/instances/bayesian_networks/pcnf/munin/575.cnf compile | tr '\n' ' '",/data/schlandals/pwmc_benchmarks/instances/bayesian_networks/pcnf/munin/575.cnf,"lower 1.29362556650654209553295841882108039e-3 upper 9.98706374433493432569211139728993296e-1 Final circuit size: 40979 Estimated probability 0.00129363 (epsilon 0) found in 7 seconds ",
576,:,1737465615.000,8.000,0,184,0,0,"schlandals --timeout 1500 -i /data/schlandals/pwmc_benchmarks/instances/bayesian_networks/pcnf/munin/576.cnf compile | tr '\n' ' '",/data/schlandals/pwmc_benchmarks/instances/bayesian_networks/pcnf/munin/576.cnf,"lower 4.13215648581945824080426571124405883e-4 upper 9.99586784351418028840663671576689981e-1 Final circuit size: 40979 Estimated probability 0.00041322 (epsilon 0) found in 6 seconds ",
578,:,1737465615.000,9.000,0,185,0,0,"schlandals --timeout 1500 -i /data/schlandals/pwmc_benchmarks/instances/bayesian_networks/pcnf/munin/578.cnf compile | tr '\n' ' '",/data/schlandals/pwmc_benchmarks/instances/bayesian_networks/pcnf/munin/578.cnf,"lower 7.72368921203147918605953296138850795e-2 upper 9.22763107879685266918589030026636467e-1 Final circuit size: 109277 Estimated probability 0.07723689 (epsilon 0) found in 6 seconds ",
580,:,1737465623.000,1.000,0,183,0,0,"schlandals --timeout 1500 -i /data/schlandals/pwmc_benchmarks/instances/bayesian_networks/pcnf/munin/580.cnf compile | tr '\n' ' '",/data/schlandals/pwmc_benchmarks/instances/bayesian_networks/pcnf/munin/580.cnf,"lower 9.22219317139858045702949543192069190e-1 upper 7.77806828601418341020362578821099437e-2 Final circuit size: 5151 Estimated probability 0.92221932 (epsilon 0) found in 0 seconds ",
581,:,1737465624.000,1.000,0,183,0,0,"schlandals --timeout 1500 -i /data/schlandals/pwmc_benchmarks/instances/bayesian_networks/pcnf/munin/581.cnf compile | tr '\n' ' '",/data/schlandals/pwmc_benchmarks/instances/bayesian_networks/pcnf/munin/581.cnf,"lower 7.77806828601420072649089225269563200e-2 upper 9.22219317139857872540076878547222826e-1 Final circuit size: 5151 Estimated probability 0.07778068 (epsilon 0) found in 0 seconds ",
579,:,1737465617.000,8.000,0,185,0,0,"schlandals --timeout 1500 -i /data/schlandals/pwmc_benchmarks/instances/bayesian_networks/pcnf/munin/579.cnf compile | tr '\n' ' '",/data/schlandals/pwmc_benchmarks/instances/bayesian_networks/pcnf/munin/579.cnf,"lower 1.62833674515706928513731207586479056e-2 upper 9.83716632548429350519360529757460385e-1 Final circuit size: 103855 Estimated probability 0.01628337 (epsilon 0) found in 6 seconds ",
582,:,1737465624.000,1.000,0,138,0,0,"schlandals --timeout 1500 -i /data/schlandals/pwmc_benchmarks/instances/bayesian_networks/pcnf/munin/582.cnf compile | tr '\n' ' '",/data/schlandals/pwmc_benchmarks/instances/bayesian_networks/pcnf/munin/582.cnf,"lower 0 upper 1.00000000000000000000000000000000000 Final circuit size: 0 Estimated probability 0.00000000 (epsilon 0) found in 0 seconds ",
584,:,1737465625.000,1.000,0,138,0,0,"schlandals --timeout 1500 -i /data/schlandals/pwmc_benchmarks/instances/bayesian_networks/pcnf/munin/584.cnf compile | tr '\n' ' '",/data/schlandals/pwmc_benchmarks/instances/bayesian_networks/pcnf/munin/584.cnf,"lower 0 upper 1.00000000000000000000000000000000000 Final circuit size: 0 Estimated probability 0.00000000 (epsilon 0) found in 0 seconds ",
583,:,1737465625.000,1.000,0,138,0,0,"schlandals --timeout 1500 -i /data/schlandals/pwmc_benchmarks/instances/bayesian_networks/pcnf/munin/583.cnf compile | tr '\n' ' '",/data/schlandals/pwmc_benchmarks/instances/bayesian_networks/pcnf/munin/583.cnf,"lower 0 upper 1.00000000000000000000000000000000000 Final circuit size: 0 Estimated probability 0.00000000 (epsilon 0) found in 0 seconds ",
585,:,1737465625.000,2.000,0,138,0,0,"schlandals --timeout 1500 -i /data/schlandals/pwmc_benchmarks/instances/bayesian_networks/pcnf/munin/585.cnf compile | tr '\n' ' '",/data/schlandals/pwmc_benchmarks/instances/bayesian_networks/pcnf/munin/585.cnf,"lower 0 upper 1.00000000000000000000000000000000000 Final circuit size: 0 Estimated probability 0.00000000 (epsilon 0) found in 0 seconds ",
577,:,1737465615.000,14.000,0,186,0,0,"schlandals --timeout 1500 -i /data/schlandals/pwmc_benchmarks/instances/bayesian_networks/pcnf/munin/577.cnf compile | tr '\n' ' '",/data/schlandals/pwmc_benchmarks/instances/bayesian_networks/pcnf/munin/577.cnf,"lower 9.06479740428114567393274921037739691e-1 upper 9.35202595718854913859094386027817465e-2 Final circuit size: 109277 Estimated probability 0.90647974 (epsilon 0) found in 12 seconds ",
109,:,1737464075.000,1559.000,0,0,0,0,"schlandals --timeout 1500 -i /data/schlandals/pwmc_benchmarks/instances/bayesian_networks/pcnf/munin/109.cnf compile | tr '\n' ' '",/data/schlandals/pwmc_benchmarks/instances/bayesian_networks/pcnf/munin/109.cnf,,
98,:,1737464074.000,1579.000,0,0,0,0,"schlandals --timeout 1500 -i /data/schlandals/pwmc_benchmarks/instances/bayesian_networks/pcnf/munin/98.cnf compile | tr '\n' ' '",/data/schlandals/pwmc_benchmarks/instances/bayesian_networks/pcnf/munin/98.cnf,,
588,:,1737465627.000,38.000,0,186,0,0,"schlandals --timeout 1500 -i /data/schlandals/pwmc_benchmarks/instances/bayesian_networks/pcnf/munin/588.cnf compile | tr '\n' ' '",/data/schlandals/pwmc_benchmarks/instances/bayesian_networks/pcnf/munin/588.cnf,"lower 4.07251305746951430484346392564719567e-2 upper 9.59274869425304933392309307156021635e-1 Final circuit size: 275036 Estimated probability 0.04072513 (epsilon 0) found in 36 seconds ",
101,:,1737464074.000,1120.000,0,0,0,0,"schlandals --timeout 1500 -i /data/schlandals/pwmc_benchmarks/instances/bayesian_networks/pcnf/munin/101.cnf compile | tr '\n' ' '",/data/schlandals/pwmc_benchmarks/instances/bayesian_networks/pcnf/munin/101.cnf,"lower 4.34504261792067853211837231900932983e-3 upper 9.95654686832369239186240705717374663e-1 Final circuit size: 965153 Estimated probability 0.00434504 (epsilon 0.00000014531812753126871) found in 1118 seconds ",
105,:,1737464074.000,1599.000,0,0,0,0,"schlandals --timeout 1500 -i /data/schlandals/pwmc_benchmarks/instances/bayesian_networks/pcnf/munin/105.cnf compile | tr '\n' ' '",/data/schlandals/pwmc_benchmarks/instances/bayesian_networks/pcnf/munin/105.cnf,,"memory allocation of 436207616 bytes failed"
586,:,1737465626.000,58.000,0,186,0,0,"schlandals --timeout 1500 -i /data/schlandals/pwmc_benchmarks/instances/bayesian_networks/pcnf/munin/586.cnf compile | tr '\n' ' '",/data/schlandals/pwmc_benchmarks/instances/bayesian_networks/pcnf/munin/586.cnf,"lower 8.74050156328699868601492248375554143e-1 upper 1.25949843671300196095191711536682604e-1 Final circuit size: 208427 Estimated probability 0.87405016 (epsilon 0) found in 55 seconds ",
589,:,1737465629.000,60.000,0,186,0,0,"schlandals --timeout 1500 -i /data/schlandals/pwmc_benchmarks/instances/bayesian_networks/pcnf/munin/589.cnf compile | tr '\n' ' '",/data/schlandals/pwmc_benchmarks/instances/bayesian_networks/pcnf/munin/589.cnf,"lower 1.41881503398268455652832936087212980e-2 upper 9.85811849660173230832575978798669813e-1 Final circuit size: 267221 Estimated probability 0.01418815 (epsilon 0) found in 55 seconds ",
587,:,1737465626.000,63.000,0,186,0,0,"schlandals --timeout 1500 -i /data/schlandals/pwmc_benchmarks/instances/bayesian_networks/pcnf/munin/587.cnf compile | tr '\n' ' '",/data/schlandals/pwmc_benchmarks/instances/bayesian_networks/pcnf/munin/587.cnf,"lower 7.10365627567782067108514750105446474e-2 upper 9.28963437243221858081323074988523535e-1 Final circuit size: 266870 Estimated probability 0.07103656 (epsilon 0) found in 59 seconds ",
591,:,1737465653.000,42.000,0,186,0,0,"schlandals --timeout 1500 -i /data/schlandals/pwmc_benchmarks/instances/bayesian_networks/pcnf/munin/591.cnf compile | tr '\n' ' '",/data/schlandals/pwmc_benchmarks/instances/bayesian_networks/pcnf/munin/591.cnf,"lower 1.35729315009641130758010536955801611e-2 upper 9.86427068499035952432054172301707383e-1 Final circuit size: 268012 Estimated probability 0.01357293 (epsilon 0) found in 39 seconds ",
590,:,1737465634.000,61.000,0,186,0,0,"schlandals --timeout 1500 -i /data/schlandals/pwmc_benchmarks/instances/bayesian_networks/pcnf/munin/590.cnf compile | tr '\n' ' '",/data/schlandals/pwmc_benchmarks/instances/bayesian_networks/pcnf/munin/590.cnf,"lower 9.86427068499035956469138433496897370e-1 upper 1.35729315009641090387167925003897670e-2 Final circuit size: 268012 Estimated probability 0.98642707 (epsilon 0) found in 57 seconds ",
434,:,1737464322.000,1382.000,0,212,0,0,"schlandals --timeout 1500 -i /data/schlandals/pwmc_benchmarks/instances/bayesian_networks/pcnf/munin/434.cnf compile | tr '\n' ' '",/data/schlandals/pwmc_benchmarks/instances/bayesian_networks/pcnf/munin/434.cnf,"lower 6.02518364746955942856040535224447272e-3 upper 9.93974574173939554004491640326263558e-1 Final circuit size: 649289 Estimated probability 0.00602518 (epsilon 0.00000001995114451425195) found in 1259 seconds ",
100,:,1737464074.000,1107.000,0,0,0,0,"schlandals --timeout 1500 -i /data/schlandals/pwmc_benchmarks/instances/bayesian_networks/pcnf/munin/100.cnf compile | tr '\n' ' '",/data/schlandals/pwmc_benchmarks/instances/bayesian_networks/pcnf/munin/100.cnf,"lower 3.29493009933596782160830981923026850e-3 upper 9.96704799350953950138542635504097477e-1 Final circuit size: 965929 Estimated probability 0.00329493 (epsilon 0.0000001916318195238631) found in 1106 seconds ",
592,:,1737465665.000,62.000,0,186,0,0,"schlandals --timeout 1500 -i /data/schlandals/pwmc_benchmarks/instances/bayesian_networks/pcnf/munin/592.cnf compile | tr '\n' ' '",/data/schlandals/pwmc_benchmarks/instances/bayesian_networks/pcnf/munin/592.cnf,"lower 8.78091796085419400085253693412527573e-1 upper 1.21908203914580657557913558443067650e-1 Final circuit size: 272994 Estimated probability 0.87809180 (epsilon 0) found in 55 seconds ",
99,:,1737464074.000,1654.000,0,205,0,0,"schlandals --timeout 1500 -i /data/schlandals/pwmc_benchmarks/instances/bayesian_networks/pcnf/munin/99.cnf compile | tr '\n' ' '",/data/schlandals/pwmc_benchmarks/instances/bayesian_networks/pcnf/munin/99.cnf,"lower 2.84783877257281528253678830974571256e-3 upper 9.92119377739175025736405779997684209e-1 Final circuit size: 802454 Estimated probability 0.00284784 (epsilon 0.6634697843122763) found in 1507 seconds ",
445,:,1737464332.000,1401.000,0,213,0,0,"schlandals --timeout 1500 -i /data/schlandals/pwmc_benchmarks/instances/bayesian_networks/pcnf/munin/445.cnf compile | tr '\n' ' '",/data/schlandals/pwmc_benchmarks/instances/bayesian_networks/pcnf/munin/445.cnf,"lower 1.46855825001449832382275622490605827e-2 upper 9.85314232885215231985934904253119598e-1 Final circuit size: 645309 Estimated probability 0.01468558 (epsilon 0.000000012110723979219529) found in 1270 seconds ",
593,:,1737465672.000,62.000,0,186,0,0,"schlandals --timeout 1500 -i /data/schlandals/pwmc_benchmarks/instances/bayesian_networks/pcnf/munin/593.cnf compile | tr '\n' ' '",/data/schlandals/pwmc_benchmarks/instances/bayesian_networks/pcnf/munin/593.cnf,"lower 1.21908203914580663854818170925086008e-1 upper 8.78091796085419393788349080930509131e-1 Final circuit size: 272994 Estimated probability 0.12190820 (epsilon 0) found in 57 seconds ",
107,:,1737464075.000,1662.000,0,206,0,0,"schlandals --timeout 1500 -i /data/schlandals/pwmc_benchmarks/instances/bayesian_networks/pcnf/munin/107.cnf compile | tr '\n' ' '",/data/schlandals/pwmc_benchmarks/instances/bayesian_networks/pcnf/munin/107.cnf,"lower 3.94274829074701546617953186926877152e-2 upper 9.54771982252614294353672484512749911e-1 Final circuit size: 783171 Estimated probability 0.03942748 (epsilon 0.07103421015287825) found in 1507 seconds ",
442,:,1737464330.000,1423.000,0,214,0,0,"schlandals --timeout 1500 -i /data/schlandals/pwmc_benchmarks/instances/bayesian_networks/pcnf/munin/442.cnf compile | tr '\n' ' '",/data/schlandals/pwmc_benchmarks/instances/bayesian_networks/pcnf/munin/442.cnf,"lower 4.59035635768456594832688123062767231e-1 upper 5.40964184231556750325117306600899318e-1 Final circuit size: 651600 Estimated probability 0.45903564 (epsilon 0.0000000010785801141111051) found in 1284 seconds ",
135,:,1737464086.000,1689.000,0,207,0,0,"schlandals --timeout 1500 -i /data/schlandals/pwmc_benchmarks/instances/bayesian_networks/pcnf/munin/135.cnf compile | tr '\n' ' '",/data/schlandals/pwmc_benchmarks/instances/bayesian_networks/pcnf/munin/135.cnf,"lower 1.19530485944272716320217819565890359e-1 upper 8.75358280472009035691976512375173085e-1 Final circuit size: 792532 Estimated probability 0.11953049 (epsilon 0.021155721825341756) found in 1503 seconds ",
106,:,1737464074.000,1705.000,0,205,0,0,"schlandals --timeout 1500 -i /data/schlandals/pwmc_benchmarks/instances/bayesian_networks/pcnf/munin/106.cnf compile | tr '\n' ' '",/data/schlandals/pwmc_benchmarks/instances/bayesian_networks/pcnf/munin/106.cnf,"lower 2.16512135085968296248362818217001211e-2 upper 9.72546977138661238973839990746863629e-1 Final circuit size: 774980 Estimated probability 0.02165121 (epsilon 0.1260365012302309) found in 1507 seconds ",
108,:,1737464075.000,1706.000,0,206,0,0,"schlandals --timeout 1500 -i /data/schlandals/pwmc_benchmarks/instances/bayesian_networks/pcnf/munin/108.cnf compile | tr '\n' ' '",/data/schlandals/pwmc_benchmarks/instances/bayesian_networks/pcnf/munin/108.cnf,"lower 8.46190773292828107189708690688782137e-2 upper 9.10380582953049345873268474990193049e-1 Final circuit size: 808488 Estimated probability 0.08461908 (epsilon 0.02912103686113965) found in 1507 seconds ",
113,:,1737464076.000,1707.000,0,206,0,0,"schlandals --timeout 1500 -i /data/schlandals/pwmc_benchmarks/instances/bayesian_networks/pcnf/munin/113.cnf compile | tr '\n' ' '",/data/schlandals/pwmc_benchmarks/instances/bayesian_networks/pcnf/munin/113.cnf,"lower 5.27580469198445132404840033002072209e-2 upper 9.44636446639677527140462249528217833e-1 Final circuit size: 847917 Estimated probability 0.05275805 (epsilon 0.02439362606275597) found in 1504 seconds ",
112,:,1737464075.000,1710.000,0,207,0,0,"schlandals --timeout 1500 -i /data/schlandals/pwmc_benchmarks/instances/bayesian_networks/pcnf/munin/112.cnf compile | tr '\n' ' '",/data/schlandals/pwmc_benchmarks/instances/bayesian_networks/pcnf/munin/112.cnf,"lower 1.25698440820318796572186940811547636e-1 upper 8.71693662026903284664632676444529099e-1 Final circuit size: 850895 Estimated probability 0.12569844 (epsilon 0.010319623352528673) found in 1505 seconds ",
138,:,1737464087.000,1699.000,0,205,0,0,"schlandals --timeout 1500 -i /data/schlandals/pwmc_benchmarks/instances/bayesian_networks/pcnf/munin/138.cnf compile | tr '\n' ' '",/data/schlandals/pwmc_benchmarks/instances/bayesian_networks/pcnf/munin/138.cnf,"lower 5.04378604201507053438777027084784042e-3 upper 9.89146141241831237373135206156572291e-1 Final circuit size: 719429 Estimated probability 0.00504379 (epsilon 0.4669222301366156) found in 1501 seconds ",
611,:,1737465783.000,8.000,0,207,0,0,"schlandals --timeout 1500 -i /data/schlandals/pwmc_benchmarks/instances/bayesian_networks/pcnf/munin/611.cnf compile | tr '\n' ' '",/data/schlandals/pwmc_benchmarks/instances/bayesian_networks/pcnf/munin/611.cnf,"lower 9.10617558575470244788096708625542282e-3 upper 9.90893764414246409102290040086567273e-1 Final circuit size: 12257 Estimated probability 0.00910618 (epsilon 0.0000005025760740906549) found in 6 seconds ",
612,:,1737465785.000,8.000,0,208,0,0,"schlandals --timeout 1500 -i /data/schlandals/pwmc_benchmarks/instances/bayesian_networks/pcnf/munin/612.cnf compile | tr '\n' ' '",/data/schlandals/pwmc_benchmarks/instances/bayesian_networks/pcnf/munin/612.cnf,"lower 6.60065453376438403415414744849628239e-2 upper 9.33993394662357269473124237152102508e-1 Final circuit size: 12378 Estimated probability 0.06600655 (epsilon 0.00000006985158518268975) found in 6 seconds ",
613,:,1737465786.000,7.000,0,207,0,0,"schlandals --timeout 1500 -i /data/schlandals/pwmc_benchmarks/instances/bayesian_networks/pcnf/munin/613.cnf compile | tr '\n' ' '",/data/schlandals/pwmc_benchmarks/instances/bayesian_networks/pcnf/munin/613.cnf,"lower 2.17976129937240602186172648944166234e-1 upper 7.82023810062760504313747104953184834e-1 Final circuit size: 12222 Estimated probability 0.21797613 (epsilon 0.0000000211521411497273) found in 5 seconds ",
139,:,1737464088.000,1707.000,0,206,0,0,"schlandals --timeout 1500 -i /data/schlandals/pwmc_benchmarks/instances/bayesian_networks/pcnf/munin/139.cnf compile | tr '\n' ' '",/data/schlandals/pwmc_benchmarks/instances/bayesian_networks/pcnf/munin/139.cnf,"lower 8.41925827131028228425867864573426578e-3 upper 9.85777945668164960717339556815890429e-1 Final circuit size: 764299 Estimated probability 0.00841926 (epsilon 0.29968816430946643) found in 1503 seconds ",
134,:,1737464086.000,1712.000,0,208,0,0,"schlandals --timeout 1500 -i /data/schlandals/pwmc_benchmarks/instances/bayesian_networks/pcnf/munin/134.cnf compile | tr '\n' ' '",/data/schlandals/pwmc_benchmarks/instances/bayesian_networks/pcnf/munin/134.cnf,"lower 8.20139424757480867250223501636093542e-1 upper 1.74060341534753629298460567595134122e-1 Final circuit size: 785481 Estimated probability 0.82013942 (epsilon 0.0035297577846231665) found in 1502 seconds ",
614,:,1737465791.000,8.000,0,209,0,0,"schlandals --timeout 1500 -i /data/schlandals/pwmc_benchmarks/instances/bayesian_networks/pcnf/munin/614.cnf compile | tr '\n' ' '",/data/schlandals/pwmc_benchmarks/instances/bayesian_networks/pcnf/munin/614.cnf,"lower 3.30555987475554729862637426522799806e-1 upper 6.69443952524446378807763865425901013e-1 Final circuit size: 12254 Estimated probability 0.33055599 (epsilon 0.000000013948202814972888) found in 6 seconds ",
617,:,1737465795.000,4.000,0,207,0,0,"schlandals --timeout 1500 -i /data/schlandals/pwmc_benchmarks/instances/bayesian_networks/pcnf/munin/617.cnf compile | tr '\n' ' '",/data/schlandals/pwmc_benchmarks/instances/bayesian_networks/pcnf/munin/617.cnf,"lower 5.63734917900190764445819098625777808e-3 upper 9.94362590820999199846301461339131262e-1 Final circuit size: 12262 Estimated probability 0.00563735 (epsilon 0.0000008178773238665116) found in 3 seconds ",
615,:,1737465793.000,8.000,0,209,0,0,"schlandals --timeout 1500 -i /data/schlandals/pwmc_benchmarks/instances/bayesian_networks/pcnf/munin/615.cnf compile | tr '\n' ' '",/data/schlandals/pwmc_benchmarks/instances/bayesian_networks/pcnf/munin/615.cnf,"lower 2.93635919983411220877419415548447145e-1 upper 7.06364020016589882718203423203861089e-1 Final circuit size: 12309 Estimated probability 0.29363592 (epsilon 0.000000015701968392178856) found in 5 seconds ",
616,:,1737465794.000,7.000,0,208,0,0,"schlandals --timeout 1500 -i /data/schlandals/pwmc_benchmarks/instances/bayesian_networks/pcnf/munin/616.cnf compile | tr '\n' ' '",/data/schlandals/pwmc_benchmarks/instances/bayesian_networks/pcnf/munin/616.cnf,"lower 6.03197780346742765720724775593023391e-2 upper 9.39680161965326832841104822468726277e-1 Final circuit size: 12283 Estimated probability 0.06031978 (epsilon 0.00000007643698229919949) found in 6 seconds ",
620,:,1737465799.000,5.000,0,208,0,0,"schlandals --timeout 1500 -i /data/schlandals/pwmc_benchmarks/instances/bayesian_networks/pcnf/munin/620.cnf compile | tr '\n' ' '",/data/schlandals/pwmc_benchmarks/instances/bayesian_networks/pcnf/munin/620.cnf,"lower 1.28476330765296149657805321975928463e-3 upper 9.98715165290691499469835762867465119e-1 Final circuit size: 12108 Estimated probability 0.00128476 (epsilon 0.00000005157476001826922) found in 3 seconds ",
433,:,1737464322.000,1483.000,0,213,0,0,"schlandals --timeout 1500 -i /data/schlandals/pwmc_benchmarks/instances/bayesian_networks/pcnf/munin/433.cnf compile | tr '\n' ' '",/data/schlandals/pwmc_benchmarks/instances/bayesian_networks/pcnf/munin/433.cnf,"lower 3.50111264301762296601940525230472585e-3 upper 9.96498645178391883538369248937283685e-1 Final circuit size: 654927 Estimated probability 0.00350111 (epsilon 0.000000034334601384244934) found in 1334 seconds ",
618,:,1737465798.000,8.000,0,208,0,0,"schlandals --timeout 1500 -i /data/schlandals/pwmc_benchmarks/instances/bayesian_networks/pcnf/munin/618.cnf compile | tr '\n' ' '",/data/schlandals/pwmc_benchmarks/instances/bayesian_networks/pcnf/munin/618.cnf,"lower 1.54622499103423061667680037306798870e-3 upper 9.98453715008966879534862163662173864e-1 Final circuit size: 12254 Estimated probability 0.00154622 (epsilon 0.00000004285363486289384) found in 5 seconds ",
619,:,1737465799.000,7.000,0,209,0,0,"schlandals --timeout 1500 -i /data/schlandals/pwmc_benchmarks/instances/bayesian_networks/pcnf/munin/619.cnf compile | tr '\n' ' '",/data/schlandals/pwmc_benchmarks/instances/bayesian_networks/pcnf/munin/619.cnf,"lower 1.11705907513046775362181686572930897e-3 upper 9.98882869523213991152775199708184545e-1 Final circuit size: 12033 Estimated probability 0.00111706 (epsilon 0.000000059317685208171156) found in 5 seconds ",
621,:,1737465801.000,7.000,0,208,0,0,"schlandals --timeout 1500 -i /data/schlandals/pwmc_benchmarks/instances/bayesian_networks/pcnf/munin/621.cnf compile | tr '\n' ' '",/data/schlandals/pwmc_benchmarks/instances/bayesian_networks/pcnf/munin/621.cnf,"lower 8.68627490013870669371505583048331798e-4 upper 9.98298758473108960257405014397038216e-1 Final circuit size: 10319 Estimated probability 0.00086863 (epsilon 0.00000005592047469527017) found in 5 seconds ",
622,:,1737465801.000,8.000,0,209,0,0,"schlandals --timeout 1500 -i /data/schlandals/pwmc_benchmarks/instances/bayesian_networks/pcnf/munin/622.cnf compile | tr '\n' ' '",/data/schlandals/pwmc_benchmarks/instances/bayesian_networks/pcnf/munin/622.cnf,"lower 1.02576063322854160714955445078367151e-3 upper 9.98141646858965159444644944827623599e-1 Final circuit size: 10387 Estimated probability 0.00102576 (epsilon 0.000000047354187682202564) found in 5 seconds ",
624,:,1737465805.000,5.000,0,208,0,0,"schlandals --timeout 1500 -i /data/schlandals/pwmc_benchmarks/instances/bayesian_networks/pcnf/munin/624.cnf compile | tr '\n' ' '",/data/schlandals/pwmc_benchmarks/instances/bayesian_networks/pcnf/munin/624.cnf,"lower 2.14844683499374588330444163561253760e-3 upper 9.97018958903261390737910005525384582e-1 Final circuit size: 10297 Estimated probability 0.00214845 (epsilon 0.00000001496266976985794) found in 3 seconds ",
623,:,1737465804.000,8.000,0,209,0,0,"schlandals --timeout 1500 -i /data/schlandals/pwmc_benchmarks/instances/bayesian_networks/pcnf/munin/623.cnf compile | tr '\n' ' '",/data/schlandals/pwmc_benchmarks/instances/bayesian_networks/pcnf/munin/623.cnf,"lower 1.70563533574735828263058037959967950e-3 upper 9.97461759419420846208533389310895987e-1 Final circuit size: 10320 Estimated probability 0.00170564 (epsilon 0.000000028478574387591493) found in 5 seconds ",
625,:,1737465806.000,7.000,0,209,0,0,"schlandals --timeout 1500 -i /data/schlandals/pwmc_benchmarks/instances/bayesian_networks/pcnf/munin/625.cnf compile | tr '\n' ' '",/data/schlandals/pwmc_benchmarks/instances/bayesian_networks/pcnf/munin/625.cnf,"lower 2.80730200273741436742603915185305231e-3 upper 9.96360105017398811006413625982848819e-1 Final circuit size: 10220 Estimated probability 0.00280730 (epsilon 0.000000011451030568210285) found in 5 seconds ",
626,:,1737465806.000,8.000,0,209,0,0,"schlandals --timeout 1500 -i /data/schlandals/pwmc_benchmarks/instances/bayesian_networks/pcnf/munin/626.cnf compile | tr '\n' ' '",/data/schlandals/pwmc_benchmarks/instances/bayesian_networks/pcnf/munin/626.cnf,"lower 3.41520616472739270029163014809980243e-3 upper 9.95752201162276536802206486721185345e-1 Final circuit size: 10245 Estimated probability 0.00341521 (epsilon 0.000000009412755463955591) found in 5 seconds ",
627,:,1737465808.000,7.000,0,183,0,0,"schlandals --timeout 1500 -i /data/schlandals/pwmc_benchmarks/instances/bayesian_networks/pcnf/munin/627.cnf compile | tr '\n' ' '",/data/schlandals/pwmc_benchmarks/instances/bayesian_networks/pcnf/munin/627.cnf,"lower 8.43079400128868867329493887333562584e-4 upper 9.99156664650414499884215711154238630e-1 Final circuit size: 1760 Estimated probability 0.00084308 (epsilon 0) found in 5 seconds ",
216,:,1737464193.000,1637.000,0,205,0,0,"schlandals --timeout 1500 -i /data/schlandals/pwmc_benchmarks/instances/bayesian_networks/pcnf/munin/216.cnf compile | tr '\n' ' '",/data/schlandals/pwmc_benchmarks/instances/bayesian_networks/pcnf/munin/216.cnf,"lower 7.68159543671258511804472397554284757e-3 upper 9.86733138820911267016779795875861244e-1 Final circuit size: 771924 Estimated probability 0.00768160 (epsilon 0.3142537333600013) found in 1503 seconds ",
634,:,1737465830.000,21.000,0,186,0,0,"schlandals --timeout 1500 -i /data/schlandals/pwmc_benchmarks/instances/bayesian_networks/pcnf/munin/634.cnf compile | tr '\n' ' '",/data/schlandals/pwmc_benchmarks/instances/bayesian_networks/pcnf/munin/634.cnf,"lower 1.09362597790627248621216245225381342e-1 upper 8.90637402209372462064892678156073594e-1 Final circuit size: 116929 Estimated probability 0.10936260 (epsilon 0) found in 19 seconds ",
213,:,1737464190.000,1666.000,0,205,0,0,"schlandals --timeout 1500 -i /data/schlandals/pwmc_benchmarks/instances/bayesian_networks/pcnf/munin/213.cnf compile | tr '\n' ' '",/data/schlandals/pwmc_benchmarks/instances/bayesian_networks/pcnf/munin/213.cnf,"lower 2.72153086085017314002686578308522914e-3 upper 9.94668160443487935084476100895934718e-1 Final circuit size: 845060 Estimated probability 0.00272153 (epsilon 0.3996525360547749) found in 1502 seconds ",
209,:,1737464183.000,1676.000,0,205,0,0,"schlandals --timeout 1500 -i /data/schlandals/pwmc_benchmarks/instances/bayesian_networks/pcnf/munin/209.cnf compile | tr '\n' ' '",/data/schlandals/pwmc_benchmarks/instances/bayesian_networks/pcnf/munin/209.cnf,"lower 1.10412505734812656063971808345340779e-3 upper 9.93009515284682498362321195416487104e-1 Final circuit size: 743495 Estimated probability 0.00110413 (epsilon 1.5161430423722995) found in 1501 seconds ",
636,:,1737465856.000,4.000,0,183,0,0,"schlandals --timeout 1500 -i /data/schlandals/pwmc_benchmarks/instances/bayesian_networks/pcnf/munin/636.cnf compile | tr '\n' ' '",/data/schlandals/pwmc_benchmarks/instances/bayesian_networks/pcnf/munin/636.cnf,"lower 8.30037227871174372181092598608343032e-1 upper 1.69962762128825274425871294178507279e-1 Final circuit size: 9236 Estimated probability 0.83003723 (epsilon 0) found in 3 seconds ",
637,:,1737465859.000,4.000,0,183,0,0,"schlandals --timeout 1500 -i /data/schlandals/pwmc_benchmarks/instances/bayesian_networks/pcnf/munin/637.cnf compile | tr '\n' ' '",/data/schlandals/pwmc_benchmarks/instances/bayesian_networks/pcnf/munin/637.cnf,"lower 1.44435555040426746725908601032037817e-1 upper 8.55564434959572900745378413629227791e-1 Final circuit size: 9217 Estimated probability 0.14443556 (epsilon 0) found in 3 seconds ",
638,:,1737465860.000,4.000,0,183,0,0,"schlandals --timeout 1500 -i /data/schlandals/pwmc_benchmarks/instances/bayesian_networks/pcnf/munin/638.cnf compile | tr '\n' ' '",/data/schlandals/pwmc_benchmarks/instances/bayesian_networks/pcnf/munin/638.cnf,"lower 2.47003415606607593877582791391563769e-2 upper 9.75299648439338887532995510079593147e-1 Final circuit size: 9150 Estimated probability 0.02470034 (epsilon 0) found in 3 seconds ",
211,:,1737464185.000,1680.000,0,205,0,0,"schlandals --timeout 1500 -i /data/schlandals/pwmc_benchmarks/instances/bayesian_networks/pcnf/munin/211.cnf compile | tr '\n' ' '",/data/schlandals/pwmc_benchmarks/instances/bayesian_networks/pcnf/munin/211.cnf,"lower 1.48788117799628409426687687984800342e-3 upper 9.96604148545077344999815963772943423e-1 Final circuit size: 857866 Estimated probability 0.00148788 (epsilon 0.5106811015948716) found in 1502 seconds ",
639,:,1737465863.000,4.000,0,183,0,0,"schlandals --timeout 1500 -i /data/schlandals/pwmc_benchmarks/instances/bayesian_networks/pcnf/munin/639.cnf compile | tr '\n' ' '",/data/schlandals/pwmc_benchmarks/instances/bayesian_networks/pcnf/munin/639.cnf,"lower 8.26875527639215315721014304216402784e-4 upper 9.99173065533584567500641031339076749e-1 Final circuit size: 2336 Estimated probability 0.00082688 (epsilon 0) found in 3 seconds ",
212,:,1737464189.000,1678.000,0,205,0,0,"schlandals --timeout 1500 -i /data/schlandals/pwmc_benchmarks/instances/bayesian_networks/pcnf/munin/212.cnf compile | tr '\n' ' '",/data/schlandals/pwmc_benchmarks/instances/bayesian_networks/pcnf/munin/212.cnf,"lower 1.92449278149627566167935775152411156e-3 upper 9.95197065069438077512837818034798673e-1 Final circuit size: 805678 Estimated probability 0.00192449 (epsilon 0.5797289555956417) found in 1502 seconds ",
635,:,1737465851.000,21.000,0,186,0,0,"schlandals --timeout 1500 -i /data/schlandals/pwmc_benchmarks/instances/bayesian_networks/pcnf/munin/635.cnf compile | tr '\n' ' '",/data/schlandals/pwmc_benchmarks/instances/bayesian_networks/pcnf/munin/635.cnf,"lower 8.90637402209372833858104407699614894e-1 upper 1.09362597790626877821710278701873431e-1 Final circuit size: 116253 Estimated probability 0.89063740 (epsilon 0) found in 19 seconds ",
430,:,1737464320.000,1555.000,0,212,0,0,"schlandals --timeout 1500 -i /data/schlandals/pwmc_benchmarks/instances/bayesian_networks/pcnf/munin/430.cnf compile | tr '\n' ' '",/data/schlandals/pwmc_benchmarks/instances/bayesian_networks/pcnf/munin/430.cnf,"lower 2.32394895893244667417833216739149906e-3 upper 9.97675808862476489538465690008123026e-1 Final circuit size: 650498 Estimated probability 0.00232395 (epsilon 0.00000005172631167837949) found in 1444 seconds ",
224,:,1737464220.000,1658.000,0,207,0,0,"schlandals --timeout 1500 -i /data/schlandals/pwmc_benchmarks/instances/bayesian_networks/pcnf/munin/224.cnf compile | tr '\n' ' '",/data/schlandals/pwmc_benchmarks/instances/bayesian_networks/pcnf/munin/224.cnf,"lower 2.08412555079921741727261278792699071e-1 upper 7.85785637476206744161176935587353721e-1 Final circuit size: 782471 Estimated probability 0.20841256 (epsilon 0.013823029513759355) found in 1505 seconds ",
217,:,1737464196.000,1683.000,0,206,0,0,"schlandals --timeout 1500 -i /data/schlandals/pwmc_benchmarks/instances/bayesian_networks/pcnf/munin/217.cnf compile | tr '\n' ' '",/data/schlandals/pwmc_benchmarks/instances/bayesian_networks/pcnf/munin/217.cnf,"lower 1.04582555216329730153543929925574027e-2 upper 9.84389057606438473816312573834014443e-1 Final circuit size: 795217 Estimated probability 0.01045826 (epsilon 0.22174916717263327) found in 1503 seconds ",
227,:,1737464225.000,1659.000,0,206,0,0,"schlandals --timeout 1500 -i /data/schlandals/pwmc_benchmarks/instances/bayesian_networks/pcnf/munin/227.cnf compile | tr '\n' ' '",/data/schlandals/pwmc_benchmarks/instances/bayesian_networks/pcnf/munin/227.cnf,"lower 1.89396133007346386053960381905179791e-2 upper 9.75922497788532809385676057737770398e-1 Final circuit size: 794240 Estimated probability 0.01893961 (epsilon 0.12750466298241592) found in 1503 seconds ",
207,:,1737464181.000,1703.000,0,205,0,0,"schlandals --timeout 1500 -i /data/schlandals/pwmc_benchmarks/instances/bayesian_networks/pcnf/munin/207.cnf compile | tr '\n' ' '",/data/schlandals/pwmc_benchmarks/instances/bayesian_networks/pcnf/munin/207.cnf,"lower 7.87415275036395630443091005019613470e-3 upper 9.87024040952590045518821306407697510e-1 Final circuit size: 797383 Estimated probability 0.00787415 (epsilon 0.2836976718068669) found in 1502 seconds ",
222,:,1737464220.000,1667.000,0,207,0,0,"schlandals --timeout 1500 -i /data/schlandals/pwmc_benchmarks/instances/bayesian_networks/pcnf/munin/222.cnf compile | tr '\n' ' '",/data/schlandals/pwmc_benchmarks/instances/bayesian_networks/pcnf/munin/222.cnf,"lower 1.61617587148744189025210859883583209e-1 upper 8.35777345204175257681649772544798130e-1 Final circuit size: 847345 Estimated probability 0.16161759 (epsilon 0.008026526769499442) found in 1506 seconds ",
223,:,1737464220.000,1676.000,0,206,0,0,"schlandals --timeout 1500 -i /data/schlandals/pwmc_benchmarks/instances/bayesian_networks/pcnf/munin/223.cnf compile | tr '\n' ' '",/data/schlandals/pwmc_benchmarks/instances/bayesian_networks/pcnf/munin/223.cnf,"lower 2.24913692283395407012998983615173976e-1 upper 7.69937374450052774020671025745287321e-1 Final circuit size: 793220 Estimated probability 0.22491369 (epsilon 0.01138151505283247) found in 1504 seconds ",
641,:,1737465865.000,35.000,0,185,0,0,"schlandals --timeout 1500 -i /data/schlandals/pwmc_benchmarks/instances/bayesian_networks/pcnf/munin/641.cnf compile | tr '\n' ' '",/data/schlandals/pwmc_benchmarks/instances/bayesian_networks/pcnf/munin/641.cnf,"lower 8.46666535548123272729847345846273808e-1 upper 1.53333414451877598757766393283723218e-1 Final circuit size: 78690 Estimated probability 0.84666654 (epsilon 0) found in 32 seconds ",
431,:,1737464321.000,1581.000,0,205,0,0,"schlandals --timeout 1500 -i /data/schlandals/pwmc_benchmarks/instances/bayesian_networks/pcnf/munin/431.cnf compile | tr '\n' ' '",/data/schlandals/pwmc_benchmarks/instances/bayesian_networks/pcnf/munin/431.cnf,"lower 2.11785499521274217937916419033086169e-3 upper 9.96298984189490477922534311707939128e-1 Final circuit size: 622214 Estimated probability 0.00211785 (epsilon 0.3218987165137124) found in 1501 seconds ",
220,:,1737464218.000,1691.000,0,206,0,0,"schlandals --timeout 1500 -i /data/schlandals/pwmc_benchmarks/instances/bayesian_networks/pcnf/munin/220.cnf compile | tr '\n' ' '",/data/schlandals/pwmc_benchmarks/instances/bayesian_networks/pcnf/munin/220.cnf,"lower 3.80117280231484633234090047137999533e-2 upper 9.56853583019388157492870850598160206e-1 Final circuit size: 797576 Estimated probability 0.03801173 (epsilon 0.06539971352904894) found in 1501 seconds ",
219,:,1737464213.000,1700.000,0,207,0,0,"schlandals --timeout 1500 -i /data/schlandals/pwmc_benchmarks/instances/bayesian_networks/pcnf/munin/219.cnf compile | tr '\n' ' '",/data/schlandals/pwmc_benchmarks/instances/bayesian_networks/pcnf/munin/219.cnf,"lower 2.07479081892863554088124978868767911e-2 upper 9.78541456959922158702316660436432361e-1 Final circuit size: 901743 Estimated probability 0.02074791 (epsilon 0.016976534234712126) found in 1502 seconds ",
218,:,1737464203.000,1713.000,0,209,0,0,"schlandals --timeout 1500 -i /data/schlandals/pwmc_benchmarks/instances/bayesian_networks/pcnf/munin/218.cnf compile | tr '\n' ' '",/data/schlandals/pwmc_benchmarks/instances/bayesian_networks/pcnf/munin/218.cnf,"lower 1.42382412239031270660654629330715810e-2 upper 9.85748622841330593684198024888612759e-1 Final circuit size: 964584 Estimated probability 0.01423824 (epsilon 0.00045415554612660003) found in 1502 seconds ",
642,:,1737465867.000,49.000,0,185,0,0,"schlandals --timeout 1500 -i /data/schlandals/pwmc_benchmarks/instances/bayesian_networks/pcnf/munin/642.cnf compile | tr '\n' ' '",/data/schlandals/pwmc_benchmarks/instances/bayesian_networks/pcnf/munin/642.cnf,"lower 7.05413368657470591489704483027477143e-2 upper 9.29458613134253812223320979936467142e-1 Final circuit size: 77969 Estimated probability 0.07054134 (epsilon 0) found in 43 seconds ",
640,:,1737465864.000,53.000,0,185,0,0,"schlandals --timeout 1500 -i /data/schlandals/pwmc_benchmarks/instances/bayesian_networks/pcnf/munin/640.cnf compile | tr '\n' ' '",/data/schlandals/pwmc_benchmarks/instances/bayesian_networks/pcnf/munin/640.cnf,"lower 8.27921275847565767135684700791545725e-2 upper 9.17207822415244295268636432515473727e-1 Final circuit size: 78427 Estimated probability 0.08279213 (epsilon 0) found in 47 seconds ",
226,:,1737464222.000,1695.000,0,208,0,0,"schlandals --timeout 1500 -i /data/schlandals/pwmc_benchmarks/instances/bayesian_networks/pcnf/munin/226.cnf compile | tr '\n' ' '",/data/schlandals/pwmc_benchmarks/instances/bayesian_networks/pcnf/munin/226.cnf,"lower 5.31225030666932213522595767393577031e-2 upper 9.46826484201263628513461033974739642e-1 Final circuit size: 948939 Estimated probability 0.05312250 (epsilon 0.0004781440750116772) found in 1505 seconds ",
643,:,1737465867.000,54.000,0,185,0,0,"schlandals --timeout 1500 -i /data/schlandals/pwmc_benchmarks/instances/bayesian_networks/pcnf/munin/643.cnf compile | tr '\n' ' '",/data/schlandals/pwmc_benchmarks/instances/bayesian_networks/pcnf/munin/643.cnf,"lower 1.82137501607057376739966938547263346e-2 upper 9.81786199839295133800697804611848619e-1 Final circuit size: 78267 Estimated probability 0.01821375 (epsilon 0) found in 48 seconds ",
438,:,1737464325.000,1598.000,0,206,0,0,"schlandals --timeout 1500 -i /data/schlandals/pwmc_benchmarks/instances/bayesian_networks/pcnf/munin/438.cnf compile | tr '\n' ' '",/data/schlandals/pwmc_benchmarks/instances/bayesian_networks/pcnf/munin/438.cnf,"lower 1.87258334645334898452091184591464478e-2 upper 9.79760669924479631560972987612392370e-1 Final circuit size: 630132 Estimated probability 0.01872583 (epsilon 0.03962224412396376) found in 1501 seconds ",
221,:,1737464219.000,1704.000,0,207,0,0,"schlandals --timeout 1500 -i /data/schlandals/pwmc_benchmarks/instances/bayesian_networks/pcnf/munin/221.cnf compile | tr '\n' ' '",/data/schlandals/pwmc_benchmarks/instances/bayesian_networks/pcnf/munin/221.cnf,"lower 8.33135174401063567935005433273415431e-2 upper 9.14081473085579594344770215896592016e-1 Final circuit size: 852725 Estimated probability 0.08331352 (epsilon 0.015512261202522915) found in 1501 seconds ",
644,:,1737465872.000,52.000,0,185,0,0,"schlandals --timeout 1500 -i /data/schlandals/pwmc_benchmarks/instances/bayesian_networks/pcnf/munin/644.cnf compile | tr '\n' ' '",/data/schlandals/pwmc_benchmarks/instances/bayesian_networks/pcnf/munin/644.cnf,"lower 6.13564884032400334930980281150544256e-2 upper 9.38643461596760838812324825497596232e-1 Final circuit size: 77910 Estimated probability 0.06135649 (epsilon 0) found in 46 seconds ",
645,:,1737465875.000,52.000,0,185,0,0,"schlandals --timeout 1500 -i /data/schlandals/pwmc_benchmarks/instances/bayesian_networks/pcnf/munin/645.cnf compile | tr '\n' ' '",/data/schlandals/pwmc_benchmarks/instances/bayesian_networks/pcnf/munin/645.cnf,"lower 8.65266339577591293506697250997290543e-1 upper 1.34733610422409578302621714718884013e-1 Final circuit size: 78961 Estimated probability 0.86526634 (epsilon 0) found in 48 seconds ",
650,:,1737465887.000,41.000,0,209,0,0,"schlandals --timeout 1500 -i /data/schlandals/pwmc_benchmarks/instances/bayesian_networks/pcnf/munin/650.cnf compile | tr '\n' ' '",/data/schlandals/pwmc_benchmarks/instances/bayesian_networks/pcnf/munin/650.cnf,"lower 3.60809505607137291560804247321388296e-3 upper 9.96391814943932117408980806284813754e-1 Final circuit size: 79246 Estimated probability 0.00360810 (epsilon 0.00000011219119677718936) found in 32 seconds ",
647,:,1737465879.000,51.000,0,185,0,0,"schlandals --timeout 1500 -i /data/schlandals/pwmc_benchmarks/instances/bayesian_networks/pcnf/munin/647.cnf compile | tr '\n' ' '",/data/schlandals/pwmc_benchmarks/instances/bayesian_networks/pcnf/munin/647.cnf,"lower 1.31784976913887044006239511051949259e-2 upper 9.86821452308612166072132318665124773e-1 Final circuit size: 77331 Estimated probability 0.01317850 (epsilon 0) found in 45 seconds ",
646,:,1737465878.000,54.000,0,185,0,0,"schlandals --timeout 1500 -i /data/schlandals/pwmc_benchmarks/instances/bayesian_networks/pcnf/munin/646.cnf compile | tr '\n' ' '",/data/schlandals/pwmc_benchmarks/instances/bayesian_networks/pcnf/munin/646.cnf,"lower 4.19849241657010651057177701789091720e-2 upper 9.58015025834299806501819614331886367e-1 Final circuit size: 78320 Estimated probability 0.04198492 (epsilon 0) found in 49 seconds ",
649,:,1737465884.000,54.000,0,209,0,0,"schlandals --timeout 1500 -i /data/schlandals/pwmc_benchmarks/instances/bayesian_networks/pcnf/munin/649.cnf compile | tr '\n' ' '",/data/schlandals/pwmc_benchmarks/instances/bayesian_networks/pcnf/munin/649.cnf,"lower 1.88239604097849184877458417249288458e-3 upper 9.98117513959024998384757664907578949e-1 Final circuit size: 78576 Estimated probability 0.00188240 (epsilon 0.00000011799561372427547) found in 48 seconds ",
225,:,1737464221.000,1719.000,0,207,0,0,"schlandals --timeout 1500 -i /data/schlandals/pwmc_benchmarks/instances/bayesian_networks/pcnf/munin/225.cnf compile | tr '\n' ' '",/data/schlandals/pwmc_benchmarks/instances/bayesian_networks/pcnf/munin/225.cnf,"lower 1.26716722950559975780157377733613112e-1 upper 8.72282739203523403196859682323508424e-1 Final circuit size: 893618 Estimated probability 0.12671672 (epsilon 0.003939382943971115) found in 1504 seconds ",
439,:,1737464325.000,1615.000,0,206,0,0,"schlandals --timeout 1500 -i /data/schlandals/pwmc_benchmarks/instances/bayesian_networks/pcnf/munin/439.cnf compile | tr '\n' ' '",/data/schlandals/pwmc_benchmarks/instances/bayesian_networks/pcnf/munin/439.cnf,"lower 2.25051551036874683720756330371606279e-2 upper 9.75629311446147438705616163961643410e-1 Final circuit size: 609673 Estimated probability 0.02250516 (epsilon 0.04061839825571534) found in 1501 seconds ",
653,:,1737465902.000,40.000,0,210,0,0,"schlandals --timeout 1500 -i /data/schlandals/pwmc_benchmarks/instances/bayesian_networks/pcnf/munin/653.cnf compile | tr '\n' ' '",/data/schlandals/pwmc_benchmarks/instances/bayesian_networks/pcnf/munin/653.cnf,"lower 6.88802186022746436915279624753978129e-2 upper 9.31119691397728848750524076000060182e-1 Final circuit size: 79093 Estimated probability 0.06888022 (epsilon 0.000000007084764552800493) found in 34 seconds ",
435,:,1737464323.000,1620.000,0,206,0,0,"schlandals --timeout 1500 -i /data/schlandals/pwmc_benchmarks/instances/bayesian_networks/pcnf/munin/435.cnf compile | tr '\n' ' '",/data/schlandals/pwmc_benchmarks/instances/bayesian_networks/pcnf/munin/435.cnf,"lower 8.37641543821877803757168698860177294e-3 upper 9.90239280256468304338919656403353156e-1 Final circuit size: 622715 Estimated probability 0.00837642 (epsilon 0.07947159752653965) found in 1501 seconds ",
651,:,1737465896.000,49.000,0,209,0,0,"schlandals --timeout 1500 -i /data/schlandals/pwmc_benchmarks/instances/bayesian_networks/pcnf/munin/651.cnf compile | tr '\n' ' '",/data/schlandals/pwmc_benchmarks/instances/bayesian_networks/pcnf/munin/651.cnf,"lower 8.39110642978354184566917320188436065e-3 upper 9.91608803570219947189699021511474431e-1 Final circuit size: 78274 Estimated probability 0.00839111 (epsilon 0.00000004824112598278418) found in 40 seconds ",
432,:,1737464321.000,1624.000,0,205,0,0,"schlandals --timeout 1500 -i /data/schlandals/pwmc_benchmarks/instances/bayesian_networks/pcnf/munin/432.cnf compile | tr '\n' ' '",/data/schlandals/pwmc_benchmarks/instances/bayesian_networks/pcnf/munin/432.cnf,"lower 2.25956176350147612935690323473139096e-3 upper 9.95816406335103038437504819294587751e-1 Final circuit size: 614983 Estimated probability 0.00225956 (epsilon 0.3606615110432625) found in 1501 seconds ",
429,:,1737464320.000,1627.000,0,206,0,0,"schlandals --timeout 1500 -i /data/schlandals/pwmc_benchmarks/instances/bayesian_networks/pcnf/munin/429.cnf compile | tr '\n' ' '",/data/schlandals/pwmc_benchmarks/instances/bayesian_networks/pcnf/munin/429.cnf,"lower 1.08498677227699271514429654669391162e-2 upper 9.87455945612143494708725631516986703e-1 Final circuit size: 615923 Estimated probability 0.01084987 (epsilon 0.07523684822237797) found in 1502 seconds ",
436,:,1737464324.000,1624.000,0,206,0,0,"schlandals --timeout 1500 -i /data/schlandals/pwmc_benchmarks/instances/bayesian_networks/pcnf/munin/436.cnf compile | tr '\n' ' '",/data/schlandals/pwmc_benchmarks/instances/bayesian_networks/pcnf/munin/436.cnf,"lower 9.16403101408431177893538398259606550e-3 upper 9.88667451851399576794810789451939888e-1 Final circuit size: 607370 Estimated probability 0.00916403 (epsilon 0.11223053088855339) found in 1501 seconds ",
648,:,1737465884.000,64.000,0,208,0,0,"schlandals --timeout 1500 -i /data/schlandals/pwmc_benchmarks/instances/bayesian_networks/pcnf/munin/648.cnf compile | tr '\n' ' '",/data/schlandals/pwmc_benchmarks/instances/bayesian_networks/pcnf/munin/648.cnf,"lower 9.26993909729006781199496923250764581e-4 upper 9.99072916090274486271894105031998676e-1 Final circuit size: 77657 Estimated probability 0.00092699 (epsilon 0.0000002396072826815754) found in 56 seconds ",
440,:,1737464325.000,1625.000,0,207,0,0,"schlandals --timeout 1500 -i /data/schlandals/pwmc_benchmarks/instances/bayesian_networks/pcnf/munin/440.cnf compile | tr '\n' ' '",/data/schlandals/pwmc_benchmarks/instances/bayesian_networks/pcnf/munin/440.cnf,"lower 3.11896317471061253091882052865450667e-2 upper 9.67426120875539375406109424387186095e-1 Final circuit size: 622357 Estimated probability 0.03118963 (epsilon 0.021954236232629043) found in 1501 seconds ",
443,:,1737464331.000,1621.000,0,207,0,0,"schlandals --timeout 1500 -i /data/schlandals/pwmc_benchmarks/instances/bayesian_networks/pcnf/munin/443.cnf compile | tr '\n' ' '",/data/schlandals/pwmc_benchmarks/instances/bayesian_networks/pcnf/munin/443.cnf,"lower 2.29224211777432458871382832299495966e-1 upper 7.68607311901668023069639988135198967e-1 Final circuit size: 603234 Estimated probability 0.22922421 (epsilon 0.004718951169854435) found in 1501 seconds ",
441,:,1737464325.000,1629.000,0,207,0,0,"schlandals --timeout 1500 -i /data/schlandals/pwmc_benchmarks/instances/bayesian_networks/pcnf/munin/441.cnf compile | tr '\n' ' '",/data/schlandals/pwmc_benchmarks/instances/bayesian_networks/pcnf/munin/441.cnf,"lower 1.43529032435982918763342838553132327e-1 upper 8.55075076764658405434757418950692398e-1 Final circuit size: 633548 Estimated probability 0.14352903 (epsilon 0.004850750074376409) found in 1501 seconds ",
470,:,1737464354.000,1601.000,0,205,0,0,"schlandals --timeout 1500 -i /data/schlandals/pwmc_benchmarks/instances/bayesian_networks/pcnf/munin/470.cnf compile | tr '\n' ' '",/data/schlandals/pwmc_benchmarks/instances/bayesian_networks/pcnf/munin/470.cnf,"lower 8.01496510756943744923149880060680138e-3 upper 9.69765423200360339555135242599466924e-1 Final circuit size: 589260 Estimated probability 0.00801497 (epsilon 0.9422215000408594) found in 1502 seconds ",
444,:,1737464332.000,1626.000,0,207,0,0,"schlandals --timeout 1500 -i /data/schlandals/pwmc_benchmarks/instances/bayesian_networks/pcnf/munin/444.cnf compile | tr '\n' ' '",/data/schlandals/pwmc_benchmarks/instances/bayesian_networks/pcnf/munin/444.cnf,"lower 2.35737191609801776530303633878493339e-2 upper 9.75042029912037697003064356004816249e-1 Final circuit size: 619007 Estimated probability 0.02357372 (epsilon 0.028946213326738413) found in 1501 seconds ",
662,:,1737465923.000,37.000,0,209,0,0,"schlandals --timeout 1500 -i /data/schlandals/pwmc_benchmarks/instances/bayesian_networks/pcnf/munin/662.cnf compile | tr '\n' ' '",/data/schlandals/pwmc_benchmarks/instances/bayesian_networks/pcnf/munin/662.cnf,"lower 3.48223478778932537389266740990215845e-3 upper 9.96517675212214163472663514971940991e-1 Final circuit size: 79354 Estimated probability 0.00348223 (epsilon 0.00000010383326487506395) found in 31 seconds ",
437,:,1737464325.000,1635.000,0,206,0,0,"schlandals --timeout 1500 -i /data/schlandals/pwmc_benchmarks/instances/bayesian_networks/pcnf/munin/437.cnf compile | tr '\n' ' '",/data/schlandals/pwmc_benchmarks/instances/bayesian_networks/pcnf/munin/437.cnf,"lower 1.15628552999723509978362255700294068e-2 upper 9.86870749262441667607237442038492495e-1 Final circuit size: 621286 Estimated probability 0.01156286 (epsilon 0.06559462359323032) found in 1502 seconds ",
467,:,1737464353.000,1609.000,0,205,0,0,"schlandals --timeout 1500 -i /data/schlandals/pwmc_benchmarks/instances/bayesian_networks/pcnf/munin/467.cnf compile | tr '\n' ' '",/data/schlandals/pwmc_benchmarks/instances/bayesian_networks/pcnf/munin/467.cnf,"lower 2.52019669905122526709744185428473371e-2 upper 9.52758037313391548210797796774352862e-1 Final circuit size: 599677 Estimated probability 0.02520197 (epsilon 0.3691332283416242) found in 1501 seconds ",
652,:,1737465900.000,63.000,0,210,0,0,"schlandals --timeout 1500 -i /data/schlandals/pwmc_benchmarks/instances/bayesian_networks/pcnf/munin/652.cnf compile | tr '\n' ' '",/data/schlandals/pwmc_benchmarks/instances/bayesian_networks/pcnf/munin/652.cnf,"lower 2.46672152614734022839458100833373554e-2 upper 9.75332694738530085369756199499719386e-1 Final circuit size: 80953 Estimated probability 0.02466722 (epsilon 0.000000019783349403112993) found in 53 seconds ",
660,:,1737465921.000,42.000,0,210,0,0,"schlandals --timeout 1500 -i /data/schlandals/pwmc_benchmarks/instances/bayesian_networks/pcnf/munin/660.cnf compile | tr '\n' ' '",/data/schlandals/pwmc_benchmarks/instances/bayesian_networks/pcnf/munin/660.cnf,"lower 1.28918356234443398729997516174315789e-2 upper 9.87108074376559154615837743366322106e-1 Final circuit size: 79534 Estimated probability 0.01289184 (epsilon 0.000000033616190053820105) found in 36 seconds ",
667,:,1737465932.000,39.000,0,208,0,0,"schlandals --timeout 1500 -i /data/schlandals/pwmc_benchmarks/instances/bayesian_networks/pcnf/munin/667.cnf compile | tr '\n' ' '",/data/schlandals/pwmc_benchmarks/instances/bayesian_networks/pcnf/munin/667.cnf,"lower 1.63070556132732592473453888222726724e-4 upper 9.99836839443870756156150320732406167e-1 Final circuit size: 78173 Estimated probability 0.00016307 (epsilon 0.0000010970083523798024) found in 33 seconds ",
469,:,1737464354.000,1618.000,0,213,0,0,"schlandals --timeout 1500 -i /data/schlandals/pwmc_benchmarks/instances/bayesian_networks/pcnf/munin/469.cnf compile | tr '\n' ' '",/data/schlandals/pwmc_benchmarks/instances/bayesian_networks/pcnf/munin/469.cnf,"lower 6.30570614649059341596564619647233131e-3 upper 9.93693958031500558356191298363295246e-1 Final circuit size: 649600 Estimated probability 0.00630571 (epsilon 0.000000019063576051081554) found in 1454 seconds ",
666,:,1737465930.000,43.000,0,208,0,0,"schlandals --timeout 1500 -i /data/schlandals/pwmc_benchmarks/instances/bayesian_networks/pcnf/munin/666.cnf compile | tr '\n' ' '",/data/schlandals/pwmc_benchmarks/instances/bayesian_networks/pcnf/munin/666.cnf,"lower 3.35823904802840016437046589278365715e-4 upper 9.99664086095200648759803016322285064e-1 Final circuit size: 79511 Estimated probability 0.00033582 (epsilon 0.0000005326893546264699) found in 37 seconds ",
661,:,1737465923.000,50.000,0,209,0,0,"schlandals --timeout 1500 -i /data/schlandals/pwmc_benchmarks/instances/bayesian_networks/pcnf/munin/661.cnf compile | tr '\n' ' '",/data/schlandals/pwmc_benchmarks/instances/bayesian_networks/pcnf/munin/661.cnf,"lower 6.24929047374555220019055751421476612e-3 upper 9.93750619526257937763491834420262541e-1 Final circuit size: 79019 Estimated probability 0.00624929 (epsilon 0.00000006934778129519259) found in 44 seconds ",
671,:,1737465942.000,32.000,0,185,0,0,"schlandals --timeout 1500 -i /data/schlandals/pwmc_benchmarks/instances/bayesian_networks/pcnf/munin/671.cnf compile | tr '\n' ' '",/data/schlandals/pwmc_benchmarks/instances/bayesian_networks/pcnf/munin/671.cnf,"lower 1.10676142444886389704422859907862275e-1 upper 8.89323807555114413793906091771717408e-1 Final circuit size: 78005 Estimated probability 0.11067614 (epsilon 0) found in 27 seconds ",
655,:,1737465913.000,61.000,0,211,0,0,"schlandals --timeout 1500 -i /data/schlandals/pwmc_benchmarks/instances/bayesian_networks/pcnf/munin/655.cnf compile | tr '\n' ' '",/data/schlandals/pwmc_benchmarks/instances/bayesian_networks/pcnf/munin/655.cnf,"lower 2.18705502306061151696228118653479506e-1 upper 7.81294407693942335935774822552901665e-1 Final circuit size: 79643 Estimated probability 0.21870550 (epsilon 0.0000000022313115799477146) found in 55 seconds ",
654,:,1737465909.000,67.000,0,211,0,0,"schlandals --timeout 1500 -i /data/schlandals/pwmc_benchmarks/instances/bayesian_networks/pcnf/munin/654.cnf compile | tr '\n' ' '",/data/schlandals/pwmc_benchmarks/instances/bayesian_networks/pcnf/munin/654.cnf,"lower 1.46433788275410160864225840769986454e-1 upper 8.53566121724593326507908737884915776e-1 Final circuit size: 79326 Estimated probability 0.14643379 (epsilon 0.0000000033325648907123195) found in 58 seconds ",
657,:,1737465916.000,63.000,0,210,0,0,"schlandals --timeout 1500 -i /data/schlandals/pwmc_benchmarks/instances/bayesian_networks/pcnf/munin/657.cnf compile | tr '\n' ' '",/data/schlandals/pwmc_benchmarks/instances/bayesian_networks/pcnf/munin/657.cnf,"lower 1.60383682298470946837691615766191448e-1 upper 8.39616227701532546956387511011678726e-1 Final circuit size: 78539 Estimated probability 0.16038368 (epsilon 0.000000003042703866640295) found in 54 seconds ",
659,:,1737465917.000,66.000,0,210,0,0,"schlandals --timeout 1500 -i /data/schlandals/pwmc_benchmarks/instances/bayesian_networks/pcnf/munin/659.cnf compile | tr '\n' ' '",/data/schlandals/pwmc_benchmarks/instances/bayesian_networks/pcnf/munin/659.cnf,"lower 3.26161828131259849011384913274496596e-2 upper 9.67383727186877504491068063009832135e-1 Final circuit size: 80128 Estimated probability 0.03261618 (epsilon 0.000000014961900829391084) found in 59 seconds ",
656,:,1737465916.000,67.000,0,211,0,0,"schlandals --timeout 1500 -i /data/schlandals/pwmc_benchmarks/instances/bayesian_networks/pcnf/munin/656.cnf compile | tr '\n' ' '",/data/schlandals/pwmc_benchmarks/instances/bayesian_networks/pcnf/munin/656.cnf,"lower 2.25179733858464755925536263499776822e-1 upper 7.74820176141538732189235013555641195e-1 Final circuit size: 79337 Estimated probability 0.22517973 (epsilon 0.0000000021671582306481696) found in 60 seconds ",
658,:,1737465917.000,68.000,0,210,0,0,"schlandals --timeout 1500 -i /data/schlandals/pwmc_benchmarks/instances/bayesian_networks/pcnf/munin/658.cnf compile | tr '\n' ' '",/data/schlandals/pwmc_benchmarks/instances/bayesian_networks/pcnf/munin/658.cnf,"lower 8.14867531761572466730449955119019864e-2 upper 9.18513156823846244806789929139508267e-1 Final circuit size: 78620 Estimated probability 0.08148675 (epsilon 0.000000005988704421255875) found in 59 seconds ",
697,:,1737465983.000,4.000,0,184,0,0,"schlandals --timeout 1500 -i /data/schlandals/pwmc_benchmarks/instances/bayesian_networks/pcnf/munin/697.cnf compile | tr '\n' ' '",/data/schlandals/pwmc_benchmarks/instances/bayesian_networks/pcnf/munin/697.cnf,"lower 8.93614960120842116698214868673454289e-1 upper 1.06385039879158042000429685860084184e-1 Final circuit size: 43879 Estimated probability 0.89361496 (epsilon 0) found in 2 seconds ",
673,:,1737465945.000,44.000,0,208,0,0,"schlandals --timeout 1500 -i /data/schlandals/pwmc_benchmarks/instances/bayesian_networks/pcnf/munin/673.cnf compile | tr '\n' ' '",/data/schlandals/pwmc_benchmarks/instances/bayesian_networks/pcnf/munin/673.cnf,"lower 2.18351926869456701876436759492979164e-4 upper 9.99781528073136323539587435522861472e-1 Final circuit size: 78953 Estimated probability 0.00021835 (epsilon 0.0000024078640137314977) found in 38 seconds ",
698,:,1737465985.000,4.000,0,184,0,0,"schlandals --timeout 1500 -i /data/schlandals/pwmc_benchmarks/instances/bayesian_networks/pcnf/munin/698.cnf compile | tr '\n' ' '",/data/schlandals/pwmc_benchmarks/instances/bayesian_networks/pcnf/munin/698.cnf,"lower 1.06385039879158002119280916419956714e-1 upper 8.93614960120842156579363638113581855e-1 Final circuit size: 43879 Estimated probability 0.10638504 (epsilon 0) found in 3 seconds ",
664,:,1737465927.000,63.000,0,207,0,0,"schlandals --timeout 1500 -i /data/schlandals/pwmc_benchmarks/instances/bayesian_networks/pcnf/munin/664.cnf compile | tr '\n' ' '",/data/schlandals/pwmc_benchmarks/instances/bayesian_networks/pcnf/munin/664.cnf,"lower 1.12181679017249116059886785399179861e-3 upper 9.98878093209831001052015782270130682e-1 Final circuit size: 78442 Estimated probability 0.00112182 (epsilon 0.000000322309134714871) found in 55 seconds ",
679,:,1737465952.000,40.000,0,210,0,0,"schlandals --timeout 1500 -i /data/schlandals/pwmc_benchmarks/instances/bayesian_networks/pcnf/munin/679.cnf compile | tr '\n' ' '",/data/schlandals/pwmc_benchmarks/instances/bayesian_networks/pcnf/munin/679.cnf,"lower 7.36440753480378071858914185066257853e-2 upper 9.26355804651967972224175339384568193e-1 Final circuit size: 80259 Estimated probability 0.07364408 (epsilon 0.000000010041176556896403) found in 34 seconds ",
699,:,1737465987.000,6.000,0,184,0,0,"schlandals --timeout 1500 -i /data/schlandals/pwmc_benchmarks/instances/bayesian_networks/pcnf/munin/699.cnf compile | tr '\n' ' '",/data/schlandals/pwmc_benchmarks/instances/bayesian_networks/pcnf/munin/699.cnf,"lower 9.47031139700229499443215310908890287e-1 upper 5.29688602997706461507707808455630774e-2 Final circuit size: 43903 Estimated probability 0.94703114 (epsilon 0) found in 5 seconds ",
663,:,1737465924.000,70.000,0,209,0,0,"schlandals --timeout 1500 -i /data/schlandals/pwmc_benchmarks/instances/bayesian_networks/pcnf/munin/663.cnf compile | tr '\n' ' '",/data/schlandals/pwmc_benchmarks/instances/bayesian_networks/pcnf/munin/663.cnf,"lower 1.96361821655880145875567747699086153e-3 upper 9.98036291783444689473528061517685061e-1 Final circuit size: 78595 Estimated probability 0.00196362 (epsilon 0.00000018413550084694918) found in 61 seconds ",
672,:,1737465943.000,52.000,0,185,0,0,"schlandals --timeout 1500 -i /data/schlandals/pwmc_benchmarks/instances/bayesian_networks/pcnf/munin/672.cnf compile | tr '\n' ' '",/data/schlandals/pwmc_benchmarks/instances/bayesian_networks/pcnf/munin/672.cnf,"lower 1.23413361802321326094921374420165240e-2 upper 9.87658613819768670609411124357641875e-1 Final circuit size: 78574 Estimated probability 0.01234134 (epsilon 0) found in 47 seconds ",
665,:,1737465928.000,67.000,0,208,0,0,"schlandals --timeout 1500 -i /data/schlandals/pwmc_benchmarks/instances/bayesian_networks/pcnf/munin/665.cnf compile | tr '\n' ' '",/data/schlandals/pwmc_benchmarks/instances/bayesian_networks/pcnf/munin/665.cnf,"lower 6.30640633352965852748680104024399022e-4 upper 9.99369269366650522176552735825134705e-1 Final circuit size: 78830 Estimated probability 0.00063064 (epsilon 0.0000005733403967145279) found in 58 seconds ",
700,:,1737465989.000,6.000,0,184,0,0,"schlandals --timeout 1500 -i /data/schlandals/pwmc_benchmarks/instances/bayesian_networks/pcnf/munin/700.cnf compile | tr '\n' ' '",/data/schlandals/pwmc_benchmarks/instances/bayesian_networks/pcnf/munin/700.cnf,"lower 5.29688602997706090864971502729739245e-2 upper 9.47031139700229536507488941481479734e-1 Final circuit size: 43903 Estimated probability 0.05296886 (epsilon 0) found in 5 seconds ",
668,:,1737465938.000,58.000,0,185,0,0,"schlandals --timeout 1500 -i /data/schlandals/pwmc_benchmarks/instances/bayesian_networks/pcnf/munin/668.cnf compile | tr '\n' ' '",/data/schlandals/pwmc_benchmarks/instances/bayesian_networks/pcnf/munin/668.cnf,"lower 7.53490658477055794225761916547291217e-3 upper 9.92465043415230245417350087931357146e-1 Final circuit size: 78203 Estimated probability 0.00753491 (epsilon 0) found in 52 seconds ",
669,:,1737465940.000,57.000,0,185,0,0,"schlandals --timeout 1500 -i /data/schlandals/pwmc_benchmarks/instances/bayesian_networks/pcnf/munin/669.cnf compile | tr '\n' ' '",/data/schlandals/pwmc_benchmarks/instances/bayesian_networks/pcnf/munin/669.cnf,"lower 6.06973541559757831330232330218053322e-2 upper 9.39302595844025020109483045809329900e-1 Final circuit size: 78891 Estimated probability 0.06069735 (epsilon 0) found in 51 seconds ",
468,:,1737464354.000,1643.000,0,206,0,0,"schlandals --timeout 1500 -i /data/schlandals/pwmc_benchmarks/instances/bayesian_networks/pcnf/munin/468.cnf compile | tr '\n' ' '",/data/schlandals/pwmc_benchmarks/instances/bayesian_networks/pcnf/munin/468.cnf,"lower 9.21697025413414147342035667687224497e-3 upper 9.89313933965989630199770847850761972e-1 Final circuit size: 633722 Estimated probability 0.00921697 (epsilon 0.07673343174925984) found in 1501 seconds ",
466,:,1737464352.000,1646.000,0,207,0,0,"schlandals --timeout 1500 -i /data/schlandals/pwmc_benchmarks/instances/bayesian_networks/pcnf/munin/466.cnf compile | tr '\n' ' '",/data/schlandals/pwmc_benchmarks/instances/bayesian_networks/pcnf/munin/466.cnf,"lower 1.10217948450206124266407872554901652e-1 upper 8.87348176684555272530010238849221786e-1 Final circuit size: 611121 Estimated probability 0.11021795 (epsilon 0.010979872519805145) found in 1503 seconds ",
670,:,1737465940.000,59.000,0,185,0,0,"schlandals --timeout 1500 -i /data/schlandals/pwmc_benchmarks/instances/bayesian_networks/pcnf/munin/670.cnf compile | tr '\n' ' '",/data/schlandals/pwmc_benchmarks/instances/bayesian_networks/pcnf/munin/670.cnf,"lower 8.08750260632761982764640095527607256e-1 upper 1.91249689367238820424422781252286970e-1 Final circuit size: 78815 Estimated probability 0.80875026 (epsilon 0) found in 52 seconds ",
465,:,1737464352.000,1648.000,0,208,0,0,"schlandals --timeout 1500 -i /data/schlandals/pwmc_benchmarks/instances/bayesian_networks/pcnf/munin/465.cnf compile | tr '\n' ' '",/data/schlandals/pwmc_benchmarks/instances/bayesian_networks/pcnf/munin/465.cnf,"lower 8.32568617574664716629676274219462790e-1 upper 1.65729802105786909201525947528755681e-1 Final circuit size: 623966 Estimated probability 0.83256862 (epsilon 0.0010212703876431029) found in 1501 seconds ",
693,:,1737465974.000,31.000,0,185,0,0,"schlandals --timeout 1500 -i /data/schlandals/pwmc_benchmarks/instances/bayesian_networks/pcnf/munin/693.cnf compile | tr '\n' ' '",/data/schlandals/pwmc_benchmarks/instances/bayesian_networks/pcnf/munin/693.cnf,"lower 7.47925764053062401703496128249908082e-1 upper 2.52074185946938382336972479444395182e-1 Final circuit size: 79280 Estimated probability 0.74792576 (epsilon 0) found in 27 seconds ",
685,:,1737465962.000,45.000,0,210,0,0,"schlandals --timeout 1500 -i /data/schlandals/pwmc_benchmarks/instances/bayesian_networks/pcnf/munin/685.cnf compile | tr '\n' ' '",/data/schlandals/pwmc_benchmarks/instances/bayesian_networks/pcnf/munin/685.cnf,"lower 1.82060908867508012152348823182278457e-2 upper 9.81793789113254980626270073090475387e-1 Final circuit size: 78685 Estimated probability 0.01820609 (epsilon 0.000000038081078290730375) found in 38 seconds ",
674,:,1737465945.000,62.000,0,208,0,0,"schlandals --timeout 1500 -i /data/schlandals/pwmc_benchmarks/instances/bayesian_networks/pcnf/munin/674.cnf compile | tr '\n' ' '",/data/schlandals/pwmc_benchmarks/instances/bayesian_networks/pcnf/munin/674.cnf,"lower 6.41605794782398145806136397415195686e-4 upper 9.99358274205223383272737386811114861e-1 Final circuit size: 79127 Estimated probability 0.00064161 (epsilon 0.0000008194473699596472) found in 56 seconds ",
688,:,1737465971.000,39.000,0,209,0,0,"schlandals --timeout 1500 -i /data/schlandals/pwmc_benchmarks/instances/bayesian_networks/pcnf/munin/688.cnf compile | tr '\n' ' '",/data/schlandals/pwmc_benchmarks/instances/bayesian_networks/pcnf/munin/688.cnf,"lower 1.72848793441901669880262515459579499e-3 upper 9.98271392065586765129322794456704700e-1 Final circuit size: 79007 Estimated probability 0.00172849 (epsilon 0.00000035697536437950816) found in 33 seconds ",
684,:,1737465960.000,50.000,0,210,0,0,"schlandals --timeout 1500 -i /data/schlandals/pwmc_benchmarks/instances/bayesian_networks/pcnf/munin/684.cnf compile | tr '\n' ' '",/data/schlandals/pwmc_benchmarks/instances/bayesian_networks/pcnf/munin/684.cnf,"lower 5.30363536099968491283572814808708265e-2 upper 9.46963526390008932972819918838651172e-1 Final circuit size: 78085 Estimated probability 0.05303635 (epsilon 0.000000014086631416887485) found in 44 seconds ",
678,:,1737465950.000,63.000,0,209,0,0,"schlandals --timeout 1500 -i /data/schlandals/pwmc_benchmarks/instances/bayesian_networks/pcnf/munin/678.cnf compile | tr '\n' ' '",/data/schlandals/pwmc_benchmarks/instances/bayesian_networks/pcnf/munin/678.cnf,"lower 2.23970462453883935232721382711968960e-2 upper 9.77602833754617388078553934751583542e-1 Final circuit size: 78135 Estimated probability 0.02239705 (epsilon 0.00000003301654794007902) found in 57 seconds ",
675,:,1737465947.000,66.000,0,209,0,0,"schlandals --timeout 1500 -i /data/schlandals/pwmc_benchmarks/instances/bayesian_networks/pcnf/munin/675.cnf compile | tr '\n' ' '",/data/schlandals/pwmc_benchmarks/instances/bayesian_networks/pcnf/munin/675.cnf,"lower 1.57497657786216032682159713146362111e-3 upper 9.98424903422143622020500969616300941e-1 Final circuit size: 79361 Estimated probability 0.00157498 (epsilon 0.00000033382230535394797) found in 58 seconds ",
677,:,1737465949.000,66.000,0,209,0,0,"schlandals --timeout 1500 -i /data/schlandals/pwmc_benchmarks/instances/bayesian_networks/pcnf/munin/677.cnf compile | tr '\n' ' '",/data/schlandals/pwmc_benchmarks/instances/bayesian_networks/pcnf/munin/677.cnf,"lower 7.20803760220225537008396659724890119e-3 upper 9.92791842397803526490878379247018105e-1 Final circuit size: 79148 Estimated probability 0.00720804 (epsilon 0.00000010259006733015497) found in 58 seconds ",
676,:,1737465948.000,69.000,0,209,0,0,"schlandals --timeout 1500 -i /data/schlandals/pwmc_benchmarks/instances/bayesian_networks/pcnf/munin/676.cnf compile | tr '\n' ' '",/data/schlandals/pwmc_benchmarks/instances/bayesian_networks/pcnf/munin/676.cnf,"lower 3.29270454795213655873076410962063559e-3 upper 9.96707175452053643061458242568207084e-1 Final circuit size: 80357 Estimated probability 0.00329270 (epsilon 0.00000015967492394963756) found in 60 seconds ",
687,:,1737465963.000,56.000,0,209,0,0,"schlandals --timeout 1500 -i /data/schlandals/pwmc_benchmarks/instances/bayesian_networks/pcnf/munin/687.cnf compile | tr '\n' ' '",/data/schlandals/pwmc_benchmarks/instances/bayesian_networks/pcnf/munin/687.cnf,"lower 3.70083197624906299025334837088635794e-3 upper 9.96299048023756716401108637990580929e-1 Final circuit size: 78826 Estimated probability 0.00370083 (epsilon 0.00000016672674996165426) found in 47 seconds ",
680,:,1737465954.000,66.000,0,210,0,0,"schlandals --timeout 1500 -i /data/schlandals/pwmc_benchmarks/instances/bayesian_networks/pcnf/munin/680.cnf compile | tr '\n' ' '",/data/schlandals/pwmc_benchmarks/instances/bayesian_networks/pcnf/munin/680.cnf,"lower 1.73939416969144879503412334251125218e-1 upper 8.26060463030860896919505572626586098e-1 Final circuit size: 79864 Estimated probability 0.17393942 (epsilon 0.000000004295193978265388) found in 57 seconds ",
722,:,1737466015.000,7.000,0,184,0,0,"schlandals --timeout 1500 -i /data/schlandals/pwmc_benchmarks/instances/bayesian_networks/pcnf/munin/722.cnf compile | tr '\n' ' '",/data/schlandals/pwmc_benchmarks/instances/bayesian_networks/pcnf/munin/722.cnf,"lower 9.46482821459688139907219208097558806e-1 upper 5.35171785403120054911419789123671244e-2 Final circuit size: 43905 Estimated probability 0.94648282 (epsilon 0) found in 6 seconds ",
681,:,1737465955.000,69.000,0,210,0,0,"schlandals --timeout 1500 -i /data/schlandals/pwmc_benchmarks/instances/bayesian_networks/pcnf/munin/681.cnf compile | tr '\n' ' '",/data/schlandals/pwmc_benchmarks/instances/bayesian_networks/pcnf/munin/681.cnf,"lower 2.58813520042906259688149882241560921e-1 upper 7.41186359957099522099526841558934597e-1 Final circuit size: 81520 Estimated probability 0.25881352 (epsilon 0.000000002886648031719119) found in 60 seconds ",
723,:,1737466017.000,7.000,0,184,0,0,"schlandals --timeout 1500 -i /data/schlandals/pwmc_benchmarks/instances/bayesian_networks/pcnf/munin/723.cnf compile | tr '\n' ' '",/data/schlandals/pwmc_benchmarks/instances/bayesian_networks/pcnf/munin/723.cnf,"lower 2.17618445460907599194930165780631740e-2 upper 9.78238155453909385478868170431862802e-1 Final circuit size: 43905 Estimated probability 0.02176184 (epsilon 0) found in 6 seconds ",
694,:,1737465976.000,49.000,0,185,0,0,"schlandals --timeout 1500 -i /data/schlandals/pwmc_benchmarks/instances/bayesian_networks/pcnf/munin/694.cnf compile | tr '\n' ' '",/data/schlandals/pwmc_benchmarks/instances/bayesian_networks/pcnf/munin/694.cnf,"lower 1.34068656785414946264266540127499066e-1 upper 8.65931293214585837716247291049178898e-1 Final circuit size: 78390 Estimated probability 0.13406866 (epsilon 0) found in 44 seconds ",
682,:,1737465958.000,67.000,0,211,0,0,"schlandals --timeout 1500 -i /data/schlandals/pwmc_benchmarks/instances/bayesian_networks/pcnf/munin/682.cnf compile | tr '\n' ' '",/data/schlandals/pwmc_benchmarks/instances/bayesian_networks/pcnf/munin/682.cnf,"lower 2.36963846898517575309349527760635276e-1 upper 7.63036033101488200068090427502047420e-1 Final circuit size: 79182 Estimated probability 0.23696385 (epsilon 0.0000000031528166744010377) found in 59 seconds ",
724,:,1737466019.000,7.000,0,184,0,0,"schlandals --timeout 1500 -i /data/schlandals/pwmc_benchmarks/instances/bayesian_networks/pcnf/munin/724.cnf compile | tr '\n' ' '",/data/schlandals/pwmc_benchmarks/instances/bayesian_networks/pcnf/munin/724.cnf,"lower 1.05116002618368952065424120730790612e-2 upper 9.89488399738163250191818774936846728e-1 Final circuit size: 43905 Estimated probability 0.01051160 (epsilon 0) found in 6 seconds ",
692,:,1737465974.000,52.000,0,185,0,0,"schlandals --timeout 1500 -i /data/schlandals/pwmc_benchmarks/instances/bayesian_networks/pcnf/munin/692.cnf compile | tr '\n' ' '",/data/schlandals/pwmc_benchmarks/instances/bayesian_networks/pcnf/munin/692.cnf,"lower 1.18005579160149544325221655031409774e-1 upper 8.81994370839851239909833360995489085e-1 Final circuit size: 78321 Estimated probability 0.11800558 (epsilon 0) found in 47 seconds ",
725,:,1737466020.000,7.000,0,184,0,0,"schlandals --timeout 1500 -i /data/schlandals/pwmc_benchmarks/instances/bayesian_networks/pcnf/munin/725.cnf compile | tr '\n' ' '",/data/schlandals/pwmc_benchmarks/instances/bayesian_networks/pcnf/munin/725.cnf,"lower 1.24373373238430711402165920353533032e-3 upper 9.98756266267615838284339527806390516e-1 Final circuit size: 43905 Estimated probability 0.00124373 (epsilon 0) found in 6 seconds ",
683,:,1737465960.000,68.000,0,210,0,0,"schlandals --timeout 1500 -i /data/schlandals/pwmc_benchmarks/instances/bayesian_networks/pcnf/munin/683.cnf compile | tr '\n' ' '",/data/schlandals/pwmc_benchmarks/instances/bayesian_networks/pcnf/munin/683.cnf,"lower 1.35724706575786240160369741698673960e-1 upper 8.64275173424219539523515230477210855e-1 Final circuit size: 78673 Estimated probability 0.13572471 (epsilon 0.000000005504551037205374) found in 59 seconds ",
726,:,1737466022.000,7.000,0,184,0,0,"schlandals --timeout 1500 -i /data/schlandals/pwmc_benchmarks/instances/bayesian_networks/pcnf/munin/726.cnf compile | tr '\n' ' '",/data/schlandals/pwmc_benchmarks/instances/bayesian_networks/pcnf/munin/726.cnf,"lower 2.00000000000000034127717552494494605e-2 upper 9.80000000000000141985589431760476172e-1 Final circuit size: 43905 Estimated probability 0.02000000 (epsilon 0) found in 5 seconds ",
727,:,1737466024.000,7.000,0,184,0,0,"schlandals --timeout 1500 -i /data/schlandals/pwmc_benchmarks/instances/bayesian_networks/pcnf/munin/727.cnf compile | tr '\n' ' '",/data/schlandals/pwmc_benchmarks/instances/bayesian_networks/pcnf/munin/727.cnf,"lower 9.49203091436374665206794446613511037e-1 upper 5.07969085636254802567750419779242431e-2 Final circuit size: 43906 Estimated probability 0.94920309 (epsilon 0) found in 5 seconds ",
728,:,1737466024.000,7.000,0,184,0,0,"schlandals --timeout 1500 -i /data/schlandals/pwmc_benchmarks/instances/bayesian_networks/pcnf/munin/728.cnf compile | tr '\n' ' '",/data/schlandals/pwmc_benchmarks/instances/bayesian_networks/pcnf/munin/728.cnf,"lower 2.06109131120773871817700605052516209e-2 upper 9.79389086887922758281799428086183238e-1 Final circuit size: 43906 Estimated probability 0.02061091 (epsilon 0) found in 5 seconds ",
729,:,1737466025.000,6.000,0,184,0,0,"schlandals --timeout 1500 -i /data/schlandals/pwmc_benchmarks/instances/bayesian_networks/pcnf/munin/729.cnf compile | tr '\n' ' '",/data/schlandals/pwmc_benchmarks/instances/bayesian_networks/pcnf/munin/729.cnf,"lower 1.01435187215057518462258450360523487e-2 upper 9.89856481278494393617343643555382751e-1 Final circuit size: 43906 Estimated probability 0.01014352 (epsilon 0) found in 5 seconds ",
730,:,1737466026.000,6.000,0,184,0,0,"schlandals --timeout 1500 -i /data/schlandals/pwmc_benchmarks/instances/bayesian_networks/pcnf/munin/730.cnf compile | tr '\n' ' '",/data/schlandals/pwmc_benchmarks/instances/bayesian_networks/pcnf/munin/730.cnf,"lower 2.00424767300423024314122374267614163e-2 upper 9.79957523269957843032157251164673695e-1 Final circuit size: 43906 Estimated probability 0.02004248 (epsilon 0) found in 5 seconds ",
686,:,1737465963.000,70.000,0,209,0,0,"schlandals --timeout 1500 -i /data/schlandals/pwmc_benchmarks/instances/bayesian_networks/pcnf/munin/686.cnf compile | tr '\n' ' '",/data/schlandals/pwmc_benchmarks/instances/bayesian_networks/pcnf/munin/686.cnf,"lower 7.57456635678364683989968197180549093e-3 upper 9.92425313643222133496423063132185596e-1 Final circuit size: 80494 Estimated probability 0.00757457 (epsilon 0.00000009153098656788927) found in 61 seconds ",
732,:,1737466026.000,7.000,0,184,0,0,"schlandals --timeout 1500 -i /data/schlandals/pwmc_benchmarks/instances/bayesian_networks/pcnf/munin/732.cnf compile | tr '\n' ' '",/data/schlandals/pwmc_benchmarks/instances/bayesian_networks/pcnf/munin/732.cnf,"lower 2.18561955128218843978151939590997815e-2 upper 9.78143804487178261000545993050826303e-1 Final circuit size: 43905 Estimated probability 0.02185620 (epsilon 0) found in 5 seconds ",
731,:,1737466026.000,7.000,0,184,0,0,"schlandals --timeout 1500 -i /data/schlandals/pwmc_benchmarks/instances/bayesian_networks/pcnf/munin/731.cnf compile | tr '\n' ' '",/data/schlandals/pwmc_benchmarks/instances/bayesian_networks/pcnf/munin/731.cnf,"lower 9.46171951939821048927061584665618044e-1 upper 5.38280480601790964712996023443076581e-2 Final circuit size: 43905 Estimated probability 0.94617195 (epsilon 0) found in 5 seconds ",
733,:,1737466027.000,7.000,0,184,0,0,"schlandals --timeout 1500 -i /data/schlandals/pwmc_benchmarks/instances/bayesian_networks/pcnf/munin/733.cnf compile | tr '\n' ' '",/data/schlandals/pwmc_benchmarks/instances/bayesian_networks/pcnf/munin/733.cnf,"lower 1.06758686780181755128574827039498849e-2 upper 9.89324131321981969885503704305975852e-1 Final circuit size: 43905 Estimated probability 0.01067587 (epsilon 0) found in 5 seconds ",
743,:,1737466034.000,1.000,0,183,0,0,"schlandals --timeout 1500 -i /data/schlandals/pwmc_benchmarks/instances/bayesian_networks/pcnf/munin/743.cnf compile | tr '\n' ' '",/data/schlandals/pwmc_benchmarks/instances/bayesian_networks/pcnf/munin/743.cnf,"lower 9.33982913859702038066537535030717511e-1 upper 6.60170861402978657370198517626277942e-2 Final circuit size: 4483 Estimated probability 0.93398291 (epsilon 0) found in 0 seconds ",
734,:,1737466028.000,7.000,0,184,0,0,"schlandals --timeout 1500 -i /data/schlandals/pwmc_benchmarks/instances/bayesian_networks/pcnf/munin/734.cnf compile | tr '\n' ' '",/data/schlandals/pwmc_benchmarks/instances/bayesian_networks/pcnf/munin/734.cnf,"lower 1.27794065657766295029479049728872805e-3 upper 9.98722059343422482448066396512637242e-1 Final circuit size: 43905 Estimated probability 0.00127794 (epsilon 0) found in 6 seconds ",
744,:,1737466035.000,1.000,0,183,0,0,"schlandals --timeout 1500 -i /data/schlandals/pwmc_benchmarks/instances/bayesian_networks/pcnf/munin/744.cnf compile | tr '\n' ' '",/data/schlandals/pwmc_benchmarks/instances/bayesian_networks/pcnf/munin/744.cnf,"lower 6.60170861402980879287482925853775369e-2 upper 9.33982913859701815874809094207967408e-1 Final circuit size: 4483 Estimated probability 0.06601709 (epsilon 0) found in 0 seconds ",
735,:,1737466029.000,7.000,0,184,0,0,"schlandals --timeout 1500 -i /data/schlandals/pwmc_benchmarks/instances/bayesian_networks/pcnf/munin/735.cnf compile | tr '\n' ' '",/data/schlandals/pwmc_benchmarks/instances/bayesian_networks/pcnf/munin/735.cnf,"lower 2.00180432127613339706434859930063091e-2 upper 9.79981956787238811427717701016919498e-1 Final circuit size: 43904 Estimated probability 0.02001804 (epsilon 0) found in 6 seconds ",
696,:,1737465983.000,53.000,0,185,0,0,"schlandals --timeout 1500 -i /data/schlandals/pwmc_benchmarks/instances/bayesian_networks/pcnf/munin/696.cnf compile | tr '\n' ' '",/data/schlandals/pwmc_benchmarks/instances/bayesian_networks/pcnf/munin/696.cnf,"lower 1.64180962051206513962439669902896892e-1 upper 8.35818987948794373699701835954691058e-1 Final circuit size: 84905 Estimated probability 0.16418096 (epsilon 0) found in 47 seconds ",
695,:,1737465979.000,57.000,0,185,0,0,"schlandals --timeout 1500 -i /data/schlandals/pwmc_benchmarks/instances/bayesian_networks/pcnf/munin/695.cnf compile | tr '\n' ' '",/data/schlandals/pwmc_benchmarks/instances/bayesian_networks/pcnf/munin/695.cnf,"lower 8.35819037947420363992083945300718303e-1 upper 1.64180912052580523670057560556869551e-1 Final circuit size: 84905 Estimated probability 0.83581904 (epsilon 0) found in 51 seconds ",
745,:,1737466035.000,1.000,0,138,0,0,"schlandals --timeout 1500 -i /data/schlandals/pwmc_benchmarks/instances/bayesian_networks/pcnf/munin/745.cnf compile | tr '\n' ' '",/data/schlandals/pwmc_benchmarks/instances/bayesian_networks/pcnf/munin/745.cnf,"lower 0 upper 1.00000000000000000000000000000000000 Final circuit size: 0 Estimated probability 0.00000000 (epsilon 0) found in 0 seconds ",
746,:,1737466036.000,1.000,0,138,0,0,"schlandals --timeout 1500 -i /data/schlandals/pwmc_benchmarks/instances/bayesian_networks/pcnf/munin/746.cnf compile | tr '\n' ' '",/data/schlandals/pwmc_benchmarks/instances/bayesian_networks/pcnf/munin/746.cnf,"lower 0 upper 1.00000000000000000000000000000000000 Final circuit size: 0 Estimated probability 0.00000000 (epsilon 0) found in 0 seconds ",
747,:,1737466036.000,1.000,0,138,0,0,"schlandals --timeout 1500 -i /data/schlandals/pwmc_benchmarks/instances/bayesian_networks/pcnf/munin/747.cnf compile | tr '\n' ' '",/data/schlandals/pwmc_benchmarks/instances/bayesian_networks/pcnf/munin/747.cnf,"lower 0 upper 1.00000000000000000000000000000000000 Final circuit size: 0 Estimated probability 0.00000000 (epsilon 0) found in 0 seconds ",
748,:,1737466036.000,1.000,0,138,0,0,"schlandals --timeout 1500 -i /data/schlandals/pwmc_benchmarks/instances/bayesian_networks/pcnf/munin/748.cnf compile | tr '\n' ' '",/data/schlandals/pwmc_benchmarks/instances/bayesian_networks/pcnf/munin/748.cnf,"lower 0 upper 1.00000000000000000000000000000000000 Final circuit size: 0 Estimated probability 0.00000000 (epsilon 0) found in 0 seconds ",
736,:,1737466031.000,7.000,0,184,0,0,"schlandals --timeout 1500 -i /data/schlandals/pwmc_benchmarks/instances/bayesian_networks/pcnf/munin/736.cnf compile | tr '\n' ' '",/data/schlandals/pwmc_benchmarks/instances/bayesian_networks/pcnf/munin/736.cnf,"lower 9.46537206750888075425943450462354974e-1 upper 5.34627932491119747582514625676972854e-2 Final circuit size: 43898 Estimated probability 0.94653721 (epsilon 0) found in 5 seconds ",
737,:,1737466031.000,7.000,0,184,0,0,"schlandals --timeout 1500 -i /data/schlandals/pwmc_benchmarks/instances/bayesian_networks/pcnf/munin/737.cnf compile | tr '\n' ' '",/data/schlandals/pwmc_benchmarks/instances/bayesian_networks/pcnf/munin/737.cnf,"lower 5.20839910739336894242241496724852901e-2 upper 9.47916008926066360759970763357567277e-1 Final circuit size: 43905 Estimated probability 0.05208399 (epsilon 0) found in 5 seconds ",
738,:,1737466031.000,7.000,0,184,0,0,"schlandals --timeout 1500 -i /data/schlandals/pwmc_benchmarks/instances/bayesian_networks/pcnf/munin/738.cnf compile | tr '\n' ' '",/data/schlandals/pwmc_benchmarks/instances/bayesian_networks/pcnf/munin/738.cnf,"lower 1.04500273909372809052047298173036313e-3 upper 9.98954997260906241798241616721770873e-1 Final circuit size: 43409 Estimated probability 0.00104500 (epsilon 0) found in 5 seconds ",
690,:,1737465973.000,66.000,0,208,0,0,"schlandals --timeout 1500 -i /data/schlandals/pwmc_benchmarks/instances/bayesian_networks/pcnf/munin/690.cnf compile | tr '\n' ' '",/data/schlandals/pwmc_benchmarks/instances/bayesian_networks/pcnf/munin/690.cnf,"lower 3.74537008256804575328967639600344243e-4 upper 9.99625342991748976761893784683600996e-1 Final circuit size: 78792 Estimated probability 0.00037454 (epsilon 0.0000016474398649712896) found in 57 seconds ",
739,:,1737466032.000,7.000,0,184,0,0,"schlandals --timeout 1500 -i /data/schlandals/pwmc_benchmarks/instances/bayesian_networks/pcnf/munin/739.cnf compile | tr '\n' ' '",/data/schlandals/pwmc_benchmarks/instances/bayesian_networks/pcnf/munin/739.cnf,"lower 3.33799436084615306672442217358787631e-4 upper 9.99666200563915354582089647486142578e-1 Final circuit size: 43409 Estimated probability 0.00033380 (epsilon 0) found in 5 seconds ",
689,:,1737465972.000,67.000,0,208,0,0,"schlandals --timeout 1500 -i /data/schlandals/pwmc_benchmarks/instances/bayesian_networks/pcnf/munin/689.cnf compile | tr '\n' ' '",/data/schlandals/pwmc_benchmarks/instances/bayesian_networks/pcnf/munin/689.cnf,"lower 7.94960095682310583584132764921840193e-4 upper 9.99204919904323467399441909749669694e-1 Final circuit size: 78621 Estimated probability 0.00079496 (epsilon 0.0000007761741505074582) found in 59 seconds ",
691,:,1737465973.000,67.000,0,208,0,0,"schlandals --timeout 1500 -i /data/schlandals/pwmc_benchmarks/instances/bayesian_networks/pcnf/munin/691.cnf compile | tr '\n' ' '",/data/schlandals/pwmc_benchmarks/instances/bayesian_networks/pcnf/munin/691.cnf,"lower 1.65882098204848787849107334159884813e-4 upper 9.99833997901800930336947721565102480e-1 Final circuit size: 78272 Estimated probability 0.00016588 (epsilon 0.0000024313442710255373) found in 58 seconds ",
757,:,1737466039.000,3.000,0,209,0,0,"schlandals --timeout 1500 -i /data/schlandals/pwmc_benchmarks/instances/bayesian_networks/pcnf/munin/757.cnf compile | tr '\n' ' '",/data/schlandals/pwmc_benchmarks/instances/bayesian_networks/pcnf/munin/757.cnf,"lower 1.32021184923224955113728346455274289e-2 upper 9.86797741305526188762375871753342307e-1 Final circuit size: 12414 Estimated probability 0.01320212 (epsilon 0.000000011908982910924237) found in 2 seconds ",
759,:,1737466039.000,3.000,0,209,0,0,"schlandals --timeout 1500 -i /data/schlandals/pwmc_benchmarks/instances/bayesian_networks/pcnf/munin/759.cnf compile | tr '\n' ' '",/data/schlandals/pwmc_benchmarks/instances/bayesian_networks/pcnf/munin/759.cnf,"lower 6.30787459603090602120361023097873478e-3 upper 9.93691988356308510203736885689327350e-1 Final circuit size: 12957 Estimated probability 0.00630787 (epsilon 0.000000059158041798568206) found in 2 seconds ",
758,:,1737466039.000,5.000,0,209,0,0,"schlandals --timeout 1500 -i /data/schlandals/pwmc_benchmarks/instances/bayesian_networks/pcnf/munin/758.cnf compile | tr '\n' ' '",/data/schlandals/pwmc_benchmarks/instances/bayesian_networks/pcnf/munin/758.cnf,"lower 7.51395934144097656814007840511884569e-3 upper 9.92485899436051111426048601886672842e-1 Final circuit size: 13073 Estimated probability 0.00751396 (epsilon 0.000000049662434165043123) found in 3 seconds ",
740,:,1737466033.000,11.000,0,186,0,0,"schlandals --timeout 1500 -i /data/schlandals/pwmc_benchmarks/instances/bayesian_networks/pcnf/munin/740.cnf compile | tr '\n' ' '",/data/schlandals/pwmc_benchmarks/instances/bayesian_networks/pcnf/munin/740.cnf,"lower 9.20230395047866163038589203734345644e-1 upper 7.97696049521339258480635197969566737e-2 Final circuit size: 110693 Estimated probability 0.92023040 (epsilon 0) found in 10 seconds ",
742,:,1737466033.000,11.000,0,186,0,0,"schlandals --timeout 1500 -i /data/schlandals/pwmc_benchmarks/instances/bayesian_networks/pcnf/munin/742.cnf compile | tr '\n' ' '",/data/schlandals/pwmc_benchmarks/instances/bayesian_networks/pcnf/munin/742.cnf,"lower 1.01904233664274428228545647375456564e-2 upper 9.89809576633572449481029208633487443e-1 Final circuit size: 109775 Estimated probability 0.01019042 (epsilon 0) found in 10 seconds ",
741,:,1737466033.000,11.000,0,186,0,0,"schlandals --timeout 1500 -i /data/schlandals/pwmc_benchmarks/instances/bayesian_networks/pcnf/munin/741.cnf compile | tr '\n' ' '",/data/schlandals/pwmc_benchmarks/instances/bayesian_networks/pcnf/munin/741.cnf,"lower 6.95791815857065165434175150946238658e-2 upper 9.30420818414293572343235208436678500e-1 Final circuit size: 110693 Estimated probability 0.06957918 (epsilon 0) found in 10 seconds ",
761,:,1737466042.000,3.000,0,208,0,0,"schlandals --timeout 1500 -i /data/schlandals/pwmc_benchmarks/instances/bayesian_networks/pcnf/munin/761.cnf compile | tr '\n' ' '",/data/schlandals/pwmc_benchmarks/instances/bayesian_networks/pcnf/munin/761.cnf,"lower 7.15473418173057795667576461958233862e-3 upper 9.92845215818270349356430196574375775e-1 Final circuit size: 13070 Estimated probability 0.00715473 (epsilon 0.00000009248926224891818) found in 2 seconds ",
760,:,1737466040.000,6.000,0,208,0,0,"schlandals --timeout 1500 -i /data/schlandals/pwmc_benchmarks/instances/bayesian_networks/pcnf/munin/760.cnf compile | tr '\n' ' '",/data/schlandals/pwmc_benchmarks/instances/bayesian_networks/pcnf/munin/760.cnf,"lower 6.14705391794567042308009740572222869e-3 upper 9.93852804859546416411933084457452894e-1 Final circuit size: 13025 Estimated probability 0.00614705 (epsilon 0.00000006070574865013612) found in 4 seconds ",
762,:,1737466042.000,6.000,0,208,0,0,"schlandals --timeout 1500 -i /data/schlandals/pwmc_benchmarks/instances/bayesian_networks/pcnf/munin/762.cnf compile | tr '\n' ' '",/data/schlandals/pwmc_benchmarks/instances/bayesian_networks/pcnf/munin/762.cnf,"lower 1.09363376389337002100297044068640184e-2 upper 9.89063612361067225385917775043906317e-1 Final circuit size: 13007 Estimated probability 0.01093634 (epsilon 0.00000006050801637513814) found in 3 seconds ",
763,:,1737466044.000,5.000,0,207,0,0,"schlandals --timeout 1500 -i /data/schlandals/pwmc_benchmarks/instances/bayesian_networks/pcnf/munin/763.cnf compile | tr '\n' ' '",/data/schlandals/pwmc_benchmarks/instances/bayesian_networks/pcnf/munin/763.cnf,"lower 1.58670597955418435219347813005463334e-2 upper 9.84132890204459080603711212874196861e-1 Final circuit size: 13158 Estimated probability 0.01586706 (epsilon 0.0000003120506932852152) found in 3 seconds ",
765,:,1737466044.000,5.000,0,208,0,0,"schlandals --timeout 1500 -i /data/schlandals/pwmc_benchmarks/instances/bayesian_networks/pcnf/munin/765.cnf compile | tr '\n' ' '",/data/schlandals/pwmc_benchmarks/instances/bayesian_networks/pcnf/munin/765.cnf,"lower 8.78451733801917426820203532412854912e-2 upper 9.12154776293160205259995533190587585e-1 Final circuit size: 11237 Estimated probability 0.08784517 (epsilon 0.00000005636425393085176) found in 3 seconds ",
766,:,1737466044.000,5.000,0,208,0,0,"schlandals --timeout 1500 -i /data/schlandals/pwmc_benchmarks/instances/bayesian_networks/pcnf/munin/766.cnf compile | tr '\n' ' '",/data/schlandals/pwmc_benchmarks/instances/bayesian_networks/pcnf/munin/766.cnf,"lower 2.94421137338497401998267980779300092e-1 upper 7.05578812337947403019725724799316063e-1 Final circuit size: 11369 Estimated probability 0.29442114 (epsilon 0.00000001681716144119605) found in 3 seconds ",
764,:,1737466044.000,5.000,0,208,0,0,"schlandals --timeout 1500 -i /data/schlandals/pwmc_benchmarks/instances/bayesian_networks/pcnf/munin/764.cnf compile | tr '\n' ' '",/data/schlandals/pwmc_benchmarks/instances/bayesian_networks/pcnf/munin/764.cnf,"lower 2.43766436311837089511807204839396414e-2 upper 9.75623306046061842291414742295552311e-1 Final circuit size: 11301 Estimated probability 0.02437664 (epsilon 0.00000020311768023084653) found in 3 seconds ",
767,:,1737466045.000,5.000,0,209,0,0,"schlandals --timeout 1500 -i /data/schlandals/pwmc_benchmarks/instances/bayesian_networks/pcnf/munin/767.cnf compile | tr '\n' ' '",/data/schlandals/pwmc_benchmarks/instances/bayesian_networks/pcnf/munin/767.cnf,"lower 3.62473264307661295246081314735771208e-1 upper 6.37526685365326169557602682225406943e-1 Final circuit size: 11222 Estimated probability 0.36247326 (epsilon 0.000000013659842812430156) found in 3 seconds ",
768,:,1737466046.000,4.000,0,208,0,0,"schlandals --timeout 1500 -i /data/schlandals/pwmc_benchmarks/instances/bayesian_networks/pcnf/munin/768.cnf compile | tr '\n' ' '",/data/schlandals/pwmc_benchmarks/instances/bayesian_networks/pcnf/munin/768.cnf,"lower 1.46021247011478101550516667845772731e-1 upper 8.53978702046415644430582876397656339e-1 Final circuit size: 10979 Estimated probability 0.14602125 (epsilon 0.00000003279730842464801) found in 3 seconds ",
769,:,1737466048.000,4.000,0,207,0,0,"schlandals --timeout 1500 -i /data/schlandals/pwmc_benchmarks/instances/bayesian_networks/pcnf/munin/769.cnf compile | tr '\n' ' '",/data/schlandals/pwmc_benchmarks/instances/bayesian_networks/pcnf/munin/769.cnf,"lower 1.77333864543859388233812856508809883e-2 upper 9.82266561046176186823566171579159822e-1 Final circuit size: 10078 Estimated probability 0.01773339 (epsilon 0.0000002578845081924186) found in 3 seconds ",
775,:,1737466050.000,3.000,0,208,0,0,"schlandals --timeout 1500 -i /data/schlandals/pwmc_benchmarks/instances/bayesian_networks/pcnf/munin/775.cnf compile | tr '\n' ' '",/data/schlandals/pwmc_benchmarks/instances/bayesian_networks/pcnf/munin/775.cnf,"lower 1.37468096424628168928176808487916787e-3 upper 9.98625145547801920729589220371592485e-1 Final circuit size: 6897 Estimated probability 0.00137468 (epsilon 0.000000009268035228160443) found in 2 seconds ",
770,:,1737466049.000,5.000,0,209,0,0,"schlandals --timeout 1500 -i /data/schlandals/pwmc_benchmarks/instances/bayesian_networks/pcnf/munin/770.cnf compile | tr '\n' ' '",/data/schlandals/pwmc_benchmarks/instances/bayesian_networks/pcnf/munin/770.cnf,"lower 8.71636414848750092968704487297027431e-3 upper 9.91283437467736016407424388035425979e-1 Final circuit size: 2150 Estimated probability 0.00871636 (epsilon 0.0000000014616863275307423) found in 3 seconds ",
773,:,1737466049.000,5.000,0,208,0,0,"schlandals --timeout 1500 -i /data/schlandals/pwmc_benchmarks/instances/bayesian_networks/pcnf/munin/773.cnf compile | tr '\n' ' '",/data/schlandals/pwmc_benchmarks/instances/bayesian_networks/pcnf/munin/773.cnf,"lower 1.53449465297396626360808587314219593e-3 upper 9.92865017093402176464695578238390027e-1 Final circuit size: 5348 Estimated probability 0.00153449 (epsilon 0.000000008302793119696616) found in 3 seconds ",
772,:,1737466049.000,5.000,0,207,0,0,"schlandals --timeout 1500 -i /data/schlandals/pwmc_benchmarks/instances/bayesian_networks/pcnf/munin/772.cnf compile | tr '\n' ' '",/data/schlandals/pwmc_benchmarks/instances/bayesian_networks/pcnf/munin/772.cnf,"lower 8.25574231498534789213333433510308413e-4 upper 9.93573940274597541664194391668614865e-1 Final circuit size: 5236 Estimated probability 0.00082557 (epsilon 0.00000001543239958046172) found in 3 seconds ",
771,:,1737466049.000,5.000,0,207,0,0,"schlandals --timeout 1500 -i /data/schlandals/pwmc_benchmarks/instances/bayesian_networks/pcnf/munin/771.cnf compile | tr '\n' ' '",/data/schlandals/pwmc_benchmarks/instances/bayesian_networks/pcnf/munin/771.cnf,"lower 1.23755752783457127525922542804992493e-4 upper 9.94275755452141188036836756309789245e-1 Final circuit size: 5030 Estimated probability 0.00012376 (epsilon 0.00000010294947871969384) found in 3 seconds ",
774,:,1737466050.000,5.000,0,207,0,0,"schlandals --timeout 1500 -i /data/schlandals/pwmc_benchmarks/instances/bayesian_networks/pcnf/munin/774.cnf compile | tr '\n' ' '",/data/schlandals/pwmc_benchmarks/instances/bayesian_networks/pcnf/munin/774.cnf,"lower 1.56677649201747622328927292872784585e-3 upper 9.98433041180028317959095463073693196e-1 Final circuit size: 6899 Estimated probability 0.00156678 (epsilon 0.00000000813172262859041) found in 4 seconds ",
777,:,1737466053.000,3.000,0,208,0,0,"schlandals --timeout 1500 -i /data/schlandals/pwmc_benchmarks/instances/bayesian_networks/pcnf/munin/777.cnf compile | tr '\n' ' '",/data/schlandals/pwmc_benchmarks/instances/bayesian_networks/pcnf/munin/777.cnf,"lower 2.09681495113744259887281863477109169e-3 upper 9.97903125015164808318983896400638769e-1 Final circuit size: 7028 Estimated probability 0.00209681 (epsilon 0.000000006076163572288351) found in 2 seconds ",
776,:,1737466052.000,5.000,0,207,0,0,"schlandals --timeout 1500 -i /data/schlandals/pwmc_benchmarks/instances/bayesian_networks/pcnf/munin/776.cnf compile | tr '\n' ' '",/data/schlandals/pwmc_benchmarks/instances/bayesian_networks/pcnf/munin/776.cnf,"lower 1.88316149001211699965014297884844232e-3 upper 9.98116778476114952284115610696505088e-1 Final circuit size: 7150 Estimated probability 0.00188316 (epsilon 0.00000000676553302270122) found in 4 seconds ",
782,:,1737466055.000,4.000,0,207,0,0,"schlandals --timeout 1500 -i /data/schlandals/pwmc_benchmarks/instances/bayesian_networks/pcnf/munin/782.cnf compile | tr '\n' ' '",/data/schlandals/pwmc_benchmarks/instances/bayesian_networks/pcnf/munin/782.cnf,"lower 2.92019338496870708790234673123168763e-1 upper 7.07980601429943083117522530448094119e-1 Final circuit size: 6974 Estimated probability 0.29201934 (epsilon 0.00000001654612447055115) found in 2 seconds ",
778,:,1737466054.000,5.000,0,207,0,0,"schlandals --timeout 1500 -i /data/schlandals/pwmc_benchmarks/instances/bayesian_networks/pcnf/munin/778.cnf compile | tr '\n' ' '",/data/schlandals/pwmc_benchmarks/instances/bayesian_networks/pcnf/munin/778.cnf,"lower 4.04489548656281743282600042678618382e-3 upper 9.95955044480142349504323390696712798e-1 Final circuit size: 7109 Estimated probability 0.00404490 (epsilon 0.00000020548074952664308) found in 4 seconds ",
779,:,1737466054.000,5.000,0,207,0,0,"schlandals --timeout 1500 -i /data/schlandals/pwmc_benchmarks/instances/bayesian_networks/pcnf/munin/779.cnf compile | tr '\n' ' '",/data/schlandals/pwmc_benchmarks/instances/bayesian_networks/pcnf/munin/779.cnf,"lower 9.38881837505986851561463223060592546e-3 upper 9.90611121602652344101768111743284182e-1 Final circuit size: 7076 Estimated probability 0.00938882 (epsilon 0.00000008852532640268862) found in 3 seconds ",
780,:,1737466054.000,5.000,0,205,0,0,"schlandals --timeout 1500 -i /data/schlandals/pwmc_benchmarks/instances/bayesian_networks/pcnf/munin/780.cnf compile | tr '\n' ' '",/data/schlandals/pwmc_benchmarks/instances/bayesian_networks/pcnf/munin/780.cnf,"lower 3.40882315018963677701384838846361801e-2 upper 9.65911708464761645370378178330545941e-1 Final circuit size: 7181 Estimated probability 0.03408823 (epsilon 0.000000141743583537135) found in 3 seconds ",
781,:,1737466054.000,6.000,0,208,0,0,"schlandals --timeout 1500 -i /data/schlandals/pwmc_benchmarks/instances/bayesian_networks/pcnf/munin/781.cnf compile | tr '\n' ' '",/data/schlandals/pwmc_benchmarks/instances/bayesian_networks/pcnf/munin/781.cnf,"lower 9.47275160080452698211821765066151852e-2 upper 9.05272423912395367139809370043812258e-1 Final circuit size: 7116 Estimated probability 0.09472752 (epsilon 0.000000051007231549604626) found in 4 seconds ",
783,:,1737466056.000,5.000,0,208,0,0,"schlandals --timeout 1500 -i /data/schlandals/pwmc_benchmarks/instances/bayesian_networks/pcnf/munin/783.cnf compile | tr '\n' ' '",/data/schlandals/pwmc_benchmarks/instances/bayesian_networks/pcnf/munin/783.cnf,"lower 3.54113967218644211257428369447898731e-1 upper 6.45885972635480593473768844016334187e-1 Final circuit size: 7124 Estimated probability 0.35411397 (epsilon 0.000000013644727125949885) found in 4 seconds ",
784,:,1737466057.000,6.000,0,207,0,0,"schlandals --timeout 1500 -i /data/schlandals/pwmc_benchmarks/instances/bayesian_networks/pcnf/munin/784.cnf compile | tr '\n' ' '",/data/schlandals/pwmc_benchmarks/instances/bayesian_networks/pcnf/munin/784.cnf,"lower 1.54382245053251709376111135125358527e-1 upper 8.45617694801423787491314801577736035e-1 Final circuit size: 7147 Estimated probability 0.15438225 (epsilon 0.00000003129756520614535) found in 4 seconds ",
787,:,1737466059.000,4.000,0,183,0,0,"schlandals --timeout 1500 -i /data/schlandals/pwmc_benchmarks/instances/bayesian_networks/pcnf/munin/787.cnf compile | tr '\n' ' '",/data/schlandals/pwmc_benchmarks/instances/bayesian_networks/pcnf/munin/787.cnf,"lower 1.81185000000000043864760395394207932e-5 upper 9.99981402136831638034953614933436329e-1 Final circuit size: 1019 Estimated probability 0.00001812 (epsilon 0) found in 2 seconds ",
788,:,1737466059.000,5.000,0,183,0,0,"schlandals --timeout 1500 -i /data/schlandals/pwmc_benchmarks/instances/bayesian_networks/pcnf/munin/788.cnf compile | tr '\n' ' '",/data/schlandals/pwmc_benchmarks/instances/bayesian_networks/pcnf/munin/788.cnf,"lower 8.43121944580393442554596187457213660e-5 upper 9.99915221792747877644178521470193044e-1 Final circuit size: 2857 Estimated probability 0.00008431 (epsilon 0) found in 3 seconds ",
789,:,1737466060.000,4.000,0,183,0,0,"schlandals --timeout 1500 -i /data/schlandals/pwmc_benchmarks/instances/bayesian_networks/pcnf/munin/789.cnf compile | tr '\n' ' '",/data/schlandals/pwmc_benchmarks/instances/bayesian_networks/pcnf/munin/789.cnf,"lower 1.03194973732119634226032592393519091e-3 upper 9.98967965973489246168097630150096176e-1 Final circuit size: 6125 Estimated probability 0.00103195 (epsilon 0) found in 3 seconds ",
786,:,1737466059.000,5.000,0,205,0,0,"schlandals --timeout 1500 -i /data/schlandals/pwmc_benchmarks/instances/bayesian_networks/pcnf/munin/786.cnf compile | tr '\n' ' '",/data/schlandals/pwmc_benchmarks/instances/bayesian_networks/pcnf/munin/786.cnf,"lower 2.73653309472307493604210311133839859e-3 upper 9.97263406669774483568490599048507548e-1 Final circuit size: 7039 Estimated probability 0.00273653 (epsilon 0.000001765658970587225) found in 3 seconds ",
785,:,1737466059.000,5.000,0,207,0,0,"schlandals --timeout 1500 -i /data/schlandals/pwmc_benchmarks/instances/bayesian_networks/pcnf/munin/785.cnf compile | tr '\n' ' '",/data/schlandals/pwmc_benchmarks/instances/bayesian_networks/pcnf/munin/785.cnf,"lower 3.63768224082122587151379517093155601e-2 upper 9.63623117354102013871732716857869452e-1 Final circuit size: 7066 Estimated probability 0.03637682 (epsilon 0.00000013282600996866734) found in 4 seconds ",
790,:,1737466061.000,5.000,0,208,0,0,"schlandals --timeout 1500 -i /data/schlandals/pwmc_benchmarks/instances/bayesian_networks/pcnf/munin/790.cnf compile | tr '\n' ' '",/data/schlandals/pwmc_benchmarks/instances/bayesian_networks/pcnf/munin/790.cnf,"lower 8.40499270438460427338601352376764829e-2 upper 9.15949997636298867265087571295195909e-1 Final circuit size: 6833 Estimated probability 0.08404993 (epsilon 0.000000002076491867342156) found in 3 seconds ",
791,:,1737466063.000,5.000,0,210,0,0,"schlandals --timeout 1500 -i /data/schlandals/pwmc_benchmarks/instances/bayesian_networks/pcnf/munin/791.cnf compile | tr '\n' ' '",/data/schlandals/pwmc_benchmarks/instances/bayesian_networks/pcnf/munin/791.cnf,"lower 3.82451715306016200794432139917421608e-1 upper 6.17548214692732551548772218700324078e-1 Final circuit size: 7055 Estimated probability 0.38245172 (epsilon 0.00000000046262815800446333) found in 3 seconds ",
792,:,1737466063.000,5.000,0,209,0,0,"schlandals --timeout 1500 -i /data/schlandals/pwmc_benchmarks/instances/bayesian_networks/pcnf/munin/792.cnf compile | tr '\n' ' '",/data/schlandals/pwmc_benchmarks/instances/bayesian_networks/pcnf/munin/792.cnf,"lower 3.18409374474366403158251558757219905e-1 upper 6.81590555524382349417599151126955346e-1 Final circuit size: 7060 Estimated probability 0.31840937 (epsilon 0.0000000005556775040105322) found in 3 seconds ",
793,:,1737466064.000,4.000,0,209,0,0,"schlandals --timeout 1500 -i /data/schlandals/pwmc_benchmarks/instances/bayesian_networks/pcnf/munin/793.cnf compile | tr '\n' ' '",/data/schlandals/pwmc_benchmarks/instances/bayesian_networks/pcnf/munin/793.cnf,"lower 1.07165025983825739316107284328411465e-1 upper 8.92834904014838516800822773178575207e-1 Final circuit size: 7076 Estimated probability 0.10716503 (epsilon 0.0000000016510324218899086) found in 3 seconds ",
796,:,1737466064.000,5.000,0,208,0,0,"schlandals --timeout 1500 -i /data/schlandals/pwmc_benchmarks/instances/bayesian_networks/pcnf/munin/796.cnf compile | tr '\n' ' '",/data/schlandals/pwmc_benchmarks/instances/bayesian_networks/pcnf/munin/796.cnf,"lower 1.85432503231671347370493279833045906e-2 upper 9.81456679644981455222062713686824532e-1 Final circuit size: 6857 Estimated probability 0.01854325 (epsilon 0.000000009541633483323153) found in 3 seconds ",
794,:,1737466064.000,5.000,0,208,0,0,"schlandals --timeout 1500 -i /data/schlandals/pwmc_benchmarks/instances/bayesian_networks/pcnf/munin/794.cnf compile | tr '\n' ' '",/data/schlandals/pwmc_benchmarks/instances/bayesian_networks/pcnf/munin/794.cnf,"lower 3.94576944922899206900587827533372800e-2 upper 9.60542235505941215041374347105026898e-1 Final circuit size: 6825 Estimated probability 0.03945769 (epsilon 0.000000004484117077652172) found in 3 seconds ",
795,:,1737466064.000,5.000,0,208,0,0,"schlandals --timeout 1500 -i /data/schlandals/pwmc_benchmarks/instances/bayesian_networks/pcnf/munin/795.cnf compile | tr '\n' ' '",/data/schlandals/pwmc_benchmarks/instances/bayesian_networks/pcnf/munin/795.cnf,"lower 2.38149986795770308534080255731996672e-2 upper 9.76184931304625991694714683535024949e-1 Final circuit size: 7005 Estimated probability 0.02381500 (epsilon 0.000000007429473036779655) found in 3 seconds ",
797,:,1737466066.000,4.000,0,208,0,0,"schlandals --timeout 1500 -i /data/schlandals/pwmc_benchmarks/instances/bayesian_networks/pcnf/munin/797.cnf compile | tr '\n' ' '",/data/schlandals/pwmc_benchmarks/instances/bayesian_networks/pcnf/munin/797.cnf,"lower 1.51361517227088920760771274836980244e-2 upper 9.84863778129175572786534004644402395e-1 Final circuit size: 6825 Estimated probability 0.01513615 (epsilon 0.000000011689426759886601) found in 3 seconds ",
798,:,1737466068.000,4.000,0,209,0,0,"schlandals --timeout 1500 -i /data/schlandals/pwmc_benchmarks/instances/bayesian_networks/pcnf/munin/798.cnf compile | tr '\n' ' '",/data/schlandals/pwmc_benchmarks/instances/bayesian_networks/pcnf/munin/798.cnf,"lower 9.83748117855752532190630417524597506e-3 upper 9.90162331742114239288205127956648467e-1 Final circuit size: 6663 Estimated probability 0.00983748 (epsilon 0.0000000003782321122969279) found in 3 seconds ",
799,:,1737466068.000,5.000,0,208,0,0,"schlandals --timeout 1500 -i /data/schlandals/pwmc_benchmarks/instances/bayesian_networks/pcnf/munin/799.cnf compile | tr '\n' ' '",/data/schlandals/pwmc_benchmarks/instances/bayesian_networks/pcnf/munin/799.cnf,"lower 8.15439223903700144382488788822637005e-3 upper 9.91845170862400581747602099512851167e-1 Final circuit size: 2649 Estimated probability 0.00815439 (epsilon 0.000000002221560047033222) found in 4 seconds ",
800,:,1737466068.000,6.000,0,206,0,0,"schlandals --timeout 1500 -i /data/schlandals/pwmc_benchmarks/instances/bayesian_networks/pcnf/munin/800.cnf compile | tr '\n' ' '",/data/schlandals/pwmc_benchmarks/instances/bayesian_networks/pcnf/munin/800.cnf,"lower 1.48241683486058252098545186512031459e-5 upper 9.92787648652623559283077719706392792e-1 Final circuit size: 5838 Estimated probability 0.00001482 (epsilon 0.0000012220212495250848) found in 4 seconds ",
802,:,1737466069.000,5.000,0,207,0,0,"schlandals --timeout 1500 -i /data/schlandals/pwmc_benchmarks/instances/bayesian_networks/pcnf/munin/802.cnf compile | tr '\n' ' '",/data/schlandals/pwmc_benchmarks/instances/bayesian_networks/pcnf/munin/802.cnf,"lower 9.48995763730621829043110933710222729e-4 upper 9.91853485343498195926878356900559422e-1 Final circuit size: 6434 Estimated probability 0.00094900 (epsilon 0.00000002927637976490871) found in 4 seconds ",
803,:,1737466069.000,5.000,0,208,0,0,"schlandals --timeout 1500 -i /data/schlandals/pwmc_benchmarks/instances/bayesian_networks/pcnf/munin/803.cnf compile | tr '\n' ' '",/data/schlandals/pwmc_benchmarks/instances/bayesian_networks/pcnf/munin/803.cnf,"lower 1.24345315680527705852974773099202535e-3 upper 9.91559025948056537209938622839217560e-1 Final circuit size: 6449 Estimated probability 0.00124345 (epsilon 0.000000022343552119608034) found in 4 seconds ",
801,:,1737466069.000,5.000,0,207,0,0,"schlandals --timeout 1500 -i /data/schlandals/pwmc_benchmarks/instances/bayesian_networks/pcnf/munin/801.cnf compile | tr '\n' ' '",/data/schlandals/pwmc_benchmarks/instances/bayesian_networks/pcnf/munin/801.cnf,"lower 6.20078361288058012435677327653801770e-4 upper 9.92182386111817361901473109751556504e-1 Final circuit size: 6464 Estimated probability 0.00062008 (epsilon 0.00000004480588500221927) found in 4 seconds ",
804,:,1737466070.000,6.000,0,207,0,0,"schlandals --timeout 1500 -i /data/schlandals/pwmc_benchmarks/instances/bayesian_networks/pcnf/munin/804.cnf compile | tr '\n' ' '",/data/schlandals/pwmc_benchmarks/instances/bayesian_networks/pcnf/munin/804.cnf,"lower 1.25370814941200231220473143754580768e-3 upper 9.98746085324095965248872668301047724e-1 Final circuit size: 8405 Estimated probability 0.00125371 (epsilon 0.00000003454801733582258) found in 4 seconds ",
805,:,1737466072.000,6.000,0,207,0,0,"schlandals --timeout 1500 -i /data/schlandals/pwmc_benchmarks/instances/bayesian_networks/pcnf/munin/805.cnf compile | tr '\n' ' '",/data/schlandals/pwmc_benchmarks/instances/bayesian_networks/pcnf/munin/805.cnf,"lower 1.14807747966736121497642819639183840e-3 upper 9.98851729433677952513505362685593990e-1 Final circuit size: 8419 Estimated probability 0.00114808 (epsilon 0.00000003772666201662389) found in 4 seconds ",
806,:,1737466073.000,6.000,0,207,0,0,"schlandals --timeout 1500 -i /data/schlandals/pwmc_benchmarks/instances/bayesian_networks/pcnf/munin/806.cnf compile | tr '\n' ' '",/data/schlandals/pwmc_benchmarks/instances/bayesian_networks/pcnf/munin/806.cnf,"lower 1.41322378500283755707385200774056098e-3 upper 9.98586583128342476399601599307238158e-1 Final circuit size: 8449 Estimated probability 0.00141322 (epsilon 0.00000003064845865985433) found in 4 seconds ",
807,:,1737466074.000,6.000,0,207,0,0,"schlandals --timeout 1500 -i /data/schlandals/pwmc_benchmarks/instances/bayesian_networks/pcnf/munin/807.cnf compile | tr '\n' ' '",/data/schlandals/pwmc_benchmarks/instances/bayesian_networks/pcnf/munin/807.cnf,"lower 1.54971982122377905704090724636651905e-3 upper 9.98450100149137235549854172962349467e-1 Final circuit size: 8507 Estimated probability 0.00154972 (epsilon 0.00000010196431077247325) found in 4 seconds ",
808,:,1737466074.000,6.000,0,206,0,0,"schlandals --timeout 1500 -i /data/schlandals/pwmc_benchmarks/instances/bayesian_networks/pcnf/munin/808.cnf compile | tr '\n' ' '",/data/schlandals/pwmc_benchmarks/instances/bayesian_networks/pcnf/munin/808.cnf,"lower 2.26416703307241383340453244691595337e-3 upper 9.97735652938275609128835096776610394e-1 Final circuit size: 8561 Estimated probability 0.00226417 (epsilon 0.0000000655200906862774) found in 4 seconds ",
810,:,1737466074.000,6.000,0,207,0,0,"schlandals --timeout 1500 -i /data/schlandals/pwmc_benchmarks/instances/bayesian_networks/pcnf/munin/810.cnf compile | tr '\n' ' '",/data/schlandals/pwmc_benchmarks/instances/bayesian_networks/pcnf/munin/810.cnf,"lower 8.28520370918676402957409233521131295e-3 upper 9.91714616261174250837012158678186020e-1 Final circuit size: 8489 Estimated probability 0.00828520 (epsilon 0.00000008808157669903949) found in 4 seconds ",
809,:,1737466074.000,6.000,0,207,0,0,"schlandals --timeout 1500 -i /data/schlandals/pwmc_benchmarks/instances/bayesian_networks/pcnf/munin/809.cnf compile | tr '\n' ' '",/data/schlandals/pwmc_benchmarks/instances/bayesian_networks/pcnf/munin/809.cnf,"lower 4.47952788289283172052168731006265606e-3 upper 9.95520292088455192214939951088260532e-1 Final circuit size: 8527 Estimated probability 0.00447953 (epsilon 0.00000016291310100946532) found in 4 seconds ",
811,:,1737466076.000,6.000,0,208,0,0,"schlandals --timeout 1500 -i /data/schlandals/pwmc_benchmarks/instances/bayesian_networks/pcnf/munin/811.cnf compile | tr '\n' ' '",/data/schlandals/pwmc_benchmarks/instances/bayesian_networks/pcnf/munin/811.cnf,"lower 1.94604686246930648890961265837466682e-2 upper 9.80539431300681885972533448755264567e-1 Final circuit size: 8611 Estimated probability 0.01946047 (epsilon 0.000000037500318850192116) found in 4 seconds ",
750,:,1737466036.000,48.000,0,186,0,0,"schlandals --timeout 1500 -i /data/schlandals/pwmc_benchmarks/instances/bayesian_networks/pcnf/munin/750.cnf compile | tr '\n' ' '",/data/schlandals/pwmc_benchmarks/instances/bayesian_networks/pcnf/munin/750.cnf,"lower 6.83765873308944438728467523363746326e-2 upper 9.31623412669105646920433122946803406e-1 Final circuit size: 264700 Estimated probability 0.06837659 (epsilon 0) found in 44 seconds ",
812,:,1737466078.000,6.000,0,208,0,0,"schlandals --timeout 1500 -i /data/schlandals/pwmc_benchmarks/instances/bayesian_networks/pcnf/munin/812.cnf compile | tr '\n' ' '",/data/schlandals/pwmc_benchmarks/instances/bayesian_networks/pcnf/munin/812.cnf,"lower 4.46337927282861450347082137717032260e-2 upper 9.55366107197088810661887807611563103e-1 Final circuit size: 8655 Estimated probability 0.04463379 (epsilon 0.000000016350252485253236) found in 4 seconds ",
813,:,1737466079.000,6.000,0,208,0,0,"schlandals --timeout 1500 -i /data/schlandals/pwmc_benchmarks/instances/bayesian_networks/pcnf/munin/813.cnf compile | tr '\n' ' '",/data/schlandals/pwmc_benchmarks/instances/bayesian_networks/pcnf/munin/813.cnf,"lower 1.30373889703063835132041005554139203e-1 upper 8.69626010138161465934581186763691101e-1 Final circuit size: 8636 Estimated probability 0.13037389 (epsilon 0.000000005478427489435944) found in 4 seconds ",
814,:,1737466080.000,6.000,0,209,0,0,"schlandals --timeout 1500 -i /data/schlandals/pwmc_benchmarks/instances/bayesian_networks/pcnf/munin/814.cnf compile | tr '\n' ' '",/data/schlandals/pwmc_benchmarks/instances/bayesian_networks/pcnf/munin/814.cnf,"lower 2.35819372481666473827822953061975340e-1 upper 7.64180527360216821497253821436835626e-1 Final circuit size: 8573 Estimated probability 0.23581937 (epsilon 0.0000000030287752306179527) found in 4 seconds ",
753,:,1737466037.000,49.000,0,186,0,0,"schlandals --timeout 1500 -i /data/schlandals/pwmc_benchmarks/instances/bayesian_networks/pcnf/munin/753.cnf compile | tr '\n' ' '",/data/schlandals/pwmc_benchmarks/instances/bayesian_networks/pcnf/munin/753.cnf,"lower 9.87336554867319777400273774030829599e-1 upper 1.26634451326803134377834835923175234e-2 Final circuit size: 270155 Estimated probability 0.98733655 (epsilon 0) found in 45 seconds ",
816,:,1737466080.000,6.000,0,208,0,0,"schlandals --timeout 1500 -i /data/schlandals/pwmc_benchmarks/instances/bayesian_networks/pcnf/munin/816.cnf compile | tr '\n' ' '",/data/schlandals/pwmc_benchmarks/instances/bayesian_networks/pcnf/munin/816.cnf,"lower 1.66154022431428519031758567828654957e-1 upper 8.33845877294337012658643510766934724e-1 Final circuit size: 8589 Estimated probability 0.16615402 (epsilon 0.000000004298685185588624) found in 4 seconds ",
756,:,1737466038.000,48.000,0,186,0,0,"schlandals --timeout 1500 -i /data/schlandals/pwmc_benchmarks/instances/bayesian_networks/pcnf/munin/756.cnf compile | tr '\n' ' '",/data/schlandals/pwmc_benchmarks/instances/bayesian_networks/pcnf/munin/756.cnf,"lower 1.04318829213230115649188782404757826e-1 upper 8.95681170786769975146114206643827823e-1 Final circuit size: 268220 Estimated probability 0.10431883 (epsilon 0) found in 44 seconds ",
755,:,1737466038.000,48.000,0,186,0,0,"schlandals --timeout 1500 -i /data/schlandals/pwmc_benchmarks/instances/bayesian_networks/pcnf/munin/755.cnf compile | tr '\n' ' '",/data/schlandals/pwmc_benchmarks/instances/bayesian_networks/pcnf/munin/755.cnf,"lower 8.95681170786770019334402905344403225e-1 upper 1.04318829213230071460900083704182808e-1 Final circuit size: 268220 Estimated probability 0.89568117 (epsilon 0) found in 44 seconds ",
817,:,1737466080.000,6.000,0,208,0,0,"schlandals --timeout 1500 -i /data/schlandals/pwmc_benchmarks/instances/bayesian_networks/pcnf/munin/817.cnf compile | tr '\n' ' '",/data/schlandals/pwmc_benchmarks/instances/bayesian_networks/pcnf/munin/817.cnf,"lower 6.83067932006481576160465759150644975e-2 upper 9.31693106526762380477981086389873466e-1 Final circuit size: 8603 Estimated probability 0.06830679 (epsilon 0.000000010456410848291853) found in 4 seconds ",
815,:,1737466080.000,6.000,0,208,0,0,"schlandals --timeout 1500 -i /data/schlandals/pwmc_benchmarks/instances/bayesian_networks/pcnf/munin/815.cnf compile | tr '\n' ' '",/data/schlandals/pwmc_benchmarks/instances/bayesian_networks/pcnf/munin/815.cnf,"lower 2.82010428820153629604672459422559807e-1 upper 7.17989470905611914739330131015765257e-1 Final circuit size: 8523 Estimated probability 0.28201043 (epsilon 0.000000002532686060874312) found in 4 seconds ",
749,:,1737466036.000,50.000,0,186,0,0,"schlandals --timeout 1500 -i /data/schlandals/pwmc_benchmarks/instances/bayesian_networks/pcnf/munin/749.cnf compile | tr '\n' ' '",/data/schlandals/pwmc_benchmarks/instances/bayesian_networks/pcnf/munin/749.cnf,"lower 8.92475745133275364431589452286424319e-1 upper 1.07524254866724726331040677312068274e-1 Final circuit size: 206071 Estimated probability 0.89247575 (epsilon 0) found in 47 seconds ",
751,:,1737466037.000,50.000,0,186,0,0,"schlandals --timeout 1500 -i /data/schlandals/pwmc_benchmarks/instances/bayesian_networks/pcnf/munin/751.cnf compile | tr '\n' ' '",/data/schlandals/pwmc_benchmarks/instances/bayesian_networks/pcnf/munin/751.cnf,"lower 3.48475673045386312303046513549701158e-2 upper 9.65152432695461435375095138400280969e-1 Final circuit size: 266100 Estimated probability 0.03484757 (epsilon 0) found in 46 seconds ",
754,:,1737466038.000,50.000,0,186,0,0,"schlandals --timeout 1500 -i /data/schlandals/pwmc_benchmarks/instances/bayesian_networks/pcnf/munin/754.cnf compile | tr '\n' ' '",/data/schlandals/pwmc_benchmarks/instances/bayesian_networks/pcnf/munin/754.cnf,"lower 1.26634451326803625177357092450823787e-2 upper 9.87336554867319728320321548378065208e-1 Final circuit size: 270155 Estimated probability 0.01266345 (epsilon 0) found in 46 seconds ",
752,:,1737466037.000,51.000,0,186,0,0,"schlandals --timeout 1500 -i /data/schlandals/pwmc_benchmarks/instances/bayesian_networks/pcnf/munin/752.cnf compile | tr '\n' ' '",/data/schlandals/pwmc_benchmarks/instances/bayesian_networks/pcnf/munin/752.cnf,"lower 4.30010023129169445631164119787667360e-3 upper 9.95699899768708371989160344509219493e-1 Final circuit size: 262567 Estimated probability 0.00430010 (epsilon 0) found in 47 seconds ",
818,:,1737466082.000,6.000,0,208,0,0,"schlandals --timeout 1500 -i /data/schlandals/pwmc_benchmarks/instances/bayesian_networks/pcnf/munin/818.cnf compile | tr '\n' ' '",/data/schlandals/pwmc_benchmarks/instances/bayesian_networks/pcnf/munin/818.cnf,"lower 2.18658589715095794375718780789349204e-2 upper 9.78134040580066860614995209172313969e-1 Final circuit size: 8484 Estimated probability 0.02186586 (epsilon 0.000000027419041703780067) found in 4 seconds ",
827,:,1737466086.000,14.000,0,210,0,0,"schlandals --timeout 1500 -i /data/schlandals/pwmc_benchmarks/instances/bayesian_networks/pcnf/munin/827.cnf compile | tr '\n' ' '",/data/schlandals/pwmc_benchmarks/instances/bayesian_networks/pcnf/munin/827.cnf,"lower 2.92727391336932482521003079564445313e-2 upper 9.70727230390090774357810818704226568e-1 Final circuit size: 52410 Estimated probability 0.02927274 (epsilon 0.000000027468488594806217) found in 11 seconds ",
819,:,1737466084.000,20.000,0,210,0,0,"schlandals --timeout 1500 -i /data/schlandals/pwmc_benchmarks/instances/bayesian_networks/pcnf/munin/819.cnf compile | tr '\n' ' '",/data/schlandals/pwmc_benchmarks/instances/bayesian_networks/pcnf/munin/819.cnf,"lower 2.03372861597868641309542743035690456e-2 upper 9.79662633890927360118534497422633134e-1 Final circuit size: 62824 Estimated probability 0.02033729 (epsilon 0.000000011053399751048687) found in 17 seconds ",
833,:,1737466088.000,17.000,0,210,0,0,"schlandals --timeout 1500 -i /data/schlandals/pwmc_benchmarks/instances/bayesian_networks/pcnf/munin/833.cnf compile | tr '\n' ' '",/data/schlandals/pwmc_benchmarks/instances/bayesian_networks/pcnf/munin/833.cnf,"lower 5.72842154115307230504709051369481783e-3 upper 9.94271539294596373220987273004429082e-1 Final circuit size: 31684 Estimated probability 0.00572842 (epsilon 0.000000048366290306134374) found in 13 seconds ",
828,:,1737466086.000,19.000,0,210,0,0,"schlandals --timeout 1500 -i /data/schlandals/pwmc_benchmarks/instances/bayesian_networks/pcnf/munin/828.cnf compile | tr '\n' ' '",/data/schlandals/pwmc_benchmarks/instances/bayesian_networks/pcnf/munin/828.cnf,"lower 7.64894648619068024310187273203724694e-2 upper 9.23510504652020768379959411329984187e-1 Final circuit size: 52212 Estimated probability 0.07648946 (epsilon 0.000000010512270609552843) found in 16 seconds ",
831,:,1737466088.000,17.000,0,210,0,0,"schlandals --timeout 1500 -i /data/schlandals/pwmc_benchmarks/instances/bayesian_networks/pcnf/munin/831.cnf compile | tr '\n' ' '",/data/schlandals/pwmc_benchmarks/instances/bayesian_networks/pcnf/munin/831.cnf,"lower 1.92182960721949223895603406127551636e-1 upper 8.07817007415933337409345301495504359e-1 Final circuit size: 52291 Estimated probability 0.19218296 (epsilon 0.000000002988202796316841) found in 14 seconds ",
820,:,1737466084.000,21.000,0,210,0,0,"schlandals --timeout 1500 -i /data/schlandals/pwmc_benchmarks/instances/bayesian_networks/pcnf/munin/820.cnf compile | tr '\n' ' '",/data/schlandals/pwmc_benchmarks/instances/bayesian_networks/pcnf/munin/820.cnf,"lower 1.35420846477346991792233808452305969e-2 upper 9.86457835402979524458632453966112934e-1 Final circuit size: 62543 Estimated probability 0.01354208 (epsilon 0.000000016599819074869515) found in 17 seconds ",
832,:,1737466088.000,18.000,0,210,0,0,"schlandals --timeout 1500 -i /data/schlandals/pwmc_benchmarks/instances/bayesian_networks/pcnf/munin/832.cnf compile | tr '\n' ' '",/data/schlandals/pwmc_benchmarks/instances/bayesian_networks/pcnf/munin/832.cnf,"lower 4.98214844381631226653889633596800186e-2 upper 9.50178483675708723384561613576956311e-1 Final circuit size: 52373 Estimated probability 0.04982148 (epsilon 0.000000011526787968563212) found in 14 seconds ",
824,:,1737466086.000,20.000,0,208,0,0,"schlandals --timeout 1500 -i /data/schlandals/pwmc_benchmarks/instances/bayesian_networks/pcnf/munin/824.cnf compile | tr '\n' ' '",/data/schlandals/pwmc_benchmarks/instances/bayesian_networks/pcnf/munin/824.cnf,"lower 1.43064795368925811401325822801461887e-2 upper 9.85693490463107616954716958953156767e-1 Final circuit size: 63073 Estimated probability 0.01430648 (epsilon 0.0000000562037578699659) found in 16 seconds ",
826,:,1737466086.000,20.000,0,210,0,0,"schlandals --timeout 1500 -i /data/schlandals/pwmc_benchmarks/instances/bayesian_networks/pcnf/munin/826.cnf compile | tr '\n' ' '",/data/schlandals/pwmc_benchmarks/instances/bayesian_networks/pcnf/munin/826.cnf,"lower 2.13857634620041807359965910873955757e-2 upper 9.78614205920173106934082407312728783e-1 Final circuit size: 51862 Estimated probability 0.02138576 (epsilon 0.000000037598745894484864) found in 16 seconds ",
829,:,1737466086.000,20.000,0,210,0,0,"schlandals --timeout 1500 -i /data/schlandals/pwmc_benchmarks/instances/bayesian_networks/pcnf/munin/829.cnf compile | tr '\n' ' '",/data/schlandals/pwmc_benchmarks/instances/bayesian_networks/pcnf/munin/829.cnf,"lower 2.14955311869652055104220030906487485e-1 upper 7.85044657525710915619156249398498944e-1 Final circuit size: 52131 Estimated probability 0.21495531 (epsilon 0.000000003740675103003355) found in 16 seconds ",
821,:,1737466085.000,21.000,0,209,0,0,"schlandals --timeout 1500 -i /data/schlandals/pwmc_benchmarks/instances/bayesian_networks/pcnf/munin/821.cnf compile | tr '\n' ' '",/data/schlandals/pwmc_benchmarks/instances/bayesian_networks/pcnf/munin/821.cnf,"lower 1.19278146830079444092544166483818484e-2 upper 9.88072107217656787603519452610771516e-1 Final circuit size: 63241 Estimated probability 0.01192781 (epsilon 0.00000004376454110222028) found in 17 seconds ",
823,:,1737466086.000,20.000,0,208,0,0,"schlandals --timeout 1500 -i /data/schlandals/pwmc_benchmarks/instances/bayesian_networks/pcnf/munin/823.cnf compile | tr '\n' ' '",/data/schlandals/pwmc_benchmarks/instances/bayesian_networks/pcnf/munin/823.cnf,"lower 1.35098517508206677199177036579646533e-2 upper 9.86490070149844065219723600554101476e-1 Final circuit size: 63285 Estimated probability 0.01350985 (epsilon 0.0000000386396048490667) found in 17 seconds ",
825,:,1737466086.000,20.000,0,210,0,0,"schlandals --timeout 1500 -i /data/schlandals/pwmc_benchmarks/instances/bayesian_networks/pcnf/munin/825.cnf compile | tr '\n' ' '",/data/schlandals/pwmc_benchmarks/instances/bayesian_networks/pcnf/munin/825.cnf,"lower 1.69115707229618609679312537993643677e-2 upper 9.83088399277038334554553997654890350e-1 Final circuit size: 63261 Estimated probability 0.01691157 (epsilon 0.000000047546021786359915) found in 17 seconds ",
822,:,1737466086.000,20.000,0,209,0,0,"schlandals --timeout 1500 -i /data/schlandals/pwmc_benchmarks/instances/bayesian_networks/pcnf/munin/822.cnf compile | tr '\n' ' '",/data/schlandals/pwmc_benchmarks/instances/bayesian_networks/pcnf/munin/822.cnf,"lower 1.25576691051349483067511967261446957e-2 upper 9.87442252795529779601218716594822106e-1 Final circuit size: 63165 Estimated probability 0.01255767 (epsilon 0.00000004156944521938044) found in 17 seconds ",
830,:,1737466087.000,20.000,0,209,0,0,"schlandals --timeout 1500 -i /data/schlandals/pwmc_benchmarks/instances/bayesian_networks/pcnf/munin/830.cnf compile | tr '\n' ' '",/data/schlandals/pwmc_benchmarks/instances/bayesian_networks/pcnf/munin/830.cnf,"lower 3.07071095746982876764988162957816388e-1 upper 6.92928873645719580315294400067147441e-1 Final circuit size: 52239 Estimated probability 0.30707110 (epsilon 0.00000000261853982941318) found in 17 seconds ",
834,:,1737466100.000,21.000,0,208,0,0,"schlandals --timeout 1500 -i /data/schlandals/pwmc_benchmarks/instances/bayesian_networks/pcnf/munin/834.cnf compile | tr '\n' ' '",/data/schlandals/pwmc_benchmarks/instances/bayesian_networks/pcnf/munin/834.cnf,"lower 8.15439223903700155192074295793654536e-3 upper 9.91845109202302440521591309815885152e-1 Final circuit size: 9467 Estimated probability 0.00815439 (epsilon 0.00000000686035561692222) found in 16 seconds ",
840,:,1737466106.000,22.000,0,210,0,0,"schlandals --timeout 1500 -i /data/schlandals/pwmc_benchmarks/instances/bayesian_networks/pcnf/munin/840.cnf compile | tr '\n' ' '",/data/schlandals/pwmc_benchmarks/instances/bayesian_networks/pcnf/munin/840.cnf,"lower 7.48879010481060959355444137867971737e-3 upper 9.92511003496766827913724797549669532e-1 Final circuit size: 32259 Estimated probability 0.00748879 (epsilon 0.000000042849437109637734) found in 18 seconds ",
835,:,1737466104.000,26.000,0,209,0,0,"schlandals --timeout 1500 -i /data/schlandals/pwmc_benchmarks/instances/bayesian_networks/pcnf/munin/835.cnf compile | tr '\n' ' '",/data/schlandals/pwmc_benchmarks/instances/bayesian_networks/pcnf/munin/835.cnf,"lower 4.70956668738742172788809186930729279e-4 upper 9.94688859793055889910063722827287179e-1 Final circuit size: 26473 Estimated probability 0.00047096 (epsilon 0.00000011878380989926995) found in 20 seconds ",
836,:,1737466105.000,25.000,0,210,0,0,"schlandals --timeout 1500 -i /data/schlandals/pwmc_benchmarks/instances/bayesian_networks/pcnf/munin/836.cnf compile | tr '\n' ' '",/data/schlandals/pwmc_benchmarks/instances/bayesian_networks/pcnf/munin/836.cnf,"lower 8.85970153618713710786920754678324363e-3 upper 9.86482988520075709365128710639274192e-1 Final circuit size: 29147 Estimated probability 0.00885970 (epsilon 0.000000006314211598024144) found in 20 seconds ",
837,:,1737466105.000,25.000,0,210,0,0,"schlandals --timeout 1500 -i /data/schlandals/pwmc_benchmarks/instances/bayesian_networks/pcnf/munin/837.cnf compile | tr '\n' ' '",/data/schlandals/pwmc_benchmarks/instances/bayesian_networks/pcnf/munin/837.cnf,"lower 6.13198984591244402068448434660469349e-3 upper 9.89477904954050394419112698126371214e-1 Final circuit size: 30556 Estimated probability 0.00613199 (epsilon 0.000000013320279768080923) found in 20 seconds ",
841,:,1737466106.000,25.000,0,209,0,0,"schlandals --timeout 1500 -i /data/schlandals/pwmc_benchmarks/instances/bayesian_networks/pcnf/munin/841.cnf compile | tr '\n' ' '",/data/schlandals/pwmc_benchmarks/instances/bayesian_networks/pcnf/munin/841.cnf,"lower 1.06474813458444964131241307491451258e-2 upper 9.89352320573810702876391663382225079e-1 Final circuit size: 32282 Estimated probability 0.01064748 (epsilon 0.00000004828812727453169) found in 20 seconds ",
839,:,1737466105.000,26.000,0,210,0,0,"schlandals --timeout 1500 -i /data/schlandals/pwmc_benchmarks/instances/bayesian_networks/pcnf/munin/839.cnf compile | tr '\n' ' '",/data/schlandals/pwmc_benchmarks/instances/bayesian_networks/pcnf/munin/839.cnf,"lower 3.62506800773752488262882950588847767e-3 upper 9.96374805687854046113203290033578693e-1 Final circuit size: 32266 Estimated probability 0.00362507 (epsilon 0.000000050644324955939624) found in 20 seconds ",
853,:,1737466130.000,1.000,0,182,0,0,"schlandals --timeout 1500 -i /data/schlandals/pwmc_benchmarks/instances/bayesian_networks/pcnf/munin/853.cnf compile | tr '\n' ' '",/data/schlandals/pwmc_benchmarks/instances/bayesian_networks/pcnf/munin/853.cnf,"lower 8.76222307332333642207374014342010377e-2 upper 9.12377759266766760234444064784937777e-1 Final circuit size: 449 Estimated probability 0.08762223 (epsilon 0) found in 0 seconds ",
838,:,1737466105.000,26.000,0,209,0,0,"schlandals --timeout 1500 -i /data/schlandals/pwmc_benchmarks/instances/bayesian_networks/pcnf/munin/838.cnf compile | tr '\n' ' '",/data/schlandals/pwmc_benchmarks/instances/bayesian_networks/pcnf/munin/838.cnf,"lower 4.64272301475523846518123302284259363e-3 upper 9.95357150680569015026496898188121752e-1 Final circuit size: 32175 Estimated probability 0.00464272 (epsilon 0.00000003954341498690894) found in 21 seconds ",
842,:,1737466106.000,26.000,0,209,0,0,"schlandals --timeout 1500 -i /data/schlandals/pwmc_benchmarks/instances/bayesian_networks/pcnf/munin/842.cnf compile | tr '\n' ' '",/data/schlandals/pwmc_benchmarks/instances/bayesian_networks/pcnf/munin/842.cnf,"lower 1.27840099419927581368575905374053440e-2 upper 9.87215792013751152808632122276324497e-1 Final circuit size: 32288 Estimated probability 0.01278401 (epsilon 0.00000004021797050945963) found in 20 seconds ",
843,:,1737466106.000,26.000,0,209,0,0,"schlandals --timeout 1500 -i /data/schlandals/pwmc_benchmarks/instances/bayesian_networks/pcnf/munin/843.cnf compile | tr '\n' ' '",/data/schlandals/pwmc_benchmarks/instances/bayesian_networks/pcnf/munin/843.cnf,"lower 1.57335178054446820505043304083394881e-2 upper 9.84266284148963115269746957385950420e-1 Final circuit size: 32371 Estimated probability 0.01573352 (epsilon 0.00000005471951136648556) found in 20 seconds ",
854,:,1737466131.000,1.000,0,182,0,0,"schlandals --timeout 1500 -i /data/schlandals/pwmc_benchmarks/instances/bayesian_networks/pcnf/munin/854.cnf compile | tr '\n' ' '",/data/schlandals/pwmc_benchmarks/instances/bayesian_networks/pcnf/munin/854.cnf,"lower 4.17932185382453103701165264939596357e-1 upper 5.82067804617547020754016201279542289e-1 Final circuit size: 449 Estimated probability 0.41793219 (epsilon 0) found in 0 seconds ",
855,:,1737466131.000,1.000,0,182,0,0,"schlandals --timeout 1500 -i /data/schlandals/pwmc_benchmarks/instances/bayesian_networks/pcnf/munin/855.cnf compile | tr '\n' ' '",/data/schlandals/pwmc_benchmarks/instances/bayesian_networks/pcnf/munin/855.cnf,"lower 4.22422409889008692010610264007339210e-1 upper 5.77577580110991433242543993181402758e-1 Final circuit size: 449 Estimated probability 0.42242241 (epsilon 0) found in 0 seconds ",
847,:,1737466106.000,26.000,0,209,0,0,"schlandals --timeout 1500 -i /data/schlandals/pwmc_benchmarks/instances/bayesian_networks/pcnf/munin/847.cnf compile | tr '\n' ' '",/data/schlandals/pwmc_benchmarks/instances/bayesian_networks/pcnf/munin/847.cnf,"lower 1.05319082423297055538396211283107536e-1 upper 8.94680807346433099716848541952144248e-1 Final circuit size: 32005 Estimated probability 0.10531908 (epsilon 0.00000004551136689734392) found in 20 seconds ",
856,:,1737466131.000,1.000,0,182,0,0,"schlandals --timeout 1500 -i /data/schlandals/pwmc_benchmarks/instances/bayesian_networks/pcnf/munin/856.cnf compile | tr '\n' ' '",/data/schlandals/pwmc_benchmarks/instances/bayesian_networks/pcnf/munin/856.cnf,"lower 7.02965682674639962291893841463796081e-2 upper 9.29703421732536128225992082072759170e-1 Final circuit size: 449 Estimated probability 0.07029657 (epsilon 0) found in 0 seconds ",
844,:,1737466106.000,26.000,0,210,0,0,"schlandals --timeout 1500 -i /data/schlandals/pwmc_benchmarks/instances/bayesian_networks/pcnf/munin/844.cnf compile | tr '\n' ' '",/data/schlandals/pwmc_benchmarks/instances/bayesian_networks/pcnf/munin/844.cnf,"lower 1.66541877115649452071780326712341787e-2 upper 9.83345614223582745742387911308556158e-1 Final circuit size: 32223 Estimated probability 0.01665419 (epsilon 0.000000050149105534913474) found in 21 seconds ",
857,:,1737466131.000,1.000,0,182,0,0,"schlandals --timeout 1500 -i /data/schlandals/pwmc_benchmarks/instances/bayesian_networks/pcnf/munin/857.cnf compile | tr '\n' ' '",/data/schlandals/pwmc_benchmarks/instances/bayesian_networks/pcnf/munin/857.cnf,"lower 9.36364388751784372252383952191068877e-4 upper 9.99063625611248339603169625739706463e-1 Final circuit size: 449 Estimated probability 0.00093636 (epsilon 0) found in 0 seconds ",
858,:,1737466132.000,0.000,0,182,0,0,"schlandals --timeout 1500 -i /data/schlandals/pwmc_benchmarks/instances/bayesian_networks/pcnf/munin/858.cnf compile | tr '\n' ' '",/data/schlandals/pwmc_benchmarks/instances/bayesian_networks/pcnf/munin/858.cnf,"lower 3.33882958630619780418727652258748268e-4 upper 9.99666079966937882787911324926341849e-1 Final circuit size: 200 Estimated probability 0.00033388 (epsilon 0) found in 0 seconds ",
859,:,1737466132.000,0.000,0,182,0,0,"schlandals --timeout 1500 -i /data/schlandals/pwmc_benchmarks/instances/bayesian_networks/pcnf/munin/859.cnf compile | tr '\n' ' '",/data/schlandals/pwmc_benchmarks/instances/bayesian_networks/pcnf/munin/859.cnf,"lower 2.98771112042032162875173810216417200e-4 upper 9.99701190875887082552102801200181888e-1 Final circuit size: 158 Estimated probability 0.00029877 (epsilon 0) found in 0 seconds ",
860,:,1737466132.000,0.000,0,182,0,0,"schlandals --timeout 1500 -i /data/schlandals/pwmc_benchmarks/instances/bayesian_networks/pcnf/munin/860.cnf compile | tr '\n' ' '",/data/schlandals/pwmc_benchmarks/instances/bayesian_networks/pcnf/munin/860.cnf,"lower 6.15980685393419873963538696136495835e-5 upper 9.99938363919389774838449438408834663e-1 Final circuit size: 158 Estimated probability 0.00006160 (epsilon 0) found in 0 seconds ",
861,:,1737466132.000,0.000,0,182,0,0,"schlandals --timeout 1500 -i /data/schlandals/pwmc_benchmarks/instances/bayesian_networks/pcnf/munin/861.cnf compile | tr '\n' ' '",/data/schlandals/pwmc_benchmarks/instances/bayesian_networks/pcnf/munin/861.cnf,"lower 1.55347641451077995950223031283867110e-5 upper 9.99984427223784005742918245012827136e-1 Final circuit size: 158 Estimated probability 0.00001553 (epsilon 0) found in 0 seconds ",
862,:,1737466132.000,1.000,0,181,0,0,"schlandals --timeout 1500 -i /data/schlandals/pwmc_benchmarks/instances/bayesian_networks/pcnf/munin/862.cnf compile | tr '\n' ' '",/data/schlandals/pwmc_benchmarks/instances/bayesian_networks/pcnf/munin/862.cnf,"lower 3.05573495156461285952883383138265746e-5 upper 9.99969404515350253586765963742364356e-1 Final circuit size: 72 Estimated probability 0.00003056 (epsilon 0) found in 0 seconds ",
845,:,1737466106.000,27.000,0,208,0,0,"schlandals --timeout 1500 -i /data/schlandals/pwmc_benchmarks/instances/bayesian_networks/pcnf/munin/845.cnf compile | tr '\n' ' '",/data/schlandals/pwmc_benchmarks/instances/bayesian_networks/pcnf/munin/845.cnf,"lower 1.89204005816235698109670765500039213e-2 upper 9.81079489228145912607809940571100836e-1 Final circuit size: 32347 Estimated probability 0.01892040 (epsilon 0.0000002587220158112302) found in 21 seconds ",
846,:,1737466106.000,27.000,0,208,0,0,"schlandals --timeout 1500 -i /data/schlandals/pwmc_benchmarks/instances/bayesian_networks/pcnf/munin/846.cnf compile | tr '\n' ' '",/data/schlandals/pwmc_benchmarks/instances/bayesian_networks/pcnf/munin/846.cnf,"lower 3.59716457290081708638331065224271721e-2 upper 9.64028244037866769648485590760504210e-1 Final circuit size: 31953 Estimated probability 0.03597165 (epsilon 0.0000001332498160699913) found in 21 seconds ",
863,:,1737466132.000,1.000,0,181,0,0,"schlandals --timeout 1500 -i /data/schlandals/pwmc_benchmarks/instances/bayesian_networks/pcnf/munin/863.cnf compile | tr '\n' ' '",/data/schlandals/pwmc_benchmarks/instances/bayesian_networks/pcnf/munin/863.cnf,"lower 3.07184603215282684912962784816192935e-5 upper 9.99969243404544371446869955802196572e-1 Final circuit size: 72 Estimated probability 0.00003072 (epsilon 0) found in 0 seconds ",
864,:,1737466132.000,1.000,0,181,0,0,"schlandals --timeout 1500 -i /data/schlandals/pwmc_benchmarks/instances/bayesian_networks/pcnf/munin/864.cnf compile | tr '\n' ' '",/data/schlandals/pwmc_benchmarks/instances/bayesian_networks/pcnf/munin/864.cnf,"lower 1.91786250000000038898389717600959364e-5 upper 9.99980783463776963439722823561246672e-1 Final circuit size: 70 Estimated probability 0.00001918 (epsilon 0) found in 0 seconds ",
848,:,1737466107.000,26.000,0,209,0,0,"schlandals --timeout 1500 -i /data/schlandals/pwmc_benchmarks/instances/bayesian_networks/pcnf/munin/848.cnf compile | tr '\n' ' '",/data/schlandals/pwmc_benchmarks/instances/bayesian_networks/pcnf/munin/848.cnf,"lower 2.71507632241267997736149189475542309e-1 upper 7.28492257492380834777266936343271940e-1 Final circuit size: 32142 Estimated probability 0.27150763 (epsilon 0.00000001765407264819885) found in 20 seconds ",
849,:,1737466121.000,27.000,0,210,0,0,"schlandals --timeout 1500 -i /data/schlandals/pwmc_benchmarks/instances/bayesian_networks/pcnf/munin/849.cnf compile | tr '\n' ' '",/data/schlandals/pwmc_benchmarks/instances/bayesian_networks/pcnf/munin/849.cnf,"lower 2.92532103323633013891525037895457846e-1 upper 7.07467785927006793977783514990626343e-1 Final circuit size: 31837 Estimated probability 0.29253210 (epsilon 0.000000015915908369024123) found in 21 seconds ",
865,:,1737466132.000,17.000,0,210,0,0,"schlandals --timeout 1500 -i /data/schlandals/pwmc_benchmarks/instances/bayesian_networks/pcnf/munin/865.cnf compile | tr '\n' ' '",/data/schlandals/pwmc_benchmarks/instances/bayesian_networks/pcnf/munin/865.cnf,"lower 7.23929809084642869515002420857485701e-3 upper 9.92760396431487277527154741548880511e-1 Final circuit size: 4335 Estimated probability 0.00723930 (epsilon 0.0000000010078025081128317) found in 14 seconds ",
866,:,1737466132.000,17.000,0,209,0,0,"schlandals --timeout 1500 -i /data/schlandals/pwmc_benchmarks/instances/bayesian_networks/pcnf/munin/866.cnf compile | tr '\n' ' '",/data/schlandals/pwmc_benchmarks/instances/bayesian_networks/pcnf/munin/866.cnf,"lower 1.50824674845632910287933948903988548e-4 upper 9.99848964121655800840413770416040170e-1 Final circuit size: 22262 Estimated probability 0.00015082 (epsilon 0.00000004837260836332291) found in 13 seconds ",
868,:,1737466132.000,17.000,0,209,0,0,"schlandals --timeout 1500 -i /data/schlandals/pwmc_benchmarks/instances/bayesian_networks/pcnf/munin/868.cnf compile | tr '\n' ' '",/data/schlandals/pwmc_benchmarks/instances/bayesian_networks/pcnf/munin/868.cnf,"lower 1.19915163805812344171433896597673384e-3 upper 9.98800785181656227427032958754884645e-1 Final circuit size: 26039 Estimated probability 0.00119915 (epsilon 0.00000001546551664510787) found in 13 seconds ",
870,:,1737466133.000,16.000,0,208,0,0,"schlandals --timeout 1500 -i /data/schlandals/pwmc_benchmarks/instances/bayesian_networks/pcnf/munin/870.cnf compile | tr '\n' ' '",/data/schlandals/pwmc_benchmarks/instances/bayesian_networks/pcnf/munin/870.cnf,"lower 1.32029480266628891966505253760855251e-3 upper 9.98679643625488485998374875423734038e-1 Final circuit size: 26374 Estimated probability 0.00132029 (epsilon 0.0000000140464839759602) found in 13 seconds ",
872,:,1737466133.000,16.000,0,210,0,0,"schlandals --timeout 1500 -i /data/schlandals/pwmc_benchmarks/instances/bayesian_networks/pcnf/munin/872.cnf compile | tr '\n' ' '",/data/schlandals/pwmc_benchmarks/instances/bayesian_networks/pcnf/munin/872.cnf,"lower 2.59629736078246542708380001732444210e-3 upper 9.97403647067450612163161544291998596e-1 Final circuit size: 26513 Estimated probability 0.00259630 (epsilon 0.000000025874175024753754) found in 13 seconds ",
867,:,1737466132.000,17.000,0,210,0,0,"schlandals --timeout 1500 -i /data/schlandals/pwmc_benchmarks/instances/bayesian_networks/pcnf/munin/867.cnf compile | tr '\n' ' '",/data/schlandals/pwmc_benchmarks/instances/bayesian_networks/pcnf/munin/867.cnf,"lower 9.58920034214600353071390942158195585e-4 upper 9.99040967271324537647174179440219883e-1 Final circuit size: 25048 Estimated probability 0.00095892 (epsilon 0.000000007608333740805051) found in 14 seconds ",
871,:,1737466133.000,17.000,0,209,0,0,"schlandals --timeout 1500 -i /data/schlandals/pwmc_benchmarks/instances/bayesian_networks/pcnf/munin/871.cnf compile | tr '\n' ' '",/data/schlandals/pwmc_benchmarks/instances/bayesian_networks/pcnf/munin/871.cnf,"lower 1.66198959867345373304534680400731950e-3 upper 9.98337951578645603496183000398563788e-1 Final circuit size: 26502 Estimated probability 0.00166199 (epsilon 0.00000004041965850909435) found in 14 seconds ",
869,:,1737466132.000,18.000,0,210,0,0,"schlandals --timeout 1500 -i /data/schlandals/pwmc_benchmarks/instances/bayesian_networks/pcnf/munin/869.cnf compile | tr '\n' ' '",/data/schlandals/pwmc_benchmarks/instances/bayesian_networks/pcnf/munin/869.cnf,"lower 1.36708030333217964108734210164274532e-3 upper 9.98632858124822592699134546388689155e-1 Final circuit size: 26281 Estimated probability 0.00136708 (epsilon 0.000000013565772283286037) found in 14 seconds ",
873,:,1737466133.000,17.000,0,210,0,0,"schlandals --timeout 1500 -i /data/schlandals/pwmc_benchmarks/instances/bayesian_networks/pcnf/munin/873.cnf compile | tr '\n' ' '",/data/schlandals/pwmc_benchmarks/instances/bayesian_networks/pcnf/munin/873.cnf,"lower 4.45346700406313844900062748815674726e-3 upper 9.95546477424169949527096342614097607e-1 Final circuit size: 26618 Estimated probability 0.00445347 (epsilon 0.000000015084214544103247) found in 14 seconds ",
875,:,1737466133.000,17.000,0,210,0,0,"schlandals --timeout 1500 -i /data/schlandals/pwmc_benchmarks/instances/bayesian_networks/pcnf/munin/875.cnf compile | tr '\n' ' '",/data/schlandals/pwmc_benchmarks/instances/bayesian_networks/pcnf/munin/875.cnf,"lower 1.16816713099634412152424769766974941e-2 upper 9.88318278400407053158423610651851728e-1 Final circuit size: 26732 Estimated probability 0.01168167 (epsilon 0.000000005750637965817873) found in 14 seconds ",
874,:,1737466133.000,17.000,0,210,0,0,"schlandals --timeout 1500 -i /data/schlandals/pwmc_benchmarks/instances/bayesian_networks/pcnf/munin/874.cnf compile | tr '\n' ' '",/data/schlandals/pwmc_benchmarks/instances/bayesian_networks/pcnf/munin/874.cnf,"lower 1.03490415730111366295702487625043052e-2 upper 9.89650908137359352074015116542657343e-1 Final circuit size: 26733 Estimated probability 0.01034904 (epsilon 0.000000006491137849451434) found in 14 seconds ",
538,:,1737464726.000,1426.000,0,213,0,0,"schlandals --timeout 1500 -i /data/schlandals/pwmc_benchmarks/instances/bayesian_networks/pcnf/munin/538.cnf compile | tr '\n' ' '",/data/schlandals/pwmc_benchmarks/instances/bayesian_networks/pcnf/munin/538.cnf,"lower 1.11830269738419256961522805885778692e-2 upper 9.88816765113988609206970253495430114e-1 Final circuit size: 651044 Estimated probability 0.01118303 (epsilon 0.000000006961564436025469) found in 1287 seconds ",
850,:,1737466128.000,26.000,0,210,0,0,"schlandals --timeout 1500 -i /data/schlandals/pwmc_benchmarks/instances/bayesian_networks/pcnf/munin/850.cnf compile | tr '\n' ' '",/data/schlandals/pwmc_benchmarks/instances/bayesian_networks/pcnf/munin/850.cnf,"lower 1.43130352977005722706072499229773975e-1 upper 8.56869536322760875253645690698383682e-1 Final circuit size: 31668 Estimated probability 0.14313035 (epsilon 0.000000032529187343754984) found in 21 seconds ",
851,:,1737466130.000,25.000,0,208,0,0,"schlandals --timeout 1500 -i /data/schlandals/pwmc_benchmarks/instances/bayesian_networks/pcnf/munin/851.cnf compile | tr '\n' ' '",/data/schlandals/pwmc_benchmarks/instances/bayesian_networks/pcnf/munin/851.cnf,"lower 3.28654153927875306124266924717701063e-2 upper 9.67112083865696488727188309524766972e-1 Final circuit size: 30715 Estimated probability 0.03286542 (epsilon 0.0000001357858194772632) found in 20 seconds ",
852,:,1737466130.000,26.000,0,207,0,0,"schlandals --timeout 1500 -i /data/schlandals/pwmc_benchmarks/instances/bayesian_networks/pcnf/munin/852.cnf compile | tr '\n' ' '",/data/schlandals/pwmc_benchmarks/instances/bayesian_networks/pcnf/munin/852.cnf,"lower 4.56053925762618355092736601736735624e-3 upper 9.95416960000591895417979898104368865e-1 Final circuit size: 30848 Estimated probability 0.00456054 (epsilon 0.000000978536803586394) found in 21 seconds ",
876,:,1737466148.000,17.000,0,211,0,0,"schlandals --timeout 1500 -i /data/schlandals/pwmc_benchmarks/instances/bayesian_networks/pcnf/munin/876.cnf compile | tr '\n' ' '",/data/schlandals/pwmc_benchmarks/instances/bayesian_networks/pcnf/munin/876.cnf,"lower 1.90789560985399630361255579294908667e-2 upper 9.80920993583388008543483519841070072e-1 Final circuit size: 26706 Estimated probability 0.01907896 (epsilon 0.0000000029313635963035267) found in 14 seconds ",
880,:,1737466149.000,16.000,0,213,0,0,"schlandals --timeout 1500 -i /data/schlandals/pwmc_benchmarks/instances/bayesian_networks/pcnf/munin/880.cnf compile | tr '\n' ' '",/data/schlandals/pwmc_benchmarks/instances/bayesian_networks/pcnf/munin/880.cnf,"lower 2.63294105351583897542733715116181288e-1 upper 7.36705844246122742537209418427943664e-1 Final circuit size: 26260 Estimated probability 0.26329411 (epsilon 0.000000000027709390337804507) found in 13 seconds ",
881,:,1737466149.000,17.000,0,213,0,0,"schlandals --timeout 1500 -i /data/schlandals/pwmc_benchmarks/instances/bayesian_networks/pcnf/munin/881.cnf compile | tr '\n' ' '",/data/schlandals/pwmc_benchmarks/instances/bayesian_networks/pcnf/munin/881.cnf,"lower 1.38982040660283122468829625229552389e-1 upper 8.61017908937423524762627879528155803e-1 Final circuit size: 26309 Estimated probability 0.13898204 (epsilon 0.000000000052494231184141427) found in 13 seconds ",
878,:,1737466149.000,17.000,0,212,0,0,"schlandals --timeout 1500 -i /data/schlandals/pwmc_benchmarks/instances/bayesian_networks/pcnf/munin/878.cnf compile | tr '\n' ' '",/data/schlandals/pwmc_benchmarks/instances/bayesian_networks/pcnf/munin/878.cnf,"lower 1.55150578926402171432786690067822813e-1 upper 8.44849370720182648456526628234827719e-1 Final circuit size: 26447 Estimated probability 0.15515058 (epsilon 0.00000000036047098639357955) found in 14 seconds ",
882,:,1737466149.000,17.000,0,211,0,0,"schlandals --timeout 1500 -i /data/schlandals/pwmc_benchmarks/instances/bayesian_networks/pcnf/munin/882.cnf compile | tr '\n' ' '",/data/schlandals/pwmc_benchmarks/instances/bayesian_networks/pcnf/munin/882.cnf,"lower 4.28319069485413887349023844934983734e-2 upper 9.57168042649165252143548250346033319e-1 Final circuit size: 26337 Estimated probability 0.04283191 (epsilon 0.0000000001703337471070654) found in 13 seconds ",
879,:,1737466149.000,17.000,0,212,0,0,"schlandals --timeout 1500 -i /data/schlandals/pwmc_benchmarks/instances/bayesian_networks/pcnf/munin/879.cnf compile | tr '\n' ' '",/data/schlandals/pwmc_benchmarks/instances/bayesian_networks/pcnf/munin/879.cnf,"lower 2.72898250298088011937044982043850504e-1 upper 7.27101699348496808548919505493857365e-1 Final circuit size: 26365 Estimated probability 0.27289825 (epsilon 0.00000000020493806651700197) found in 14 seconds ",
877,:,1737466149.000,17.000,0,210,0,0,"schlandals --timeout 1500 -i /data/schlandals/pwmc_benchmarks/instances/bayesian_networks/pcnf/munin/877.cnf compile | tr '\n' ' '",/data/schlandals/pwmc_benchmarks/instances/bayesian_networks/pcnf/munin/877.cnf,"lower 5.62987222535170389155212849363682874e-2 upper 9.43701227428410922749480442996814333e-1 Final circuit size: 26729 Estimated probability 0.05629872 (epsilon 0.000000000993403803661863) found in 14 seconds ",
883,:,1737466150.000,16.000,0,211,0,0,"schlandals --timeout 1500 -i /data/schlandals/pwmc_benchmarks/instances/bayesian_networks/pcnf/munin/883.cnf compile | tr '\n' ' '",/data/schlandals/pwmc_benchmarks/instances/bayesian_networks/pcnf/munin/883.cnf,"lower 8.48740292823337897300961829812802308e-3 upper 9.91512546593618121175957233947922014e-1 Final circuit size: 26124 Estimated probability 0.00848740 (epsilon 0.0000000008595963940649654) found in 13 seconds ",
598,:,1737465695.000,482.000,0,211,0,0,"schlandals --timeout 1500 -i /data/schlandals/pwmc_benchmarks/instances/bayesian_networks/pcnf/munin/598.cnf compile | tr '\n' ' '",/data/schlandals/pwmc_benchmarks/instances/bayesian_networks/pcnf/munin/598.cnf,"lower 3.22882160836859551661794907108034817e-3 upper 9.96771018009876209907075409907948339e-1 Final circuit size: 344686 Estimated probability 0.00322882 (epsilon 0.00000010601520195052672) found in 416 seconds ",
594,:,1737465673.000,525.000,0,212,0,0,"schlandals --timeout 1500 -i /data/schlandals/pwmc_benchmarks/instances/bayesian_networks/pcnf/munin/594.cnf compile | tr '\n' ' '",/data/schlandals/pwmc_benchmarks/instances/bayesian_networks/pcnf/munin/594.cnf,"lower 6.78214462884750040716026947208870819e-3 upper 9.93217636347832399451882151187687752e-1 Final circuit size: 346341 Estimated probability 0.00678214 (epsilon 0.000000012913396352232098) found in 466 seconds ",
901,:,1737466198.000,31.000,0,209,0,0,"schlandals --timeout 1500 -i /data/schlandals/pwmc_benchmarks/instances/bayesian_networks/pcnf/munin/901.cnf compile | tr '\n' ' '",/data/schlandals/pwmc_benchmarks/instances/bayesian_networks/pcnf/munin/901.cnf,"lower 4.89447565659346984306724754355527770e-3 upper 9.95105464343407494362971011075103776e-1 Final circuit size: 36609 Estimated probability 0.00489448 (epsilon 0.00000008179797239549202) found in 25 seconds ",
602,:,1737465727.000,506.000,0,212,0,0,"schlandals --timeout 1500 -i /data/schlandals/pwmc_benchmarks/instances/bayesian_networks/pcnf/munin/602.cnf compile | tr '\n' ' '",/data/schlandals/pwmc_benchmarks/instances/bayesian_networks/pcnf/munin/602.cnf,"lower 1.45274337380915520039569179545857981e-2 upper 9.85472406261919303863047267513658953e-1 Final circuit size: 341654 Estimated probability 0.01452743 (epsilon 0.000000023562603868043652) found in 463 seconds ",
604,:,1737465733.000,505.000,0,212,0,0,"schlandals --timeout 1500 -i /data/schlandals/pwmc_benchmarks/instances/bayesian_networks/pcnf/munin/604.cnf compile | tr '\n' ' '",/data/schlandals/pwmc_benchmarks/instances/bayesian_networks/pcnf/munin/604.cnf,"lower 5.28691441020875577253977358843182252e-2 upper 9.47130695897923300523774655464785175e-1 Final circuit size: 343043 Estimated probability 0.05286914 (epsilon 0.000000006474555114266423) found in 460 seconds ",
903,:,1737466234.000,17.000,0,211,0,0,"schlandals --timeout 1500 -i /data/schlandals/pwmc_benchmarks/instances/bayesian_networks/pcnf/munin/903.cnf compile | tr '\n' ' '",/data/schlandals/pwmc_benchmarks/instances/bayesian_networks/pcnf/munin/903.cnf,"lower 4.24111683648640472256165100811957953e-1 upper 5.75888256351360490375144975004434927e-1 Final circuit size: 36913 Estimated probability 0.42411168 (epsilon 0.0000000015120213969765928) found in 14 seconds ",
904,:,1737466238.000,17.000,0,211,0,0,"schlandals --timeout 1500 -i /data/schlandals/pwmc_benchmarks/instances/bayesian_networks/pcnf/munin/904.cnf compile | tr '\n' ' '",/data/schlandals/pwmc_benchmarks/instances/bayesian_networks/pcnf/munin/904.cnf,"lower 2.96735582488092188654311021406921052e-1 upper 7.03264357511908779543393790256530422e-1 Final circuit size: 36875 Estimated probability 0.29673558 (epsilon 0.0000000021610686573581006) found in 14 seconds ",
902,:,1737466229.000,30.000,0,210,0,0,"schlandals --timeout 1500 -i /data/schlandals/pwmc_benchmarks/instances/bayesian_networks/pcnf/munin/902.cnf compile | tr '\n' ' '",/data/schlandals/pwmc_benchmarks/instances/bayesian_networks/pcnf/munin/902.cnf,"lower 1.10194419027078709659683162510868768e-1 upper 8.89805520972922251164822000440232748e-1 Final circuit size: 36734 Estimated probability 0.11019442 (epsilon 0.000000003633198852881492) found in 25 seconds ",
595,:,1737465684.000,577.000,0,212,0,0,"schlandals --timeout 1500 -i /data/schlandals/pwmc_benchmarks/instances/bayesian_networks/pcnf/munin/595.cnf compile | tr '\n' ' '",/data/schlandals/pwmc_benchmarks/instances/bayesian_networks/pcnf/munin/595.cnf,"lower 2.10767945941294213219765128382732280e-3 upper 9.97892105676156060101437819059871376e-1 Final circuit size: 344208 Estimated probability 0.00210768 (epsilon 0.000000041553054774823295) found in 521 seconds ",
905,:,1737466251.000,17.000,0,210,0,0,"schlandals --timeout 1500 -i /data/schlandals/pwmc_benchmarks/instances/bayesian_networks/pcnf/munin/905.cnf compile | tr '\n' ' '",/data/schlandals/pwmc_benchmarks/instances/bayesian_networks/pcnf/munin/905.cnf,"lower 6.83476814236442742477394504319159524e-2 upper 9.31652258576356697730864732933630295e-1 Final circuit size: 36826 Estimated probability 0.06834768 (epsilon 0.000000009382410182112721) found in 14 seconds ",
906,:,1737466255.000,17.000,0,207,0,0,"schlandals --timeout 1500 -i /data/schlandals/pwmc_benchmarks/instances/bayesian_networks/pcnf/munin/906.cnf compile | tr '\n' ' '",/data/schlandals/pwmc_benchmarks/instances/bayesian_networks/pcnf/munin/906.cnf,"lower 2.80766787592082265200404707231399206e-2 upper 9.71923261240792743235907147446295872e-1 Final circuit size: 36669 Estimated probability 0.02807668 (epsilon 0.000000022839809155073) found in 14 seconds ",
907,:,1737466259.000,30.000,0,209,0,0,"schlandals --timeout 1500 -i /data/schlandals/pwmc_benchmarks/instances/bayesian_networks/pcnf/munin/907.cnf compile | tr '\n' ' '",/data/schlandals/pwmc_benchmarks/instances/bayesian_networks/pcnf/munin/907.cnf,"lower 2.37382010985202970902095442732529425e-2 upper 9.76261738901480667865902187479892722e-1 Final circuit size: 36759 Estimated probability 0.02373820 (epsilon 0.00000002701409362870777) found in 26 seconds ",
908,:,1737466261.000,30.000,0,210,0,0,"schlandals --timeout 1500 -i /data/schlandals/pwmc_benchmarks/instances/bayesian_networks/pcnf/munin/908.cnf compile | tr '\n' ' '",/data/schlandals/pwmc_benchmarks/instances/bayesian_networks/pcnf/munin/908.cnf,"lower 1.58153450212557922943986022687377112e-2 upper 9.84184542295231094989103523890201978e-1 Final circuit size: 36664 Estimated probability 0.01581535 (epsilon 0.000000023441974805749055) found in 26 seconds ",
909,:,1737466268.000,29.000,0,209,0,0,"schlandals --timeout 1500 -i /data/schlandals/pwmc_benchmarks/instances/bayesian_networks/pcnf/munin/909.cnf compile | tr '\n' ' '",/data/schlandals/pwmc_benchmarks/instances/bayesian_networks/pcnf/munin/909.cnf,"lower 4.71379023283788593287092684232882812e-3 upper 9.95286095422879390623951666905665351e-1 Final circuit size: 36723 Estimated probability 0.00471379 (epsilon 0.00000007865070239532201) found in 24 seconds ",
910,:,1737466272.000,31.000,0,208,0,0,"schlandals --timeout 1500 -i /data/schlandals/pwmc_benchmarks/instances/bayesian_networks/pcnf/munin/910.cnf compile | tr '\n' ' '",/data/schlandals/pwmc_benchmarks/instances/bayesian_networks/pcnf/munin/910.cnf,"lower 3.11793304252335618703752871183563502e-3 upper 9.96881952613194057836269400013253362e-1 Final circuit size: 36335 Estimated probability 0.00311793 (epsilon 0.0000001189066278772799) found in 25 seconds ",
597,:,1737465689.000,621.000,0,211,0,0,"schlandals --timeout 1500 -i /data/schlandals/pwmc_benchmarks/instances/bayesian_networks/pcnf/munin/597.cnf compile | tr '\n' ' '",/data/schlandals/pwmc_benchmarks/instances/bayesian_networks/pcnf/munin/597.cnf,"lower 2.59522617070896843580370140610074326e-3 upper 9.97404563642413021259434420891715873e-1 Final circuit size: 342939 Estimated probability 0.00259523 (epsilon 0.00000013189762526621962) found in 557 seconds ",
911,:,1737466289.000,30.000,0,209,0,0,"schlandals --timeout 1500 -i /data/schlandals/pwmc_benchmarks/instances/bayesian_networks/pcnf/munin/911.cnf compile | tr '\n' ' '",/data/schlandals/pwmc_benchmarks/instances/bayesian_networks/pcnf/munin/911.cnf,"lower 2.81455958154819166269851620965590099e-3 upper 9.93083976738402880108604149540884538e-1 Final circuit size: 35042 Estimated probability 0.00281456 (epsilon 0.00000004612981974183583) found in 25 seconds ",
600,:,1737465704.000,616.000,0,211,0,0,"schlandals --timeout 1500 -i /data/schlandals/pwmc_benchmarks/instances/bayesian_networks/pcnf/munin/600.cnf compile | tr '\n' ' '",/data/schlandals/pwmc_benchmarks/instances/bayesian_networks/pcnf/munin/600.cnf,"lower 5.95554105059494769143150311256955602e-3 upper 9.94044298580238368274474869659011436e-1 Final circuit size: 342228 Estimated probability 0.00595554 (epsilon 0.00000005747658993193738) found in 550 seconds ",
912,:,1737466291.000,30.000,0,210,0,0,"schlandals --timeout 1500 -i /data/schlandals/pwmc_benchmarks/instances/bayesian_networks/pcnf/munin/912.cnf compile | tr '\n' ' '",/data/schlandals/pwmc_benchmarks/instances/bayesian_networks/pcnf/munin/912.cnf,"lower 2.50516832880235173851263540410933912e-3 upper 9.93393367978050255846826793355715193e-1 Final circuit size: 35211 Estimated probability 0.00250517 (epsilon 0.000000051826907210283935) found in 25 seconds ",
596,:,1737465689.000,634.000,0,211,0,0,"schlandals --timeout 1500 -i /data/schlandals/pwmc_benchmarks/instances/bayesian_networks/pcnf/munin/596.cnf compile | tr '\n' ' '",/data/schlandals/pwmc_benchmarks/instances/bayesian_networks/pcnf/munin/596.cnf,"lower 2.26804304363617199673537969484198714e-3 upper 9.97731746744482815456376882221931813e-1 Final circuit size: 344700 Estimated probability 0.00226804 (epsilon 0.00000015092489791257435) found in 566 seconds ",
913,:,1737466297.000,29.000,0,208,0,0,"schlandals --timeout 1500 -i /data/schlandals/pwmc_benchmarks/instances/bayesian_networks/pcnf/munin/913.cnf compile | tr '\n' ' '",/data/schlandals/pwmc_benchmarks/instances/bayesian_networks/pcnf/munin/913.cnf,"lower 1.62084436461027700812278455543378436e-3 upper 9.94277691948092847612111617252415621e-1 Final circuit size: 34936 Estimated probability 0.00162084 (epsilon 0.0000000801033874786583) found in 24 seconds ",
610,:,1737465781.000,550.000,0,213,0,0,"schlandals --timeout 1500 -i /data/schlandals/pwmc_benchmarks/instances/bayesian_networks/pcnf/munin/610.cnf compile | tr '\n' ' '",/data/schlandals/pwmc_benchmarks/instances/bayesian_networks/pcnf/munin/610.cnf,"lower 9.98378707471988691189046444195620230e-2 upper 9.00161969252812013760526439955188149e-1 Final circuit size: 343818 Estimated probability 0.09983787 (epsilon 0.0000000029860569572548457) found in 481 seconds ",
914,:,1737466303.000,29.000,0,210,0,0,"schlandals --timeout 1500 -i /data/schlandals/pwmc_benchmarks/instances/bayesian_networks/pcnf/munin/914.cnf compile | tr '\n' ' '",/data/schlandals/pwmc_benchmarks/instances/bayesian_networks/pcnf/munin/914.cnf,"lower 2.23874837811957552584039323188607374e-3 upper 9.93659787937615455954500859809134261e-1 Final circuit size: 34951 Estimated probability 0.00223875 (epsilon 0.000000057994514746084747) found in 25 seconds ",
915,:,1737466310.000,29.000,0,208,0,0,"schlandals --timeout 1500 -i /data/schlandals/pwmc_benchmarks/instances/bayesian_networks/pcnf/munin/915.cnf compile | tr '\n' ' '",/data/schlandals/pwmc_benchmarks/instances/bayesian_networks/pcnf/munin/915.cnf,"lower 1.77676223106039969935669438088731719e-3 upper 9.92031967905029157265196317077302599e-1 Final circuit size: 30032 Estimated probability 0.00177676 (epsilon 0.0000000730740001841923) found in 23 seconds ",
918,:,1737466321.000,25.000,0,208,0,0,"schlandals --timeout 1500 -i /data/schlandals/pwmc_benchmarks/instances/bayesian_networks/pcnf/munin/918.cnf compile | tr '\n' ' '",/data/schlandals/pwmc_benchmarks/instances/bayesian_networks/pcnf/munin/918.cnf,"lower 5.67230618064976401828533865223939975e-4 upper 9.93241496194743302140859555867769587e-1 Final circuit size: 29981 Estimated probability 0.00056723 (epsilon 0.0000002288929892291236) found in 21 seconds ",
916,:,1737466319.000,29.000,0,208,0,0,"schlandals --timeout 1500 -i /data/schlandals/pwmc_benchmarks/instances/bayesian_networks/pcnf/munin/916.cnf compile | tr '\n' ' '",/data/schlandals/pwmc_benchmarks/instances/bayesian_networks/pcnf/munin/916.cnf,"lower 8.29767070761887529516531879722585451e-4 upper 9.92978961411092893468200875295790107e-1 Final circuit size: 30037 Estimated probability 0.00082977 (epsilon 0.0000001564717642121849) found in 25 seconds ",
919,:,1737466323.000,27.000,0,209,0,0,"schlandals --timeout 1500 -i /data/schlandals/pwmc_benchmarks/instances/bayesian_networks/pcnf/munin/919.cnf compile | tr '\n' ' '",/data/schlandals/pwmc_benchmarks/instances/bayesian_networks/pcnf/munin/919.cnf,"lower 7.24074616767250177641160387734223813e-3 upper 9.92758879521291448680520932880266591e-1 Final circuit size: 4977 Estimated probability 0.00724075 (epsilon 0.000000012864097342912828) found in 22 seconds ",
917,:,1737466320.000,31.000,0,209,0,0,"schlandals --timeout 1500 -i /data/schlandals/pwmc_benchmarks/instances/bayesian_networks/pcnf/munin/917.cnf compile | tr '\n' ' '",/data/schlandals/pwmc_benchmarks/instances/bayesian_networks/pcnf/munin/917.cnf,"lower 6.60381568433167419630796304523093390e-4 upper 9.93148344247085702929248632231681251e-1 Final circuit size: 30120 Estimated probability 0.00066038 (epsilon 0.00000019660620531603001) found in 25 seconds ",
603,:,1737465728.000,628.000,0,212,0,0,"schlandals --timeout 1500 -i /data/schlandals/pwmc_benchmarks/instances/bayesian_networks/pcnf/munin/603.cnf compile | tr '\n' ' '",/data/schlandals/pwmc_benchmarks/instances/bayesian_networks/pcnf/munin/603.cnf,"lower 2.71713273691366514414547714819352576e-2 upper 9.72828512630874241207472944195628040e-1 Final circuit size: 343796 Estimated probability 0.02717133 (epsilon 0.000000012597993537255547) found in 585 seconds ",
599,:,1737465695.000,664.000,0,211,0,0,"schlandals --timeout 1500 -i /data/schlandals/pwmc_benchmarks/instances/bayesian_networks/pcnf/munin/599.cnf compile | tr '\n' ' '",/data/schlandals/pwmc_benchmarks/instances/bayesian_networks/pcnf/munin/599.cnf,"lower 4.25632855023989996008161513909368570e-3 upper 9.95743511068004926796726009017246033e-1 Final circuit size: 341523 Estimated probability 0.00425633 (epsilon 0.00000008042240562389225) found in 598 seconds ",
928,:,1737466356.000,5.000,0,184,0,0,"schlandals --timeout 1500 -i /data/schlandals/pwmc_benchmarks/instances/bayesian_networks/pcnf/munin/928.cnf compile | tr '\n' ' '",/data/schlandals/pwmc_benchmarks/instances/bayesian_networks/pcnf/munin/928.cnf,"lower 7.91169961987792068658257200995196369e-1 upper 2.08830028012207662472740859758878992e-1 Final circuit size: 20363 Estimated probability 0.79116996 (epsilon 0) found in 3 seconds ",
547,:,1737464773.000,1589.000,0,206,0,0,"schlandals --timeout 1500 -i /data/schlandals/pwmc_benchmarks/instances/bayesian_networks/pcnf/munin/547.cnf compile | tr '\n' ' '",/data/schlandals/pwmc_benchmarks/instances/bayesian_networks/pcnf/munin/547.cnf,"lower 5.43720679832965297970647893740795519e-3 upper 9.92965502257292851853660323847552947e-1 Final circuit size: 620694 Estimated probability 0.00543721 (epsilon 0.13743652905393589) found in 1501 seconds ",
607,:,1737465753.000,610.000,0,213,0,0,"schlandals --timeout 1500 -i /data/schlandals/pwmc_benchmarks/instances/bayesian_networks/pcnf/munin/607.cnf compile | tr '\n' ' '",/data/schlandals/pwmc_benchmarks/instances/bayesian_networks/pcnf/munin/607.cnf,"lower 1.85826831108548754669856247514027949e-1 upper 8.14173008891462125744417669837616519e-1 Final circuit size: 343323 Estimated probability 0.18582683 (epsilon 0.0000000018420600600421722) found in 541 seconds ",
546,:,1737464773.000,1590.000,0,206,0,0,"schlandals --timeout 1500 -i /data/schlandals/pwmc_benchmarks/instances/bayesian_networks/pcnf/munin/546.cnf compile | tr '\n' ' '",/data/schlandals/pwmc_benchmarks/instances/bayesian_networks/pcnf/munin/546.cnf,"lower 3.71717053508654725711381925522276984e-3 upper 9.94814081214735943325658639368621242e-1 Final circuit size: 636215 Estimated probability 0.00371717 (epsilon 0.18113147156347664) found in 1501 seconds ",
930,:,1737466361.000,4.000,0,184,0,0,"schlandals --timeout 1500 -i /data/schlandals/pwmc_benchmarks/instances/bayesian_networks/pcnf/munin/930.cnf compile | tr '\n' ' '",/data/schlandals/pwmc_benchmarks/instances/bayesian_networks/pcnf/munin/930.cnf,"lower 4.07967194734108888689452834330130464e-2 upper 9.59203270526588844801374241694101305e-1 Final circuit size: 20460 Estimated probability 0.04079672 (epsilon 0) found in 3 seconds ",
539,:,1737464731.000,1635.000,0,205,0,0,"schlandals --timeout 1500 -i /data/schlandals/pwmc_benchmarks/instances/bayesian_networks/pcnf/munin/539.cnf compile | tr '\n' ' '",/data/schlandals/pwmc_benchmarks/instances/bayesian_networks/pcnf/munin/539.cnf,"lower 8.07265969166089862630727969258197199e-4 upper 9.97625172738133770469516152535024429e-1 Final circuit size: 622844 Estimated probability 0.00080727 (epsilon 0.7152773698511616) found in 1501 seconds ",
541,:,1737464733.000,1634.000,0,205,0,0,"schlandals --timeout 1500 -i /data/schlandals/pwmc_benchmarks/instances/bayesian_networks/pcnf/munin/541.cnf compile | tr '\n' ' '",/data/schlandals/pwmc_benchmarks/instances/bayesian_networks/pcnf/munin/541.cnf,"lower 1.06477097434906740244340095997612375e-3 upper 9.97351759977428644225438364668048175e-1 Final circuit size: 621247 Estimated probability 0.00106477 (epsilon 0.5770099375352533) found in 1501 seconds ",
929,:,1737466359.000,8.000,0,184,0,0,"schlandals --timeout 1500 -i /data/schlandals/pwmc_benchmarks/instances/bayesian_networks/pcnf/munin/929.cnf compile | tr '\n' ' '",/data/schlandals/pwmc_benchmarks/instances/bayesian_networks/pcnf/munin/929.cnf,"lower 1.60121848686539544437618253149824029e-1 upper 8.39878141313460188256424033906627434e-1 Final circuit size: 20377 Estimated probability 0.16012185 (epsilon 0) found in 6 seconds ",
931,:,1737466362.000,6.000,0,183,0,0,"schlandals --timeout 1500 -i /data/schlandals/pwmc_benchmarks/instances/bayesian_networks/pcnf/munin/931.cnf compile | tr '\n' ' '",/data/schlandals/pwmc_benchmarks/instances/bayesian_networks/pcnf/munin/931.cnf,"lower 7.91146985035819487088843425934055767e-3 upper 9.92088470142127984331861937292168476e-1 Final circuit size: 8107 Estimated probability 0.00791147 (epsilon 0) found in 5 seconds ",
540,:,1737464733.000,1637.000,0,205,0,0,"schlandals --timeout 1500 -i /data/schlandals/pwmc_benchmarks/instances/bayesian_networks/pcnf/munin/540.cnf compile | tr '\n' ' '",/data/schlandals/pwmc_benchmarks/instances/bayesian_networks/pcnf/munin/540.cnf,"lower 9.57877319513579844285226834684337785e-4 upper 9.97458545296447893747773040495031834e-1 Final circuit size: 628661 Estimated probability 0.00095788 (epsilon 0.6288038364562756) found in 1500 seconds ",
549,:,1737464789.000,1599.000,0,206,0,0,"schlandals --timeout 1500 -i /data/schlandals/pwmc_benchmarks/instances/bayesian_networks/pcnf/munin/549.cnf compile | tr '\n' ' '",/data/schlandals/pwmc_benchmarks/instances/bayesian_networks/pcnf/munin/549.cnf,"lower 9.55452706512361488981597051313587391e-3 upper 9.89142536382895837189504260692683560e-1 Final circuit size: 650304 Estimated probability 0.00955453 (epsilon 0.06599605071450809) found in 1501 seconds ",
542,:,1737464759.000,1634.000,0,205,0,0,"schlandals --timeout 1500 -i /data/schlandals/pwmc_benchmarks/instances/bayesian_networks/pcnf/munin/542.cnf compile | tr '\n' ' '",/data/schlandals/pwmc_benchmarks/instances/bayesian_networks/pcnf/munin/542.cnf,"lower 1.13511569983255905078305688696580823e-3 upper 9.97479241012392160221361326701213313e-1 Final circuit size: 628428 Estimated probability 0.00113512 (epsilon 0.4901431584143179) found in 1500 seconds ",
544,:,1737464764.000,1632.000,0,205,0,0,"schlandals --timeout 1500 -i /data/schlandals/pwmc_benchmarks/instances/bayesian_networks/pcnf/munin/544.cnf compile | tr '\n' ' '",/data/schlandals/pwmc_benchmarks/instances/bayesian_networks/pcnf/munin/544.cnf,"lower 1.58238664958050277984290500586035485e-3 upper 9.96707324663004848043264612767812171e-1 Final circuit size: 621218 Estimated probability 0.00158239 (epsilon 0.4424720230707935) found in 1501 seconds ",
543,:,1737464761.000,1635.000,0,206,0,0,"schlandals --timeout 1500 -i /data/schlandals/pwmc_benchmarks/instances/bayesian_networks/pcnf/munin/543.cnf compile | tr '\n' ' '",/data/schlandals/pwmc_benchmarks/instances/bayesian_networks/pcnf/munin/543.cnf,"lower 1.25099242655998986557237270745493703e-3 upper 9.97186743274836401674154682244948245e-1 Final circuit size: 624768 Estimated probability 0.00125099 (epsilon 0.49955220572848913) found in 1501 seconds ",
608,:,1737465775.000,623.000,0,213,0,0,"schlandals --timeout 1500 -i /data/schlandals/pwmc_benchmarks/instances/bayesian_networks/pcnf/munin/608.cnf compile | tr '\n' ' '",/data/schlandals/pwmc_benchmarks/instances/bayesian_networks/pcnf/munin/608.cnf,"lower 1.88206534934193589143454626435182777e-1 upper 8.11793305065817282796904325346936245e-1 Final circuit size: 344353 Estimated probability 0.18820653 (epsilon 0.0000000018187691352977708) found in 555 seconds ",
933,:,1737466364.000,37.000,0,185,0,0,"schlandals --timeout 1500 -i /data/schlandals/pwmc_benchmarks/instances/bayesian_networks/pcnf/munin/933.cnf compile | tr '\n' ' '",/data/schlandals/pwmc_benchmarks/instances/bayesian_networks/pcnf/munin/933.cnf,"lower 8.29543694253815252414422229231927065e-1 upper 1.70456245746186162499043192223231136e-1 Final circuit size: 77387 Estimated probability 0.82954369 (epsilon 0) found in 33 seconds ",
934,:,1737466365.000,37.000,0,185,0,0,"schlandals --timeout 1500 -i /data/schlandals/pwmc_benchmarks/instances/bayesian_networks/pcnf/munin/934.cnf compile | tr '\n' ' '",/data/schlandals/pwmc_benchmarks/instances/bayesian_networks/pcnf/munin/934.cnf,"lower 6.61604455318991982326959887233020611e-2 upper 9.33839494468102216007040052804029944e-1 Final circuit size: 77869 Estimated probability 0.06616045 (epsilon 0) found in 32 seconds ",
545,:,1737464766.000,1639.000,0,206,0,0,"schlandals --timeout 1500 -i /data/schlandals/pwmc_benchmarks/instances/bayesian_networks/pcnf/munin/545.cnf compile | tr '\n' ' '",/data/schlandals/pwmc_benchmarks/instances/bayesian_networks/pcnf/munin/545.cnf,"lower 2.36149618641516051551246926104057292e-3 upper 9.96252651224653316049224265675973296e-1 Final circuit size: 622327 Estimated probability 0.00236150 (epsilon 0.25969139295520494) found in 1501 seconds ",
927,:,1737466351.000,58.000,0,186,0,0,"schlandals --timeout 1500 -i /data/schlandals/pwmc_benchmarks/instances/bayesian_networks/pcnf/munin/927.cnf compile | tr '\n' ' '",/data/schlandals/pwmc_benchmarks/instances/bayesian_networks/pcnf/munin/927.cnf,"lower 8.59635080048320998063161210713553586e-1 upper 1.40364909951678769721189729483725758e-1 Final circuit size: 122781 Estimated probability 0.85963508 (epsilon 0) found in 53 seconds ",
926,:,1737466350.000,59.000,0,186,0,0,"schlandals --timeout 1500 -i /data/schlandals/pwmc_benchmarks/instances/bayesian_networks/pcnf/munin/926.cnf compile | tr '\n' ' '",/data/schlandals/pwmc_benchmarks/instances/bayesian_networks/pcnf/munin/926.cnf,"lower 1.40364919951679141721345008990274119e-1 upper 8.59635070048320630266433770775620979e-1 Final circuit size: 122558 Estimated probability 0.14036492 (epsilon 0) found in 53 seconds ",
935,:,1737466366.000,49.000,0,185,0,0,"schlandals --timeout 1500 -i /data/schlandals/pwmc_benchmarks/instances/bayesian_networks/pcnf/munin/935.cnf compile | tr '\n' ' '",/data/schlandals/pwmc_benchmarks/instances/bayesian_networks/pcnf/munin/935.cnf,"lower 3.27156359624357881157246232914598155e-2 upper 9.67284304037565624228742155498092123e-1 Final circuit size: 76921 Estimated probability 0.03271564 (epsilon 0) found in 44 seconds ",
550,:,1737464790.000,1632.000,0,206,0,0,"schlandals --timeout 1500 -i /data/schlandals/pwmc_benchmarks/instances/bayesian_networks/pcnf/munin/550.cnf compile | tr '\n' ' '",/data/schlandals/pwmc_benchmarks/instances/bayesian_networks/pcnf/munin/550.cnf,"lower 1.27730995228229561939063293168430931e-2 upper 9.85643628356961520548418444020603029e-1 Final circuit size: 625207 Estimated probability 0.01277310 (epsilon 0.06016616773848993) found in 1501 seconds ",
939,:,1737466370.000,52.000,0,185,0,0,"schlandals --timeout 1500 -i /data/schlandals/pwmc_benchmarks/instances/bayesian_networks/pcnf/munin/939.cnf compile | tr '\n' ' '",/data/schlandals/pwmc_benchmarks/instances/bayesian_networks/pcnf/munin/939.cnf,"lower 1.14249496514823156303218083074976157e-2 upper 9.88574990348519097001240222625405322e-1 Final circuit size: 76902 Estimated probability 0.01142495 (epsilon 0) found in 48 seconds ",
601,:,1737465726.000,700.000,0,212,0,0,"schlandals --timeout 1500 -i /data/schlandals/pwmc_benchmarks/instances/bayesian_networks/pcnf/munin/601.cnf compile | tr '\n' ' '",/data/schlandals/pwmc_benchmarks/instances/bayesian_networks/pcnf/munin/601.cnf,"lower 8.78286763331851412999723411471813158e-3 upper 9.91216972366692360727109218984336371e-1 Final circuit size: 342331 Estimated probability 0.00878287 (epsilon 0.000000038974080629472496) found in 626 seconds ",
548,:,1737464789.000,1639.000,0,205,0,0,"schlandals --timeout 1500 -i /data/schlandals/pwmc_benchmarks/instances/bayesian_networks/pcnf/munin/548.cnf compile | tr '\n' ' '",/data/schlandals/pwmc_benchmarks/instances/bayesian_networks/pcnf/munin/548.cnf,"lower 7.27195719713588341278958526772109759e-3 upper 9.91204498855670768094865037124484951e-1 Final circuit size: 627435 Estimated probability 0.00727196 (epsilon 0.0999365258249183) found in 1501 seconds ",
932,:,1737466363.000,69.000,0,185,0,0,"schlandals --timeout 1500 -i /data/schlandals/pwmc_benchmarks/instances/bayesian_networks/pcnf/munin/932.cnf compile | tr '\n' ' '",/data/schlandals/pwmc_benchmarks/instances/bayesian_networks/pcnf/munin/932.cnf,"lower 1.04295860212348318624160972661010825e-1 upper 8.95704079787653095758131160896155930e-1 Final circuit size: 77165 Estimated probability 0.10429586 (epsilon 0) found in 62 seconds ",
937,:,1737466367.000,66.000,0,185,0,0,"schlandals --timeout 1500 -i /data/schlandals/pwmc_benchmarks/instances/bayesian_networks/pcnf/munin/937.cnf compile | tr '\n' ' '",/data/schlandals/pwmc_benchmarks/instances/bayesian_networks/pcnf/munin/937.cnf,"lower 8.43753041006269940662189461107328722e-1 upper 1.56246898993731472073702007511080885e-1 Final circuit size: 77061 Estimated probability 0.84375304 (epsilon 0) found in 60 seconds ",
630,:,1737465812.000,622.000,0,213,0,0,"schlandals --timeout 1500 -i /data/schlandals/pwmc_benchmarks/instances/bayesian_networks/pcnf/munin/630.cnf compile | tr '\n' ' '",/data/schlandals/pwmc_benchmarks/instances/bayesian_networks/pcnf/munin/630.cnf,"lower 2.32051621028444675737182744051544860e-2 upper 9.76794617285999547728998893311434187e-1 Final circuit size: 352371 Estimated probability 0.02320516 (epsilon 0.0000000037741827441095666) found in 548 seconds ",
936,:,1737466367.000,68.000,0,185,0,0,"schlandals --timeout 1500 -i /data/schlandals/pwmc_benchmarks/instances/bayesian_networks/pcnf/munin/936.cnf compile | tr '\n' ' '",/data/schlandals/pwmc_benchmarks/instances/bayesian_networks/pcnf/munin/936.cnf,"lower 7.25531795113021153108041553191013747e-2 upper 9.27446760488699298109188787932683072e-1 Final circuit size: 77680 Estimated probability 0.07255318 (epsilon 0) found in 62 seconds ",
606,:,1737465737.000,698.000,0,212,0,0,"schlandals --timeout 1500 -i /data/schlandals/pwmc_benchmarks/instances/bayesian_networks/pcnf/munin/606.cnf compile | tr '\n' ' '",/data/schlandals/pwmc_benchmarks/instances/bayesian_networks/pcnf/munin/606.cnf,"lower 1.47313964974009319436052884684947346e-1 upper 8.52685875026001553057297555662529888e-1 Final circuit size: 339648 Estimated probability 0.14731396 (epsilon 0.000000002323636616452518) found in 626 seconds ",
938,:,1737466368.000,68.000,0,185,0,0,"schlandals --timeout 1500 -i /data/schlandals/pwmc_benchmarks/instances/bayesian_networks/pcnf/munin/938.cnf compile | tr '\n' ' '",/data/schlandals/pwmc_benchmarks/instances/bayesian_networks/pcnf/munin/938.cnf,"lower 3.95531938665725379371893785469135478e-2 upper 9.60446746133428876266327467214483586e-1 Final circuit size: 77050 Estimated probability 0.03955319 (epsilon 0) found in 61 seconds ",
605,:,1737465734.000,704.000,0,212,0,0,"schlandals --timeout 1500 -i /data/schlandals/pwmc_benchmarks/instances/bayesian_networks/pcnf/munin/605.cnf compile | tr '\n' ' '",/data/schlandals/pwmc_benchmarks/instances/bayesian_networks/pcnf/munin/605.cnf,"lower 9.56338524560962837364739194567039451e-2 upper 9.04365987543914593714251630694897825e-1 Final circuit size: 343132 Estimated probability 0.09563385 (epsilon 0.000000003579319951541038) found in 642 seconds ",
718,:,1737466010.000,440.000,0,212,0,0,"schlandals --timeout 1500 -i /data/schlandals/pwmc_benchmarks/instances/bayesian_networks/pcnf/munin/718.cnf compile | tr '\n' ' '",/data/schlandals/pwmc_benchmarks/instances/bayesian_networks/pcnf/munin/718.cnf,"lower 1.85897520350206676665413024303876380e-1 upper 8.14102309649805054703282919806073409e-1 Final circuit size: 339958 Estimated probability 0.18589752 (epsilon 0.000000004280772625264717) found in 381 seconds ",
709,:,1737465996.000,463.000,0,211,0,0,"schlandals --timeout 1500 -i /data/schlandals/pwmc_benchmarks/instances/bayesian_networks/pcnf/munin/709.cnf compile | tr '\n' ' '",/data/schlandals/pwmc_benchmarks/instances/bayesian_networks/pcnf/munin/709.cnf,"lower 2.97987487014976520300130096229736083e-3 upper 9.97019954709860684947798546019755741e-1 Final circuit size: 345318 Estimated probability 0.00297987 (epsilon 0.00000026705312361485767) found in 420 seconds ",
940,:,1737466388.000,76.000,0,209,0,0,"schlandals --timeout 1500 -i /data/schlandals/pwmc_benchmarks/instances/bayesian_networks/pcnf/munin/940.cnf compile | tr '\n' ' '",/data/schlandals/pwmc_benchmarks/instances/bayesian_networks/pcnf/munin/940.cnf,"lower 9.74945223234726749675804270974334693e-5 upper 9.99902425477678861374090588948584934e-1 Final circuit size: 78558 Estimated probability 0.00009749 (epsilon 0.00000043897279522475685) found in 67 seconds ",
943,:,1737466396.000,72.000,0,209,0,0,"schlandals --timeout 1500 -i /data/schlandals/pwmc_benchmarks/instances/bayesian_networks/pcnf/munin/943.cnf compile | tr '\n' ' '",/data/schlandals/pwmc_benchmarks/instances/bayesian_networks/pcnf/munin/943.cnf,"lower 7.97591555417730954480478677506020850e-4 upper 9.99202328444584603481998095193311474e-1 Final circuit size: 78655 Estimated probability 0.00079759 (epsilon 0.00000005365836042159344) found in 66 seconds ",
952,:,1737466422.000,51.000,0,210,0,0,"schlandals --timeout 1500 -i /data/schlandals/pwmc_benchmarks/instances/bayesian_networks/pcnf/munin/952.cnf compile | tr '\n' ' '",/data/schlandals/pwmc_benchmarks/instances/bayesian_networks/pcnf/munin/952.cnf,"lower 1.65103042922228016263233099589262897e-1 upper 8.34896877077774314438011876057294752e-1 Final circuit size: 78539 Estimated probability 0.16510304 (epsilon 0.000000026751886927911528) found in 44 seconds ",
609,:,1737465779.000,695.000,0,213,0,0,"schlandals --timeout 1500 -i /data/schlandals/pwmc_benchmarks/instances/bayesian_networks/pcnf/munin/609.cnf compile | tr '\n' ' '",/data/schlandals/pwmc_benchmarks/instances/bayesian_networks/pcnf/munin/609.cnf,"lower 1.52636387730901496691506744579903733e-1 upper 8.47363452269109375833945308682232313e-1 Final circuit size: 341176 Estimated probability 0.15263639 (epsilon 0.0000000022426118739815593) found in 629 seconds ",
948,:,1737466409.000,67.000,0,209,0,0,"schlandals --timeout 1500 -i /data/schlandals/pwmc_benchmarks/instances/bayesian_networks/pcnf/munin/948.cnf compile | tr '\n' ' '",/data/schlandals/pwmc_benchmarks/instances/bayesian_networks/pcnf/munin/948.cnf,"lower 6.19511406568606835818441152869008009e-2 upper 9.38048779343141653713400188895988355e-1 Final circuit size: 78543 Estimated probability 0.06195114 (epsilon 0.00000007129518242443567) found in 61 seconds ",
720,:,1737466013.000,464.000,0,212,0,0,"schlandals --timeout 1500 -i /data/schlandals/pwmc_benchmarks/instances/bayesian_networks/pcnf/munin/720.cnf compile | tr '\n' ' '",/data/schlandals/pwmc_benchmarks/instances/bayesian_networks/pcnf/munin/720.cnf,"lower 1.53092573613388414749039035107618813e-1 upper 8.46907256386623304679660265754716818e-1 Final circuit size: 342779 Estimated probability 0.15309257 (epsilon 0.000000005198063979250378) found in 399 seconds ",
632,:,1737465814.000,668.000,0,211,0,0,"schlandals --timeout 1500 -i /data/schlandals/pwmc_benchmarks/instances/bayesian_networks/pcnf/munin/632.cnf compile | tr '\n' ' '",/data/schlandals/pwmc_benchmarks/instances/bayesian_networks/pcnf/munin/632.cnf,"lower 5.47138462589538942689756033083929547e-3 upper 9.94528285467173491178111428867697351e-1 Final circuit size: 350653 Estimated probability 0.00547138 (epsilon 0.00000001600701216020184) found in 592 seconds ",
954,:,1737466428.000,55.000,0,209,0,0,"schlandals --timeout 1500 -i /data/schlandals/pwmc_benchmarks/instances/bayesian_networks/pcnf/munin/954.cnf compile | tr '\n' ' '",/data/schlandals/pwmc_benchmarks/instances/bayesian_networks/pcnf/munin/954.cnf,"lower 3.85277522522411377750126479286305553e-2 upper 9.61472167747761198164660520537972960e-1 Final circuit size: 78528 Estimated probability 0.03852775 (epsilon 0.00000011463990290394577) found in 49 seconds ",
942,:,1737466396.000,87.000,0,209,0,0,"schlandals --timeout 1500 -i /data/schlandals/pwmc_benchmarks/instances/bayesian_networks/pcnf/munin/942.cnf compile | tr '\n' ' '",/data/schlandals/pwmc_benchmarks/instances/bayesian_networks/pcnf/munin/942.cnf,"lower 3.90561366014868279791960397307866492e-4 upper 9.99609358633987464636495638370461277e-1 Final circuit size: 78379 Estimated probability 0.00039056 (epsilon 0.00000010957933627153693) found in 78 seconds ",
941,:,1737466393.000,90.000,0,208,0,0,"schlandals --timeout 1500 -i /data/schlandals/pwmc_benchmarks/instances/bayesian_networks/pcnf/munin/941.cnf compile | tr '\n' ' '",/data/schlandals/pwmc_benchmarks/instances/bayesian_networks/pcnf/munin/941.cnf,"lower 1.91923961637187043182564562017800674e-4 upper 9.99807996038365147733186491081754671e-1 Final circuit size: 78092 Estimated probability 0.00019192 (epsilon 0.0000002229917028806483) found in 80 seconds ",
947,:,1737466405.000,81.000,0,209,0,0,"schlandals --timeout 1500 -i /data/schlandals/pwmc_benchmarks/instances/bayesian_networks/pcnf/munin/947.cnf compile | tr '\n' ' '",/data/schlandals/pwmc_benchmarks/instances/bayesian_networks/pcnf/munin/947.cnf,"lower 2.14849017740185953440552556247423500e-2 upper 9.78515018225983738954151876370662731e-1 Final circuit size: 78848 Estimated probability 0.02148490 (epsilon 0.00000020557774282892183) found in 74 seconds ",
945,:,1737466401.000,88.000,0,208,0,0,"schlandals --timeout 1500 -i /data/schlandals/pwmc_benchmarks/instances/bayesian_networks/pcnf/munin/945.cnf compile | tr '\n' ' '",/data/schlandals/pwmc_benchmarks/instances/bayesian_networks/pcnf/munin/945.cnf,"lower 3.06310070928939251896312187291811097e-3 upper 9.96936819290712942515203906784287185e-1 Final circuit size: 78873 Estimated probability 0.00306310 (epsilon 0.0000014419424103628842) found in 79 seconds ",
950,:,1737466415.000,76.000,0,209,0,0,"schlandals --timeout 1500 -i /data/schlandals/pwmc_benchmarks/instances/bayesian_networks/pcnf/munin/950.cnf compile | tr '\n' ' '",/data/schlandals/pwmc_benchmarks/instances/bayesian_networks/pcnf/munin/950.cnf,"lower 2.09698630779480648668418762889015948e-1 upper 7.90301289220521686076216905978662190e-1 Final circuit size: 78790 Estimated probability 0.20969863 (epsilon 0.00000002106269358925772) found in 70 seconds ",
944,:,1737466398.000,93.000,0,210,0,0,"schlandals --timeout 1500 -i /data/schlandals/pwmc_benchmarks/instances/bayesian_networks/pcnf/munin/944.cnf compile | tr '\n' ' '",/data/schlandals/pwmc_benchmarks/instances/bayesian_networks/pcnf/munin/944.cnf,"lower 1.53048459351538592973758738606105045e-3 upper 9.98469435406486947233139169159700891e-1 Final circuit size: 78752 Estimated probability 0.00153048 (epsilon 0.000000027963337423386747) found in 83 seconds ",
946,:,1737466402.000,90.000,0,208,0,0,"schlandals --timeout 1500 -i /data/schlandals/pwmc_benchmarks/instances/bayesian_networks/pcnf/munin/946.cnf compile | tr '\n' ' '",/data/schlandals/pwmc_benchmarks/instances/bayesian_networks/pcnf/munin/946.cnf,"lower 7.16133331493454874020322841180334001e-3 upper 9.92838586685067787510250197910812868e-1 Final circuit size: 78277 Estimated probability 0.00716133 (epsilon 0.0000006167589821082231) found in 81 seconds ",
714,:,1737466000.000,496.000,0,211,0,0,"schlandals --timeout 1500 -i /data/schlandals/pwmc_benchmarks/instances/bayesian_networks/pcnf/munin/714.cnf compile | tr '\n' ' '",/data/schlandals/pwmc_benchmarks/instances/bayesian_networks/pcnf/munin/714.cnf,"lower 2.66560201114989399250545802399729519e-2 upper 9.73343809888512780233911574211193970e-1 Final circuit size: 344506 Estimated probability 0.02665602 (epsilon 0.00000002985385694209697) found in 430 seconds ",
949,:,1737466409.000,89.000,0,209,0,0,"schlandals --timeout 1500 -i /data/schlandals/pwmc_benchmarks/instances/bayesian_networks/pcnf/munin/949.cnf compile | tr '\n' ' '",/data/schlandals/pwmc_benchmarks/instances/bayesian_networks/pcnf/munin/949.cnf,"lower 1.35956780165761278284490567679597647e-1 upper 8.64043139834241057367264865718897099e-1 Final circuit size: 78720 Estimated probability 0.13595678 (epsilon 0.00000003248692670432263) found in 80 seconds ",
953,:,1737466426.000,79.000,0,210,0,0,"schlandals --timeout 1500 -i /data/schlandals/pwmc_benchmarks/instances/bayesian_networks/pcnf/munin/953.cnf compile | tr '\n' ' '",/data/schlandals/pwmc_benchmarks/instances/bayesian_networks/pcnf/munin/953.cnf,"lower 8.82436375640855434586730647155285664e-2 upper 9.11756282435916793542164997541822893e-1 Final circuit size: 78864 Estimated probability 0.08824364 (epsilon 0.000000050052536337830134) found in 70 seconds ",
715,:,1737466005.000,501.000,0,212,0,0,"schlandals --timeout 1500 -i /data/schlandals/pwmc_benchmarks/instances/bayesian_networks/pcnf/munin/715.cnf compile | tr '\n' ' '",/data/schlandals/pwmc_benchmarks/instances/bayesian_networks/pcnf/munin/715.cnf,"lower 5.21396927268882263222259707932072092e-2 upper 9.47860137273123494394209118105468216e-1 Final circuit size: 342274 Estimated probability 0.05213969 (epsilon 0.000000015262556329886934) found in 449 seconds ",
960,:,1737466436.000,73.000,0,185,0,0,"schlandals --timeout 1500 -i /data/schlandals/pwmc_benchmarks/instances/bayesian_networks/pcnf/munin/960.cnf compile | tr '\n' ' '",/data/schlandals/pwmc_benchmarks/instances/bayesian_networks/pcnf/munin/960.cnf,"lower 6.75255672753405147598450989800465991e-3 upper 9.93247383272467294602508718077250848e-1 Final circuit size: 77482 Estimated probability 0.00675256 (epsilon 0) found in 66 seconds ",
951,:,1737466422.000,89.000,0,209,0,0,"schlandals --timeout 1500 -i /data/schlandals/pwmc_benchmarks/instances/bayesian_networks/pcnf/munin/951.cnf compile | tr '\n' ' '",/data/schlandals/pwmc_benchmarks/instances/bayesian_networks/pcnf/munin/951.cnf,"lower 2.23245056334671450951738283056459005e-1 upper 7.76754863665330884250185341864740635e-1 Final circuit size: 79038 Estimated probability 0.22324506 (epsilon 0.00000001978461705576251) found in 80 seconds ",
961,:,1737466438.000,74.000,0,185,0,0,"schlandals --timeout 1500 -i /data/schlandals/pwmc_benchmarks/instances/bayesian_networks/pcnf/munin/961.cnf compile | tr '\n' ' '",/data/schlandals/pwmc_benchmarks/instances/bayesian_networks/pcnf/munin/961.cnf,"lower 5.78562970504585194600057283869045366e-2 upper 9.42143642949542826149638258575596131e-1 Final circuit size: 78015 Estimated probability 0.05785630 (epsilon 0) found in 67 seconds ",
958,:,1737466435.000,78.000,0,185,0,0,"schlandals --timeout 1500 -i /data/schlandals/pwmc_benchmarks/instances/bayesian_networks/pcnf/munin/958.cnf compile | tr '\n' ' '",/data/schlandals/pwmc_benchmarks/instances/bayesian_networks/pcnf/munin/958.cnf,"lower 4.63357937312023893463795636166455812e-3 upper 9.95366340626882096958618458863014110e-1 Final circuit size: 77097 Estimated probability 0.00463358 (epsilon 0) found in 69 seconds ",
964,:,1737466464.000,51.000,0,185,0,0,"schlandals --timeout 1500 -i /data/schlandals/pwmc_benchmarks/instances/bayesian_networks/pcnf/munin/964.cnf compile | tr '\n' ' '",/data/schlandals/pwmc_benchmarks/instances/bayesian_networks/pcnf/munin/964.cnf,"lower 2.38744425474812241308251352430415587e-2 upper 9.76125497452520120855338843898254864e-1 Final circuit size: 77122 Estimated probability 0.02387444 (epsilon 0) found in 46 seconds ",
963,:,1737466459.000,57.000,0,185,0,0,"schlandals --timeout 1500 -i /data/schlandals/pwmc_benchmarks/instances/bayesian_networks/pcnf/munin/963.cnf compile | tr '\n' ' '",/data/schlandals/pwmc_benchmarks/instances/bayesian_networks/pcnf/munin/963.cnf,"lower 1.21735886332550977039556585595504287e-1 upper 8.78264053667450367514563898873327039e-1 Final circuit size: 77449 Estimated probability 0.12173589 (epsilon 0) found in 52 seconds ",
959,:,1737466435.000,84.000,0,185,0,0,"schlandals --timeout 1500 -i /data/schlandals/pwmc_benchmarks/instances/bayesian_networks/pcnf/munin/959.cnf compile | tr '\n' ' '",/data/schlandals/pwmc_benchmarks/instances/bayesian_networks/pcnf/munin/959.cnf,"lower 3.10031488904380012898472462810295364e-3 upper 9.96899605110958534925430714698197824e-1 Final circuit size: 77150 Estimated probability 0.00310031 (epsilon 0) found in 74 seconds ",
957,:,1737466434.000,87.000,0,208,0,0,"schlandals --timeout 1500 -i /data/schlandals/pwmc_benchmarks/instances/bayesian_networks/pcnf/munin/957.cnf compile | tr '\n' ' '",/data/schlandals/pwmc_benchmarks/instances/bayesian_networks/pcnf/munin/957.cnf,"lower 6.82419612919237799669045179617665833e-3 upper 9.93175723870809959559426662903359185e-1 Final circuit size: 78318 Estimated probability 0.00682420 (epsilon 0.0000006403666772403227) found in 78 seconds ",
962,:,1737466450.000,72.000,0,185,0,0,"schlandals --timeout 1500 -i /data/schlandals/pwmc_benchmarks/instances/bayesian_networks/pcnf/munin/962.cnf compile | tr '\n' ' '",/data/schlandals/pwmc_benchmarks/instances/bayesian_networks/pcnf/munin/962.cnf,"lower 7.89780817340037935666238741061515722e-1 upper 2.10219122659963410368313352774872232e-1 Final circuit size: 77296 Estimated probability 0.78978082 (epsilon 0) found in 65 seconds ",
956,:,1737466433.000,91.000,0,208,0,0,"schlandals --timeout 1500 -i /data/schlandals/pwmc_benchmarks/instances/bayesian_networks/pcnf/munin/956.cnf compile | tr '\n' ' '",/data/schlandals/pwmc_benchmarks/instances/bayesian_networks/pcnf/munin/956.cnf,"lower 1.02680913811140369440722269427126306e-2 upper 9.89731828618888297685550424755445922e-1 Final circuit size: 79097 Estimated probability 0.01026809 (epsilon 0.0000004255891465909656) found in 80 seconds ",
629,:,1737465810.000,714.000,0,213,0,0,"schlandals --timeout 1500 -i /data/schlandals/pwmc_benchmarks/instances/bayesian_networks/pcnf/munin/629.cnf compile | tr '\n' ' '",/data/schlandals/pwmc_benchmarks/instances/bayesian_networks/pcnf/munin/629.cnf,"lower 1.06953314962556916671625949639964925e-1 upper 8.93046465037464381304364586204981384e-1 Final circuit size: 353294 Estimated probability 0.10695331 (epsilon 0.0000000008188665301389619) found in 639 seconds ",
989,:,1737466519.000,6.000,0,184,0,0,"schlandals --timeout 1500 -i /data/schlandals/pwmc_benchmarks/instances/bayesian_networks/pcnf/munin/989.cnf compile | tr '\n' ' '",/data/schlandals/pwmc_benchmarks/instances/bayesian_networks/pcnf/munin/989.cnf,"lower 8.67930779139820787082214025442715959e-1 upper 1.32069220860179483124956109485769597e-1 Final circuit size: 52491 Estimated probability 0.86793078 (epsilon 0) found in 4 seconds ",
955,:,1737466432.000,93.000,0,209,0,0,"schlandals --timeout 1500 -i /data/schlandals/pwmc_benchmarks/instances/bayesian_networks/pcnf/munin/955.cnf compile | tr '\n' ' '",/data/schlandals/pwmc_benchmarks/instances/bayesian_networks/pcnf/munin/955.cnf,"lower 1.77303769114135458937154152004290379e-2 upper 9.82269543088588789973571061204284679e-1 Final circuit size: 79189 Estimated probability 0.01773038 (epsilon 0.00000024646902030411866) found in 83 seconds ",
990,:,1737466521.000,5.000,0,184,0,0,"schlandals --timeout 1500 -i /data/schlandals/pwmc_benchmarks/instances/bayesian_networks/pcnf/munin/990.cnf compile | tr '\n' ' '",/data/schlandals/pwmc_benchmarks/instances/bayesian_networks/pcnf/munin/990.cnf,"lower 1.32069220860179409100549986553037995e-1 upper 8.67930779139820861106620148375447441e-1 Final circuit size: 52491 Estimated probability 0.13206922 (epsilon 0) found in 4 seconds ",
991,:,1737466522.000,8.000,0,184,0,0,"schlandals --timeout 1500 -i /data/schlandals/pwmc_benchmarks/instances/bayesian_networks/pcnf/munin/991.cnf compile | tr '\n' ' '",/data/schlandals/pwmc_benchmarks/instances/bayesian_networks/pcnf/munin/991.cnf,"lower 9.45678781957642188194652432274701753e-1 upper 5.43212180423580750750290028544131518e-2 Final circuit size: 52515 Estimated probability 0.94567878 (epsilon 0) found in 6 seconds ",
992,:,1737466524.000,7.000,0,184,0,0,"schlandals --timeout 1500 -i /data/schlandals/pwmc_benchmarks/instances/bayesian_networks/pcnf/munin/992.cnf compile | tr '\n' ' '",/data/schlandals/pwmc_benchmarks/instances/bayesian_networks/pcnf/munin/992.cnf,"lower 5.43212180423579930140978416576025578e-2 upper 9.45678781957642270255583593471512275e-1 Final circuit size: 52515 Estimated probability 0.05432122 (epsilon 0) found in 6 seconds ",
713,:,1737465999.000,534.000,0,212,0,0,"schlandals --timeout 1500 -i /data/schlandals/pwmc_benchmarks/instances/bayesian_networks/pcnf/munin/713.cnf compile | tr '\n' ' '",/data/schlandals/pwmc_benchmarks/instances/bayesian_networks/pcnf/munin/713.cnf,"lower 1.42676744678409690705933915640693142e-2 upper 9.85732155532170763547184854188462297e-1 Final circuit size: 345981 Estimated probability 0.01426767 (epsilon 0.000000055775379870226516) found in 491 seconds ",
633,:,1737465815.000,720.000,0,212,0,0,"schlandals --timeout 1500 -i /data/schlandals/pwmc_benchmarks/instances/bayesian_networks/pcnf/munin/633.cnf compile | tr '\n' ' '",/data/schlandals/pwmc_benchmarks/instances/bayesian_networks/pcnf/munin/633.cnf,"lower 7.61284791913884893296632932084308205e-3 upper 9.92386822172534636347468337219594528e-1 Final circuit size: 351341 Estimated probability 0.00761285 (epsilon 0.000000011504304620046923) found in 642 seconds ",
628,:,1737465809.000,730.000,0,214,0,0,"schlandals --timeout 1500 -i /data/schlandals/pwmc_benchmarks/instances/bayesian_networks/pcnf/munin/628.cnf compile | tr '\n' ' '",/data/schlandals/pwmc_benchmarks/instances/bayesian_networks/pcnf/munin/628.cnf,"lower 8.49455000351503344161532188834836494e-1 upper 1.50544779648517946024642444734417902e-1 Final circuit size: 361461 Estimated probability 0.84945500 (epsilon 0.00000000010310197140483979) found in 653 seconds ",
971,:,1737466483.000,58.000,0,210,0,0,"schlandals --timeout 1500 -i /data/schlandals/pwmc_benchmarks/instances/bayesian_networks/pcnf/munin/971.cnf compile | tr '\n' ' '",/data/schlandals/pwmc_benchmarks/instances/bayesian_networks/pcnf/munin/971.cnf,"lower 2.52668721739661653297573334765589466e-1 upper 7.47331188260341592129575220743204587e-1 Final circuit size: 78192 Estimated probability 0.25266872 (epsilon 0.000000001916174108274049) found in 52 seconds ",
965,:,1737466468.000,74.000,0,209,0,0,"schlandals --timeout 1500 -i /data/schlandals/pwmc_benchmarks/instances/bayesian_networks/pcnf/munin/965.cnf compile | tr '\n' ' '",/data/schlandals/pwmc_benchmarks/instances/bayesian_networks/pcnf/munin/965.cnf,"lower 1.44283005292831493741768608500079360e-3 upper 9.98557079947074930716294503108003188e-1 Final circuit size: 78908 Estimated probability 0.00144283 (epsilon 0.00000004409464615662273) found in 64 seconds ",
978,:,1737466492.000,52.000,0,209,0,0,"schlandals --timeout 1500 -i /data/schlandals/pwmc_benchmarks/instances/bayesian_networks/pcnf/munin/978.cnf compile | tr '\n' ' '",/data/schlandals/pwmc_benchmarks/instances/bayesian_networks/pcnf/munin/978.cnf,"lower 3.97819888655073484559947223683362477e-3 upper 9.96021711113452511479314167339553947e-1 Final circuit size: 78297 Estimated probability 0.00397820 (epsilon 0.00000010469683431324484) found in 45 seconds ",
704,:,1737465993.000,553.000,0,211,0,0,"schlandals --timeout 1500 -i /data/schlandals/pwmc_benchmarks/instances/bayesian_networks/pcnf/munin/704.cnf compile | tr '\n' ' '",/data/schlandals/pwmc_benchmarks/instances/bayesian_networks/pcnf/munin/704.cnf,"lower 1.02648922608531811200080269012580715e-3 upper 9.98973276978419821334719092827027157e-1 Final circuit size: 346975 Estimated probability 0.00102649 (epsilon 0.00000015704604128252697) found in 480 seconds ",
708,:,1737465995.000,554.000,0,211,0,0,"schlandals --timeout 1500 -i /data/schlandals/pwmc_benchmarks/instances/bayesian_networks/pcnf/munin/708.cnf compile | tr '\n' ' '",/data/schlandals/pwmc_benchmarks/instances/bayesian_networks/pcnf/munin/708.cnf,"lower 2.19593754743909748444437413186175614e-3 upper 9.97803833984612288741192358844146155e-1 Final circuit size: 344435 Estimated probability 0.00219594 (epsilon 0.00000018940871959749472) found in 508 seconds ",
968,:,1737466476.000,76.000,0,210,0,0,"schlandals --timeout 1500 -i /data/schlandals/pwmc_benchmarks/instances/bayesian_networks/pcnf/munin/968.cnf compile | tr '\n' ' '",/data/schlandals/pwmc_benchmarks/instances/bayesian_networks/pcnf/munin/968.cnf,"lower 2.14446663015153247802585055036015335e-2 upper 9.78555243698487922688346318306683195e-1 Final circuit size: 78186 Estimated probability 0.02144467 (epsilon 0.000000014167216733085297) found in 69 seconds ",
967,:,1737466474.000,81.000,0,209,0,0,"schlandals --timeout 1500 -i /data/schlandals/pwmc_benchmarks/instances/bayesian_networks/pcnf/munin/967.cnf compile | tr '\n' ' '",/data/schlandals/pwmc_benchmarks/instances/bayesian_networks/pcnf/munin/967.cnf,"lower 6.71546709881706266719816328670886758e-3 upper 9.93284442901186185829851615817651587e-1 Final circuit size: 78633 Estimated probability 0.00671547 (epsilon 0.00000004524051222531966) found in 74 seconds ",
966,:,1737466473.000,85.000,0,209,0,0,"schlandals --timeout 1500 -i /data/schlandals/pwmc_benchmarks/instances/bayesian_networks/pcnf/munin/966.cnf compile | tr '\n' ' '",/data/schlandals/pwmc_benchmarks/instances/bayesian_networks/pcnf/munin/966.cnf,"lower 3.01414702011913140734128966380404300e-3 upper 9.96985762979884116787762374891034084e-1 Final circuit size: 78198 Estimated probability 0.00301415 (epsilon 0.00000002110748731354306) found in 75 seconds ",
974,:,1737466486.000,74.000,0,210,0,0,"schlandals --timeout 1500 -i /data/schlandals/pwmc_benchmarks/instances/bayesian_networks/pcnf/munin/974.cnf compile | tr '\n' ' '",/data/schlandals/pwmc_benchmarks/instances/bayesian_networks/pcnf/munin/974.cnf,"lower 5.60205282101252368106438819586742655e-2 upper 9.43979381789878009208351812476448303e-1 Final circuit size: 79278 Estimated probability 0.05602053 (epsilon 0.000000008642497828503792) found in 68 seconds ",
969,:,1737466477.000,84.000,0,210,0,0,"schlandals --timeout 1500 -i /data/schlandals/pwmc_benchmarks/instances/bayesian_networks/pcnf/munin/969.cnf compile | tr '\n' ' '",/data/schlandals/pwmc_benchmarks/instances/bayesian_networks/pcnf/munin/969.cnf,"lower 7.14203625298464224576290661465361703e-2 upper 9.28579547470156824550163736301311585e-1 Final circuit size: 78424 Estimated probability 0.07142036 (epsilon 0.000000006256717588470906) found in 75 seconds ",
988,:,1737466516.000,46.000,0,185,0,0,"schlandals --timeout 1500 -i /data/schlandals/pwmc_benchmarks/instances/bayesian_networks/pcnf/munin/988.cnf compile | tr '\n' ' '",/data/schlandals/pwmc_benchmarks/instances/bayesian_networks/pcnf/munin/988.cnf,"lower 1.88794263253974505439467784079368077e-1 upper 8.11205676746026916745633814683751007e-1 Final circuit size: 75641 Estimated probability 0.18879426 (epsilon 0) found in 39 seconds ",
706,:,1737465995.000,569.000,0,210,0,0,"schlandals --timeout 1500 -i /data/schlandals/pwmc_benchmarks/instances/bayesian_networks/pcnf/munin/706.cnf compile | tr '\n' ' '",/data/schlandals/pwmc_benchmarks/instances/bayesian_networks/pcnf/munin/706.cnf,"lower 1.37237810429481482267501663772308845e-3 upper 9.98627393452758474406214110572186375e-1 Final circuit size: 344147 Estimated probability 0.00137238 (epsilon 0.0000003030722286467835) found in 500 seconds ",
979,:,1737466496.000,69.000,0,209,0,0,"schlandals --timeout 1500 -i /data/schlandals/pwmc_benchmarks/instances/bayesian_networks/pcnf/munin/979.cnf compile | tr '\n' ' '",/data/schlandals/pwmc_benchmarks/instances/bayesian_networks/pcnf/munin/979.cnf,"lower 2.25741075281806655065848177097854368e-3 upper 9.97742499247185179207454461800985990e-1 Final circuit size: 78496 Estimated probability 0.00225741 (epsilon 0.00000018450555061555463) found in 62 seconds ",
977,:,1737466491.000,77.000,0,209,0,0,"schlandals --timeout 1500 -i /data/schlandals/pwmc_benchmarks/instances/bayesian_networks/pcnf/munin/977.cnf compile | tr '\n' ' '",/data/schlandals/pwmc_benchmarks/instances/bayesian_networks/pcnf/munin/977.cnf,"lower 7.02395954167423681771501211701933181e-3 upper 9.92975950458329009888232318178333867e-1 Final circuit size: 78615 Estimated probability 0.00702396 (epsilon 0.00000005929773005952654) found in 70 seconds ",
973,:,1737466483.000,86.000,0,211,0,0,"schlandals --timeout 1500 -i /data/schlandals/pwmc_benchmarks/instances/bayesian_networks/pcnf/munin/973.cnf compile | tr '\n' ' '",/data/schlandals/pwmc_benchmarks/instances/bayesian_networks/pcnf/munin/973.cnf,"lower 1.35247252834581276071844121070988125e-1 upper 8.64752657165421972791264825069628327e-1 Final circuit size: 78206 Estimated probability 0.13524725 (epsilon 0.0000000035797942388171577) found in 76 seconds ",
631,:,1737465813.000,757.000,0,212,0,0,"schlandals --timeout 1500 -i /data/schlandals/pwmc_benchmarks/instances/bayesian_networks/pcnf/munin/631.cnf compile | tr '\n' ' '",/data/schlandals/pwmc_benchmarks/instances/bayesian_networks/pcnf/munin/631.cnf,"lower 7.30228985290001815584466569525936150e-3 upper 9.92697390423821426320246710870201547e-1 Final circuit size: 351505 Estimated probability 0.00730229 (epsilon 0.000000011993569914992008) found in 678 seconds ",
1014,:,1737466565.000,6.000,0,184,0,0,"schlandals --timeout 1500 -i /data/schlandals/pwmc_benchmarks/instances/bayesian_networks/pcnf/munin/1014.cnf compile | tr '\n' ' '",/data/schlandals/pwmc_benchmarks/instances/bayesian_networks/pcnf/munin/1014.cnf,"lower 9.45336211129546130654163054425771914e-1 upper 5.46637888704541276801150392190156033e-2 Final circuit size: 52517 Estimated probability 0.94533621 (epsilon 0) found in 4 seconds ",
970,:,1737466482.000,89.000,0,210,0,0,"schlandals --timeout 1500 -i /data/schlandals/pwmc_benchmarks/instances/bayesian_networks/pcnf/munin/970.cnf compile | tr '\n' ' '",/data/schlandals/pwmc_benchmarks/instances/bayesian_networks/pcnf/munin/970.cnf,"lower 1.69379961613933791498239596097453560e-1 upper 8.30619948386069457071640329119076983e-1 Final circuit size: 78768 Estimated probability 0.16937996 (epsilon 0.000000002858409509087778) found in 79 seconds ",
972,:,1737466483.000,90.000,0,211,0,0,"schlandals --timeout 1500 -i /data/schlandals/pwmc_benchmarks/instances/bayesian_networks/pcnf/munin/972.cnf compile | tr '\n' ' '",/data/schlandals/pwmc_benchmarks/instances/bayesian_networks/pcnf/munin/972.cnf,"lower 2.32451714974915450382342940109950478e-1 upper 7.67548195025087796448095802922322276e-1 Final circuit size: 78315 Estimated probability 0.23245171 (epsilon 0.0000000020828296865005314) found in 80 seconds ",
1017,:,1737466570.000,4.000,0,184,0,0,"schlandals --timeout 1500 -i /data/schlandals/pwmc_benchmarks/instances/bayesian_networks/pcnf/munin/1017.cnf compile | tr '\n' ' '",/data/schlandals/pwmc_benchmarks/instances/bayesian_networks/pcnf/munin/1017.cnf,"lower 1.35475788537160237153713399013170368e-3 upper 9.98645242114628655962740959654655819e-1 Final circuit size: 52517 Estimated probability 0.00135476 (epsilon 0) found in 3 seconds ",
987,:,1737466515.000,60.000,0,185,0,0,"schlandals --timeout 1500 -i /data/schlandals/pwmc_benchmarks/instances/bayesian_networks/pcnf/munin/987.cnf compile | tr '\n' ' '",/data/schlandals/pwmc_benchmarks/instances/bayesian_networks/pcnf/munin/987.cnf,"lower 8.11205736744088232636680605536071233e-1 upper 1.88794203255913189548420993227048020e-1 Final circuit size: 75641 Estimated probability 0.81120574 (epsilon 0) found in 55 seconds ",
975,:,1737466489.000,86.000,0,209,0,0,"schlandals --timeout 1500 -i /data/schlandals/pwmc_benchmarks/instances/bayesian_networks/pcnf/munin/975.cnf compile | tr '\n' ' '",/data/schlandals/pwmc_benchmarks/instances/bayesian_networks/pcnf/munin/975.cnf,"lower 2.26997523312857658646953222082228615e-2 upper 9.77300157668717480597102620224209628e-1 Final circuit size: 78480 Estimated probability 0.02269975 (epsilon 0.00000002132874832305731) found in 77 seconds ",
1018,:,1737466571.000,4.000,0,184,0,0,"schlandals --timeout 1500 -i /data/schlandals/pwmc_benchmarks/instances/bayesian_networks/pcnf/munin/1018.cnf compile | tr '\n' ' '",/data/schlandals/pwmc_benchmarks/instances/bayesian_networks/pcnf/munin/1018.cnf,"lower 2.00000000000000048632443580732374735e-2 upper 9.80000000000000253471033735571550028e-1 Final circuit size: 52517 Estimated probability 0.02000000 (epsilon 0) found in 3 seconds ",
1015,:,1737466568.000,7.000,0,184,0,0,"schlandals --timeout 1500 -i /data/schlandals/pwmc_benchmarks/instances/bayesian_networks/pcnf/munin/1015.cnf compile | tr '\n' ' '",/data/schlandals/pwmc_benchmarks/instances/bayesian_networks/pcnf/munin/1015.cnf,"lower 2.25643895878110767235498430425917404e-2 upper 9.77435610412189181610728250602195978e-1 Final circuit size: 52517 Estimated probability 0.02256439 (epsilon 0) found in 6 seconds ",
721,:,1737466013.000,563.000,0,212,0,0,"schlandals --timeout 1500 -i /data/schlandals/pwmc_benchmarks/instances/bayesian_networks/pcnf/munin/721.cnf compile | tr '\n' ' '",/data/schlandals/pwmc_benchmarks/instances/bayesian_networks/pcnf/munin/721.cnf,"lower 9.99459446391822216293962280634340287e-2 upper 9.00053885360829495332397812333165612e-1 Final circuit size: 346150 Estimated probability 0.09994594 (epsilon 0.000000007962153825147311) found in 519 seconds ",
1016,:,1737466569.000,7.000,0,184,0,0,"schlandals --timeout 1500 -i /data/schlandals/pwmc_benchmarks/instances/bayesian_networks/pcnf/munin/1016.cnf compile | tr '\n' ' '",/data/schlandals/pwmc_benchmarks/instances/bayesian_networks/pcnf/munin/1016.cnf,"lower 1.07446413972713634591539658979150206e-2 upper 9.89255358602728894875124127746872772e-1 Final circuit size: 52517 Estimated probability 0.01074464 (epsilon 0) found in 6 seconds ",
1019,:,1737466571.000,7.000,0,184,0,0,"schlandals --timeout 1500 -i /data/schlandals/pwmc_benchmarks/instances/bayesian_networks/pcnf/munin/1019.cnf compile | tr '\n' ' '",/data/schlandals/pwmc_benchmarks/instances/bayesian_networks/pcnf/munin/1019.cnf,"lower 9.48840088345176298377851319928178096e-1 upper 5.11599116548239618546588281336583203e-2 Final circuit size: 52518 Estimated probability 0.94884009 (epsilon 0) found in 6 seconds ",
976,:,1737466491.000,88.000,0,210,0,0,"schlandals --timeout 1500 -i /data/schlandals/pwmc_benchmarks/instances/bayesian_networks/pcnf/munin/976.cnf compile | tr '\n' ' '",/data/schlandals/pwmc_benchmarks/instances/bayesian_networks/pcnf/munin/976.cnf,"lower 1.19166845635228539293639788440360063e-2 upper 9.88083225436480393486116989720537751e-1 Final circuit size: 78422 Estimated probability 0.01191668 (epsilon 0.000000040628521880137214) found in 77 seconds ",
1020,:,1737466573.000,6.000,0,184,0,0,"schlandals --timeout 1500 -i /data/schlandals/pwmc_benchmarks/instances/bayesian_networks/pcnf/munin/1020.cnf compile | tr '\n' ' '",/data/schlandals/pwmc_benchmarks/instances/bayesian_networks/pcnf/munin/1020.cnf,"lower 2.08891926516130951879891977887219530e-2 upper 9.79110807348387165044520950273114731e-1 Final circuit size: 52518 Estimated probability 0.02088919 (epsilon 0) found in 5 seconds ",
1021,:,1737466574.000,5.000,0,184,0,0,"schlandals --timeout 1500 -i /data/schlandals/pwmc_benchmarks/instances/bayesian_networks/pcnf/munin/1021.cnf compile | tr '\n' ' '",/data/schlandals/pwmc_benchmarks/instances/bayesian_networks/pcnf/munin/1021.cnf,"lower 1.02088935234961123825170959544779840e-2 upper 9.89791106476504147849993052107358492e-1 Final circuit size: 52518 Estimated probability 0.01020889 (epsilon 0) found in 3 seconds ",
1022,:,1737466575.000,4.000,0,184,0,0,"schlandals --timeout 1500 -i /data/schlandals/pwmc_benchmarks/instances/bayesian_networks/pcnf/munin/1022.cnf compile | tr '\n' ' '",/data/schlandals/pwmc_benchmarks/instances/bayesian_networks/pcnf/munin/1022.cnf,"lower 2.00618254797146733382187689104350195e-2 upper 9.79938174520285586894291379151401736e-1 Final circuit size: 52518 Estimated probability 0.02006183 (epsilon 0) found in 3 seconds ",
705,:,1737465994.000,586.000,0,210,0,0,"schlandals --timeout 1500 -i /data/schlandals/pwmc_benchmarks/instances/bayesian_networks/pcnf/munin/705.cnf compile | tr '\n' ' '",/data/schlandals/pwmc_benchmarks/instances/bayesian_networks/pcnf/munin/705.cnf,"lower 1.17226185498555187608145322560902331e-3 upper 9.98827502886638881988724103596636943e-1 Final circuit size: 345086 Estimated probability 0.00117226 (epsilon 0.0000001375171165829414) found in 542 seconds ",
1024,:,1737466575.000,5.000,0,184,0,0,"schlandals --timeout 1500 -i /data/schlandals/pwmc_benchmarks/instances/bayesian_networks/pcnf/munin/1024.cnf compile | tr '\n' ' '",/data/schlandals/pwmc_benchmarks/instances/bayesian_networks/pcnf/munin/1024.cnf,"lower 2.27017187507171103981133912403821650e-2 upper 9.77298281249283152871568043888732562e-1 Final circuit size: 52517 Estimated probability 0.02270172 (epsilon 0) found in 4 seconds ",
1023,:,1737466575.000,7.000,0,184,0,0,"schlandals --timeout 1500 -i /data/schlandals/pwmc_benchmarks/instances/bayesian_networks/pcnf/munin/1023.cnf compile | tr '\n' ' '",/data/schlandals/pwmc_benchmarks/instances/bayesian_networks/pcnf/munin/1023.cnf,"lower 9.44883736158537008374006382977686530e-1 upper 5.51162638414632548956750521514282486e-2 Final circuit size: 52517 Estimated probability 0.94488374 (epsilon 0) found in 6 seconds ",
1026,:,1737466576.000,7.000,0,184,0,0,"schlandals --timeout 1500 -i /data/schlandals/pwmc_benchmarks/instances/bayesian_networks/pcnf/munin/1026.cnf compile | tr '\n' ' '",/data/schlandals/pwmc_benchmarks/instances/bayesian_networks/pcnf/munin/1026.cnf,"lower 1.40454654602677785365934306466235769e-3 upper 9.98595453453973485416022092064452345e-1 Final circuit size: 52517 Estimated probability 0.00140455 (epsilon 0) found in 5 seconds ",
1025,:,1737466575.000,8.000,0,184,0,0,"schlandals --timeout 1500 -i /data/schlandals/pwmc_benchmarks/instances/bayesian_networks/pcnf/munin/1025.cnf compile | tr '\n' ' '",/data/schlandals/pwmc_benchmarks/instances/bayesian_networks/pcnf/munin/1025.cnf,"lower 1.09837363940440194645621221540879818e-2 upper 9.89016263605956243805119312975026789e-1 Final circuit size: 52517 Estimated probability 0.01098374 (epsilon 0) found in 6 seconds ",
986,:,1737466513.000,70.000,0,185,0,0,"schlandals --timeout 1500 -i /data/schlandals/pwmc_benchmarks/instances/bayesian_networks/pcnf/munin/986.cnf compile | tr '\n' ' '",/data/schlandals/pwmc_benchmarks/instances/bayesian_networks/pcnf/munin/986.cnf,"lower 1.52962493907296541235190329591690494e-1 upper 8.47037446092704785572990564270613974e-1 Final circuit size: 77357 Estimated probability 0.15296249 (epsilon 0) found in 63 seconds ",
1035,:,1737466582.000,1.000,0,183,0,0,"schlandals --timeout 1500 -i /data/schlandals/pwmc_benchmarks/instances/bayesian_networks/pcnf/munin/1035.cnf compile | tr '\n' ' '",/data/schlandals/pwmc_benchmarks/instances/bayesian_networks/pcnf/munin/1035.cnf,"lower 9.02144232250086126101959418008315603e-1 upper 9.78557677499138423229686000600320977e-2 Final circuit size: 4817 Estimated probability 0.90214423 (epsilon 0) found in 0 seconds ",
1037,:,1737466583.000,1.000,0,138,0,0,"schlandals --timeout 1500 -i /data/schlandals/pwmc_benchmarks/instances/bayesian_networks/pcnf/munin/1037.cnf compile | tr '\n' ' '",/data/schlandals/pwmc_benchmarks/instances/bayesian_networks/pcnf/munin/1037.cnf,"lower 0 upper 1.00000000000000000000000000000000000 Final circuit size: 0 Estimated probability 0.00000000 (epsilon 0) found in 0 seconds ",
1036,:,1737466583.000,1.000,0,183,0,0,"schlandals --timeout 1500 -i /data/schlandals/pwmc_benchmarks/instances/bayesian_networks/pcnf/munin/1036.cnf compile | tr '\n' ' '",/data/schlandals/pwmc_benchmarks/instances/bayesian_networks/pcnf/munin/1036.cnf,"lower 9.78557677499140143908993300365477912e-2 upper 9.02144232250085954034028688031799656e-1 Final circuit size: 4817 Estimated probability 0.09785577 (epsilon 0) found in 0 seconds ",
1027,:,1737466576.000,8.000,0,184,0,0,"schlandals --timeout 1500 -i /data/schlandals/pwmc_benchmarks/instances/bayesian_networks/pcnf/munin/1027.cnf compile | tr '\n' ' '",/data/schlandals/pwmc_benchmarks/instances/bayesian_networks/pcnf/munin/1027.cnf,"lower 2.00262621506752622704078578805452143e-2 upper 9.79973737849325000999273577248569522e-1 Final circuit size: 52516 Estimated probability 0.02002626 (epsilon 0) found in 6 seconds ",
1038,:,1737466583.000,1.000,0,138,0,0,"schlandals --timeout 1500 -i /data/schlandals/pwmc_benchmarks/instances/bayesian_networks/pcnf/munin/1038.cnf compile | tr '\n' ' '",/data/schlandals/pwmc_benchmarks/instances/bayesian_networks/pcnf/munin/1038.cnf,"lower 0 upper 1.00000000000000000000000000000000000 Final circuit size: 0 Estimated probability 0.00000000 (epsilon 0) found in 0 seconds ",
1031,:,1737466579.000,5.000,0,184,0,0,"schlandals --timeout 1500 -i /data/schlandals/pwmc_benchmarks/instances/bayesian_networks/pcnf/munin/1031.cnf compile | tr '\n' ' '",/data/schlandals/pwmc_benchmarks/instances/bayesian_networks/pcnf/munin/1031.cnf,"lower 4.85849787492262012213663452930843089e-4 upper 9.99514150212507902795521860522047581e-1 Final circuit size: 49969 Estimated probability 0.00048585 (epsilon 0) found in 4 seconds ",
1039,:,1737466583.000,1.000,0,138,0,0,"schlandals --timeout 1500 -i /data/schlandals/pwmc_benchmarks/instances/bayesian_networks/pcnf/munin/1039.cnf compile | tr '\n' ' '",/data/schlandals/pwmc_benchmarks/instances/bayesian_networks/pcnf/munin/1039.cnf,"lower 0 upper 1.00000000000000000000000000000000000 Final circuit size: 0 Estimated probability 0.00000000 (epsilon 0) found in 0 seconds ",
1040,:,1737466584.000,1.000,0,138,0,0,"schlandals --timeout 1500 -i /data/schlandals/pwmc_benchmarks/instances/bayesian_networks/pcnf/munin/1040.cnf compile | tr '\n' ' '",/data/schlandals/pwmc_benchmarks/instances/bayesian_networks/pcnf/munin/1040.cnf,"lower 0 upper 1.00000000000000000000000000000000000 Final circuit size: 0 Estimated probability 0.00000000 (epsilon 0) found in 0 seconds ",
984,:,1737466511.000,74.000,0,185,0,0,"schlandals --timeout 1500 -i /data/schlandals/pwmc_benchmarks/instances/bayesian_networks/pcnf/munin/984.cnf compile | tr '\n' ' '",/data/schlandals/pwmc_benchmarks/instances/bayesian_networks/pcnf/munin/984.cnf,"lower 1.13348797527707975105142061686104227e-1 upper 8.86651142472293351445050096897697641e-1 Final circuit size: 77298 Estimated probability 0.11334880 (epsilon 0) found in 66 seconds ",
1028,:,1737466578.000,8.000,0,184,0,0,"schlandals --timeout 1500 -i /data/schlandals/pwmc_benchmarks/instances/bayesian_networks/pcnf/munin/1028.cnf compile | tr '\n' ' '",/data/schlandals/pwmc_benchmarks/instances/bayesian_networks/pcnf/munin/1028.cnf,"lower 9.44959855582907016680053069836030660e-1 upper 5.50401444170931481426658995013937704e-2 Final circuit size: 52510 Estimated probability 0.94495986 (epsilon 0) found in 6 seconds ",
985,:,1737466512.000,74.000,0,185,0,0,"schlandals --timeout 1500 -i /data/schlandals/pwmc_benchmarks/instances/bayesian_networks/pcnf/munin/985.cnf compile | tr '\n' ' '",/data/schlandals/pwmc_benchmarks/instances/bayesian_networks/pcnf/munin/985.cnf,"lower 7.33688708563058236667310240232666148e-1 upper 2.66311231436943091089880785461729398e-1 Final circuit size: 77216 Estimated probability 0.73368871 (epsilon 0) found in 66 seconds ",
1030,:,1737466579.000,7.000,0,184,0,0,"schlandals --timeout 1500 -i /data/schlandals/pwmc_benchmarks/instances/bayesian_networks/pcnf/munin/1030.cnf compile | tr '\n' ' '",/data/schlandals/pwmc_benchmarks/instances/bayesian_networks/pcnf/munin/1030.cnf,"lower 1.52101622660865808791272069996217954e-3 upper 9.98478983773391506719822803275016179e-1 Final circuit size: 49969 Estimated probability 0.00152102 (epsilon 0) found in 6 seconds ",
1029,:,1737466579.000,7.000,0,184,0,0,"schlandals --timeout 1500 -i /data/schlandals/pwmc_benchmarks/instances/bayesian_networks/pcnf/munin/1029.cnf compile | tr '\n' ' '",/data/schlandals/pwmc_benchmarks/instances/bayesian_networks/pcnf/munin/1029.cnf,"lower 5.30332784029922440176035801620895077e-2 upper 9.46966721597007920805115389175334585e-1 Final circuit size: 52517 Estimated probability 0.05303328 (epsilon 0) found in 6 seconds ",
1034,:,1737466580.000,7.000,0,184,0,0,"schlandals --timeout 1500 -i /data/schlandals/pwmc_benchmarks/instances/bayesian_networks/pcnf/munin/1034.cnf compile | tr '\n' ' '",/data/schlandals/pwmc_benchmarks/instances/bayesian_networks/pcnf/munin/1034.cnf,"lower 1.70252615740865049058012167336025842e-2 upper 9.82974738425913578362215361391611237e-1 Final circuit size: 98913 Estimated probability 0.01702526 (epsilon 0) found in 5 seconds ",
980,:,1737466498.000,89.000,0,209,0,0,"schlandals --timeout 1500 -i /data/schlandals/pwmc_benchmarks/instances/bayesian_networks/pcnf/munin/980.cnf compile | tr '\n' ' '",/data/schlandals/pwmc_benchmarks/instances/bayesian_networks/pcnf/munin/980.cnf,"lower 1.28655683658010574072001084880222597e-3 upper 9.98713353163423142135099048280146850e-1 Final circuit size: 78316 Estimated probability 0.00128656 (epsilon 0.00000032373601532853513) found in 79 seconds ",
1032,:,1737466579.000,9.000,0,185,0,0,"schlandals --timeout 1500 -i /data/schlandals/pwmc_benchmarks/instances/bayesian_networks/pcnf/munin/1032.cnf compile | tr '\n' ' '",/data/schlandals/pwmc_benchmarks/instances/bayesian_networks/pcnf/munin/1032.cnf,"lower 8.98125712616108767923768135139436598e-1 upper 1.01874287383891430868604767676559763e-1 Final circuit size: 108875 Estimated probability 0.89812571 (epsilon 0) found in 6 seconds ",
981,:,1737466505.000,87.000,0,208,0,0,"schlandals --timeout 1500 -i /data/schlandals/pwmc_benchmarks/instances/bayesian_networks/pcnf/munin/981.cnf compile | tr '\n' ' '",/data/schlandals/pwmc_benchmarks/instances/bayesian_networks/pcnf/munin/981.cnf,"lower 6.80983559397852698735644771091256092e-4 upper 9.99318926440605392723931148038990772e-1 Final circuit size: 78331 Estimated probability 0.00068098 (epsilon 0.0000002589118410778468) found in 80 seconds ",
1033,:,1737466580.000,12.000,0,186,0,0,"schlandals --timeout 1500 -i /data/schlandals/pwmc_benchmarks/instances/bayesian_networks/pcnf/munin/1033.cnf compile | tr '\n' ' '",/data/schlandals/pwmc_benchmarks/instances/bayesian_networks/pcnf/munin/1033.cnf,"lower 8.48490258098049230167397958561492543e-2 upper 9.15150974190195275775633106959847167e-1 Final circuit size: 108875 Estimated probability 0.08484903 (epsilon 0) found in 11 seconds ",
982,:,1737466506.000,88.000,0,208,0,0,"schlandals --timeout 1500 -i /data/schlandals/pwmc_benchmarks/instances/bayesian_networks/pcnf/munin/982.cnf compile | tr '\n' ' '",/data/schlandals/pwmc_benchmarks/instances/bayesian_networks/pcnf/munin/982.cnf,"lower 3.06282074555683167988030628884790001e-4 upper 9.99693627925447565184645864009529072e-1 Final circuit size: 78651 Estimated probability 0.00030628 (epsilon 0.0000005756610996776601) found in 79 seconds ",
983,:,1737466509.000,87.000,0,208,0,0,"schlandals --timeout 1500 -i /data/schlandals/pwmc_benchmarks/instances/bayesian_networks/pcnf/munin/983.cnf compile | tr '\n' ' '",/data/schlandals/pwmc_benchmarks/instances/bayesian_networks/pcnf/munin/983.cnf,"lower 4.45180988564607248617719858987683309e-5 upper 9.99955391901146787710866203534997400e-1 Final circuit size: 78580 Estimated probability 0.00004452 (epsilon 0.0000007473122836110235) found in 77 seconds ",
707,:,1737465995.000,605.000,0,210,0,0,"schlandals --timeout 1500 -i /data/schlandals/pwmc_benchmarks/instances/bayesian_networks/pcnf/munin/707.cnf compile | tr '\n' ' '",/data/schlandals/pwmc_benchmarks/instances/bayesian_networks/pcnf/munin/707.cnf,"lower 1.68552599605557632648919299747249081e-3 upper 9.98314245535995843160364810292806579e-1 Final circuit size: 345676 Estimated probability 0.00168553 (epsilon 0.0000002467655222382348) found in 540 seconds ",
1049,:,1737466586.000,16.000,0,184,0,0,"schlandals --timeout 1500 -i /data/schlandals/pwmc_benchmarks/instances/bayesian_networks/pcnf/munin/1049.cnf compile | tr '\n' ' '",/data/schlandals/pwmc_benchmarks/instances/bayesian_networks/pcnf/munin/1049.cnf,"lower 1.94808353129500026585844912019517746e-3 upper 9.98051600660205701141074689656055363e-1 Final circuit size: 5950 Estimated probability 0.00194808 (epsilon 0) found in 12 seconds ",
1055,:,1737466592.000,15.000,0,211,0,0,"schlandals --timeout 1500 -i /data/schlandals/pwmc_benchmarks/instances/bayesian_networks/pcnf/munin/1055.cnf compile | tr '\n' ' '",/data/schlandals/pwmc_benchmarks/instances/bayesian_networks/pcnf/munin/1055.cnf,"lower 1.12134383421430326372501704120677390e-1 upper 8.87865556316935267798531850414994291e-1 Final circuit size: 34554 Estimated probability 0.11213438 (epsilon 0.0000000030641487125393496) found in 12 seconds ",
1050,:,1737466586.000,22.000,0,210,0,0,"schlandals --timeout 1500 -i /data/schlandals/pwmc_benchmarks/instances/bayesian_networks/pcnf/munin/1050.cnf compile | tr '\n' ' '",/data/schlandals/pwmc_benchmarks/instances/bayesian_networks/pcnf/munin/1050.cnf,"lower 1.33438004178406276688479531901181917e-3 upper 9.98665484357110306509795760726487772e-1 Final circuit size: 24880 Estimated probability 0.00133438 (epsilon 0.000000007321282247119143) found in 18 seconds ",
1047,:,1737466585.000,24.000,0,186,0,0,"schlandals --timeout 1500 -i /data/schlandals/pwmc_benchmarks/instances/bayesian_networks/pcnf/munin/1047.cnf compile | tr '\n' ' '",/data/schlandals/pwmc_benchmarks/instances/bayesian_networks/pcnf/munin/1047.cnf,"lower 8.64452838117492517571639104712340539e-1 upper 1.35547161882507686276414555106624762e-1 Final circuit size: 196199 Estimated probability 0.86445284 (epsilon 0) found in 21 seconds ",
1052,:,1737466587.000,22.000,0,209,0,0,"schlandals --timeout 1500 -i /data/schlandals/pwmc_benchmarks/instances/bayesian_networks/pcnf/munin/1052.cnf compile | tr '\n' ' '",/data/schlandals/pwmc_benchmarks/instances/bayesian_networks/pcnf/munin/1052.cnf,"lower 2.64461548442642198449122288998892358e-3 upper 9.97355257552840713721853767930650446e-1 Final circuit size: 31756 Estimated probability 0.00264462 (epsilon 0.00000001845519559395825) found in 17 seconds ",
1051,:,1737466586.000,25.000,0,210,0,0,"schlandals --timeout 1500 -i /data/schlandals/pwmc_benchmarks/instances/bayesian_networks/pcnf/munin/1051.cnf compile | tr '\n' ' '",/data/schlandals/pwmc_benchmarks/instances/bayesian_networks/pcnf/munin/1051.cnf,"lower 2.04127522472941480080261323767798985e-3 upper 9.97958593324533725750707309920917266e-1 Final circuit size: 30032 Estimated probability 0.00204128 (epsilon 0.000000008183767663538788) found in 20 seconds ",
1053,:,1737466587.000,25.000,0,209,0,0,"schlandals --timeout 1500 -i /data/schlandals/pwmc_benchmarks/instances/bayesian_networks/pcnf/munin/1053.cnf compile | tr '\n' ' '",/data/schlandals/pwmc_benchmarks/instances/bayesian_networks/pcnf/munin/1053.cnf,"lower 8.75773376628679703399236886260472256e-3 upper 9.91242201075221047756314529108927253e-1 Final circuit size: 34088 Estimated probability 0.00875773 (epsilon 0.00000003046795149508341) found in 20 seconds ",
717,:,1737466007.000,605.000,0,211,0,0,"schlandals --timeout 1500 -i /data/schlandals/pwmc_benchmarks/instances/bayesian_networks/pcnf/munin/717.cnf compile | tr '\n' ' '",/data/schlandals/pwmc_benchmarks/instances/bayesian_networks/pcnf/munin/717.cnf,"lower 1.46913217571999357295422791126231880e-1 upper 8.53086612428012359529622547495889437e-1 Final circuit size: 343915 Estimated probability 0.14691322 (epsilon 0.00000000541670064357902) found in 537 seconds ",
1054,:,1737466588.000,24.000,0,209,0,0,"schlandals --timeout 1500 -i /data/schlandals/pwmc_benchmarks/instances/bayesian_networks/pcnf/munin/1054.cnf compile | tr '\n' ' '",/data/schlandals/pwmc_benchmarks/instances/bayesian_networks/pcnf/munin/1054.cnf,"lower 1.65107735140967322329240781106984917e-2 upper 9.83489165281059636699285417458351918e-1 Final circuit size: 34492 Estimated probability 0.01651077 (epsilon 0.00000001616097677903383) found in 20 seconds ",
1056,:,1737466592.000,26.000,0,211,0,0,"schlandals --timeout 1500 -i /data/schlandals/pwmc_benchmarks/instances/bayesian_networks/pcnf/munin/1056.cnf compile | tr '\n' ' '",/data/schlandals/pwmc_benchmarks/instances/bayesian_networks/pcnf/munin/1056.cnf,"lower 3.71522093906270401128599765576967897e-1 upper 6.28477845831476542344132580100073853e-1 Final circuit size: 34517 Estimated probability 0.37152209 (epsilon 0.0000000009248344312595691) found in 21 seconds ",
1044,:,1737466584.000,35.000,0,186,0,0,"schlandals --timeout 1500 -i /data/schlandals/pwmc_benchmarks/instances/bayesian_networks/pcnf/munin/1044.cnf compile | tr '\n' ' '",/data/schlandals/pwmc_benchmarks/instances/bayesian_networks/pcnf/munin/1044.cnf,"lower 1.43356679933114583081656548249656228e-2 upper 9.85664332006688752025624857319630645e-1 Final circuit size: 196973 Estimated probability 0.01433567 (epsilon 0) found in 32 seconds ",
1057,:,1737466594.000,25.000,0,211,0,0,"schlandals --timeout 1500 -i /data/schlandals/pwmc_benchmarks/instances/bayesian_networks/pcnf/munin/1057.cnf compile | tr '\n' ' '",/data/schlandals/pwmc_benchmarks/instances/bayesian_networks/pcnf/munin/1057.cnf,"lower 3.27537724375715034157677783461993137e-1 upper 6.72462215122443299526761610197503921e-1 Final circuit size: 34416 Estimated probability 0.32753772 (epsilon 0.0000000010490286417308425) found in 21 seconds ",
1059,:,1737466600.000,19.000,0,210,0,0,"schlandals --timeout 1500 -i /data/schlandals/pwmc_benchmarks/instances/bayesian_networks/pcnf/munin/1059.cnf compile | tr '\n' ' '",/data/schlandals/pwmc_benchmarks/instances/bayesian_networks/pcnf/munin/1059.cnf,"lower 3.04761868376644056998593137285452395e-2 upper 9.69523751873752242482376301191992462e-1 Final circuit size: 33654 Estimated probability 0.03047619 (epsilon 0.000000011046674019965508) found in 17 seconds ",
1060,:,1737466602.000,18.000,0,209,0,0,"schlandals --timeout 1500 -i /data/schlandals/pwmc_benchmarks/instances/bayesian_networks/pcnf/munin/1060.cnf compile | tr '\n' ' '",/data/schlandals/pwmc_benchmarks/instances/bayesian_networks/pcnf/munin/1060.cnf,"lower 2.46405582165498787381602510499842097e-3 upper 9.97535882746061231727071145587310258e-1 Final circuit size: 32768 Estimated probability 0.00246406 (epsilon 0.00000004342031156845394) found in 14 seconds ",
1058,:,1737466596.000,25.000,0,210,0,0,"schlandals --timeout 1500 -i /data/schlandals/pwmc_benchmarks/instances/bayesian_networks/pcnf/munin/1058.cnf compile | tr '\n' ' '",/data/schlandals/pwmc_benchmarks/instances/bayesian_networks/pcnf/munin/1058.cnf,"lower 1.22628693377453480763622193929955535e-1 upper 8.77371246113501706610514232532952025e-1 Final circuit size: 33985 Estimated probability 0.12262869 (epsilon 0.000000002801925358397739) found in 21 seconds ",
719,:,1737466010.000,612.000,0,212,0,0,"schlandals --timeout 1500 -i /data/schlandals/pwmc_benchmarks/instances/bayesian_networks/pcnf/munin/719.cnf compile | tr '\n' ' '",/data/schlandals/pwmc_benchmarks/instances/bayesian_networks/pcnf/munin/719.cnf,"lower 1.88642211892164662670563271543331721e-1 upper 8.11357618107847060607092235388822074e-1 Final circuit size: 343821 Estimated probability 0.18864221 (epsilon 0.000000004218488669494036) found in 564 seconds ",
1046,:,1737466585.000,39.000,0,186,0,0,"schlandals --timeout 1500 -i /data/schlandals/pwmc_benchmarks/instances/bayesian_networks/pcnf/munin/1046.cnf compile | tr '\n' ' '",/data/schlandals/pwmc_benchmarks/instances/bayesian_networks/pcnf/munin/1046.cnf,"lower 1.39322748427360092693601752764192471e-2 upper 9.86067725157264202349900039130144004e-1 Final circuit size: 193689 Estimated probability 0.01393227 (epsilon 0) found in 37 seconds ",
1041,:,1737466584.000,41.000,0,186,0,0,"schlandals --timeout 1500 -i /data/schlandals/pwmc_benchmarks/instances/bayesian_networks/pcnf/munin/1041.cnf compile | tr '\n' ' '",/data/schlandals/pwmc_benchmarks/instances/bayesian_networks/pcnf/munin/1041.cnf,"lower 8.59924579695124124151819290597366155e-1 upper 1.40075420304876081112311953954775328e-1 Final circuit size: 170736 Estimated probability 0.85992458 (epsilon 0) found in 38 seconds ",
1048,:,1737466586.000,39.000,0,186,0,0,"schlandals --timeout 1500 -i /data/schlandals/pwmc_benchmarks/instances/bayesian_networks/pcnf/munin/1048.cnf compile | tr '\n' ' '",/data/schlandals/pwmc_benchmarks/instances/bayesian_networks/pcnf/munin/1048.cnf,"lower 1.35547161882507693014670436213672655e-1 upper 8.64452838117492510833383223605292887e-1 Final circuit size: 196199 Estimated probability 0.13554716 (epsilon 0) found in 36 seconds ",
1045,:,1737466584.000,41.000,0,186,0,0,"schlandals --timeout 1500 -i /data/schlandals/pwmc_benchmarks/instances/bayesian_networks/pcnf/munin/1045.cnf compile | tr '\n' ' '",/data/schlandals/pwmc_benchmarks/instances/bayesian_networks/pcnf/munin/1045.cnf,"lower 9.86067725157264206080265396379558911e-1 upper 1.39322748427360055389948180270046473e-2 Final circuit size: 193689 Estimated probability 0.98606773 (epsilon 0) found in 38 seconds ",
1042,:,1737466584.000,42.000,0,186,0,0,"schlandals --timeout 1500 -i /data/schlandals/pwmc_benchmarks/instances/bayesian_networks/pcnf/munin/1042.cnf compile | tr '\n' ' '",/data/schlandals/pwmc_benchmarks/instances/bayesian_networks/pcnf/munin/1042.cnf,"lower 8.16982951420457209844971494660258446e-2 upper 9.18301704857954485387115167408131209e-1 Final circuit size: 199298 Estimated probability 0.08169830 (epsilon 0) found in 39 seconds ",
1043,:,1737466584.000,42.000,0,186,0,0,"schlandals --timeout 1500 -i /data/schlandals/pwmc_benchmarks/instances/bayesian_networks/pcnf/munin/1043.cnf compile | tr '\n' ' '",/data/schlandals/pwmc_benchmarks/instances/bayesian_networks/pcnf/munin/1043.cnf,"lower 4.40414571695189066851532858218024417e-2 upper 9.55958542830481308152668442796745043e-1 Final circuit size: 199631 Estimated probability 0.04404146 (epsilon 0) found in 39 seconds ",
1081,:,1737466626.000,1.000,0,182,0,0,"schlandals --timeout 1500 -i /data/schlandals/pwmc_benchmarks/instances/bayesian_networks/pcnf/munin/1081.cnf compile | tr '\n' ' '",/data/schlandals/pwmc_benchmarks/instances/bayesian_networks/pcnf/munin/1081.cnf,"lower 1.81185000000000025452645672524277529e-5 upper 9.99981532774361072270122279029388319e-1 Final circuit size: 340 Estimated probability 0.00001812 (epsilon 0) found in 0 seconds ",
1082,:,1737466627.000,1.000,0,183,0,0,"schlandals --timeout 1500 -i /data/schlandals/pwmc_benchmarks/instances/bayesian_networks/pcnf/munin/1082.cnf compile | tr '\n' ' '",/data/schlandals/pwmc_benchmarks/instances/bayesian_networks/pcnf/munin/1082.cnf,"lower 9.80122324040617533737326632530379610e-5 upper 9.99901782380901175511315325804933725e-1 Final circuit size: 1237 Estimated probability 0.00009801 (epsilon 0) found in 0 seconds ",
1083,:,1737466628.000,2.000,0,183,0,0,"schlandals --timeout 1500 -i /data/schlandals/pwmc_benchmarks/instances/bayesian_networks/pcnf/munin/1083.cnf compile | tr '\n' ' '",/data/schlandals/pwmc_benchmarks/instances/bayesian_networks/pcnf/munin/1083.cnf,"lower 1.43975731338652124181147465929099428e-3 upper 9.98560170263763372193323273612161454e-1 Final circuit size: 1510 Estimated probability 0.00143976 (epsilon 0) found in 0 seconds ",
1084,:,1737466630.000,1.000,0,209,0,0,"schlandals --timeout 1500 -i /data/schlandals/pwmc_benchmarks/instances/bayesian_networks/pcnf/munin/1084.cnf compile | tr '\n' ' '",/data/schlandals/pwmc_benchmarks/instances/bayesian_networks/pcnf/munin/1084.cnf,"lower 9.40981756554197083399755211991545367e-2 upper 9.05901754032094684634890751477644867e-1 Final circuit size: 1770 Estimated probability 0.09409818 (epsilon 0.0000000017279311315121504) found in 0 seconds ",
702,:,1737465990.000,641.000,0,211,0,0,"schlandals --timeout 1500 -i /data/schlandals/pwmc_benchmarks/instances/bayesian_networks/pcnf/munin/702.cnf compile | tr '\n' ' '",/data/schlandals/pwmc_benchmarks/instances/bayesian_networks/pcnf/munin/702.cnf,"lower 7.47567547943850264859507727123292945e-4 upper 9.99252198657923237359527283122780405e-1 Final circuit size: 344975 Estimated probability 0.00074757 (epsilon 0.00000021564079832891991) found in 579 seconds ",
1086,:,1737466631.000,1.000,0,209,0,0,"schlandals --timeout 1500 -i /data/schlandals/pwmc_benchmarks/instances/bayesian_networks/pcnf/munin/1086.cnf compile | tr '\n' ' '",/data/schlandals/pwmc_benchmarks/instances/bayesian_networks/pcnf/munin/1086.cnf,"lower 3.44052407801049202447158698449668206e-1 upper 6.55947522197684825610238291261850723e-1 Final circuit size: 1828 Estimated probability 0.34405241 (epsilon 0.0000000004792763963479274) found in 0 seconds ",
1085,:,1737466631.000,1.000,0,209,0,0,"schlandals --timeout 1500 -i /data/schlandals/pwmc_benchmarks/instances/bayesian_networks/pcnf/munin/1085.cnf compile | tr '\n' ' '",/data/schlandals/pwmc_benchmarks/instances/bayesian_networks/pcnf/munin/1085.cnf,"lower 4.24137879362905417902629336851931836e-1 upper 5.75862050635828613411786676922281148e-1 Final circuit size: 1843 Estimated probability 0.42413788 (epsilon 0.0000000003887796751200767) found in 0 seconds ",
1087,:,1737466632.000,1.000,0,209,0,0,"schlandals --timeout 1500 -i /data/schlandals/pwmc_benchmarks/instances/bayesian_networks/pcnf/munin/1087.cnf compile | tr '\n' ' '",/data/schlandals/pwmc_benchmarks/instances/bayesian_networks/pcnf/munin/1087.cnf,"lower 1.00350921778078868444521758741382555e-1 upper 8.99649008220401522112780660776873284e-1 Final circuit size: 1784 Estimated probability 0.10035092 (epsilon 0.0000000016431953575590796) found in 0 seconds ",
1088,:,1737466632.000,2.000,0,208,0,0,"schlandals --timeout 1500 -i /data/schlandals/pwmc_benchmarks/instances/bayesian_networks/pcnf/munin/1088.cnf compile | tr '\n' ' '",/data/schlandals/pwmc_benchmarks/instances/bayesian_networks/pcnf/munin/1088.cnf,"lower 2.30265068797378525245237031601639490e-2 upper 9.76973423117352774747068575743046178e-1 Final circuit size: 1666 Estimated probability 0.02302651 (epsilon 0.000000007161145232359445) found in 0 seconds ",
1089,:,1737466633.000,1.000,0,208,0,0,"schlandals --timeout 1500 -i /data/schlandals/pwmc_benchmarks/instances/bayesian_networks/pcnf/munin/1089.cnf compile | tr '\n' ' '",/data/schlandals/pwmc_benchmarks/instances/bayesian_networks/pcnf/munin/1089.cnf,"lower 6.79682940826411717998278347329717868e-3 upper 9.93203100558002308673983228367606388e-1 Final circuit size: 1667 Estimated probability 0.00679683 (epsilon 0.000000024260743414217245) found in 0 seconds ",
1091,:,1737466634.000,1.000,0,207,0,0,"schlandals --timeout 1500 -i /data/schlandals/pwmc_benchmarks/instances/bayesian_networks/pcnf/munin/1091.cnf compile | tr '\n' ' '",/data/schlandals/pwmc_benchmarks/instances/bayesian_networks/pcnf/munin/1091.cnf,"lower 1.86668761330793885648938210089112549e-3 upper 9.98133242122443513112036527571850269e-1 Final circuit size: 1501 Estimated probability 0.00186669 (epsilon 0.00000008833624431936471) found in 0 seconds ",
1090,:,1737466634.000,1.000,0,208,0,0,"schlandals --timeout 1500 -i /data/schlandals/pwmc_benchmarks/instances/bayesian_networks/pcnf/munin/1090.cnf compile | tr '\n' ' '",/data/schlandals/pwmc_benchmarks/instances/bayesian_networks/pcnf/munin/1090.cnf,"lower 3.42551428773513163964031164148358746e-3 upper 9.96574415657138131089041054778120445e-1 Final circuit size: 1598 Estimated probability 0.00342551 (epsilon 0.000000048137630548339416) found in 0 seconds ",
1092,:,1737466635.000,1.000,0,208,0,0,"schlandals --timeout 1500 -i /data/schlandals/pwmc_benchmarks/instances/bayesian_networks/pcnf/munin/1092.cnf compile | tr '\n' ' '",/data/schlandals/pwmc_benchmarks/instances/bayesian_networks/pcnf/munin/1092.cnf,"lower 6.89188827918817418075875607231460523e-4 upper 9.99310610112281881527545665841417623e-1 Final circuit size: 1357 Estimated probability 0.00068919 (epsilon 0.000000004864303848606255) found in 0 seconds ",
1094,:,1737466636.000,3.000,0,206,0,0,"schlandals --timeout 1500 -i /data/schlandals/pwmc_benchmarks/instances/bayesian_networks/pcnf/munin/1094.cnf compile | tr '\n' ' '",/data/schlandals/pwmc_benchmarks/instances/bayesian_networks/pcnf/munin/1094.cnf,"lower 2.87838286071542807825988020020377156e-5 upper 9.93717242559182669126944590401685529e-1 Final circuit size: 7176 Estimated probability 0.00002878 (epsilon 0.0000005992676839206013) found in 2 seconds ",
1061,:,1737466607.000,33.000,0,209,0,0,"schlandals --timeout 1500 -i /data/schlandals/pwmc_benchmarks/instances/bayesian_networks/pcnf/munin/1061.cnf compile | tr '\n' ' '",/data/schlandals/pwmc_benchmarks/instances/bayesian_networks/pcnf/munin/1061.cnf,"lower 8.23893668559150076145841787533704936e-3 upper 9.91760659465267330551938518063714167e-1 Final circuit size: 9237 Estimated probability 0.00823894 (epsilon 0.000000006057115475854857) found in 27 seconds ",
1093,:,1737466635.000,6.000,0,208,0,0,"schlandals --timeout 1500 -i /data/schlandals/pwmc_benchmarks/instances/bayesian_networks/pcnf/munin/1093.cnf compile | tr '\n' ' '",/data/schlandals/pwmc_benchmarks/instances/bayesian_networks/pcnf/munin/1093.cnf,"lower 8.23893668559150067797599321531956171e-3 upper 9.91760715588342041638046111421186190e-1 Final circuit size: 2969 Estimated probability 0.00823894 (epsilon 0.000000002093623274745937) found in 4 seconds ",
1095,:,1737466639.000,4.000,0,207,0,0,"schlandals --timeout 1500 -i /data/schlandals/pwmc_benchmarks/instances/bayesian_networks/pcnf/munin/1095.cnf compile | tr '\n' ' '",/data/schlandals/pwmc_benchmarks/instances/bayesian_networks/pcnf/munin/1095.cnf,"lower 6.28577062993255165559093994580228182e-4 upper 9.93117450045482385311726212086421401e-1 Final circuit size: 7740 Estimated probability 0.00062858 (epsilon 0.00000002744170957136305) found in 2 seconds ",
1069,:,1737466618.000,25.000,0,209,0,0,"schlandals --timeout 1500 -i /data/schlandals/pwmc_benchmarks/instances/bayesian_networks/pcnf/munin/1069.cnf compile | tr '\n' ' '",/data/schlandals/pwmc_benchmarks/instances/bayesian_networks/pcnf/munin/1069.cnf,"lower 3.88353386072831267284811018079270440e-3 upper 9.96116374327544597182846642194746344e-1 Final circuit size: 43726 Estimated probability 0.00388353 (epsilon 0.00000002120447351039445) found in 21 seconds ",
1064,:,1737466609.000,34.000,0,210,0,0,"schlandals --timeout 1500 -i /data/schlandals/pwmc_benchmarks/instances/bayesian_networks/pcnf/munin/1064.cnf compile | tr '\n' ' '",/data/schlandals/pwmc_benchmarks/instances/bayesian_networks/pcnf/munin/1064.cnf,"lower 4.10889296493240551466703160655167191e-3 upper 9.91307758889440209281516926100183349e-1 Final circuit size: 42735 Estimated probability 0.00410889 (epsilon 0.000000020041479142918206) found in 28 seconds ",
1071,:,1737466619.000,26.000,0,208,0,0,"schlandals --timeout 1500 -i /data/schlandals/pwmc_benchmarks/instances/bayesian_networks/pcnf/munin/1071.cnf compile | tr '\n' ' '",/data/schlandals/pwmc_benchmarks/instances/bayesian_networks/pcnf/munin/1071.cnf,"lower 7.64332194915415872486287732225165182e-3 upper 9.92356587558411678834897904655160621e-1 Final circuit size: 43847 Estimated probability 0.00764332 (epsilon 0.0000006150434546103867) found in 21 seconds ",
1096,:,1737466640.000,6.000,0,207,0,0,"schlandals --timeout 1500 -i /data/schlandals/pwmc_benchmarks/instances/bayesian_networks/pcnf/munin/1096.cnf compile | tr '\n' ' '",/data/schlandals/pwmc_benchmarks/instances/bayesian_networks/pcnf/munin/1096.cnf,"lower 1.06858649998068917329015393967341456e-3 upper 9.92677444722785737903427602127252068e-1 Final circuit size: 7699 Estimated probability 0.00106859 (epsilon 0.00000001614209921285692) found in 4 seconds ",
1097,:,1737466641.000,6.000,0,208,0,0,"schlandals --timeout 1500 -i /data/schlandals/pwmc_benchmarks/instances/bayesian_networks/pcnf/munin/1097.cnf compile | tr '\n' ' '",/data/schlandals/pwmc_benchmarks/instances/bayesian_networks/pcnf/munin/1097.cnf,"lower 1.28216878174514921214349924504214870e-3 upper 9.98717668580739535756708535560371972e-1 Final circuit size: 9942 Estimated probability 0.00128217 (epsilon 0.000000025691834659724577) found in 4 seconds ",
1101,:,1737466645.000,3.000,0,208,0,0,"schlandals --timeout 1500 -i /data/schlandals/pwmc_benchmarks/instances/bayesian_networks/pcnf/munin/1101.cnf compile | tr '\n' ' '",/data/schlandals/pwmc_benchmarks/instances/bayesian_networks/pcnf/munin/1101.cnf,"lower 1.94372318317096951992736737926652182e-3 upper 9.98056129073942889728945607474702272e-1 Final circuit size: 10149 Estimated probability 0.00194372 (epsilon 0.00000008264644635325169) found in 2 seconds ",
1063,:,1737466609.000,40.000,0,210,0,0,"schlandals --timeout 1500 -i /data/schlandals/pwmc_benchmarks/instances/bayesian_networks/pcnf/munin/1063.cnf compile | tr '\n' ' '",/data/schlandals/pwmc_benchmarks/instances/bayesian_networks/pcnf/munin/1063.cnf,"lower 6.12154404742650199931907662596583256e-3 upper 9.89295089739225470492401698060775580e-1 Final circuit size: 38464 Estimated probability 0.00612154 (epsilon 0.000000013452209124409364) found in 33 seconds ",
1098,:,1737466643.000,6.000,0,207,0,0,"schlandals --timeout 1500 -i /data/schlandals/pwmc_benchmarks/instances/bayesian_networks/pcnf/munin/1098.cnf compile | tr '\n' ' '",/data/schlandals/pwmc_benchmarks/instances/bayesian_networks/pcnf/munin/1098.cnf,"lower 1.24232134539689310631717902233664732e-3 upper 9.98757515977619926067929483437280033e-1 Final circuit size: 9922 Estimated probability 0.00124232 (epsilon 0.00000002651589992019865) found in 4 seconds ",
1062,:,1737466608.000,41.000,0,208,0,0,"schlandals --timeout 1500 -i /data/schlandals/pwmc_benchmarks/instances/bayesian_networks/pcnf/munin/1062.cnf compile | tr '\n' ' '",/data/schlandals/pwmc_benchmarks/instances/bayesian_networks/pcnf/munin/1062.cnf,"lower 2.02300255945795055041214001810899431e-4 upper 9.95214306562643729954165503025043492e-1 Final circuit size: 38308 Estimated probability 0.00020230 (epsilon 0.0000002466837334402783) found in 33 seconds ",
1068,:,1737466612.000,38.000,0,209,0,0,"schlandals --timeout 1500 -i /data/schlandals/pwmc_benchmarks/instances/bayesian_networks/pcnf/munin/1068.cnf compile | tr '\n' ' '",/data/schlandals/pwmc_benchmarks/instances/bayesian_networks/pcnf/munin/1068.cnf,"lower 2.73356044305840593112367875744331929e-3 upper 9.97266313333036889165415090001389130e-1 Final circuit size: 43878 Estimated probability 0.00273356 (epsilon 0.00000003012492011400525) found in 32 seconds ",
1099,:,1737466643.000,7.000,0,207,0,0,"schlandals --timeout 1500 -i /data/schlandals/pwmc_benchmarks/instances/bayesian_networks/pcnf/munin/1099.cnf compile | tr '\n' ' '",/data/schlandals/pwmc_benchmarks/instances/bayesian_networks/pcnf/munin/1099.cnf,"lower 1.32357919572005478432848617116073213e-3 upper 9.98676266791107058603030662991104555e-1 Final circuit size: 10045 Estimated probability 0.00132358 (epsilon 0.0000000374645612311042) found in 4 seconds ",
1100,:,1737466643.000,7.000,0,208,0,0,"schlandals --timeout 1500 -i /data/schlandals/pwmc_benchmarks/instances/bayesian_networks/pcnf/munin/1100.cnf compile | tr '\n' ' '",/data/schlandals/pwmc_benchmarks/instances/bayesian_networks/pcnf/munin/1100.cnf,"lower 1.54639758911773852685313103823450435e-3 upper 9.98453454675669529559938527940726711e-1 Final circuit size: 10242 Estimated probability 0.00154640 (epsilon 0.00000010388131221894525) found in 4 seconds ",
1065,:,1737466611.000,39.000,0,210,0,0,"schlandals --timeout 1500 -i /data/schlandals/pwmc_benchmarks/instances/bayesian_networks/pcnf/munin/1065.cnf compile | tr '\n' ' '",/data/schlandals/pwmc_benchmarks/instances/bayesian_networks/pcnf/munin/1065.cnf,"lower 4.00728456682407347706857546063128411e-3 upper 9.95992604333066290251070876389828343e-1 Final circuit size: 43722 Estimated probability 0.00400728 (epsilon 0.000000020549649093482003) found in 32 seconds ",
1067,:,1737466612.000,40.000,0,209,0,0,"schlandals --timeout 1500 -i /data/schlandals/pwmc_benchmarks/instances/bayesian_networks/pcnf/munin/1067.cnf compile | tr '\n' ' '",/data/schlandals/pwmc_benchmarks/instances/bayesian_networks/pcnf/munin/1067.cnf,"lower 2.71595667851215112082057648156175017e-3 upper 9.97283946181792363346162607320326308e-1 Final circuit size: 43644 Estimated probability 0.00271596 (epsilon 0.00000003032017836801515) found in 32 seconds ",
1066,:,1737466612.000,40.000,0,209,0,0,"schlandals --timeout 1500 -i /data/schlandals/pwmc_benchmarks/instances/bayesian_networks/pcnf/munin/1066.cnf compile | tr '\n' ' '",/data/schlandals/pwmc_benchmarks/instances/bayesian_networks/pcnf/munin/1066.cnf,"lower 3.43516880258195859437968684342886974e-3 upper 9.96564722998538586876039041468736476e-1 Final circuit size: 43687 Estimated probability 0.00343517 (epsilon 0.00000002397212361948675) found in 33 seconds ",
1104,:,1737466648.000,4.000,0,208,0,0,"schlandals --timeout 1500 -i /data/schlandals/pwmc_benchmarks/instances/bayesian_networks/pcnf/munin/1104.cnf compile | tr '\n' ' '",/data/schlandals/pwmc_benchmarks/instances/bayesian_networks/pcnf/munin/1104.cnf,"lower 1.43678928035250609894344566800650379e-2 upper 9.85632026998530596582438840581204745e-1 Final circuit size: 10330 Estimated probability 0.01436789 (epsilon 0.00000004299037925648008) found in 2 seconds ",
712,:,1737465998.000,654.000,0,211,0,0,"schlandals --timeout 1500 -i /data/schlandals/pwmc_benchmarks/instances/bayesian_networks/pcnf/munin/712.cnf compile | tr '\n' ' '",/data/schlandals/pwmc_benchmarks/instances/bayesian_networks/pcnf/munin/712.cnf,"lower 8.68036216674988622993291474587669126e-3 upper 9.91319467833261836640697220292439986e-1 Final circuit size: 344481 Estimated probability 0.00868036 (epsilon 0.00000009167647041508076) found in 589 seconds ",
1102,:,1737466646.000,7.000,0,208,0,0,"schlandals --timeout 1500 -i /data/schlandals/pwmc_benchmarks/instances/bayesian_networks/pcnf/munin/1102.cnf compile | tr '\n' ' '",/data/schlandals/pwmc_benchmarks/instances/bayesian_networks/pcnf/munin/1102.cnf,"lower 3.62106378982244510374957111121726585e-3 upper 9.96378788465035417665320145974058579e-1 Final circuit size: 10128 Estimated probability 0.00362106 (epsilon 0.00000017058002033110142) found in 4 seconds ",
1103,:,1737466647.000,6.000,0,208,0,0,"schlandals --timeout 1500 -i /data/schlandals/pwmc_benchmarks/instances/bayesian_networks/pcnf/munin/1103.cnf compile | tr '\n' ' '",/data/schlandals/pwmc_benchmarks/instances/bayesian_networks/pcnf/munin/1103.cnf,"lower 7.15175091731969238271161371594545537e-3 upper 9.92848168910336946226672692419000074e-1 Final circuit size: 10245 Estimated probability 0.00715175 (epsilon 0.00000008636782444781943) found in 4 seconds ",
1105,:,1737466649.000,5.000,0,208,0,0,"schlandals --timeout 1500 -i /data/schlandals/pwmc_benchmarks/instances/bayesian_networks/pcnf/munin/1105.cnf compile | tr '\n' ' '",/data/schlandals/pwmc_benchmarks/instances/bayesian_networks/pcnf/munin/1105.cnf,"lower 4.28789732189930670181774714982756547e-2 upper 9.57120946612977042346232576931098511e-1 Final circuit size: 10324 Estimated probability 0.04287897 (epsilon 0.00000001440522323647997) found in 3 seconds ",
716,:,1737466007.000,647.000,0,212,0,0,"schlandals --timeout 1500 -i /data/schlandals/pwmc_benchmarks/instances/bayesian_networks/pcnf/munin/716.cnf compile | tr '\n' ' '",/data/schlandals/pwmc_benchmarks/instances/bayesian_networks/pcnf/munin/716.cnf,"lower 9.49234068683119467968140731316148190e-2 upper 9.05076423131699786245602874300016586e-1 Final circuit size: 342696 Estimated probability 0.09492341 (epsilon 0.000000008383443050874462) found in 581 seconds ",
1106,:,1737466649.000,6.000,0,208,0,0,"schlandals --timeout 1500 -i /data/schlandals/pwmc_benchmarks/instances/bayesian_networks/pcnf/munin/1106.cnf compile | tr '\n' ' '",/data/schlandals/pwmc_benchmarks/instances/bayesian_networks/pcnf/munin/1106.cnf,"lower 1.03025395267113982782064821601864428e-1 upper 8.96974524464026541076029358878232473e-1 Final circuit size: 10140 Estimated probability 0.10302540 (epsilon 0.00000000584311421469863) found in 4 seconds ",
1107,:,1737466649.000,7.000,0,210,0,0,"schlandals --timeout 1500 -i /data/schlandals/pwmc_benchmarks/instances/bayesian_networks/pcnf/munin/1107.cnf compile | tr '\n' ' '",/data/schlandals/pwmc_benchmarks/instances/bayesian_networks/pcnf/munin/1107.cnf,"lower 2.05845217862582255647925904961082589e-1 upper 7.94154701911124366595091085515786387e-1 Final circuit size: 10153 Estimated probability 0.20584522 (epsilon 0.0000000029244748844803325) found in 4 seconds ",
1109,:,1737466650.000,6.000,0,209,0,0,"schlandals --timeout 1500 -i /data/schlandals/pwmc_benchmarks/instances/bayesian_networks/pcnf/munin/1109.cnf compile | tr '\n' ' '",/data/schlandals/pwmc_benchmarks/instances/bayesian_networks/pcnf/munin/1109.cnf,"lower 2.02231351666073432773852565687354941e-1 upper 7.97768567980494392851755249363871443e-1 Final circuit size: 10051 Estimated probability 0.20223135 (epsilon 0.000000002894423367649779) found in 4 seconds ",
1108,:,1737466650.000,6.000,0,209,0,0,"schlandals --timeout 1500 -i /data/schlandals/pwmc_benchmarks/instances/bayesian_networks/pcnf/munin/1108.cnf compile | tr '\n' ' '",/data/schlandals/pwmc_benchmarks/instances/bayesian_networks/pcnf/munin/1108.cnf,"lower 2.47449398458022717896600796748293034e-1 upper 7.52550521308494789561063316401226115e-1 Final circuit size: 10146 Estimated probability 0.24744940 (epsilon 0.000000002432776868843689) found in 4 seconds ",
1110,:,1737466650.000,6.000,0,209,0,0,"schlandals --timeout 1500 -i /data/schlandals/pwmc_benchmarks/instances/bayesian_networks/pcnf/munin/1110.cnf compile | tr '\n' ' '",/data/schlandals/pwmc_benchmarks/instances/bayesian_networks/pcnf/munin/1110.cnf,"lower 1.00430129726905722362809223612881214e-1 upper 8.99569789952783080090860542331504789e-1 Final circuit size: 10108 Estimated probability 0.10043013 (epsilon 0.000000005828362015236621) found in 4 seconds ",
1111,:,1737466650.000,6.000,0,209,0,0,"schlandals --timeout 1500 -i /data/schlandals/pwmc_benchmarks/instances/bayesian_networks/pcnf/munin/1111.cnf compile | tr '\n' ' '",/data/schlandals/pwmc_benchmarks/instances/bayesian_networks/pcnf/munin/1111.cnf,"lower 4.09260150598319529340557649530034288e-2 upper 9.59073904619856848740875848529753026e-1 Final circuit size: 10091 Estimated probability 0.04092602 (epsilon 0.000000014302470985327886) found in 4 seconds ",
1072,:,1737466619.000,38.000,0,207,0,0,"schlandals --timeout 1500 -i /data/schlandals/pwmc_benchmarks/instances/bayesian_networks/pcnf/munin/1072.cnf compile | tr '\n' ' '",/data/schlandals/pwmc_benchmarks/instances/bayesian_networks/pcnf/munin/1072.cnf,"lower 1.09449795224585216352419208665449133e-2 upper 9.89054929979122839816527990483445242e-1 Final circuit size: 43381 Estimated probability 0.01094498 (epsilon 0.000000429509766197711) found in 33 seconds ",
1074,:,1737466621.000,36.000,0,209,0,0,"schlandals --timeout 1500 -i /data/schlandals/pwmc_benchmarks/instances/bayesian_networks/pcnf/munin/1074.cnf compile | tr '\n' ' '",/data/schlandals/pwmc_benchmarks/instances/bayesian_networks/pcnf/munin/1074.cnf,"lower 6.00393031637161016756830596452361662e-2 upper 9.39960603338924062833816559356570788e-1 Final circuit size: 44112 Estimated probability 0.06003930 (epsilon 0.00000007829831694117217) found in 31 seconds ",
1112,:,1737466652.000,6.000,0,208,0,0,"schlandals --timeout 1500 -i /data/schlandals/pwmc_benchmarks/instances/bayesian_networks/pcnf/munin/1112.cnf compile | tr '\n' ' '",/data/schlandals/pwmc_benchmarks/instances/bayesian_networks/pcnf/munin/1112.cnf,"lower 1.47697358121238998551776300225684678e-2 upper 9.85230183749015862066440191878222926e-1 Final circuit size: 10061 Estimated probability 0.01476974 (epsilon 0.00000003211219135046406) found in 4 seconds ",
1116,:,1737466653.000,6.000,0,208,0,0,"schlandals --timeout 1500 -i /data/schlandals/pwmc_benchmarks/instances/bayesian_networks/pcnf/munin/1116.cnf compile | tr '\n' ' '",/data/schlandals/pwmc_benchmarks/instances/bayesian_networks/pcnf/munin/1116.cnf,"lower 8.58451253969622813774700629628254983e-3 upper 9.91415457460303577242753687411033034e-1 Final circuit size: 25693 Estimated probability 0.00858451 (epsilon 0.00000006319811673982656) found in 5 seconds ",
1070,:,1737466619.000,40.000,0,209,0,0,"schlandals --timeout 1500 -i /data/schlandals/pwmc_benchmarks/instances/bayesian_networks/pcnf/munin/1070.cnf compile | tr '\n' ' '",/data/schlandals/pwmc_benchmarks/instances/bayesian_networks/pcnf/munin/1070.cnf,"lower 5.81819397711714043081650886631470712e-3 upper 9.94181693743909278492692327326628345e-1 Final circuit size: 43971 Estimated probability 0.00581819 (epsilon 0.00000007184896766432303) found in 33 seconds ",
1075,:,1737466622.000,38.000,0,210,0,0,"schlandals --timeout 1500 -i /data/schlandals/pwmc_benchmarks/instances/bayesian_networks/pcnf/munin/1075.cnf compile | tr '\n' ' '",/data/schlandals/pwmc_benchmarks/instances/bayesian_networks/pcnf/munin/1075.cnf,"lower 1.37573665873377556890383732331017003e-1 upper 8.62426243426223233394986047903005193e-1 Final circuit size: 43608 Estimated probability 0.13757367 (epsilon 0.000000034170612783768206) found in 31 seconds ",
1073,:,1737466620.000,40.000,0,209,0,0,"schlandals --timeout 1500 -i /data/schlandals/pwmc_benchmarks/instances/bayesian_networks/pcnf/munin/1073.cnf compile | tr '\n' ' '",/data/schlandals/pwmc_benchmarks/instances/bayesian_networks/pcnf/munin/1073.cnf,"lower 2.56807796155612589903434563397491274e-2 upper 9.74319124070771392906736522504370277e-1 Final circuit size: 42933 Estimated probability 0.02568078 (epsilon 0.00000018305426063847108) found in 33 seconds ",
1113,:,1737466652.000,9.000,0,184,0,0,"schlandals --timeout 1500 -i /data/schlandals/pwmc_benchmarks/instances/bayesian_networks/pcnf/munin/1113.cnf compile | tr '\n' ' '",/data/schlandals/pwmc_benchmarks/instances/bayesian_networks/pcnf/munin/1113.cnf,"lower 1.37944231453225266222242691334654037e-2 upper 9.86205519082422037825054990238674992e-1 Final circuit size: 25897 Estimated probability 0.01379442 (epsilon 0) found in 6 seconds ",
1126,:,1737466657.000,5.000,0,207,0,0,"schlandals --timeout 1500 -i /data/schlandals/pwmc_benchmarks/instances/bayesian_networks/pcnf/munin/1126.cnf compile | tr '\n' ' '",/data/schlandals/pwmc_benchmarks/instances/bayesian_networks/pcnf/munin/1126.cnf,"lower 3.99219651573345881817645260195318069e-3 upper 9.96007771809808500287442342630383648e-1 Final circuit size: 18479 Estimated probability 0.00399220 (epsilon 0.0000011290993460200127) found in 4 seconds ",
1115,:,1737466652.000,10.000,0,209,0,0,"schlandals --timeout 1500 -i /data/schlandals/pwmc_benchmarks/instances/bayesian_networks/pcnf/munin/1115.cnf compile | tr '\n' ' '",/data/schlandals/pwmc_benchmarks/instances/bayesian_networks/pcnf/munin/1115.cnf,"lower 8.15897151633998967340932233639026171e-3 upper 9.91840972751686473363414671333482781e-1 Final circuit size: 25662 Estimated probability 0.00815897 (epsilon 0.000000029121635991558037) found in 8 seconds ",
1114,:,1737466652.000,11.000,0,209,0,0,"schlandals --timeout 1500 -i /data/schlandals/pwmc_benchmarks/instances/bayesian_networks/pcnf/munin/1114.cnf compile | tr '\n' ' '",/data/schlandals/pwmc_benchmarks/instances/bayesian_networks/pcnf/munin/1114.cnf,"lower 8.91709936798845197532272680316405018e-3 upper 9.91082844900038008409802134513578320e-1 Final circuit size: 25664 Estimated probability 0.00891710 (epsilon 0.000000026645727180252265) found in 8 seconds ",
1121,:,1737466656.000,8.000,0,209,0,0,"schlandals --timeout 1500 -i /data/schlandals/pwmc_benchmarks/instances/bayesian_networks/pcnf/munin/1121.cnf compile | tr '\n' ' '",/data/schlandals/pwmc_benchmarks/instances/bayesian_networks/pcnf/munin/1121.cnf,"lower 1.42832090545001540064989647113165630e-1 upper 8.57167879105896865097990292092782353e-1 Final circuit size: 21096 Estimated probability 0.14283209 (epsilon 0.000000033257173459588785) found in 6 seconds ",
1123,:,1737466656.000,8.000,0,208,0,0,"schlandals --timeout 1500 -i /data/schlandals/pwmc_benchmarks/instances/bayesian_networks/pcnf/munin/1123.cnf compile | tr '\n' ' '",/data/schlandals/pwmc_benchmarks/instances/bayesian_networks/pcnf/munin/1123.cnf,"lower 2.72254076569281924194559706255341442e-1 upper 7.27745893082080724162762922695628055e-1 Final circuit size: 20931 Estimated probability 0.27225408 (epsilon 0.00000001744764199784754) found in 6 seconds ",
1117,:,1737466653.000,11.000,0,207,0,0,"schlandals --timeout 1500 -i /data/schlandals/pwmc_benchmarks/instances/bayesian_networks/pcnf/munin/1117.cnf compile | tr '\n' ' '",/data/schlandals/pwmc_benchmarks/instances/bayesian_networks/pcnf/munin/1117.cnf,"lower 1.04028870392956575520116068151653296e-2 upper 9.89597082960704150778471405053271209e-1 Final circuit size: 25937 Estimated probability 0.01040289 (epsilon 0.0000000521513907614235) found in 8 seconds ",
1118,:,1737466654.000,11.000,0,208,0,0,"schlandals --timeout 1500 -i /data/schlandals/pwmc_benchmarks/instances/bayesian_networks/pcnf/munin/1118.cnf compile | tr '\n' ' '",/data/schlandals/pwmc_benchmarks/instances/bayesian_networks/pcnf/munin/1118.cnf,"lower 1.41951680196790085258192638329113711e-2 upper 9.85804801980320789703693214320375658e-1 Final circuit size: 25626 Estimated probability 0.01419517 (epsilon 0.00000033463435156200205) found in 8 seconds ",
1077,:,1737466625.000,40.000,0,210,0,0,"schlandals --timeout 1500 -i /data/schlandals/pwmc_benchmarks/instances/bayesian_networks/pcnf/munin/1077.cnf compile | tr '\n' ' '",/data/schlandals/pwmc_benchmarks/instances/bayesian_networks/pcnf/munin/1077.cnf,"lower 2.21674038979211753418096554449526953e-1 upper 7.78325867351900871963734041496718030e-1 Final circuit size: 43097 Estimated probability 0.22167404 (epsilon 0.000000021206707723209206) found in 33 seconds ",
1076,:,1737466624.000,41.000,0,208,0,0,"schlandals --timeout 1500 -i /data/schlandals/pwmc_benchmarks/instances/bayesian_networks/pcnf/munin/1076.cnf compile | tr '\n' ' '",/data/schlandals/pwmc_benchmarks/instances/bayesian_networks/pcnf/munin/1076.cnf,"lower 1.99687178136318977882305636601973733e-1 upper 8.00312725370135554192488568160710540e-1 Final circuit size: 43641 Estimated probability 0.19968718 (epsilon 0.0000000235417045857389) found in 35 seconds ",
1119,:,1737466654.000,11.000,0,208,0,0,"schlandals --timeout 1500 -i /data/schlandals/pwmc_benchmarks/instances/bayesian_networks/pcnf/munin/1119.cnf compile | tr '\n' ' '",/data/schlandals/pwmc_benchmarks/instances/bayesian_networks/pcnf/munin/1119.cnf,"lower 2.14248940906341405885478959480970381e-2 upper 9.78575075909365665152588648388351445e-1 Final circuit size: 25599 Estimated probability 0.02142489 (epsilon 0.00000022171363345258044) found in 8 seconds ",
1120,:,1737466655.000,11.000,0,207,0,0,"schlandals --timeout 1500 -i /data/schlandals/pwmc_benchmarks/instances/bayesian_networks/pcnf/munin/1120.cnf compile | tr '\n' ' '",/data/schlandals/pwmc_benchmarks/instances/bayesian_networks/pcnf/munin/1120.cnf,"lower 5.03985180444113750522431330475549111e-2 upper 9.49601451606714570666995701096907237e-1 Final circuit size: 20888 Estimated probability 0.05039852 (epsilon 0.0000000942526019453993) found in 8 seconds ",
1127,:,1737466657.000,9.000,0,206,0,0,"schlandals --timeout 1500 -i /data/schlandals/pwmc_benchmarks/instances/bayesian_networks/pcnf/munin/1127.cnf compile | tr '\n' ' '",/data/schlandals/pwmc_benchmarks/instances/bayesian_networks/pcnf/munin/1127.cnf,"lower 2.52485244449650882408016230482390705e-4 upper 9.99747480785754528517187546992910877e-1 Final circuit size: 16201 Estimated probability 0.00025249 (epsilon 0.000016645057622222126) found in 6 seconds ",
1078,:,1737466625.000,41.000,0,210,0,0,"schlandals --timeout 1500 -i /data/schlandals/pwmc_benchmarks/instances/bayesian_networks/pcnf/munin/1078.cnf compile | tr '\n' ' '",/data/schlandals/pwmc_benchmarks/instances/bayesian_networks/pcnf/munin/1078.cnf,"lower 1.53490672185834426897865109903484914e-1 upper 8.46509230945848749202659302057897973e-1 Final circuit size: 43256 Estimated probability 0.15349067 (epsilon 0.000000030627115288339724) found in 34 seconds ",
1122,:,1737466656.000,10.000,0,209,0,0,"schlandals --timeout 1500 -i /data/schlandals/pwmc_benchmarks/instances/bayesian_networks/pcnf/munin/1122.cnf compile | tr '\n' ' '",/data/schlandals/pwmc_benchmarks/instances/bayesian_networks/pcnf/munin/1122.cnf,"lower 2.73592798911925157618366831934554823e-1 upper 7.26407170808864775999855738479686477e-1 Final circuit size: 21077 Estimated probability 0.27359280 (epsilon 0.000000017362268511789125) found in 8 seconds ",
1124,:,1737466656.000,10.000,0,209,0,0,"schlandals --timeout 1500 -i /data/schlandals/pwmc_benchmarks/instances/bayesian_networks/pcnf/munin/1124.cnf compile | tr '\n' ' '",/data/schlandals/pwmc_benchmarks/instances/bayesian_networks/pcnf/munin/1124.cnf,"lower 1.37686416205103927965520057161157732e-1 upper 8.62313553446001960285249804779386429e-1 Final circuit size: 20813 Estimated probability 0.13768642 (epsilon 0.000000034500074352905585) found in 8 seconds ",
1079,:,1737466625.000,42.000,0,209,0,0,"schlandals --timeout 1500 -i /data/schlandals/pwmc_benchmarks/instances/bayesian_networks/pcnf/munin/1079.cnf compile | tr '\n' ' '",/data/schlandals/pwmc_benchmarks/instances/bayesian_networks/pcnf/munin/1079.cnf,"lower 9.29633224690258767428536984263532123e-2 upper 9.07036580669551539213172001450047322e-1 Final circuit size: 43355 Estimated probability 0.09296332 (epsilon 0.00000005056807728109902) found in 34 seconds ",
1125,:,1737466656.000,11.000,0,207,0,0,"schlandals --timeout 1500 -i /data/schlandals/pwmc_benchmarks/instances/bayesian_networks/pcnf/munin/1125.cnf compile | tr '\n' ' '",/data/schlandals/pwmc_benchmarks/instances/bayesian_networks/pcnf/munin/1125.cnf,"lower 3.35134527347536165762004504042942222e-2 upper 9.66486516678747771922952928444323706e-1 Final circuit size: 21310 Estimated probability 0.03351345 (epsilon 0.0000001417398369785161) found in 8 seconds ",
1128,:,1737466658.000,9.000,0,207,0,0,"schlandals --timeout 1500 -i /data/schlandals/pwmc_benchmarks/instances/bayesian_networks/pcnf/munin/1128.cnf compile | tr '\n' ' '",/data/schlandals/pwmc_benchmarks/instances/bayesian_networks/pcnf/munin/1128.cnf,"lower 8.23893668559150068912071868048096472e-3 upper 9.91760908270935538939412002446043695e-1 Final circuit size: 3316 Estimated probability 0.00823894 (epsilon 0.00000000480694706261886) found in 7 seconds ",
1080,:,1737466626.000,41.000,0,209,0,0,"schlandals --timeout 1500 -i /data/schlandals/pwmc_benchmarks/instances/bayesian_networks/pcnf/munin/1080.cnf compile | tr '\n' ' '",/data/schlandals/pwmc_benchmarks/instances/bayesian_networks/pcnf/munin/1080.cnf,"lower 4.90373563457816331111916696462712580e-2 upper 9.50962549683585593662971469020317100e-1 Final circuit size: 42984 Estimated probability 0.04903736 (epsilon 0.00000009586520843818391) found in 34 seconds ",
1147,:,1737466666.000,1.000,0,183,0,0,"schlandals --timeout 1500 -i /data/schlandals/pwmc_benchmarks/instances/bayesian_networks/pcnf/munin/1147.cnf compile | tr '\n' ' '",/data/schlandals/pwmc_benchmarks/instances/bayesian_networks/pcnf/munin/1147.cnf,"lower 9.73382534249562940318412159906769779e-2 upper 9.02660588171168822123437829821109480e-1 Final circuit size: 3828 Estimated probability 0.09733825 (epsilon 0) found in 0 seconds ",
1148,:,1737466666.000,1.000,0,183,0,0,"schlandals --timeout 1500 -i /data/schlandals/pwmc_benchmarks/instances/bayesian_networks/pcnf/munin/1148.cnf compile | tr '\n' ' '",/data/schlandals/pwmc_benchmarks/instances/bayesian_networks/pcnf/munin/1148.cnf,"lower 5.48205642652989687303126358890877670e-1 upper 4.51793198943135429559614225506347202e-1 Final circuit size: 3840 Estimated probability 0.54820564 (epsilon 0) found in 0 seconds ",
1149,:,1737466667.000,1.000,0,183,0,0,"schlandals --timeout 1500 -i /data/schlandals/pwmc_benchmarks/instances/bayesian_networks/pcnf/munin/1149.cnf compile | tr '\n' ' '",/data/schlandals/pwmc_benchmarks/instances/bayesian_networks/pcnf/munin/1149.cnf,"lower 3.16761462316867364386814310413465246e-1 upper 6.83237379279257750705456119063918679e-1 Final circuit size: 3792 Estimated probability 0.31676146 (epsilon 0) found in 0 seconds ",
1150,:,1737466667.000,1.000,0,183,0,0,"schlandals --timeout 1500 -i /data/schlandals/pwmc_benchmarks/instances/bayesian_networks/pcnf/munin/1150.cnf compile | tr '\n' ' '",/data/schlandals/pwmc_benchmarks/instances/bayesian_networks/pcnf/munin/1150.cnf,"lower 2.55234089156074028990680000434710680e-2 upper 9.74476591084392716872635488339858884e-1 Final circuit size: 3976 Estimated probability 0.02552341 (epsilon 0) found in 0 seconds ",
1151,:,1737466667.000,1.000,0,183,0,0,"schlandals --timeout 1500 -i /data/schlandals/pwmc_benchmarks/instances/bayesian_networks/pcnf/munin/1151.cnf compile | tr '\n' ' '",/data/schlandals/pwmc_benchmarks/instances/bayesian_networks/pcnf/munin/1151.cnf,"lower 2.78316202017799731650167494247827252e-3 upper 9.97215679575947219521010514416778497e-1 Final circuit size: 3643 Estimated probability 0.00278316 (epsilon 0) found in 0 seconds ",
1152,:,1737466667.000,1.000,0,183,0,0,"schlandals --timeout 1500 -i /data/schlandals/pwmc_benchmarks/instances/bayesian_networks/pcnf/munin/1152.cnf compile | tr '\n' ' '",/data/schlandals/pwmc_benchmarks/instances/bayesian_networks/pcnf/munin/1152.cnf,"lower 3.04802278786643878857897633693265148e-3 upper 9.96950818808258775706031993742859311e-1 Final circuit size: 3691 Estimated probability 0.00304802 (epsilon 0) found in 0 seconds ",
1153,:,1737466667.000,1.000,0,183,0,0,"schlandals --timeout 1500 -i /data/schlandals/pwmc_benchmarks/instances/bayesian_networks/pcnf/munin/1153.cnf compile | tr '\n' ' '",/data/schlandals/pwmc_benchmarks/instances/bayesian_networks/pcnf/munin/1153.cnf,"lower 2.44812950165824981882067480003694837e-3 upper 9.97550712094466863266607789350842685e-1 Final circuit size: 2864 Estimated probability 0.00244813 (epsilon 0) found in 0 seconds ",
1154,:,1737466667.000,1.000,0,183,0,0,"schlandals --timeout 1500 -i /data/schlandals/pwmc_benchmarks/instances/bayesian_networks/pcnf/munin/1154.cnf compile | tr '\n' ' '",/data/schlandals/pwmc_benchmarks/instances/bayesian_networks/pcnf/munin/1154.cnf,"lower 4.73156095672906244738716736091391958e-4 upper 9.99526843904327205333428139042446715e-1 Final circuit size: 2828 Estimated probability 0.00047316 (epsilon 0) found in 0 seconds ",
1158,:,1737466668.000,1.000,0,183,0,0,"schlandals --timeout 1500 -i /data/schlandals/pwmc_benchmarks/instances/bayesian_networks/pcnf/munin/1158.cnf compile | tr '\n' ' '",/data/schlandals/pwmc_benchmarks/instances/bayesian_networks/pcnf/munin/1158.cnf,"lower 1.95914141846750037832616203437033406e-3 upper 9.98040858581532712422054674017507574e-1 Final circuit size: 1832 Estimated probability 0.00195914 (epsilon 0) found in 0 seconds ",
1155,:,1737466668.000,1.000,0,183,0,0,"schlandals --timeout 1500 -i /data/schlandals/pwmc_benchmarks/instances/bayesian_networks/pcnf/munin/1155.cnf compile | tr '\n' ' '",/data/schlandals/pwmc_benchmarks/instances/bayesian_networks/pcnf/munin/1155.cnf,"lower 2.97456805894298268124135049624364013e-4 upper 9.99702543194105811226485651607772502e-1 Final circuit size: 2911 Estimated probability 0.00029746 (epsilon 0) found in 0 seconds ",
1156,:,1737466668.000,1.000,0,183,0,0,"schlandals --timeout 1500 -i /data/schlandals/pwmc_benchmarks/instances/bayesian_networks/pcnf/munin/1156.cnf compile | tr '\n' ' '",/data/schlandals/pwmc_benchmarks/instances/bayesian_networks/pcnf/munin/1156.cnf,"lower 5.91179549228949844894320487018919133e-4 upper 9.99407662046896258536713216885091318e-1 Final circuit size: 1901 Estimated probability 0.00059118 (epsilon 0) found in 0 seconds ",
1157,:,1737466668.000,1.000,0,183,0,0,"schlandals --timeout 1500 -i /data/schlandals/pwmc_benchmarks/instances/bayesian_networks/pcnf/munin/1157.cnf compile | tr '\n' ' '",/data/schlandals/pwmc_benchmarks/instances/bayesian_networks/pcnf/munin/1157.cnf,"lower 5.70984510612953528162211930489122939e-4 upper 9.99427857085512254853445325441621039e-1 Final circuit size: 1901 Estimated probability 0.00057098 (epsilon 0) found in 0 seconds ",
701,:,1737465989.000,680.000,0,212,0,0,"schlandals --timeout 1500 -i /data/schlandals/pwmc_benchmarks/instances/bayesian_networks/pcnf/munin/701.cnf compile | tr '\n' ' '",/data/schlandals/pwmc_benchmarks/instances/bayesian_networks/pcnf/munin/701.cnf,"lower 6.78744636480257135170045602986657350e-3 upper 9.93212315265243644108170591164054256e-1 Final circuit size: 353601 Estimated probability 0.00678745 (epsilon 0.000000006393850338071161) found in 614 seconds ",
1135,:,1737466662.000,8.000,0,207,0,0,"schlandals --timeout 1500 -i /data/schlandals/pwmc_benchmarks/instances/bayesian_networks/pcnf/munin/1135.cnf compile | tr '\n' ' '",/data/schlandals/pwmc_benchmarks/instances/bayesian_networks/pcnf/munin/1135.cnf,"lower 2.74322976785973035348040349957518302e-3 upper 9.97256317424546700429541970767199941e-1 Final circuit size: 12850 Estimated probability 0.00274323 (epsilon 0.0000000313545005514726) found in 5 seconds ",
1137,:,1737466664.000,7.000,0,207,0,0,"schlandals --timeout 1500 -i /data/schlandals/pwmc_benchmarks/instances/bayesian_networks/pcnf/munin/1137.cnf compile | tr '\n' ' '",/data/schlandals/pwmc_benchmarks/instances/bayesian_networks/pcnf/munin/1137.cnf,"lower 3.84536136072439814382825245868516360e-3 upper 9.96154544129419397191502851272236147e-1 Final circuit size: 12654 Estimated probability 0.00384536 (epsilon 0.0000001364002053527713) found in 5 seconds ",
1130,:,1737466659.000,12.000,0,209,0,0,"schlandals --timeout 1500 -i /data/schlandals/pwmc_benchmarks/instances/bayesian_networks/pcnf/munin/1130.cnf compile | tr '\n' ' '",/data/schlandals/pwmc_benchmarks/instances/bayesian_networks/pcnf/munin/1130.cnf,"lower 1.62324005675355220868508347168806734e-3 upper 9.92122682835784941369301644509019302e-1 Final circuit size: 10826 Estimated probability 0.00162324 (epsilon 0.000000024398198350539246) found in 8 seconds ",
1129,:,1737466659.000,12.000,0,208,0,0,"schlandals --timeout 1500 -i /data/schlandals/pwmc_benchmarks/instances/bayesian_networks/pcnf/munin/1129.cnf compile | tr '\n' ' '",/data/schlandals/pwmc_benchmarks/instances/bayesian_networks/pcnf/munin/1129.cnf,"lower 9.33323504112692498363600247948714399e-5 upper 9.93652590714846049728022462232571647e-1 Final circuit size: 10430 Estimated probability 0.00009333 (epsilon 0.00000042433433367072837) found in 9 seconds ",
703,:,1737465992.000,679.000,0,211,0,0,"schlandals --timeout 1500 -i /data/schlandals/pwmc_benchmarks/instances/bayesian_networks/pcnf/munin/703.cnf compile | tr '\n' ' '",/data/schlandals/pwmc_benchmarks/instances/bayesian_networks/pcnf/munin/703.cnf,"lower 8.90419644755625514503295032876346507e-4 upper 9.99109345096883083893366856703842183e-1 Final circuit size: 342513 Estimated probability 0.00089042 (epsilon 0.00000018104504739824279) found in 606 seconds ",
1131,:,1737466660.000,11.000,0,209,0,0,"schlandals --timeout 1500 -i /data/schlandals/pwmc_benchmarks/instances/bayesian_networks/pcnf/munin/1131.cnf compile | tr '\n' ' '",/data/schlandals/pwmc_benchmarks/instances/bayesian_networks/pcnf/munin/1131.cnf,"lower 2.83554612153371284115585441413302454e-3 upper 9.90909719321315378453903764496639629e-1 Final circuit size: 10843 Estimated probability 0.00283555 (epsilon 0.000000013967021317284889) found in 8 seconds ",
1133,:,1737466661.000,10.000,0,207,0,0,"schlandals --timeout 1500 -i /data/schlandals/pwmc_benchmarks/instances/bayesian_networks/pcnf/munin/1133.cnf compile | tr '\n' ' '",/data/schlandals/pwmc_benchmarks/instances/bayesian_networks/pcnf/munin/1133.cnf,"lower 2.81626185267937040140574522541508941e-3 upper 9.97183297461471680885598836879325907e-1 Final circuit size: 12597 Estimated probability 0.00281626 (epsilon 0.0000000240423951858304) found in 8 seconds ",
1132,:,1737466660.000,12.000,0,207,0,0,"schlandals --timeout 1500 -i /data/schlandals/pwmc_benchmarks/instances/bayesian_networks/pcnf/munin/1132.cnf compile | tr '\n' ' '",/data/schlandals/pwmc_benchmarks/instances/bayesian_networks/pcnf/munin/1132.cnf,"lower 3.15882358909665335574832876821430166e-3 upper 9.96840407435482948230412207146963504e-1 Final circuit size: 12679 Estimated probability 0.00315882 (epsilon 0.0000000214350941440955) found in 9 seconds ",
1141,:,1737466665.000,7.000,0,209,0,0,"schlandals --timeout 1500 -i /data/schlandals/pwmc_benchmarks/instances/bayesian_networks/pcnf/munin/1141.cnf compile | tr '\n' ' '",/data/schlandals/pwmc_benchmarks/instances/bayesian_networks/pcnf/munin/1141.cnf,"lower 1.43601460142754049117087321974456867e-1 upper 8.56398449602648512520723161133507635e-1 Final circuit size: 12540 Estimated probability 0.14360146 (epsilon 0.000000033646967656508764) found in 5 seconds ",
711,:,1737465997.000,676.000,0,211,0,0,"schlandals --timeout 1500 -i /data/schlandals/pwmc_benchmarks/instances/bayesian_networks/pcnf/munin/711.cnf compile | tr '\n' ' '",/data/schlandals/pwmc_benchmarks/instances/bayesian_networks/pcnf/munin/711.cnf,"lower 5.86472891656721505867498042315771697e-3 upper 9.94135100677302212193000747646616421e-1 Final circuit size: 347024 Estimated probability 0.00586473 (epsilon 0.00000013568997947466244) found in 607 seconds ",
1138,:,1737466664.000,9.000,0,208,0,0,"schlandals --timeout 1500 -i /data/schlandals/pwmc_benchmarks/instances/bayesian_networks/pcnf/munin/1138.cnf compile | tr '\n' ' '",/data/schlandals/pwmc_benchmarks/instances/bayesian_networks/pcnf/munin/1138.cnf,"lower 6.93513990583971112514127649997513770e-3 upper 9.93064407282717623804179720650209240e-1 Final circuit size: 12962 Estimated probability 0.00693514 (epsilon 0.00000007563049897463259) found in 6 seconds ",
1134,:,1737466662.000,11.000,0,208,0,0,"schlandals --timeout 1500 -i /data/schlandals/pwmc_benchmarks/instances/bayesian_networks/pcnf/munin/1134.cnf compile | tr '\n' ' '",/data/schlandals/pwmc_benchmarks/instances/bayesian_networks/pcnf/munin/1134.cnf,"lower 2.77121466315802081867825089097772177e-3 upper 9.97228652126394637013491431162306810e-1 Final circuit size: 12464 Estimated probability 0.00277121 (epsilon 0.00000003103786982983081) found in 8 seconds ",
1140,:,1737466665.000,9.000,0,208,0,0,"schlandals --timeout 1500 -i /data/schlandals/pwmc_benchmarks/instances/bayesian_networks/pcnf/munin/1140.cnf compile | tr '\n' ' '",/data/schlandals/pwmc_benchmarks/instances/bayesian_networks/pcnf/munin/1140.cnf,"lower 4.90672144875491930525305351500656853e-2 upper 9.50932695263180184123622731114876259e-1 Final circuit size: 12513 Estimated probability 0.04906721 (epsilon 0.00000009847214044178543) found in 7 seconds ",
1136,:,1737466663.000,11.000,0,208,0,0,"schlandals --timeout 1500 -i /data/schlandals/pwmc_benchmarks/instances/bayesian_networks/pcnf/munin/1136.cnf compile | tr '\n' ' '",/data/schlandals/pwmc_benchmarks/instances/bayesian_networks/pcnf/munin/1136.cnf,"lower 2.48358948630719807882402962010347199e-3 upper 9.97516316006178270658126136009662746e-1 Final circuit size: 12471 Estimated probability 0.00248359 (epsilon 0.00000003463237363554583) found in 8 seconds ",
1178,:,1737466674.000,0.000,0,182,0,0,"schlandals --timeout 1500 -i /data/schlandals/pwmc_benchmarks/instances/bayesian_networks/pcnf/munin/1178.cnf compile | tr '\n' ' '",/data/schlandals/pwmc_benchmarks/instances/bayesian_networks/pcnf/munin/1178.cnf,"lower 2.88079398445600456896878047456067744e-2 upper 9.71192050155440114396142781600957234e-1 Final circuit size: 499 Estimated probability 0.02880794 (epsilon 0) found in 0 seconds ",
1179,:,1737466674.000,1.000,0,182,0,0,"schlandals --timeout 1500 -i /data/schlandals/pwmc_benchmarks/instances/bayesian_networks/pcnf/munin/1179.cnf compile | tr '\n' ' '",/data/schlandals/pwmc_benchmarks/instances/bayesian_networks/pcnf/munin/1179.cnf,"lower 2.82418915160186194586734421646451805e-1 upper 7.17581074839813965499096164700112234e-1 Final circuit size: 506 Estimated probability 0.28241892 (epsilon 0) found in 0 seconds ",
1180,:,1737466674.000,1.000,0,182,0,0,"schlandals --timeout 1500 -i /data/schlandals/pwmc_benchmarks/instances/bayesian_networks/pcnf/munin/1180.cnf compile | tr '\n' ' '",/data/schlandals/pwmc_benchmarks/instances/bayesian_networks/pcnf/munin/1180.cnf,"lower 5.15676828060892337476283948980387163e-1 upper 4.84323161939107822609546637366176876e-1 Final circuit size: 506 Estimated probability 0.51567683 (epsilon 0) found in 0 seconds ",
1139,:,1737466664.000,11.000,0,208,0,0,"schlandals --timeout 1500 -i /data/schlandals/pwmc_benchmarks/instances/bayesian_networks/pcnf/munin/1139.cnf compile | tr '\n' ' '",/data/schlandals/pwmc_benchmarks/instances/bayesian_networks/pcnf/munin/1139.cnf,"lower 1.47991959903876721197295171760425773e-2 upper 9.85200713939864360183173250423448034e-1 Final circuit size: 12614 Estimated probability 0.01479920 (epsilon 0.00000032838666452761345) found in 8 seconds ",
1182,:,1737466675.000,0.000,0,182,0,0,"schlandals --timeout 1500 -i /data/schlandals/pwmc_benchmarks/instances/bayesian_networks/pcnf/munin/1182.cnf compile | tr '\n' ' '",/data/schlandals/pwmc_benchmarks/instances/bayesian_networks/pcnf/munin/1182.cnf,"lower 3.20436137553937554849436108741684907e-3 upper 9.96795628624460784537336225259147229e-1 Final circuit size: 506 Estimated probability 0.00320436 (epsilon 0) found in 0 seconds ",
1181,:,1737466675.000,1.000,0,182,0,0,"schlandals --timeout 1500 -i /data/schlandals/pwmc_benchmarks/instances/bayesian_networks/pcnf/munin/1181.cnf compile | tr '\n' ' '",/data/schlandals/pwmc_benchmarks/instances/bayesian_networks/pcnf/munin/1181.cnf,"lower 1.69019526993409911841094199460570806e-1 upper 8.30980463006590248244736386885993330e-1 Final circuit size: 506 Estimated probability 0.16901953 (epsilon 0) found in 0 seconds ",
1183,:,1737466675.000,1.000,0,182,0,0,"schlandals --timeout 1500 -i /data/schlandals/pwmc_benchmarks/instances/bayesian_networks/pcnf/munin/1183.cnf compile | tr '\n' ' '",/data/schlandals/pwmc_benchmarks/instances/bayesian_networks/pcnf/munin/1183.cnf,"lower 3.30952465679692125325480763720574278e-4 upper 9.99669009570358860853671926174202711e-1 Final circuit size: 194 Estimated probability 0.00033095 (epsilon 0) found in 0 seconds ",
1143,:,1737466665.000,11.000,0,209,0,0,"schlandals --timeout 1500 -i /data/schlandals/pwmc_benchmarks/instances/bayesian_networks/pcnf/munin/1143.cnf compile | tr '\n' ' '",/data/schlandals/pwmc_benchmarks/instances/bayesian_networks/pcnf/munin/1143.cnf,"lower 2.83740135468972327367581481653182392e-1 upper 7.16259773948067362812647637699433184e-1 Final circuit size: 12773 Estimated probability 0.28374014 (epsilon 0.000000016964293303445288) found in 8 seconds ",
1184,:,1737466676.000,0.000,0,182,0,0,"schlandals --timeout 1500 -i /data/schlandals/pwmc_benchmarks/instances/bayesian_networks/pcnf/munin/1184.cnf compile | tr '\n' ' '",/data/schlandals/pwmc_benchmarks/instances/bayesian_networks/pcnf/munin/1184.cnf,"lower 3.49052301600140150345945287327859615e-4 upper 9.99650909708831590293721080504017967e-1 Final circuit size: 158 Estimated probability 0.00034905 (epsilon 0) found in 0 seconds ",
1185,:,1737466676.000,0.000,0,182,0,0,"schlandals --timeout 1500 -i /data/schlandals/pwmc_benchmarks/instances/bayesian_networks/pcnf/munin/1185.cnf compile | tr '\n' ' '",/data/schlandals/pwmc_benchmarks/instances/bayesian_networks/pcnf/munin/1185.cnf,"lower 9.43730304961738859396667878547964183e-5 upper 9.99905588979935556558127359003491035e-1 Final circuit size: 158 Estimated probability 0.00009437 (epsilon 0) found in 0 seconds ",
1186,:,1737466676.000,0.000,0,182,0,0,"schlandals --timeout 1500 -i /data/schlandals/pwmc_benchmarks/instances/bayesian_networks/pcnf/munin/1186.cnf compile | tr '\n' ' '",/data/schlandals/pwmc_benchmarks/instances/bayesian_networks/pcnf/munin/1186.cnf,"lower 1.55793738097935258464379434533082745e-5 upper 9.99984382636621936918220587847892577e-1 Final circuit size: 158 Estimated probability 0.00001558 (epsilon 0) found in 0 seconds ",
1187,:,1737466676.000,0.000,0,181,0,0,"schlandals --timeout 1500 -i /data/schlandals/pwmc_benchmarks/instances/bayesian_networks/pcnf/munin/1187.cnf compile | tr '\n' ' '",/data/schlandals/pwmc_benchmarks/instances/bayesian_networks/pcnf/munin/1187.cnf,"lower 3.03665669670947537426619939351244108e-5 upper 9.99969595328504824384328956180690819e-1 Final circuit size: 72 Estimated probability 0.00003037 (epsilon 0) found in 0 seconds ",
1188,:,1737466676.000,1.000,0,181,0,0,"schlandals --timeout 1500 -i /data/schlandals/pwmc_benchmarks/instances/bayesian_networks/pcnf/munin/1188.cnf compile | tr '\n' ' '",/data/schlandals/pwmc_benchmarks/instances/bayesian_networks/pcnf/munin/1188.cnf,"lower 3.29262009643211335087507949347197871e-5 upper 9.99967035694507598004562867379691163e-1 Final circuit size: 72 Estimated probability 0.00003293 (epsilon 0) found in 0 seconds ",
1189,:,1737466676.000,1.000,0,181,0,0,"schlandals --timeout 1500 -i /data/schlandals/pwmc_benchmarks/instances/bayesian_networks/pcnf/munin/1189.cnf compile | tr '\n' ' '",/data/schlandals/pwmc_benchmarks/instances/bayesian_networks/pcnf/munin/1189.cnf,"lower 1.91786250000000038898389717600959393e-5 upper 9.99980783269512987897457237153299568e-1 Final circuit size: 67 Estimated probability 0.00001918 (epsilon 0) found in 0 seconds ",
1145,:,1737466666.000,11.000,0,208,0,0,"schlandals --timeout 1500 -i /data/schlandals/pwmc_benchmarks/instances/bayesian_networks/pcnf/munin/1145.cnf compile | tr '\n' ' '",/data/schlandals/pwmc_benchmarks/instances/bayesian_networks/pcnf/munin/1145.cnf,"lower 3.47164441144613717002318344931110275e-2 upper 9.65283465104641352169066360351077738e-1 Final circuit size: 12462 Estimated probability 0.03471644 (epsilon 0.00000013865044934391335) found in 8 seconds ",
1142,:,1737466665.000,12.000,0,208,0,0,"schlandals --timeout 1500 -i /data/schlandals/pwmc_benchmarks/instances/bayesian_networks/pcnf/munin/1142.cnf compile | tr '\n' ' '",/data/schlandals/pwmc_benchmarks/instances/bayesian_networks/pcnf/munin/1142.cnf,"lower 2.93151885667028479889992705337114292e-1 upper 7.06848024078470701115858199445227842e-1 Final circuit size: 12943 Estimated probability 0.29315189 (epsilon 0.00000001648208325377709) found in 9 seconds ",
1144,:,1737466666.000,11.000,0,209,0,0,"schlandals --timeout 1500 -i /data/schlandals/pwmc_benchmarks/instances/bayesian_networks/pcnf/munin/1144.cnf compile | tr '\n' ' '",/data/schlandals/pwmc_benchmarks/instances/bayesian_networks/pcnf/munin/1144.cnf,"lower 1.37543876424090928198196735407374340e-1 upper 8.62456032991236398456976374058892271e-1 Final circuit size: 12816 Estimated probability 0.13754388 (epsilon 0.000000034995747855148807) found in 9 seconds ",
1146,:,1737466666.000,12.000,0,207,0,0,"schlandals --timeout 1500 -i /data/schlandals/pwmc_benchmarks/instances/bayesian_networks/pcnf/munin/1146.cnf compile | tr '\n' ' '",/data/schlandals/pwmc_benchmarks/instances/bayesian_networks/pcnf/munin/1146.cnf,"lower 5.83510213508207409773731685747626255e-3 upper 9.94164806998163953647251129938555999e-1 Final circuit size: 12797 Estimated probability 0.00583510 (epsilon 0.0000008249125460491058) found in 9 seconds ",
1190,:,1737466676.000,6.000,0,209,0,0,"schlandals --timeout 1500 -i /data/schlandals/pwmc_benchmarks/instances/bayesian_networks/pcnf/munin/1190.cnf compile | tr '\n' ' '",/data/schlandals/pwmc_benchmarks/instances/bayesian_networks/pcnf/munin/1190.cnf,"lower 6.99519269661191361463042267296914018e-3 upper 9.93004545830513611978252475972913216e-1 Final circuit size: 2042 Estimated probability 0.00699519 (epsilon 0.0000000009667098233023808) found in 4 seconds ",
1192,:,1737466677.000,6.000,0,208,0,0,"schlandals --timeout 1500 -i /data/schlandals/pwmc_benchmarks/instances/bayesian_networks/pcnf/munin/1192.cnf compile | tr '\n' ' '",/data/schlandals/pwmc_benchmarks/instances/bayesian_networks/pcnf/munin/1192.cnf,"lower 9.09429885624341519981915818696636868e-4 upper 9.99090319186312644259378367356820230e-1 Final circuit size: 8995 Estimated probability 0.00090943 (epsilon 0.000000007435780879916365) found in 4 seconds ",
1191,:,1737466676.000,7.000,0,207,0,0,"schlandals --timeout 1500 -i /data/schlandals/pwmc_benchmarks/instances/bayesian_networks/pcnf/munin/1191.cnf compile | tr '\n' ' '",/data/schlandals/pwmc_benchmarks/instances/bayesian_networks/pcnf/munin/1191.cnf,"lower 1.03471486147522634827279245726078011e-4 upper 9.99896272270457155367927667883684318e-1 Final circuit size: 8972 Estimated probability 0.00010347 (epsilon 0.00000006535443453081768) found in 5 seconds ",
1193,:,1737466677.000,6.000,0,209,0,0,"schlandals --timeout 1500 -i /data/schlandals/pwmc_benchmarks/instances/bayesian_networks/pcnf/munin/1193.cnf compile | tr '\n' ' '",/data/schlandals/pwmc_benchmarks/instances/bayesian_networks/pcnf/munin/1193.cnf,"lower 1.02122512182836764479677252082489756e-3 upper 9.98978704236818106516973293197210694e-1 Final circuit size: 10404 Estimated probability 0.00102123 (epsilon 0.000000006621773573911582) found in 4 seconds ",
1194,:,1737466677.000,6.000,0,209,0,0,"schlandals --timeout 1500 -i /data/schlandals/pwmc_benchmarks/instances/bayesian_networks/pcnf/munin/1194.cnf compile | tr '\n' ' '",/data/schlandals/pwmc_benchmarks/instances/bayesian_networks/pcnf/munin/1194.cnf,"lower 1.26311400530372435788314393297282144e-3 upper 9.98736817078807655717019357747076247e-1 Final circuit size: 10505 Estimated probability 0.00126311 (epsilon 0.000000005353690601950234) found in 4 seconds ",
1196,:,1737466677.000,6.000,0,210,0,0,"schlandals --timeout 1500 -i /data/schlandals/pwmc_benchmarks/instances/bayesian_networks/pcnf/munin/1196.cnf compile | tr '\n' ' '",/data/schlandals/pwmc_benchmarks/instances/bayesian_networks/pcnf/munin/1196.cnf,"lower 1.37024711250265387871861266349763003e-3 upper 9.98629686868896749441304171581349391e-1 Final circuit size: 10568 Estimated probability 0.00137025 (epsilon 0.0000000049351109865369835) found in 4 seconds ",
1195,:,1737466677.000,6.000,0,209,0,0,"schlandals --timeout 1500 -i /data/schlandals/pwmc_benchmarks/instances/bayesian_networks/pcnf/munin/1195.cnf compile | tr '\n' ' '",/data/schlandals/pwmc_benchmarks/instances/bayesian_networks/pcnf/munin/1195.cnf,"lower 1.22804755050254912206413990286610934e-3 upper 9.98771883533608827987618042675380388e-1 Final circuit size: 10839 Estimated probability 0.00122805 (epsilon 0.000000005506563205415205) found in 4 seconds ",
1197,:,1737466678.000,6.000,0,208,0,0,"schlandals --timeout 1500 -i /data/schlandals/pwmc_benchmarks/instances/bayesian_networks/pcnf/munin/1197.cnf compile | tr '\n' ' '",/data/schlandals/pwmc_benchmarks/instances/bayesian_networks/pcnf/munin/1197.cnf,"lower 2.01704642210793380019189107153419672e-3 upper 9.97982887559291472895837807567623445e-1 Final circuit size: 11060 Estimated probability 0.00201705 (epsilon 0.00000007324505180150709) found in 5 seconds ",
1198,:,1737466682.000,6.000,0,209,0,0,"schlandals --timeout 1500 -i /data/schlandals/pwmc_benchmarks/instances/bayesian_networks/pcnf/munin/1198.cnf compile | tr '\n' ' '",/data/schlandals/pwmc_benchmarks/instances/bayesian_networks/pcnf/munin/1198.cnf,"lower 2.92252503485056350605201037328237743e-3 upper 9.97077408946548844430214648039219760e-1 Final circuit size: 10511 Estimated probability 0.00292253 (epsilon 0.000000050551721475500244) found in 4 seconds ",
1199,:,1737466683.000,6.000,0,208,0,0,"schlandals --timeout 1500 -i /data/schlandals/pwmc_benchmarks/instances/bayesian_networks/pcnf/munin/1199.cnf compile | tr '\n' ' '",/data/schlandals/pwmc_benchmarks/instances/bayesian_networks/pcnf/munin/1199.cnf,"lower 6.55482365381326967305573662708605928e-3 upper 9.93445115996109429255533098298157609e-1 Final circuit size: 10946 Estimated probability 0.00655482 (epsilon 0.00000005792860835462932) found in 4 seconds ",
1200,:,1737466683.000,6.000,0,208,0,0,"schlandals --timeout 1500 -i /data/schlandals/pwmc_benchmarks/instances/bayesian_networks/pcnf/munin/1200.cnf compile | tr '\n' ' '",/data/schlandals/pwmc_benchmarks/instances/bayesian_networks/pcnf/munin/1200.cnf,"lower 7.62158237635147358398666004181008266e-3 upper 9.92378357273571222758238850116138527e-1 Final circuit size: 11117 Estimated probability 0.00762158 (epsilon 0.00000004982060053393411) found in 5 seconds ",
1201,:,1737466683.000,6.000,0,206,0,0,"schlandals --timeout 1500 -i /data/schlandals/pwmc_benchmarks/instances/bayesian_networks/pcnf/munin/1201.cnf compile | tr '\n' ' '",/data/schlandals/pwmc_benchmarks/instances/bayesian_networks/pcnf/munin/1201.cnf,"lower 9.86533761321278294655176326753371226e-3 upper 9.90134601999551049985004986917119905e-1 Final circuit size: 10577 Estimated probability 0.00986534 (epsilon 0.000000467668969328372) found in 5 seconds ",
1202,:,1737466683.000,6.000,0,208,0,0,"schlandals --timeout 1500 -i /data/schlandals/pwmc_benchmarks/instances/bayesian_networks/pcnf/munin/1202.cnf compile | tr '\n' ' '",/data/schlandals/pwmc_benchmarks/instances/bayesian_networks/pcnf/munin/1202.cnf,"lower 1.91824816159102825086242516229274856e-2 upper 9.80817457996853553739248855527246705e-1 Final circuit size: 10936 Estimated probability 0.01918248 (epsilon 0.00000024051699143434746) found in 5 seconds ",
1203,:,1737466683.000,7.000,0,208,0,0,"schlandals --timeout 1500 -i /data/schlandals/pwmc_benchmarks/instances/bayesian_networks/pcnf/munin/1203.cnf compile | tr '\n' ' '",/data/schlandals/pwmc_benchmarks/instances/bayesian_networks/pcnf/munin/1203.cnf,"lower 7.02083541997020854682265490410877540e-2 upper 9.29791585361784569831841177897307882e-1 Final circuit size: 10797 Estimated probability 0.07020835 (epsilon 0.00000006571458910364925) found in 4 seconds ",
1204,:,1737466683.000,7.000,0,209,0,0,"schlandals --timeout 1500 -i /data/schlandals/pwmc_benchmarks/instances/bayesian_networks/pcnf/munin/1204.cnf compile | tr '\n' ' '",/data/schlandals/pwmc_benchmarks/instances/bayesian_networks/pcnf/munin/1204.cnf,"lower 1.97545680913461865011176727072668657e-1 upper 8.02454258648024785844460757568444087e-1 Final circuit size: 10692 Estimated probability 0.19754568 (epsilon 0.000000023355171574479527) found in 5 seconds ",
1205,:,1737466684.000,6.000,0,209,0,0,"schlandals --timeout 1500 -i /data/schlandals/pwmc_benchmarks/instances/bayesian_networks/pcnf/munin/1205.cnf compile | tr '\n' ' '",/data/schlandals/pwmc_benchmarks/instances/bayesian_networks/pcnf/munin/1205.cnf,"lower 2.97205487776010411042268429206547098e-1 upper 7.02794451785476245382316729516429297e-1 Final circuit size: 10740 Estimated probability 0.29720549 (epsilon 0.000000015523647700632637) found in 4 seconds ",
1206,:,1737466688.000,6.000,0,209,0,0,"schlandals --timeout 1500 -i /data/schlandals/pwmc_benchmarks/instances/bayesian_networks/pcnf/munin/1206.cnf compile | tr '\n' ' '",/data/schlandals/pwmc_benchmarks/instances/bayesian_networks/pcnf/munin/1206.cnf,"lower 2.37062206562245048045951671881083726e-1 upper 7.62937732930824354775240074358700911e-1 Final circuit size: 10842 Estimated probability 0.23706221 (epsilon 0.000000019462036426887153) found in 4 seconds ",
1207,:,1737466689.000,6.000,0,208,0,0,"schlandals --timeout 1500 -i /data/schlandals/pwmc_benchmarks/instances/bayesian_networks/pcnf/munin/1207.cnf compile | tr '\n' ' '",/data/schlandals/pwmc_benchmarks/instances/bayesian_networks/pcnf/munin/1207.cnf,"lower 1.06548934753320454001052758037460618e-1 upper 8.93451004739748947842585544906702414e-1 Final circuit size: 10725 Estimated probability 0.10654893 (epsilon 0.00000004330135494612364) found in 4 seconds ",
1164,:,1737466669.000,26.000,0,210,0,0,"schlandals --timeout 1500 -i /data/schlandals/pwmc_benchmarks/instances/bayesian_networks/pcnf/munin/1164.cnf compile | tr '\n' ' '",/data/schlandals/pwmc_benchmarks/instances/bayesian_networks/pcnf/munin/1164.cnf,"lower 3.66459407883848135769349057923292934e-3 upper 9.96335318798230740217791346713594709e-1 Final circuit size: 52706 Estimated probability 0.00366459 (epsilon 0.000000031885833307043754) found in 21 seconds ",
1208,:,1737466689.000,7.000,0,208,0,0,"schlandals --timeout 1500 -i /data/schlandals/pwmc_benchmarks/instances/bayesian_networks/pcnf/munin/1208.cnf compile | tr '\n' ' '",/data/schlandals/pwmc_benchmarks/instances/bayesian_networks/pcnf/munin/1208.cnf,"lower 3.03748019830660565290612873804063816e-2 upper 9.69625137510003338796356331298082106e-1 Final circuit size: 10595 Estimated probability 0.03037480 (epsilon 0.00000015189277657867706) found in 5 seconds ",
1161,:,1737466669.000,27.000,0,210,0,0,"schlandals --timeout 1500 -i /data/schlandals/pwmc_benchmarks/instances/bayesian_networks/pcnf/munin/1161.cnf compile | tr '\n' ' '",/data/schlandals/pwmc_benchmarks/instances/bayesian_networks/pcnf/munin/1161.cnf,"lower 6.43275329040573724362627642571447701e-3 upper 9.93567084500805824074842620539249934e-1 Final circuit size: 51348 Estimated probability 0.00643275 (epsilon 0.000000007912595689774093) found in 22 seconds ",
1165,:,1737466669.000,29.000,0,208,0,0,"schlandals --timeout 1500 -i /data/schlandals/pwmc_benchmarks/instances/bayesian_networks/pcnf/munin/1165.cnf compile | tr '\n' ' '",/data/schlandals/pwmc_benchmarks/instances/bayesian_networks/pcnf/munin/1165.cnf,"lower 3.24225955589135343746723413699449637e-3 upper 9.96757653321177866807914533514959373e-1 Final circuit size: 52705 Estimated probability 0.00324226 (epsilon 0.0000000360392604648041) found in 24 seconds ",
1166,:,1737466670.000,31.000,0,209,0,0,"schlandals --timeout 1500 -i /data/schlandals/pwmc_benchmarks/instances/bayesian_networks/pcnf/munin/1166.cnf compile | tr '\n' ' '",/data/schlandals/pwmc_benchmarks/instances/bayesian_networks/pcnf/munin/1166.cnf,"lower 3.83239823337603844578128196443755016e-3 upper 9.96167518697698643539731402553401436e-1 Final circuit size: 52982 Estimated probability 0.00383240 (epsilon 0.00000008001689222325581) found in 27 seconds ",
1160,:,1737466668.000,36.000,0,210,0,0,"schlandals --timeout 1500 -i /data/schlandals/pwmc_benchmarks/instances/bayesian_networks/pcnf/munin/1160.cnf compile | tr '\n' ' '",/data/schlandals/pwmc_benchmarks/instances/bayesian_networks/pcnf/munin/1160.cnf,"lower 8.69488040761143527424543962758477609e-4 upper 9.99130176934676687019466321046892737e-1 Final circuit size: 48190 Estimated probability 0.00086949 (epsilon 0.000000032843266994930786) found in 30 seconds ",
1159,:,1737466668.000,43.000,0,209,0,0,"schlandals --timeout 1500 -i /data/schlandals/pwmc_benchmarks/instances/bayesian_networks/pcnf/munin/1159.cnf compile | tr '\n' ' '",/data/schlandals/pwmc_benchmarks/instances/bayesian_networks/pcnf/munin/1159.cnf,"lower 6.99528283350861594429138458795282308e-3 upper 9.93004220826736241013603532971149784e-1 Final circuit size: 6980 Estimated probability 0.00699528 (epsilon 0.000000004082298055152478) found in 37 seconds ",
1176,:,1737466673.000,38.000,0,209,0,0,"schlandals --timeout 1500 -i /data/schlandals/pwmc_benchmarks/instances/bayesian_networks/pcnf/munin/1176.cnf compile | tr '\n' ' '",/data/schlandals/pwmc_benchmarks/instances/bayesian_networks/pcnf/munin/1176.cnf,"lower 1.11502660863451823847305725376690992e-1 upper 8.88497254547216948561781873422329823e-1 Final circuit size: 43388 Estimated probability 0.11150266 (epsilon 0.00000003657285985170233) found in 34 seconds ",
1162,:,1737466669.000,44.000,0,210,0,0,"schlandals --timeout 1500 -i /data/schlandals/pwmc_benchmarks/instances/bayesian_networks/pcnf/munin/1162.cnf compile | tr '\n' ' '",/data/schlandals/pwmc_benchmarks/instances/bayesian_networks/pcnf/munin/1162.cnf,"lower 3.28212103088401746218799552008497091e-3 upper 9.96717719783984771460739021450278118e-1 Final circuit size: 52321 Estimated probability 0.00328212 (epsilon 0.000000026267455321971056) found in 37 seconds ",
1167,:,1737466671.000,43.000,0,210,0,0,"schlandals --timeout 1500 -i /data/schlandals/pwmc_benchmarks/instances/bayesian_networks/pcnf/munin/1167.cnf compile | tr '\n' ' '",/data/schlandals/pwmc_benchmarks/instances/bayesian_networks/pcnf/munin/1167.cnf,"lower 5.48655921060260095690562933219568462e-3 upper 9.94513357716694822951363846574708937e-1 Final circuit size: 52433 Estimated probability 0.00548656 (epsilon 0.000000055892333650220394) found in 38 seconds ",
1163,:,1737466669.000,46.000,0,210,0,0,"schlandals --timeout 1500 -i /data/schlandals/pwmc_benchmarks/instances/bayesian_networks/pcnf/munin/1163.cnf compile | tr '\n' ' '",/data/schlandals/pwmc_benchmarks/instances/bayesian_networks/pcnf/munin/1163.cnf,"lower 3.57297383742037927881766063156717517e-3 upper 9.96426870690574263023183421762822924e-1 Final circuit size: 52428 Estimated probability 0.00357297 (epsilon 0.000000032703468155759197) found in 38 seconds ",
1173,:,1737466672.000,44.000,0,210,0,0,"schlandals --timeout 1500 -i /data/schlandals/pwmc_benchmarks/instances/bayesian_networks/pcnf/munin/1173.cnf compile | tr '\n' ' '",/data/schlandals/pwmc_benchmarks/instances/bayesian_networks/pcnf/munin/1173.cnf,"lower 1.86904921982493923162995838481909339e-1 upper 8.13094993608320903773697824869353663e-1 Final circuit size: 43477 Estimated probability 0.18690492 (epsilon 0.000000021818425954833742) found in 37 seconds ",
1170,:,1737466671.000,45.000,0,209,0,0,"schlandals --timeout 1500 -i /data/schlandals/pwmc_benchmarks/instances/bayesian_networks/pcnf/munin/1170.cnf compile | tr '\n' ' '",/data/schlandals/pwmc_benchmarks/instances/bayesian_networks/pcnf/munin/1170.cnf,"lower 2.20509248755937802336417390360584222e-2 upper 9.77948994031416760427738111919191215e-1 Final circuit size: 52375 Estimated probability 0.02205092 (epsilon 0.00000018792498823749781) found in 38 seconds ",
1172,:,1737466671.000,45.000,0,209,0,0,"schlandals --timeout 1500 -i /data/schlandals/pwmc_benchmarks/instances/bayesian_networks/pcnf/munin/1172.cnf compile | tr '\n' ' '",/data/schlandals/pwmc_benchmarks/instances/bayesian_networks/pcnf/munin/1172.cnf,"lower 1.15855828421264902126826500152259915e-1 upper 8.84144090049734992895968510313963041e-1 Final circuit size: 50355 Estimated probability 0.11585583 (epsilon 0.00000003546310045621226) found in 39 seconds ",
1168,:,1737466671.000,46.000,0,210,0,0,"schlandals --timeout 1500 -i /data/schlandals/pwmc_benchmarks/instances/bayesian_networks/pcnf/munin/1168.cnf compile | tr '\n' ' '",/data/schlandals/pwmc_benchmarks/instances/bayesian_networks/pcnf/munin/1168.cnf,"lower 1.05974069976416377933138853369983490e-2 upper 9.89402511920328274827402846612442686e-1 Final circuit size: 52478 Estimated probability 0.01059741 (epsilon 0.000000026828606447537595) found in 39 seconds ",
1175,:,1737466673.000,44.000,0,210,0,0,"schlandals --timeout 1500 -i /data/schlandals/pwmc_benchmarks/instances/bayesian_networks/pcnf/munin/1175.cnf compile | tr '\n' ' '",/data/schlandals/pwmc_benchmarks/instances/bayesian_networks/pcnf/munin/1175.cnf,"lower 1.79853968120875718344618353869240857e-1 upper 8.20145947468551574732701244960255480e-1 Final circuit size: 43592 Estimated probability 0.17985397 (epsilon 0.000000022673790622818046) found in 37 seconds ",
1174,:,1737466672.000,45.000,0,210,0,0,"schlandals --timeout 1500 -i /data/schlandals/pwmc_benchmarks/instances/bayesian_networks/pcnf/munin/1174.cnf compile | tr '\n' ' '",/data/schlandals/pwmc_benchmarks/instances/bayesian_networks/pcnf/munin/1174.cnf,"lower 2.14829602670236442399807077026852003e-1 upper 7.85170312920414320248596045139041643e-1 Final circuit size: 43504 Estimated probability 0.21482960 (epsilon 0.000000018982352356644583) found in 38 seconds ",
1177,:,1737466673.000,45.000,0,209,0,0,"schlandals --timeout 1500 -i /data/schlandals/pwmc_benchmarks/instances/bayesian_networks/pcnf/munin/1177.cnf compile | tr '\n' ' '",/data/schlandals/pwmc_benchmarks/instances/bayesian_networks/pcnf/munin/1177.cnf,"lower 5.58803730520221352481542305202866609e-2 upper 9.44119542398750367567910390109776250e-1 Final circuit size: 43453 Estimated probability 0.05588037 (epsilon 0.00000007297680570950149) found in 38 seconds ",
1171,:,1737466671.000,47.000,0,208,0,0,"schlandals --timeout 1500 -i /data/schlandals/pwmc_benchmarks/instances/bayesian_networks/pcnf/munin/1171.cnf compile | tr '\n' ' '",/data/schlandals/pwmc_benchmarks/instances/bayesian_networks/pcnf/munin/1171.cnf,"lower 5.28798222573499375928528286082436830e-2 upper 9.47120096183812046990081482067831268e-1 Final circuit size: 50613 Estimated probability 0.05287982 (epsilon 0.0000000776970610072425) found in 39 seconds ",
1169,:,1737466671.000,47.000,0,208,0,0,"schlandals --timeout 1500 -i /data/schlandals/pwmc_benchmarks/instances/bayesian_networks/pcnf/munin/1169.cnf compile | tr '\n' ' '",/data/schlandals/pwmc_benchmarks/instances/bayesian_networks/pcnf/munin/1169.cnf,"lower 1.22660523048551078057598079723357871e-2 upper 9.87733866613114812092898903217999390e-1 Final circuit size: 52410 Estimated probability 0.01226605 (epsilon 0.0000003378364381578791) found in 40 seconds ",
710,:,1737465997.000,728.000,0,211,0,0,"schlandals --timeout 1500 -i /data/schlandals/pwmc_benchmarks/instances/bayesian_networks/pcnf/munin/710.cnf compile | tr '\n' ' '",/data/schlandals/pwmc_benchmarks/instances/bayesian_networks/pcnf/munin/710.cnf,"lower 4.11874391711931710847799909216801559e-3 upper 9.95881085662891117353221436979600604e-1 Final circuit size: 349900 Estimated probability 0.00411874 (epsilon 0.00000019321058641885713) found in 659 seconds ",
1226,:,1737466715.000,11.000,0,209,0,0,"schlandals --timeout 1500 -i /data/schlandals/pwmc_benchmarks/instances/bayesian_networks/pcnf/munin/1226.cnf compile | tr '\n' ' '",/data/schlandals/pwmc_benchmarks/instances/bayesian_networks/pcnf/munin/1226.cnf,"lower 1.97992591647365155070503790520481977e-1 upper 8.02007338352636131422190253141077770e-1 Final circuit size: 13219 Estimated probability 0.19799259 (epsilon 0.000000002474882965231018) found in 9 seconds ",
1231,:,1737466717.000,10.000,0,207,0,0,"schlandals --timeout 1500 -i /data/schlandals/pwmc_benchmarks/instances/bayesian_networks/pcnf/munin/1231.cnf compile | tr '\n' ' '",/data/schlandals/pwmc_benchmarks/instances/bayesian_networks/pcnf/munin/1231.cnf,"lower 3.34631871683065000827530868359289880e-3 upper 9.96653611283170639340603770431461996e-1 Final circuit size: 13306 Estimated probability 0.00334632 (epsilon 0.0000001464320942279329) found in 8 seconds ",
1227,:,1737466716.000,11.000,0,210,0,0,"schlandals --timeout 1500 -i /data/schlandals/pwmc_benchmarks/instances/bayesian_networks/pcnf/munin/1227.cnf compile | tr '\n' ' '",/data/schlandals/pwmc_benchmarks/instances/bayesian_networks/pcnf/munin/1227.cnf,"lower 4.91724839663398073205834627446193999e-1 upper 5.08275090336603222872641870604908874e-1 Final circuit size: 13248 Estimated probability 0.49172484 (epsilon 0.0000000009965095415509495) found in 9 seconds ",
1228,:,1737466716.000,11.000,0,209,0,0,"schlandals --timeout 1500 -i /data/schlandals/pwmc_benchmarks/instances/bayesian_networks/pcnf/munin/1228.cnf compile | tr '\n' ' '",/data/schlandals/pwmc_benchmarks/instances/bayesian_networks/pcnf/munin/1228.cnf,"lower 2.30577011608556671170288114660081358e-1 upper 7.69422918391444616965218497107247883e-1 Final circuit size: 13315 Estimated probability 0.23057701 (epsilon 0.000000002125140063924391) found in 9 seconds ",
1229,:,1737466716.000,12.000,0,210,0,0,"schlandals --timeout 1500 -i /data/schlandals/pwmc_benchmarks/instances/bayesian_networks/pcnf/munin/1229.cnf compile | tr '\n' ' '",/data/schlandals/pwmc_benchmarks/instances/bayesian_networks/pcnf/munin/1229.cnf,"lower 4.28272532872955414440865992137690787e-2 upper 9.57172676712705756033061348690045765e-1 Final circuit size: 13110 Estimated probability 0.04282725 (epsilon 0.000000011441511960086359) found in 10 seconds ",
1230,:,1737466717.000,12.000,0,208,0,0,"schlandals --timeout 1500 -i /data/schlandals/pwmc_benchmarks/instances/bayesian_networks/pcnf/munin/1230.cnf compile | tr '\n' ' '",/data/schlandals/pwmc_benchmarks/instances/bayesian_networks/pcnf/munin/1230.cnf,"lower 1.14507276227757431000921896328216477e-2 upper 9.88549202377225548863362399036175223e-1 Final circuit size: 13198 Estimated probability 0.01145073 (epsilon 0.00000004279278242869111) found in 9 seconds ",
1232,:,1737466717.000,12.000,0,208,0,0,"schlandals --timeout 1500 -i /data/schlandals/pwmc_benchmarks/instances/bayesian_networks/pcnf/munin/1232.cnf compile | tr '\n' ' '",/data/schlandals/pwmc_benchmarks/instances/bayesian_networks/pcnf/munin/1232.cnf,"lower 2.43860641623382647323565320027397523e-3 upper 9.97561256294634298292423132916781028e-1 Final circuit size: 13146 Estimated probability 0.00243861 (epsilon 0.00000007475071073237416) found in 9 seconds ",
1233,:,1737466718.000,11.000,0,209,0,0,"schlandals --timeout 1500 -i /data/schlandals/pwmc_benchmarks/instances/bayesian_networks/pcnf/munin/1233.cnf compile | tr '\n' ' '",/data/schlandals/pwmc_benchmarks/instances/bayesian_networks/pcnf/munin/1233.cnf,"lower 2.10573372867110077911806062801327038e-3 upper 9.97894126544108764621136985395237840e-1 Final circuit size: 13027 Estimated probability 0.00210573 (epsilon 0.000000011627401930169867) found in 8 seconds ",
1234,:,1737466718.000,12.000,0,208,0,0,"schlandals --timeout 1500 -i /data/schlandals/pwmc_benchmarks/instances/bayesian_networks/pcnf/munin/1234.cnf compile | tr '\n' ' '",/data/schlandals/pwmc_benchmarks/instances/bayesian_networks/pcnf/munin/1234.cnf,"lower 2.14711609549986636346135008127805318e-3 upper 9.97852744177279998727266593587941660e-1 Final circuit size: 12982 Estimated probability 0.00214712 (epsilon 0.00000001140330163629244) found in 9 seconds ",
1235,:,1737466718.000,12.000,0,209,0,0,"schlandals --timeout 1500 -i /data/schlandals/pwmc_benchmarks/instances/bayesian_networks/pcnf/munin/1235.cnf compile | tr '\n' ' '",/data/schlandals/pwmc_benchmarks/instances/bayesian_networks/pcnf/munin/1235.cnf,"lower 1.89601620940012482896531056403233262e-3 upper 9.91188098377460151107796451070147220e-1 Final circuit size: 10952 Estimated probability 0.00189602 (epsilon 0.000000012913503599776277) found in 9 seconds ",
1241,:,1737466728.000,6.000,0,209,0,0,"schlandals --timeout 1500 -i /data/schlandals/pwmc_benchmarks/instances/bayesian_networks/pcnf/munin/1241.cnf compile | tr '\n' ' '",/data/schlandals/pwmc_benchmarks/instances/bayesian_networks/pcnf/munin/1241.cnf,"lower 5.18394854201403375007733526116650131e-4 upper 9.92565777934034548223405288288695963e-1 Final circuit size: 10890 Estimated probability 0.00051839 (epsilon 0.000000047230813260412674) found in 5 seconds ",
1236,:,1737466725.000,12.000,0,209,0,0,"schlandals --timeout 1500 -i /data/schlandals/pwmc_benchmarks/instances/bayesian_networks/pcnf/munin/1236.cnf compile | tr '\n' ' '",/data/schlandals/pwmc_benchmarks/instances/bayesian_networks/pcnf/munin/1236.cnf,"lower 1.26639320489166168377368736719269131e-3 upper 9.91817724271478601041562233443112534e-1 Final circuit size: 10898 Estimated probability 0.00126639 (epsilon 0.000000019333815437505564) found in 9 seconds ",
1237,:,1737466726.000,12.000,0,209,0,0,"schlandals --timeout 1500 -i /data/schlandals/pwmc_benchmarks/instances/bayesian_networks/pcnf/munin/1237.cnf compile | tr '\n' ' '",/data/schlandals/pwmc_benchmarks/instances/bayesian_networks/pcnf/munin/1237.cnf,"lower 1.09465030489917995079713369724180708e-3 upper 9.91989466562001411407888069567031421e-1 Final circuit size: 10941 Estimated probability 0.00109465 (epsilon 0.000000022367154128843936) found in 9 seconds ",
1239,:,1737466727.000,11.000,0,209,0,0,"schlandals --timeout 1500 -i /data/schlandals/pwmc_benchmarks/instances/bayesian_networks/pcnf/munin/1239.cnf compile | tr '\n' ' '",/data/schlandals/pwmc_benchmarks/instances/bayesian_networks/pcnf/munin/1239.cnf,"lower 1.10529333515045570993181780041742135e-3 upper 9.91978823531750149364429255029264884e-1 Final circuit size: 10939 Estimated probability 0.00110529 (epsilon 0.000000022151777523404803) found in 8 seconds ",
1240,:,1737466727.000,11.000,0,207,0,0,"schlandals --timeout 1500 -i /data/schlandals/pwmc_benchmarks/instances/bayesian_networks/pcnf/munin/1240.cnf compile | tr '\n' ' '",/data/schlandals/pwmc_benchmarks/instances/bayesian_networks/pcnf/munin/1240.cnf,"lower 8.32320275632206318555858770016676070e-4 upper 9.92251853916956427474614902237610056e-1 Final circuit size: 10841 Estimated probability 0.00083232 (epsilon 0.0000000294168143177842) found in 9 seconds ",
1238,:,1737466727.000,12.000,0,209,0,0,"schlandals --timeout 1500 -i /data/schlandals/pwmc_benchmarks/instances/bayesian_networks/pcnf/munin/1238.cnf compile | tr '\n' ' '",/data/schlandals/pwmc_benchmarks/instances/bayesian_networks/pcnf/munin/1238.cnf,"lower 8.12979066415930974711361127467455141e-4 upper 9.92271136143916843138248819017836152e-1 Final circuit size: 10977 Estimated probability 0.00081298 (epsilon 0.000000030116657168122174) found in 9 seconds ",
1244,:,1737466729.000,10.000,0,183,0,0,"schlandals --timeout 1500 -i /data/schlandals/pwmc_benchmarks/instances/bayesian_networks/pcnf/munin/1244.cnf compile | tr '\n' ' '",/data/schlandals/pwmc_benchmarks/instances/bayesian_networks/pcnf/munin/1244.cnf,"lower 6.99659194503500101191900006694791905e-3 upper 9.93002974446143082710903142148361766e-1 Final circuit size: 2117 Estimated probability 0.00699659 (epsilon 0) found in 8 seconds ",
1242,:,1737466729.000,10.000,0,208,0,0,"schlandals --timeout 1500 -i /data/schlandals/pwmc_benchmarks/instances/bayesian_networks/pcnf/munin/1242.cnf compile | tr '\n' ' '",/data/schlandals/pwmc_benchmarks/instances/bayesian_networks/pcnf/munin/1242.cnf,"lower 4.75817059188745132230388708977701799e-4 upper 9.92608361035952849060602569206916606e-1 Final circuit size: 10766 Estimated probability 0.00047582 (epsilon 0.00000005145719317312114) found in 8 seconds ",
1243,:,1737466729.000,11.000,0,208,0,0,"schlandals --timeout 1500 -i /data/schlandals/pwmc_benchmarks/instances/bayesian_networks/pcnf/munin/1243.cnf compile | tr '\n' ' '",/data/schlandals/pwmc_benchmarks/instances/bayesian_networks/pcnf/munin/1243.cnf,"lower 3.91343968541673014070289624946783042e-4 upper 9.92680475306829248152268208509306103e-1 Final circuit size: 10222 Estimated probability 0.00039134 (epsilon 0.00000001479679068161488) found in 9 seconds ",
1253,:,1737466739.000,6.000,0,184,0,0,"schlandals --timeout 1500 -i /data/schlandals/pwmc_benchmarks/instances/bayesian_networks/pcnf/munin/1253.cnf compile | tr '\n' ' '",/data/schlandals/pwmc_benchmarks/instances/bayesian_networks/pcnf/munin/1253.cnf,"lower 8.08826384604733876098390332291549443e-1 upper 1.91173605395265571483603236527416570e-1 Final circuit size: 11412 Estimated probability 0.80882638 (epsilon 0) found in 4 seconds ",
1254,:,1737466739.000,6.000,0,184,0,0,"schlandals --timeout 1500 -i /data/schlandals/pwmc_benchmarks/instances/bayesian_networks/pcnf/munin/1254.cnf compile | tr '\n' ' '",/data/schlandals/pwmc_benchmarks/instances/bayesian_networks/pcnf/munin/1254.cnf,"lower 1.46276677376438630144036529014039222e-1 upper 8.53723312623560814107928999247868878e-1 Final circuit size: 11517 Estimated probability 0.14627668 (epsilon 0) found in 5 seconds ",
1255,:,1737466740.000,6.000,0,184,0,0,"schlandals --timeout 1500 -i /data/schlandals/pwmc_benchmarks/instances/bayesian_networks/pcnf/munin/1255.cnf compile | tr '\n' ' '",/data/schlandals/pwmc_benchmarks/instances/bayesian_networks/pcnf/munin/1255.cnf,"lower 3.80215510108838215834032028537656431e-2 upper 9.61978438989115625052095228971490870e-1 Final circuit size: 11455 Estimated probability 0.03802155 (epsilon 0) found in 4 seconds ",
1256,:,1737466745.000,5.000,0,183,0,0,"schlandals --timeout 1500 -i /data/schlandals/pwmc_benchmarks/instances/bayesian_networks/pcnf/munin/1256.cnf compile | tr '\n' ' '",/data/schlandals/pwmc_benchmarks/instances/bayesian_networks/pcnf/munin/1256.cnf,"lower 6.87538700777393586827868996331541554e-3 upper 9.93124552556322834714544580388757694e-1 Final circuit size: 3056 Estimated probability 0.00687539 (epsilon 0) found in 4 seconds ",
1252,:,1737466739.000,63.000,0,186,0,0,"schlandals --timeout 1500 -i /data/schlandals/pwmc_benchmarks/instances/bayesian_networks/pcnf/munin/1252.cnf compile | tr '\n' ' '",/data/schlandals/pwmc_benchmarks/instances/bayesian_networks/pcnf/munin/1252.cnf,"lower 8.72393015760865023323409323186129945e-1 upper 1.27606974239134511096776537856585147e-1 Final circuit size: 125449 Estimated probability 0.87239302 (epsilon 0) found in 58 seconds ",
1251,:,1737466738.000,66.000,0,186,0,0,"schlandals --timeout 1500 -i /data/schlandals/pwmc_benchmarks/instances/bayesian_networks/pcnf/munin/1251.cnf compile | tr '\n' ' '",/data/schlandals/pwmc_benchmarks/instances/bayesian_networks/pcnf/munin/1251.cnf,"lower 1.27606984239134973468515394683383245e-1 upper 8.72393005760864563804894029055333754e-1 Final circuit size: 127591 Estimated probability 0.12760698 (epsilon 0) found in 60 seconds ",
1258,:,1737466746.000,74.000,0,185,0,0,"schlandals --timeout 1500 -i /data/schlandals/pwmc_benchmarks/instances/bayesian_networks/pcnf/munin/1258.cnf compile | tr '\n' ' '",/data/schlandals/pwmc_benchmarks/instances/bayesian_networks/pcnf/munin/1258.cnf,"lower 8.36993839862505995835321349300533273e-1 upper 1.63006100137495275661007143721349592e-1 Final circuit size: 83211 Estimated probability 0.83699384 (epsilon 0) found in 67 seconds ",
1259,:,1737466750.000,75.000,0,185,0,0,"schlandals --timeout 1500 -i /data/schlandals/pwmc_benchmarks/instances/bayesian_networks/pcnf/munin/1259.cnf compile | tr '\n' ' '",/data/schlandals/pwmc_benchmarks/instances/bayesian_networks/pcnf/munin/1259.cnf,"lower 6.67105392828761932991767742473097453e-2 upper 9.33289400717125076480154745892229119e-1 Final circuit size: 84502 Estimated probability 0.06671054 (epsilon 0) found in 68 seconds ",
1257,:,1737466745.000,81.000,0,185,0,0,"schlandals --timeout 1500 -i /data/schlandals/pwmc_benchmarks/instances/bayesian_networks/pcnf/munin/1257.cnf compile | tr '\n' ' '",/data/schlandals/pwmc_benchmarks/instances/bayesian_networks/pcnf/munin/1257.cnf,"lower 9.62956208529125055562738224360140508e-2 upper 9.03704319147088764637788333474941155e-1 Final circuit size: 85744 Estimated probability 0.09629562 (epsilon 0) found in 73 seconds ",
1260,:,1737466802.000,41.000,0,185,0,0,"schlandals --timeout 1500 -i /data/schlandals/pwmc_benchmarks/instances/bayesian_networks/pcnf/munin/1260.cnf compile | tr '\n' ' '",/data/schlandals/pwmc_benchmarks/instances/bayesian_networks/pcnf/munin/1260.cnf,"lower 2.84600791248550620200056772119256901e-2 upper 9.71539860875146207837487550831597637e-1 Final circuit size: 80678 Estimated probability 0.02846008 (epsilon 0) found in 36 seconds ",
1261,:,1737466804.000,74.000,0,185,0,0,"schlandals --timeout 1500 -i /data/schlandals/pwmc_benchmarks/instances/bayesian_networks/pcnf/munin/1261.cnf compile | tr '\n' ' '",/data/schlandals/pwmc_benchmarks/instances/bayesian_networks/pcnf/munin/1261.cnf,"lower 6.52371386185804113313922768517690098e-2 upper 9.34762801381420858758360677525530549e-1 Final circuit size: 80071 Estimated probability 0.06523714 (epsilon 0) found in 68 seconds ",
1262,:,1737466820.000,76.000,0,185,0,0,"schlandals --timeout 1500 -i /data/schlandals/pwmc_benchmarks/instances/bayesian_networks/pcnf/munin/1262.cnf compile | tr '\n' ' '",/data/schlandals/pwmc_benchmarks/instances/bayesian_networks/pcnf/munin/1262.cnf,"lower 8.55016040799939538541789142196250767e-1 upper 1.44983899200061734363555027175770179e-1 Final circuit size: 82554 Estimated probability 0.85501604 (epsilon 0) found in 68 seconds ",
1265,:,1737466843.000,56.000,0,209,0,0,"schlandals --timeout 1500 -i /data/schlandals/pwmc_benchmarks/instances/bayesian_networks/pcnf/munin/1265.cnf compile | tr '\n' ' '",/data/schlandals/pwmc_benchmarks/instances/bayesian_networks/pcnf/munin/1265.cnf,"lower 9.74832604835261582301965421198109095e-5 upper 9.99902436739518666040329491926619254e-1 Final circuit size: 87174 Estimated probability 0.00009748 (epsilon 0.00000043710681563169373) found in 49 seconds ",
1263,:,1737466826.000,73.000,0,185,0,0,"schlandals --timeout 1500 -i /data/schlandals/pwmc_benchmarks/instances/bayesian_networks/pcnf/munin/1263.cnf compile | tr '\n' ' '",/data/schlandals/pwmc_benchmarks/instances/bayesian_networks/pcnf/munin/1263.cnf,"lower 3.98744630361802301414336891798983452e-2 upper 9.60125476963821039254278471300397180e-1 Final circuit size: 81568 Estimated probability 0.03987446 (epsilon 0) found in 66 seconds ",
1264,:,1737466826.000,75.000,0,185,0,0,"schlandals --timeout 1500 -i /data/schlandals/pwmc_benchmarks/instances/bayesian_networks/pcnf/munin/1264.cnf compile | tr '\n' ' '",/data/schlandals/pwmc_benchmarks/instances/bayesian_networks/pcnf/munin/1264.cnf,"lower 1.14122784187393797342165042884209418e-2 upper 9.88587661581261890376544505007279231e-1 Final circuit size: 79415 Estimated probability 0.01141228 (epsilon 0) found in 68 seconds ",
551,:,1737465330.000,1588.000,0,206,0,0,"schlandals --timeout 1500 -i /data/schlandals/pwmc_benchmarks/instances/bayesian_networks/pcnf/munin/551.cnf compile | tr '\n' ' '",/data/schlandals/pwmc_benchmarks/instances/bayesian_networks/pcnf/munin/551.cnf,"lower 1.62917644533626120308051039252797920e-2 upper 9.82405330093740734565149633734172223e-1 Final circuit size: 648405 Estimated probability 0.01629176 (epsilon 0.03921290790616139) found in 1499 seconds ",
556,:,1737465471.000,1477.000,0,214,0,0,"schlandals --timeout 1500 -i /data/schlandals/pwmc_benchmarks/instances/bayesian_networks/pcnf/munin/556.cnf compile | tr '\n' ' '",/data/schlandals/pwmc_benchmarks/instances/bayesian_networks/pcnf/munin/556.cnf,"lower 2.32736826826287416602942589272368604e-1 upper 7.67263013173722637071666044515017493e-1 Final circuit size: 654273 Estimated probability 0.23273683 (epsilon 0.0000000015156478294642284) found in 1359 seconds ",
1271,:,1737466918.000,54.000,0,208,0,0,"schlandals --timeout 1500 -i /data/schlandals/pwmc_benchmarks/instances/bayesian_networks/pcnf/munin/1271.cnf compile | tr '\n' ' '",/data/schlandals/pwmc_benchmarks/instances/bayesian_networks/pcnf/munin/1271.cnf,"lower 7.19580075217552221327896709469797054e-3 upper 9.92804119247826671728727438997011896e-1 Final circuit size: 84255 Estimated probability 0.00719580 (epsilon 0.0000006226826207988978) found in 48 seconds ",
1266,:,1737466878.000,101.000,0,209,0,0,"schlandals --timeout 1500 -i /data/schlandals/pwmc_benchmarks/instances/bayesian_networks/pcnf/munin/1266.cnf compile | tr '\n' ' '",/data/schlandals/pwmc_benchmarks/instances/bayesian_networks/pcnf/munin/1266.cnf,"lower 1.91866585185835714398713120839190823e-4 upper 9.99808053414816358870991377692192841e-1 Final circuit size: 86471 Estimated probability 0.00019187 (epsilon 0.00000022208455674466165) found in 90 seconds ",
554,:,1737465415.000,1571.000,0,213,0,0,"schlandals --timeout 1500 -i /data/schlandals/pwmc_benchmarks/instances/bayesian_networks/pcnf/munin/554.cnf compile | tr '\n' ' '",/data/schlandals/pwmc_benchmarks/instances/bayesian_networks/pcnf/munin/554.cnf,"lower 1.40467029712322420783227815978790150e-1 upper 8.59532810287687629773147203963156578e-1 Final circuit size: 651483 Estimated probability 0.14046703 (epsilon 0.000000002511244545644331) found in 1437 seconds ",
1267,:,1737466896.000,98.000,0,209,0,0,"schlandals --timeout 1500 -i /data/schlandals/pwmc_benchmarks/instances/bayesian_networks/pcnf/munin/1267.cnf compile | tr '\n' ' '",/data/schlandals/pwmc_benchmarks/instances/bayesian_networks/pcnf/munin/1267.cnf,"lower 3.90329751627265802260169228149848683e-4 upper 9.99609590248374926816169949747291503e-1 Final circuit size: 85161 Estimated probability 0.00039033 (epsilon 0.00000010916567227958751) found in 88 seconds ",
552,:,1737465355.000,1643.000,0,207,0,0,"schlandals --timeout 1500 -i /data/schlandals/pwmc_benchmarks/instances/bayesian_networks/pcnf/munin/552.cnf compile | tr '\n' ' '",/data/schlandals/pwmc_benchmarks/instances/bayesian_networks/pcnf/munin/552.cnf,"lower 2.02995101015797206092730502097450049e-2 upper 9.78306784833625363983092116739864986e-1 Final circuit size: 641832 Estimated probability 0.02029951 (epsilon 0.033754923676630355) found in 1501 seconds ",
1268,:,1737466899.000,100.000,0,210,0,0,"schlandals --timeout 1500 -i /data/schlandals/pwmc_benchmarks/instances/bayesian_networks/pcnf/munin/1268.cnf compile | tr '\n' ' '",/data/schlandals/pwmc_benchmarks/instances/bayesian_networks/pcnf/munin/1268.cnf,"lower 7.96864747777508002644904173127503407e-4 upper 9.99203055252224683750008510592445376e-1 Final circuit size: 85303 Estimated probability 0.00079686 (epsilon 0.000000053472825722877815) found in 89 seconds ",
1269,:,1737466899.000,101.000,0,208,0,0,"schlandals --timeout 1500 -i /data/schlandals/pwmc_benchmarks/instances/bayesian_networks/pcnf/munin/1269.cnf compile | tr '\n' ' '",/data/schlandals/pwmc_benchmarks/instances/bayesian_networks/pcnf/munin/1269.cnf,"lower 1.52861916831791160193801188499805885e-3 upper 9.98471300831684281134219861205817028e-1 Final circuit size: 87011 Estimated probability 0.00152862 (epsilon 0.0000000278752303461971) found in 90 seconds ",
1270,:,1737466901.000,99.000,0,208,0,0,"schlandals --timeout 1500 -i /data/schlandals/pwmc_benchmarks/instances/bayesian_networks/pcnf/munin/1270.cnf compile | tr '\n' ' '",/data/schlandals/pwmc_benchmarks/instances/bayesian_networks/pcnf/munin/1270.cnf,"lower 3.06480830098856594298511793417476970e-3 upper 9.96935111699013625972085767693707250e-1 Final circuit size: 85416 Estimated probability 0.00306481 (epsilon 0.0000014619831800732896) found in 89 seconds ",
1272,:,1737466948.000,55.000,0,207,0,0,"schlandals --timeout 1500 -i /data/schlandals/pwmc_benchmarks/instances/bayesian_networks/pcnf/munin/1272.cnf compile | tr '\n' ' '",/data/schlandals/pwmc_benchmarks/instances/bayesian_networks/pcnf/munin/1272.cnf,"lower 2.16861516586041122014964827081431032e-2 upper 9.78313768341398082042674389231843303e-1 Final circuit size: 85892 Estimated probability 0.02168615 (epsilon 0.000000206615776265906) found in 48 seconds ",
553,:,1737465384.000,1640.000,0,207,0,0,"schlandals --timeout 1500 -i /data/schlandals/pwmc_benchmarks/instances/bayesian_networks/pcnf/munin/553.cnf compile | tr '\n' ' '",/data/schlandals/pwmc_benchmarks/instances/bayesian_networks/pcnf/munin/553.cnf,"lower 3.17959953264143455735831861731465387e-2 upper 9.66901022479892994201823857622104209e-1 Final circuit size: 647154 Estimated probability 0.03179600 (epsilon 0.020281556026975567) found in 1500 seconds ",
555,:,1737465445.000,1590.000,0,208,0,0,"schlandals --timeout 1500 -i /data/schlandals/pwmc_benchmarks/instances/bayesian_networks/pcnf/munin/555.cnf compile | tr '\n' ' '",/data/schlandals/pwmc_benchmarks/instances/bayesian_networks/pcnf/munin/555.cnf,"lower 4.61011660410055774092761733066124625e-1 upper 5.37404363267464916877906419520031035e-1 Final circuit size: 622112 Estimated probability 0.46101166 (epsilon 0.0017164895193746421) found in 1500 seconds ",
1278,:,1737466999.000,73.000,0,210,0,0,"schlandals --timeout 1500 -i /data/schlandals/pwmc_benchmarks/instances/bayesian_networks/pcnf/munin/1278.cnf compile | tr '\n' ' '",/data/schlandals/pwmc_benchmarks/instances/bayesian_networks/pcnf/munin/1278.cnf,"lower 8.71665936407490725011319538535413124e-2 upper 9.12833326359253119604344671639971333e-1 Final circuit size: 87645 Estimated probability 0.08716659 (epsilon 0.000000051403882261880085) found in 66 seconds ",
1273,:,1737466972.000,105.000,0,208,0,0,"schlandals --timeout 1500 -i /data/schlandals/pwmc_benchmarks/instances/bayesian_networks/pcnf/munin/1273.cnf compile | tr '\n' ' '",/data/schlandals/pwmc_benchmarks/instances/bayesian_networks/pcnf/munin/1273.cnf,"lower 6.26525574859196850521607553811014194e-2 upper 9.37347362514082506582711539852304823e-1 Final circuit size: 87541 Estimated probability 0.06265256 (epsilon 0.0000000715166545983692) found in 94 seconds ",
1274,:,1737466979.000,104.000,0,210,0,0,"schlandals --timeout 1500 -i /data/schlandals/pwmc_benchmarks/instances/bayesian_networks/pcnf/munin/1274.cnf compile | tr '\n' ' '",/data/schlandals/pwmc_benchmarks/instances/bayesian_networks/pcnf/munin/1274.cnf,"lower 1.37530402260162135485707411966706767e-1 upper 8.62469517739840055242765262984154338e-1 Final circuit size: 87926 Estimated probability 0.13753040 (epsilon 0.000000032579715814051724) found in 94 seconds ",
1275,:,1737466986.000,104.000,0,210,0,0,"schlandals --timeout 1500 -i /data/schlandals/pwmc_benchmarks/instances/bayesian_networks/pcnf/munin/1275.cnf compile | tr '\n' ' '",/data/schlandals/pwmc_benchmarks/instances/bayesian_networks/pcnf/munin/1275.cnf,"lower 2.11946619024835728805985065599046464e-1 upper 7.88053300975166463059760537049235551e-1 Final circuit size: 86991 Estimated probability 0.21194662 (epsilon 0.000000021140707406885895) found in 93 seconds ",
557,:,1737465503.000,1590.000,0,207,0,0,"schlandals --timeout 1500 -i /data/schlandals/pwmc_benchmarks/instances/bayesian_networks/pcnf/munin/557.cnf compile | tr '\n' ' '",/data/schlandals/pwmc_benchmarks/instances/bayesian_networks/pcnf/munin/557.cnf,"lower 2.39075475017526075929042579474292948e-2 upper 9.74712493143125364764691231927248835e-1 Final circuit size: 626940 Estimated probability 0.02390755 (epsilon 0.028455485124013746) found in 1500 seconds ",
1276,:,1737466994.000,102.000,0,210,0,0,"schlandals --timeout 1500 -i /data/schlandals/pwmc_benchmarks/instances/bayesian_networks/pcnf/munin/1276.cnf compile | tr '\n' ' '",/data/schlandals/pwmc_benchmarks/instances/bayesian_networks/pcnf/munin/1276.cnf,"lower 2.25101352741959193085992899429152486e-1 upper 7.74898567258043000586070621175691022e-1 Final circuit size: 86647 Estimated probability 0.22510135 (epsilon 0.000000019905262105268662) found in 91 seconds ",
1277,:,1737466998.000,99.000,0,210,0,0,"schlandals --timeout 1500 -i /data/schlandals/pwmc_benchmarks/instances/bayesian_networks/pcnf/munin/1277.cnf compile | tr '\n' ' '",/data/schlandals/pwmc_benchmarks/instances/bayesian_networks/pcnf/munin/1277.cnf,"lower 1.65504973946359514318658881776191467e-1 upper 8.34494946053642678898803217300160084e-1 Final circuit size: 85632 Estimated probability 0.16550497 (epsilon 0.000000027072910802061756) found in 89 seconds ",
1279,:,1737467000.000,100.000,0,209,0,0,"schlandals --timeout 1500 -i /data/schlandals/pwmc_benchmarks/instances/bayesian_networks/pcnf/munin/1279.cnf compile | tr '\n' ' '",/data/schlandals/pwmc_benchmarks/instances/bayesian_networks/pcnf/munin/1279.cnf,"lower 3.67787213807221991784968264558628448e-2 upper 9.63221198619279992260677662922734101e-1 Final circuit size: 85885 Estimated probability 0.03677872 (epsilon 0.00000012182862940690597) found in 90 seconds ",
1280,:,1737467000.000,100.000,0,208,0,0,"schlandals --timeout 1500 -i /data/schlandals/pwmc_benchmarks/instances/bayesian_networks/pcnf/munin/1280.cnf compile | tr '\n' ' '",/data/schlandals/pwmc_benchmarks/instances/bayesian_networks/pcnf/munin/1280.cnf,"lower 1.60891413807360283776724468375093289e-2 upper 9.83910778619266163355895549760399148e-1 Final circuit size: 85777 Estimated probability 0.01608914 (epsilon 0.0000002755860484260353) found in 89 seconds ",
1281,:,1737467003.000,103.000,0,208,0,0,"schlandals --timeout 1500 -i /data/schlandals/pwmc_benchmarks/instances/bayesian_networks/pcnf/munin/1281.cnf compile | tr '\n' ' '",/data/schlandals/pwmc_benchmarks/instances/bayesian_networks/pcnf/munin/1281.cnf,"lower 9.08070650329087102738142460673570447e-3 upper 9.90919213496711323150795097715792198e-1 Final circuit size: 87548 Estimated probability 0.00908071 (epsilon 0.0000004882816588835936) found in 92 seconds ",
1284,:,1737467072.000,51.000,0,185,0,0,"schlandals --timeout 1500 -i /data/schlandals/pwmc_benchmarks/instances/bayesian_networks/pcnf/munin/1284.cnf compile | tr '\n' ' '",/data/schlandals/pwmc_benchmarks/instances/bayesian_networks/pcnf/munin/1284.cnf,"lower 2.87845873486588916600624539061665269e-3 upper 9.97121461265136303811625641508152758e-1 Final circuit size: 83487 Estimated probability 0.00287846 (epsilon 0) found in 44 seconds ",
1282,:,1737467024.000,103.000,0,208,0,0,"schlandals --timeout 1500 -i /data/schlandals/pwmc_benchmarks/instances/bayesian_networks/pcnf/munin/1282.cnf compile | tr '\n' ' '",/data/schlandals/pwmc_benchmarks/instances/bayesian_networks/pcnf/munin/1282.cnf,"lower 6.09417897710138877882102246806810632e-3 upper 9.93905741022900802256147697834569327e-1 Final circuit size: 87670 Estimated probability 0.00609418 (epsilon 0.0000007275700208975167) found in 93 seconds ",
1283,:,1737467035.000,93.000,0,185,0,0,"schlandals --timeout 1500 -i /data/schlandals/pwmc_benchmarks/instances/bayesian_networks/pcnf/munin/1283.cnf compile | tr '\n' ' '",/data/schlandals/pwmc_benchmarks/instances/bayesian_networks/pcnf/munin/1283.cnf,"lower 4.22436072673507187927914855056075467e-3 upper 9.95775559273267121715098596201763758e-1 Final circuit size: 84120 Estimated probability 0.00422436 (epsilon 0) found in 83 seconds ",
1288,:,1737467093.000,46.000,0,185,0,0,"schlandals --timeout 1500 -i /data/schlandals/pwmc_benchmarks/instances/bayesian_networks/pcnf/munin/1288.cnf compile | tr '\n' ' '",/data/schlandals/pwmc_benchmarks/instances/bayesian_networks/pcnf/munin/1288.cnf,"lower 1.14679407117162048853834899728332570e-1 upper 8.85320532882839153089527978088575500e-1 Final circuit size: 83926 Estimated probability 0.11467941 (epsilon 0) found in 41 seconds ",
1285,:,1737467077.000,82.000,0,185,0,0,"schlandals --timeout 1500 -i /data/schlandals/pwmc_benchmarks/instances/bayesian_networks/pcnf/munin/1285.cnf compile | tr '\n' ' '",/data/schlandals/pwmc_benchmarks/instances/bayesian_networks/pcnf/munin/1285.cnf,"lower 6.74321094498656825802233213571446753e-3 upper 9.93256729055014633617002593665211468e-1 Final circuit size: 83653 Estimated probability 0.00674321 (epsilon 0) found in 74 seconds ",
558,:,1737465528.000,1635.000,0,206,0,0,"schlandals --timeout 1500 -i /data/schlandals/pwmc_benchmarks/instances/bayesian_networks/pcnf/munin/558.cnf compile | tr '\n' ' '",/data/schlandals/pwmc_benchmarks/instances/bayesian_networks/pcnf/munin/558.cnf,"lower 1.33903362427311890672746261304243654e-2 upper 9.85007997792874801393595877300704793e-1 Final circuit size: 615604 Estimated probability 0.01339034 (epsilon 0.05811526534857303) found in 1500 seconds ",
1286,:,1737467083.000,80.000,0,185,0,0,"schlandals --timeout 1500 -i /data/schlandals/pwmc_benchmarks/instances/bayesian_networks/pcnf/munin/1286.cnf compile | tr '\n' ' '",/data/schlandals/pwmc_benchmarks/instances/bayesian_networks/pcnf/munin/1286.cnf,"lower 5.83683755064467123957575699692515927e-2 upper 9.41631564493554489285469576797641401e-1 Final circuit size: 83514 Estimated probability 0.05836838 (epsilon 0) found in 72 seconds ",
1289,:,1737467096.000,81.000,0,185,0,0,"schlandals --timeout 1500 -i /data/schlandals/pwmc_benchmarks/instances/bayesian_networks/pcnf/munin/1289.cnf compile | tr '\n' ' '",/data/schlandals/pwmc_benchmarks/instances/bayesian_networks/pcnf/munin/1289.cnf,"lower 2.15467980810084429534024743049254352e-2 upper 9.78453141918992757765171686536354496e-1 Final circuit size: 84221 Estimated probability 0.02154680 (epsilon 0) found in 74 seconds ",
1287,:,1737467090.000,90.000,0,185,0,0,"schlandals --timeout 1500 -i /data/schlandals/pwmc_benchmarks/instances/bayesian_networks/pcnf/munin/1287.cnf compile | tr '\n' ' '",/data/schlandals/pwmc_benchmarks/instances/bayesian_networks/pcnf/munin/1287.cnf,"lower 7.98662208348690859341278044693855332e-1 upper 2.01337731651310341913428224160316216e-1 Final circuit size: 86869 Estimated probability 0.79866221 (epsilon 0) found in 82 seconds ",
1290,:,1737467097.000,99.000,0,210,0,0,"schlandals --timeout 1500 -i /data/schlandals/pwmc_benchmarks/instances/bayesian_networks/pcnf/munin/1290.cnf compile | tr '\n' ' '",/data/schlandals/pwmc_benchmarks/instances/bayesian_networks/pcnf/munin/1290.cnf,"lower 1.44108869299547939860886116900403393e-3 upper 9.98558821307007627900437072372001075e-1 Final circuit size: 85934 Estimated probability 0.00144109 (epsilon 0.000000043880668876283835) found in 89 seconds ",
1295,:,1737467127.000,70.000,0,211,0,0,"schlandals --timeout 1500 -i /data/schlandals/pwmc_benchmarks/instances/bayesian_networks/pcnf/munin/1295.cnf compile | tr '\n' ' '",/data/schlandals/pwmc_benchmarks/instances/bayesian_networks/pcnf/munin/1295.cnf,"lower 1.71526473535461159037917222776873803e-1 upper 8.28473436464541943134401694144482335e-1 Final circuit size: 86179 Estimated probability 0.17152647 (epsilon 0.0000000024317647895344408) found in 63 seconds ",
1291,:,1737467100.000,97.000,0,210,0,0,"schlandals --timeout 1500 -i /data/schlandals/pwmc_benchmarks/instances/bayesian_networks/pcnf/munin/1291.cnf compile | tr '\n' ' '",/data/schlandals/pwmc_benchmarks/instances/bayesian_networks/pcnf/munin/1291.cnf,"lower 3.01265018133696696445157441604239485e-3 upper 9.96987259818666137197386000814349814e-1 Final circuit size: 86018 Estimated probability 0.00301265 (epsilon 0.000000020990131854858873) found in 87 seconds ",
1292,:,1737467100.000,99.000,0,209,0,0,"schlandals --timeout 1500 -i /data/schlandals/pwmc_benchmarks/instances/bayesian_networks/pcnf/munin/1292.cnf compile | tr '\n' ' '",/data/schlandals/pwmc_benchmarks/instances/bayesian_networks/pcnf/munin/1292.cnf,"lower 6.73841554575859087171535211070687954e-3 upper 9.93261494454244510845875526415113854e-1 Final circuit size: 86592 Estimated probability 0.00673842 (epsilon 0.00000003870582654386112) found in 88 seconds ",
1293,:,1737467106.000,95.000,0,209,0,0,"schlandals --timeout 1500 -i /data/schlandals/pwmc_benchmarks/instances/bayesian_networks/pcnf/munin/1293.cnf compile | tr '\n' ' '",/data/schlandals/pwmc_benchmarks/instances/bayesian_networks/pcnf/munin/1293.cnf,"lower 2.16526770732174735905698141988796069e-2 upper 9.78347232926785629824033422392477185e-1 Final circuit size: 84787 Estimated probability 0.02165268 (epsilon 0.00000001204543931265789) found in 86 seconds ",
1294,:,1737467123.000,103.000,0,210,0,0,"schlandals --timeout 1500 -i /data/schlandals/pwmc_benchmarks/instances/bayesian_networks/pcnf/munin/1294.cnf compile | tr '\n' ' '",/data/schlandals/pwmc_benchmarks/instances/bayesian_networks/pcnf/munin/1294.cnf,"lower 7.23081164766711399520546324478332689e-2 upper 9.27691793523331964326571097752155916e-1 Final circuit size: 87768 Estimated probability 0.07230812 (epsilon 0.000000005282158044295215) found in 93 seconds ",
1296,:,1737467128.000,105.000,0,211,0,0,"schlandals --timeout 1500 -i /data/schlandals/pwmc_benchmarks/instances/bayesian_networks/pcnf/munin/1296.cnf compile | tr '\n' ' '",/data/schlandals/pwmc_benchmarks/instances/bayesian_networks/pcnf/munin/1296.cnf,"lower 2.55538503341112864893174232517114546e-1 upper 7.44461406658890240764059998843401642e-1 Final circuit size: 87393 Estimated probability 0.25553850 (epsilon 0.0000000016322863061191129) found in 94 seconds ",
1297,:,1737467139.000,95.000,0,211,0,0,"schlandals --timeout 1500 -i /data/schlandals/pwmc_benchmarks/instances/bayesian_networks/pcnf/munin/1297.cnf compile | tr '\n' ' '",/data/schlandals/pwmc_benchmarks/instances/bayesian_networks/pcnf/munin/1297.cnf,"lower 2.34170229061879792314364265537511334e-1 upper 7.65829680938123311989617829551046346e-1 Final circuit size: 85799 Estimated probability 0.23417023 (epsilon 0.0000000017812344932366386) found in 85 seconds ",
1299,:,1737467163.000,97.000,0,210,0,0,"schlandals --timeout 1500 -i /data/schlandals/pwmc_benchmarks/instances/bayesian_networks/pcnf/munin/1299.cnf compile | tr '\n' ' '",/data/schlandals/pwmc_benchmarks/instances/bayesian_networks/pcnf/munin/1299.cnf,"lower 5.40224691775649546928919391726382151e-2 upper 9.45977440822438151515879202138047168e-1 Final circuit size: 85640 Estimated probability 0.05402247 (epsilon 0.000000007721084438472303) found in 87 seconds ",
1298,:,1737467159.000,104.000,0,211,0,0,"schlandals --timeout 1500 -i /data/schlandals/pwmc_benchmarks/instances/bayesian_networks/pcnf/munin/1298.cnf compile | tr '\n' ' '",/data/schlandals/pwmc_benchmarks/instances/bayesian_networks/pcnf/munin/1298.cnf,"lower 1.34706926297302349951390331200455258e-1 upper 8.65292983702700754392474436324481279e-1 Final circuit size: 88237 Estimated probability 0.13470693 (epsilon 0.0000000030964411035228068) found in 93 seconds ",
1300,:,1737467163.000,101.000,0,210,0,0,"schlandals --timeout 1500 -i /data/schlandals/pwmc_benchmarks/instances/bayesian_networks/pcnf/munin/1300.cnf compile | tr '\n' ' '",/data/schlandals/pwmc_benchmarks/instances/bayesian_networks/pcnf/munin/1300.cnf,"lower 2.05794857300197567786368710343622187e-2 upper 9.79420424269983348222069094325913844e-1 Final circuit size: 86764 Estimated probability 0.02057949 (epsilon 0.000000020268341893725506) found in 90 seconds ",
1302,:,1737467180.000,98.000,0,209,0,0,"schlandals --timeout 1500 -i /data/schlandals/pwmc_benchmarks/instances/bayesian_networks/pcnf/munin/1302.cnf compile | tr '\n' ' '",/data/schlandals/pwmc_benchmarks/instances/bayesian_networks/pcnf/munin/1302.cnf,"lower 6.13681990868903510374494961915838822e-3 upper 9.93863090091314071130844720013273721e-1 Final circuit size: 85626 Estimated probability 0.00613682 (epsilon 0.00000005698860228164904) found in 87 seconds ",
1301,:,1737467177.000,101.000,0,210,0,0,"schlandals --timeout 1500 -i /data/schlandals/pwmc_benchmarks/instances/bayesian_networks/pcnf/munin/1301.cnf compile | tr '\n' ' '",/data/schlandals/pwmc_benchmarks/instances/bayesian_networks/pcnf/munin/1301.cnf,"lower 1.03725162229679472353754961554002101e-2 upper 9.89627393777035157155595281686026747e-1 Final circuit size: 87523 Estimated probability 0.01037252 (epsilon 0.000000040213196106364535) found in 91 seconds ",
1309,:,1737467233.000,48.000,0,185,0,0,"schlandals --timeout 1500 -i /data/schlandals/pwmc_benchmarks/instances/bayesian_networks/pcnf/munin/1309.cnf compile | tr '\n' ' '",/data/schlandals/pwmc_benchmarks/instances/bayesian_networks/pcnf/munin/1309.cnf,"lower 1.14562739559627879841864370356463112e-1 upper 8.85437200440373303376764022446096822e-1 Final circuit size: 83401 Estimated probability 0.11456274 (epsilon 0) found in 43 seconds ",
1314,:,1737467278.000,4.000,0,184,0,0,"schlandals --timeout 1500 -i /data/schlandals/pwmc_benchmarks/instances/bayesian_networks/pcnf/munin/1314.cnf compile | tr '\n' ' '",/data/schlandals/pwmc_benchmarks/instances/bayesian_networks/pcnf/munin/1314.cnf,"lower 8.80200059361157841967055183111013910e-1 upper 1.19799940638842283378547765634403947e-1 Final circuit size: 44014 Estimated probability 0.88020006 (epsilon 0) found in 3 seconds ",
1315,:,1737467278.000,5.000,0,184,0,0,"schlandals --timeout 1500 -i /data/schlandals/pwmc_benchmarks/instances/bayesian_networks/pcnf/munin/1315.cnf compile | tr '\n' ' '",/data/schlandals/pwmc_benchmarks/instances/bayesian_networks/pcnf/munin/1315.cnf,"lower 1.19799940638842207764950613015916705e-1 upper 8.80200059361157917580652335729501223e-1 Final circuit size: 44014 Estimated probability 0.11979994 (epsilon 0) found in 3 seconds ",
1303,:,1737467196.000,87.000,0,209,0,0,"schlandals --timeout 1500 -i /data/schlandals/pwmc_benchmarks/instances/bayesian_networks/pcnf/munin/1303.cnf compile | tr '\n' ' '",/data/schlandals/pwmc_benchmarks/instances/bayesian_networks/pcnf/munin/1303.cnf,"lower 3.55062283052855004652267376515882066e-3 upper 9.96449287169474551758538667690982680e-1 Final circuit size: 86022 Estimated probability 0.00355062 (epsilon 0.00000009849786408722139) found in 79 seconds ",
1316,:,1737467281.000,4.000,0,184,0,0,"schlandals --timeout 1500 -i /data/schlandals/pwmc_benchmarks/instances/bayesian_networks/pcnf/munin/1316.cnf compile | tr '\n' ' '",/data/schlandals/pwmc_benchmarks/instances/bayesian_networks/pcnf/munin/1316.cnf,"lower 9.46324800458896192255738854187766371e-1 upper 5.36751995411039189983618556594469892e-2 Final circuit size: 47780 Estimated probability 0.94632480 (epsilon 0) found in 4 seconds ",
1317,:,1737467282.000,8.000,0,184,0,0,"schlandals --timeout 1500 -i /data/schlandals/pwmc_benchmarks/instances/bayesian_networks/pcnf/munin/1317.cnf compile | tr '\n' ' '",/data/schlandals/pwmc_benchmarks/instances/bayesian_networks/pcnf/munin/1317.cnf,"lower 5.36751995411038447408557964780751525e-2 upper 9.46324800458896266513244913369138515e-1 Final circuit size: 47780 Estimated probability 0.05367520 (epsilon 0) found in 6 seconds ",
1304,:,1737467197.000,95.000,0,209,0,0,"schlandals --timeout 1500 -i /data/schlandals/pwmc_benchmarks/instances/bayesian_networks/pcnf/munin/1304.cnf compile | tr '\n' ' '",/data/schlandals/pwmc_benchmarks/instances/bayesian_networks/pcnf/munin/1304.cnf,"lower 2.06880310592856368855578504187442623e-3 upper 9.97931106894074542157713195490938833e-1 Final circuit size: 85869 Estimated probability 0.00206880 (epsilon 0.00000016904883426427375) found in 88 seconds ",
1307,:,1737467201.000,94.000,0,208,0,0,"schlandals --timeout 1500 -i /data/schlandals/pwmc_benchmarks/instances/bayesian_networks/pcnf/munin/1307.cnf compile | tr '\n' ' '",/data/schlandals/pwmc_benchmarks/instances/bayesian_networks/pcnf/munin/1307.cnf,"lower 2.89307931961000731535249459514090644e-4 upper 9.99710602068042104970712750454879373e-1 Final circuit size: 87258 Estimated probability 0.00028931 (epsilon 0.0000005259057416218127) found in 87 seconds ",
1305,:,1737467197.000,99.000,0,208,0,0,"schlandals --timeout 1500 -i /data/schlandals/pwmc_benchmarks/instances/bayesian_networks/pcnf/munin/1305.cnf compile | tr '\n' ' '",/data/schlandals/pwmc_benchmarks/instances/bayesian_networks/pcnf/munin/1305.cnf,"lower 1.20153533048723460734484841965083079e-3 upper 9.98798374669515870407661634864334186e-1 Final circuit size: 85583 Estimated probability 0.00120154 (epsilon 0.0000002910682044277024) found in 88 seconds ",
1306,:,1737467199.000,99.000,0,209,0,0,"schlandals --timeout 1500 -i /data/schlandals/pwmc_benchmarks/instances/bayesian_networks/pcnf/munin/1306.cnf compile | tr '\n' ' '",/data/schlandals/pwmc_benchmarks/instances/bayesian_networks/pcnf/munin/1306.cnf,"lower 6.41269842607878276145998768462954023e-4 upper 9.99358640157395226274236926789024819e-1 Final circuit size: 86304 Estimated probability 0.00064127 (epsilon 0.00000023726162901027692) found in 89 seconds ",
1310,:,1737467234.000,81.000,0,185,0,0,"schlandals --timeout 1500 -i /data/schlandals/pwmc_benchmarks/instances/bayesian_networks/pcnf/munin/1310.cnf compile | tr '\n' ' '",/data/schlandals/pwmc_benchmarks/instances/bayesian_networks/pcnf/munin/1310.cnf,"lower 7.39276738976875588867701967993753658e-1 upper 2.60723201023125593193273356833842667e-1 Final circuit size: 82563 Estimated probability 0.73927674 (epsilon 0) found in 73 seconds ",
1312,:,1737467263.000,55.000,0,185,0,0,"schlandals --timeout 1500 -i /data/schlandals/pwmc_benchmarks/instances/bayesian_networks/pcnf/munin/1312.cnf compile | tr '\n' ' '",/data/schlandals/pwmc_benchmarks/instances/bayesian_networks/pcnf/munin/1312.cnf,"lower 8.22706453923909717881554022526714925e-1 upper 1.77293486076091562693839882072199800e-1 Final circuit size: 78797 Estimated probability 0.82270645 (epsilon 0) found in 49 seconds ",
1308,:,1737467226.000,101.000,0,208,0,0,"schlandals --timeout 1500 -i /data/schlandals/pwmc_benchmarks/instances/bayesian_networks/pcnf/munin/1308.cnf compile | tr '\n' ' '",/data/schlandals/pwmc_benchmarks/instances/bayesian_networks/pcnf/munin/1308.cnf,"lower 4.20888692851921467063942819703338961e-5 upper 9.99957821130717910201608656640418236e-1 Final circuit size: 87506 Estimated probability 0.00004209 (epsilon 0.0000007370557899566421) found in 90 seconds ",
1313,:,1737467264.000,68.000,0,185,0,0,"schlandals --timeout 1500 -i /data/schlandals/pwmc_benchmarks/instances/bayesian_networks/pcnf/munin/1313.cnf compile | tr '\n' ' '",/data/schlandals/pwmc_benchmarks/instances/bayesian_networks/pcnf/munin/1313.cnf,"lower 1.77293546074384945749600313585834037e-1 upper 8.22706393925616334825793591013080279e-1 Final circuit size: 78797 Estimated probability 0.17729355 (epsilon 0) found in 61 seconds ",
1311,:,1737467260.000,84.000,0,185,0,0,"schlandals --timeout 1500 -i /data/schlandals/pwmc_benchmarks/instances/bayesian_networks/pcnf/munin/1311.cnf compile | tr '\n' ' '",/data/schlandals/pwmc_benchmarks/instances/bayesian_networks/pcnf/munin/1311.cnf,"lower 1.46160521461791209288627999973714229e-1 upper 8.53839418538209975874402610552875952e-1 Final circuit size: 87115 Estimated probability 0.14616052 (epsilon 0) found in 76 seconds ",
892,:,1737466165.000,1503.000,0,0,0,0,"schlandals --timeout 1500 -i /data/schlandals/pwmc_benchmarks/instances/bayesian_networks/pcnf/munin/892.cnf compile | tr '\n' ' '",/data/schlandals/pwmc_benchmarks/instances/bayesian_networks/pcnf/munin/892.cnf,,
1216,:,1737466695.000,993.000,0,0,0,0,"schlandals --timeout 1500 -i /data/schlandals/pwmc_benchmarks/instances/bayesian_networks/pcnf/munin/1216.cnf compile | tr '\n' ' '",/data/schlandals/pwmc_benchmarks/instances/bayesian_networks/pcnf/munin/1216.cnf,,"memory allocation of 8192 bytes failed
"
995,:,1737466525.000,1163.000,0,0,0,0,"schlandals --timeout 1500 -i /data/schlandals/pwmc_benchmarks/instances/bayesian_networks/pcnf/munin/995.cnf compile | tr '\n' ' '",/data/schlandals/pwmc_benchmarks/instances/bayesian_networks/pcnf/munin/995.cnf,,"memory allocation of 8192 bytes failed
"
886,:,1737466150.000,1538.000,0,0,0,0,"schlandals --timeout 1500 -i /data/schlandals/pwmc_benchmarks/instances/bayesian_networks/pcnf/munin/886.cnf compile | tr '\n' ' '",/data/schlandals/pwmc_benchmarks/instances/bayesian_networks/pcnf/munin/886.cnf,,"memory allocation of 2816 bytes failed
"
898,:,1737466166.000,1522.000,0,0,0,0,"schlandals --timeout 1500 -i /data/schlandals/pwmc_benchmarks/instances/bayesian_networks/pcnf/munin/898.cnf compile | tr '\n' ' '",/data/schlandals/pwmc_benchmarks/instances/bayesian_networks/pcnf/munin/898.cnf,,"memory allocation of 2624 bytes failed
"
897,:,1737466166.000,1522.000,0,0,0,0,"schlandals --timeout 1500 -i /data/schlandals/pwmc_benchmarks/instances/bayesian_networks/pcnf/munin/897.cnf compile | tr '\n' ' '",/data/schlandals/pwmc_benchmarks/instances/bayesian_networks/pcnf/munin/897.cnf,,"memory allocation of 3584 bytes failed
"
900,:,1737466177.000,1511.000,0,0,0,0,"schlandals --timeout 1500 -i /data/schlandals/pwmc_benchmarks/instances/bayesian_networks/pcnf/munin/900.cnf compile | tr '\n' ' '",/data/schlandals/pwmc_benchmarks/instances/bayesian_networks/pcnf/munin/900.cnf,,"memory allocation of 1984 bytes failed
"
888,:,1737466152.000,1536.000,0,0,0,0,"schlandals --timeout 1500 -i /data/schlandals/pwmc_benchmarks/instances/bayesian_networks/pcnf/munin/888.cnf compile | tr '\n' ' '",/data/schlandals/pwmc_benchmarks/instances/bayesian_networks/pcnf/munin/888.cnf,,"memory allocation of 1888 bytes failed
"
1221,:,1737466704.000,1201.000,0,0,0,0,"schlandals --timeout 1500 -i /data/schlandals/pwmc_benchmarks/instances/bayesian_networks/pcnf/munin/1221.cnf compile | tr '\n' ' '",/data/schlandals/pwmc_benchmarks/instances/bayesian_networks/pcnf/munin/1221.cnf,"lower 1.43633422076462020895225172359591638e-1 upper 8.56366397923551336758758566919354753e-1 Final circuit size: 646325 Estimated probability 0.14363342 (epsilon 0.0000000034470157839194826) found in 1138 seconds ",
1339,:,1737467689.000,8.000,0,184,0,0,"schlandals --timeout 1500 -i /data/schlandals/pwmc_benchmarks/instances/bayesian_networks/pcnf/munin/1339.cnf compile | tr '\n' ' '",/data/schlandals/pwmc_benchmarks/instances/bayesian_networks/pcnf/munin/1339.cnf,"lower 9.45883944516707076401977399982360003e-1 upper 5.41160554832930348521233098648538512e-2 Final circuit size: 47082 Estimated probability 0.94588394 (epsilon 0) found in 7 seconds ",
887,:,1737466150.000,1551.000,0,212,0,0,"schlandals --timeout 1500 -i /data/schlandals/pwmc_benchmarks/instances/bayesian_networks/pcnf/munin/887.cnf compile | tr '\n' ' '",/data/schlandals/pwmc_benchmarks/instances/bayesian_networks/pcnf/munin/887.cnf,"lower 4.34504261792067853211837231900932983e-3 upper 9.95654686832361761517279900352952112e-1 Final circuit size: 891072 Estimated probability 0.00434504 (epsilon 0.00000014531812753126871) found in 1407 seconds ",
1340,:,1737467697.000,8.000,0,184,0,0,"schlandals --timeout 1500 -i /data/schlandals/pwmc_benchmarks/instances/bayesian_networks/pcnf/munin/1340.cnf compile | tr '\n' ' '",/data/schlandals/pwmc_benchmarks/instances/bayesian_networks/pcnf/munin/1340.cnf,"lower 2.21810154784950243610547750943677859e-2 upper 9.77818984521505086893045934752845854e-1 Final circuit size: 47082 Estimated probability 0.02218102 (epsilon 0) found in 7 seconds ",
1341,:,1737467701.000,7.000,0,184,0,0,"schlandals --timeout 1500 -i /data/schlandals/pwmc_benchmarks/instances/bayesian_networks/pcnf/munin/1341.cnf compile | tr '\n' ' '",/data/schlandals/pwmc_benchmarks/instances/bayesian_networks/pcnf/munin/1341.cnf,"lower 1.06333181280630958791191104854067970e-2 upper 9.89366681871937015374981599361806747e-1 Final circuit size: 47082 Estimated probability 0.01063332 (epsilon 0) found in 5 seconds ",
1342,:,1737467705.000,7.000,0,184,0,0,"schlandals --timeout 1500 -i /data/schlandals/pwmc_benchmarks/instances/bayesian_networks/pcnf/munin/1342.cnf compile | tr '\n' ' '",/data/schlandals/pwmc_benchmarks/instances/bayesian_networks/pcnf/munin/1342.cnf,"lower 1.30172187673483531683999460914617475e-3 upper 9.98698278123265275937260715238067700e-1 Final circuit size: 41616 Estimated probability 0.00130172 (epsilon 0) found in 5 seconds ",
1343,:,1737467708.000,8.000,0,184,0,0,"schlandals --timeout 1500 -i /data/schlandals/pwmc_benchmarks/instances/bayesian_networks/pcnf/munin/1343.cnf compile | tr '\n' ' '",/data/schlandals/pwmc_benchmarks/instances/bayesian_networks/pcnf/munin/1343.cnf,"lower 2.00000000000000019804860040842144585e-2 upper 9.80000000000000109273614705762999290e-1 Final circuit size: 47082 Estimated probability 0.02000000 (epsilon 0) found in 7 seconds ",
1344,:,1737467712.000,8.000,0,184,0,0,"schlandals --timeout 1500 -i /data/schlandals/pwmc_benchmarks/instances/bayesian_networks/pcnf/munin/1344.cnf compile | tr '\n' ' '",/data/schlandals/pwmc_benchmarks/instances/bayesian_networks/pcnf/munin/1344.cnf,"lower 9.49013494172304393739070229949254198e-1 upper 5.09865058276957175150304798979595659e-2 Final circuit size: 48764 Estimated probability 0.94901349 (epsilon 0) found in 7 seconds ",
1345,:,1737467716.000,8.000,0,184,0,0,"schlandals --timeout 1500 -i /data/schlandals/pwmc_benchmarks/instances/bayesian_networks/pcnf/munin/1345.cnf compile | tr '\n' ' '",/data/schlandals/pwmc_benchmarks/instances/bayesian_networks/pcnf/munin/1345.cnf,"lower 2.07562590901749775902762807190480309e-2 upper 9.79243740909825133663824429128165681e-1 Final circuit size: 48764 Estimated probability 0.02075626 (epsilon 0) found in 7 seconds ",
1346,:,1737467721.000,8.000,0,184,0,0,"schlandals --timeout 1500 -i /data/schlandals/pwmc_benchmarks/instances/bayesian_networks/pcnf/munin/1346.cnf compile | tr '\n' ' '",/data/schlandals/pwmc_benchmarks/instances/bayesian_networks/pcnf/munin/1346.cnf,"lower 1.01776641155727340034702045401648853e-2 upper 9.89822335884427377250630505307048740e-1 Final circuit size: 48764 Estimated probability 0.01017766 (epsilon 0) found in 7 seconds ",
1347,:,1737467724.000,9.000,0,184,0,0,"schlandals --timeout 1500 -i /data/schlandals/pwmc_benchmarks/instances/bayesian_networks/pcnf/munin/1347.cnf compile | tr '\n' ' '",/data/schlandals/pwmc_benchmarks/instances/bayesian_networks/pcnf/munin/1347.cnf,"lower 2.00525826219479297696277252107177447e-2 upper 9.79947417378052181484472984636495778e-1 Final circuit size: 48764 Estimated probability 0.02005258 (epsilon 0) found in 7 seconds ",
1348,:,1737467729.000,9.000,0,184,0,0,"schlandals --timeout 1500 -i /data/schlandals/pwmc_benchmarks/instances/bayesian_networks/pcnf/munin/1348.cnf compile | tr '\n' ' '",/data/schlandals/pwmc_benchmarks/instances/bayesian_networks/pcnf/munin/1348.cnf,"lower 9.45499114177318259834363176765164089e-1 upper 5.45008858226818514197375330820494275e-2 Final circuit size: 47777 Estimated probability 0.94549911 (epsilon 0) found in 7 seconds ",
1349,:,1737467733.000,7.000,0,184,0,0,"schlandals --timeout 1500 -i /data/schlandals/pwmc_benchmarks/instances/bayesian_networks/pcnf/munin/1349.cnf compile | tr '\n' ' '",/data/schlandals/pwmc_benchmarks/instances/bayesian_networks/pcnf/munin/1349.cnf,"lower 2.22978140458306871078656493624671710e-2 upper 9.77702185954169424146235060484746574e-1 Final circuit size: 45497 Estimated probability 0.02229781 (epsilon 0) found in 6 seconds ",
1350,:,1737467738.000,8.000,0,184,0,0,"schlandals --timeout 1500 -i /data/schlandals/pwmc_benchmarks/instances/bayesian_networks/pcnf/munin/1350.cnf compile | tr '\n' ' '",/data/schlandals/pwmc_benchmarks/instances/bayesian_networks/pcnf/munin/1350.cnf,"lower 1.08366686217909228538772386941809132e-2 upper 9.89163331378209188400223471153032924e-1 Final circuit size: 45497 Estimated probability 0.01083667 (epsilon 0) found in 6 seconds ",
1351,:,1737467740.000,7.000,0,184,0,0,"schlandals --timeout 1500 -i /data/schlandals/pwmc_benchmarks/instances/bayesian_networks/pcnf/munin/1351.cnf compile | tr '\n' ' '",/data/schlandals/pwmc_benchmarks/instances/bayesian_networks/pcnf/munin/1351.cnf,"lower 1.34406717405573290382752774710317266e-3 upper 9.98655932825944378350273182100110593e-1 Final circuit size: 41310 Estimated probability 0.00134407 (epsilon 0) found in 6 seconds ",
1352,:,1737467746.000,8.000,0,184,0,0,"schlandals --timeout 1500 -i /data/schlandals/pwmc_benchmarks/instances/bayesian_networks/pcnf/munin/1352.cnf compile | tr '\n' ' '",/data/schlandals/pwmc_benchmarks/instances/bayesian_networks/pcnf/munin/1352.cnf,"lower 2.00223359810044314854241132490921398e-2 upper 9.79977664018995679768676596598121807e-1 Final circuit size: 46953 Estimated probability 0.02002234 (epsilon 0) found in 7 seconds ",
1353,:,1737467747.000,9.000,0,184,0,0,"schlandals --timeout 1500 -i /data/schlandals/pwmc_benchmarks/instances/bayesian_networks/pcnf/munin/1353.cnf compile | tr '\n' ' '",/data/schlandals/pwmc_benchmarks/instances/bayesian_networks/pcnf/munin/1353.cnf,"lower 9.45713352978899934563587600000497867e-1 upper 5.42866470211000812807219311223180724e-2 Final circuit size: 48897 Estimated probability 0.94571335 (epsilon 0) found in 7 seconds ",
1354,:,1737467754.000,8.000,0,184,0,0,"schlandals --timeout 1500 -i /data/schlandals/pwmc_benchmarks/instances/bayesian_networks/pcnf/munin/1354.cnf compile | tr '\n' ' '",/data/schlandals/pwmc_benchmarks/instances/bayesian_networks/pcnf/munin/1354.cnf,"lower 5.25798058060116141638656862382087817e-2 upper 9.47420194193988401680443844884607067e-1 Final circuit size: 44853 Estimated probability 0.05257981 (epsilon 0) found in 6 seconds ",
1355,:,1737467756.000,7.000,0,184,0,0,"schlandals --timeout 1500 -i /data/schlandals/pwmc_benchmarks/instances/bayesian_networks/pcnf/munin/1355.cnf compile | tr '\n' ' '",/data/schlandals/pwmc_benchmarks/instances/bayesian_networks/pcnf/munin/1355.cnf,"lower 1.29362556650654209553295841882108039e-3 upper 9.98706374433493432185526203754714936e-1 Final circuit size: 40845 Estimated probability 0.00129363 (epsilon 0) found in 5 seconds ",
1356,:,1737467762.000,8.000,0,184,0,0,"schlandals --timeout 1500 -i /data/schlandals/pwmc_benchmarks/instances/bayesian_networks/pcnf/munin/1356.cnf compile | tr '\n' ' '",/data/schlandals/pwmc_benchmarks/instances/bayesian_networks/pcnf/munin/1356.cnf,"lower 4.13215648581945824080426571124405836e-4 upper 9.99586784351418028456978735602411718e-1 Final circuit size: 40845 Estimated probability 0.00041322 (epsilon 0) found in 6 seconds ",
1357,:,1737467763.000,13.000,0,186,0,0,"schlandals --timeout 1500 -i /data/schlandals/pwmc_benchmarks/instances/bayesian_networks/pcnf/munin/1357.cnf compile | tr '\n' ' '",/data/schlandals/pwmc_benchmarks/instances/bayesian_networks/pcnf/munin/1357.cnf,"lower 9.06479740428114567393274921037739595e-1 upper 9.35202595718854913859094386027815780e-2 Final circuit size: 101316 Estimated probability 0.90647974 (epsilon 0) found in 11 seconds ",
896,:,1737466166.000,1615.000,0,213,0,0,"schlandals --timeout 1500 -i /data/schlandals/pwmc_benchmarks/instances/bayesian_networks/pcnf/munin/896.cnf compile | tr '\n' ' '",/data/schlandals/pwmc_benchmarks/instances/bayesian_networks/pcnf/munin/896.cnf,"lower 2.24522167014075138704234960701818340e-1 upper 7.75477632985942221209896235072387540e-1 Final circuit size: 888835 Estimated probability 0.22452217 (epsilon 0.000000021716789921910618) found in 1472 seconds ",
1360,:,1737467781.000,1.000,0,183,0,0,"schlandals --timeout 1500 -i /data/schlandals/pwmc_benchmarks/instances/bayesian_networks/pcnf/munin/1360.cnf compile | tr '\n' ' '",/data/schlandals/pwmc_benchmarks/instances/bayesian_networks/pcnf/munin/1360.cnf,"lower 9.22219317139858045702949543192069287e-1 upper 7.77806828601418340803603259152933518e-2 Final circuit size: 5110 Estimated probability 0.92221932 (epsilon 0) found in 0 seconds ",
1358,:,1737467770.000,12.000,0,186,0,0,"schlandals --timeout 1500 -i /data/schlandals/pwmc_benchmarks/instances/bayesian_networks/pcnf/munin/1358.cnf compile | tr '\n' ' '",/data/schlandals/pwmc_benchmarks/instances/bayesian_networks/pcnf/munin/1358.cnf,"lower 7.72368921203147918605953296138850915e-2 upper 9.22763107879685266918589030026636371e-1 Final circuit size: 101316 Estimated probability 0.07723689 (epsilon 0) found in 11 seconds ",
1361,:,1737467782.000,1.000,0,183,0,0,"schlandals --timeout 1500 -i /data/schlandals/pwmc_benchmarks/instances/bayesian_networks/pcnf/munin/1361.cnf compile | tr '\n' ' '",/data/schlandals/pwmc_benchmarks/instances/bayesian_networks/pcnf/munin/1361.cnf,"lower 7.77806828601420072649089225269563321e-2 upper 9.22219317139857872518400946580406126e-1 Final circuit size: 5110 Estimated probability 0.07778068 (epsilon 0) found in 0 seconds ",
1363,:,1737467783.000,0.000,0,138,0,0,"schlandals --timeout 1500 -i /data/schlandals/pwmc_benchmarks/instances/bayesian_networks/pcnf/munin/1363.cnf compile | tr '\n' ' '",/data/schlandals/pwmc_benchmarks/instances/bayesian_networks/pcnf/munin/1363.cnf,"lower 0 upper 1.00000000000000000000000000000000000 Final circuit size: 0 Estimated probability 0.00000000 (epsilon 0) found in 0 seconds ",
1362,:,1737467782.000,1.000,0,138,0,0,"schlandals --timeout 1500 -i /data/schlandals/pwmc_benchmarks/instances/bayesian_networks/pcnf/munin/1362.cnf compile | tr '\n' ' '",/data/schlandals/pwmc_benchmarks/instances/bayesian_networks/pcnf/munin/1362.cnf,"lower 0 upper 1.00000000000000000000000000000000000 Final circuit size: 0 Estimated probability 0.00000000 (epsilon 0) found in 0 seconds ",
1364,:,1737467783.000,1.000,0,138,0,0,"schlandals --timeout 1500 -i /data/schlandals/pwmc_benchmarks/instances/bayesian_networks/pcnf/munin/1364.cnf compile | tr '\n' ' '",/data/schlandals/pwmc_benchmarks/instances/bayesian_networks/pcnf/munin/1364.cnf,"lower 0 upper 1.00000000000000000000000000000000000 Final circuit size: 0 Estimated probability 0.00000000 (epsilon 0) found in 0 seconds ",
1365,:,1737467783.000,2.000,0,138,0,0,"schlandals --timeout 1500 -i /data/schlandals/pwmc_benchmarks/instances/bayesian_networks/pcnf/munin/1365.cnf compile | tr '\n' ' '",/data/schlandals/pwmc_benchmarks/instances/bayesian_networks/pcnf/munin/1365.cnf,"lower 0 upper 1.00000000000000000000000000000000000 Final circuit size: 0 Estimated probability 0.00000000 (epsilon 0) found in 0 seconds ",
884,:,1737466150.000,1636.000,0,206,0,0,"schlandals --timeout 1500 -i /data/schlandals/pwmc_benchmarks/instances/bayesian_networks/pcnf/munin/884.cnf compile | tr '\n' ' '",/data/schlandals/pwmc_benchmarks/instances/bayesian_networks/pcnf/munin/884.cnf,"lower 1.19775272726739472257760203814498571e-2 upper 9.86378577474659991809950447960381540e-1 Final circuit size: 818397 Estimated probability 0.01197753 (epsilon 0.06640732825054907) found in 1500 seconds ",
1359,:,1737467776.000,13.000,0,185,0,0,"schlandals --timeout 1500 -i /data/schlandals/pwmc_benchmarks/instances/bayesian_networks/pcnf/munin/1359.cnf compile | tr '\n' ' '",/data/schlandals/pwmc_benchmarks/instances/bayesian_networks/pcnf/munin/1359.cnf,"lower 1.62833674515706928513731207586479026e-2 upper 9.83716632548429350404331274066600158e-1 Final circuit size: 98904 Estimated probability 0.01628337 (epsilon 0) found in 11 seconds ",
894,:,1737466166.000,1624.000,0,205,0,0,"schlandals --timeout 1500 -i /data/schlandals/pwmc_benchmarks/instances/bayesian_networks/pcnf/munin/894.cnf compile | tr '\n' ' '",/data/schlandals/pwmc_benchmarks/instances/bayesian_networks/pcnf/munin/894.cnf,"lower 8.26905407960758896368534466400347757e-2 upper 8.95303151732720469177192440608891649e-1 Final circuit size: 789334 Estimated probability 0.08269054 (epsilon 0.1252227442266376) found in 1502 seconds ",
1366,:,1737467784.000,36.000,0,186,0,0,"schlandals --timeout 1500 -i /data/schlandals/pwmc_benchmarks/instances/bayesian_networks/pcnf/munin/1366.cnf compile | tr '\n' ' '",/data/schlandals/pwmc_benchmarks/instances/bayesian_networks/pcnf/munin/1366.cnf,"lower 8.74050156328699868601492248375554047e-1 upper 1.25949843671300196467167639767641259e-1 Final circuit size: 212589 Estimated probability 0.87405016 (epsilon 0) found in 33 seconds ",
1369,:,1737467789.000,36.000,0,186,0,0,"schlandals --timeout 1500 -i /data/schlandals/pwmc_benchmarks/instances/bayesian_networks/pcnf/munin/1369.cnf compile | tr '\n' ' '",/data/schlandals/pwmc_benchmarks/instances/bayesian_networks/pcnf/munin/1369.cnf,"lower 1.41881503398268455652832936087212950e-2 upper 9.85811849660173229738565566515323434e-1 Final circuit size: 262494 Estimated probability 0.01418815 (epsilon 0) found in 33 seconds ",
885,:,1737466150.000,1675.000,0,205,0,0,"schlandals --timeout 1500 -i /data/schlandals/pwmc_benchmarks/instances/bayesian_networks/pcnf/munin/885.cnf compile | tr '\n' ' '",/data/schlandals/pwmc_benchmarks/instances/bayesian_networks/pcnf/munin/885.cnf,"lower 2.87082781954289271437966805193331788e-3 upper 9.95497831483616027320998579247554478e-1 Final circuit size: 829821 Estimated probability 0.00287083 (epsilon 0.2522604093699552) found in 1500 seconds ",
889,:,1737466155.000,1680.000,0,204,0,0,"schlandals --timeout 1500 -i /data/schlandals/pwmc_benchmarks/instances/bayesian_networks/pcnf/munin/889.cnf compile | tr '\n' ' '",/data/schlandals/pwmc_benchmarks/instances/bayesian_networks/pcnf/munin/889.cnf,"lower 6.91592819095665536367986031638614569e-3 upper 9.70957617183670486588518338107967733e-1 Final circuit size: 756918 Estimated probability 0.00691593 (epsilon 1.049224000818616) found in 1500 seconds ",
893,:,1737466165.000,1672.000,0,205,0,0,"schlandals --timeout 1500 -i /data/schlandals/pwmc_benchmarks/instances/bayesian_networks/pcnf/munin/893.cnf compile | tr '\n' ' '",/data/schlandals/pwmc_benchmarks/instances/bayesian_networks/pcnf/munin/893.cnf,"lower 3.74863206249747006322664066564017113e-2 upper 9.40490553722002358953905587523677054e-1 Final circuit size: 779400 Estimated probability 0.03748632 (epsilon 0.2599574184148046) found in 1501 seconds ",
895,:,1737466166.000,1671.000,0,206,0,0,"schlandals --timeout 1500 -i /data/schlandals/pwmc_benchmarks/instances/bayesian_networks/pcnf/munin/895.cnf compile | tr '\n' ' '",/data/schlandals/pwmc_benchmarks/instances/bayesian_networks/pcnf/munin/895.cnf,"lower 1.60532256283057067867645956329073429e-1 upper 8.17354572889567946686103775899528791e-1 Final circuit size: 761470 Estimated probability 0.16053226 (epsilon 0.06665267215991588) found in 1501 seconds ",
1367,:,1737467785.000,60.000,0,186,0,0,"schlandals --timeout 1500 -i /data/schlandals/pwmc_benchmarks/instances/bayesian_networks/pcnf/munin/1367.cnf compile | tr '\n' ' '",/data/schlandals/pwmc_benchmarks/instances/bayesian_networks/pcnf/munin/1367.cnf,"lower 7.10365627567782067108514750105446474e-2 upper 9.28963437243221858081942940723172557e-1 Final circuit size: 276577 Estimated probability 0.07103656 (epsilon 0) found in 57 seconds ",
890,:,1737466155.000,1691.000,0,206,0,0,"schlandals --timeout 1500 -i /data/schlandals/pwmc_benchmarks/instances/bayesian_networks/pcnf/munin/890.cnf compile | tr '\n' ' '",/data/schlandals/pwmc_benchmarks/instances/bayesian_networks/pcnf/munin/890.cnf,"lower 1.05905619718013651183252795581022101e-2 upper 9.87756263334046363561888401291390974e-1 Final circuit size: 826824 Estimated probability 0.01059056 (epsilon 0.07521222385926474) found in 1500 seconds ",
1368,:,1737467786.000,61.000,0,186,0,0,"schlandals --timeout 1500 -i /data/schlandals/pwmc_benchmarks/instances/bayesian_networks/pcnf/munin/1368.cnf compile | tr '\n' ' '",/data/schlandals/pwmc_benchmarks/instances/bayesian_networks/pcnf/munin/1368.cnf,"lower 4.07251305746951430484346392564719507e-2 upper 9.59274869425304934206091136518468884e-1 Final circuit size: 271478 Estimated probability 0.04072513 (epsilon 0) found in 57 seconds ",
1370,:,1737467790.000,58.000,0,186,0,0,"schlandals --timeout 1500 -i /data/schlandals/pwmc_benchmarks/instances/bayesian_networks/pcnf/munin/1370.cnf compile | tr '\n' ' '",/data/schlandals/pwmc_benchmarks/instances/bayesian_networks/pcnf/munin/1370.cnf,"lower 9.86427068499035956469138433496897563e-1 upper 1.35729315009641091302356647268737124e-2 Final circuit size: 262688 Estimated probability 0.98642707 (epsilon 0) found in 54 seconds ",
899,:,1737466166.000,1682.000,0,206,0,0,"schlandals --timeout 1500 -i /data/schlandals/pwmc_benchmarks/instances/bayesian_networks/pcnf/munin/899.cnf compile | tr '\n' ' '",/data/schlandals/pwmc_benchmarks/instances/bayesian_networks/pcnf/munin/899.cnf,"lower 5.22951875144302024305019573738813948e-2 upper 9.25609595917539442086183737493031538e-1 Final circuit size: 767321 Estimated probability 0.05229519 (epsilon 0.19268853668326513) found in 1504 seconds ",
1373,:,1737467825.000,31.000,0,186,0,0,"schlandals --timeout 1500 -i /data/schlandals/pwmc_benchmarks/instances/bayesian_networks/pcnf/munin/1373.cnf compile | tr '\n' ' '",/data/schlandals/pwmc_benchmarks/instances/bayesian_networks/pcnf/munin/1373.cnf,"lower 1.21908203914580663854818170925086008e-1 upper 8.78091796085419393947617375433523449e-1 Final circuit size: 258255 Estimated probability 0.12190820 (epsilon 0) found in 28 seconds ",
1371,:,1737467820.000,43.000,0,186,0,0,"schlandals --timeout 1500 -i /data/schlandals/pwmc_benchmarks/instances/bayesian_networks/pcnf/munin/1371.cnf compile | tr '\n' ' '",/data/schlandals/pwmc_benchmarks/instances/bayesian_networks/pcnf/munin/1371.cnf,"lower 1.35729315009641130758010536955801611e-2 upper 9.86427068499035952523573044528191159e-1 Final circuit size: 262688 Estimated probability 0.01357293 (epsilon 0) found in 40 seconds ",
891,:,1737466156.000,1712.000,0,206,0,0,"schlandals --timeout 1500 -i /data/schlandals/pwmc_benchmarks/instances/bayesian_networks/pcnf/munin/891.cnf compile | tr '\n' ' '",/data/schlandals/pwmc_benchmarks/instances/bayesian_networks/pcnf/munin/891.cnf,"lower 1.45052547501534447473786063156964916e-2 upper 9.84186570053917010751368792440732035e-1 Final circuit size: 879164 Estimated probability 0.01450525 (epsilon 0.04411468854719525) found in 1501 seconds ",
1372,:,1737467825.000,46.000,0,186,0,0,"schlandals --timeout 1500 -i /data/schlandals/pwmc_benchmarks/instances/bayesian_networks/pcnf/munin/1372.cnf compile | tr '\n' ' '",/data/schlandals/pwmc_benchmarks/instances/bayesian_networks/pcnf/munin/1372.cnf,"lower 8.78091796085419400085253693412527477e-1 upper 1.21908203914580657717181852946081908e-1 Final circuit size: 258255 Estimated probability 0.87809180 (epsilon 0) found in 43 seconds ",
1222,:,1737466711.000,1254.000,0,214,0,0,"schlandals --timeout 1500 -i /data/schlandals/pwmc_benchmarks/instances/bayesian_networks/pcnf/munin/1222.cnf compile | tr '\n' ' '",/data/schlandals/pwmc_benchmarks/instances/bayesian_networks/pcnf/munin/1222.cnf,"lower 4.59035635768456594832688123062767231e-1 upper 5.40964184231556745149904337671467275e-1 Final circuit size: 646714 Estimated probability 0.45903564 (epsilon 0.0000000010785801141111051) found in 1170 seconds ",
924,:,1737466346.000,1646.000,0,205,0,0,"schlandals --timeout 1500 -i /data/schlandals/pwmc_benchmarks/instances/bayesian_networks/pcnf/munin/924.cnf compile | tr '\n' ' '",/data/schlandals/pwmc_benchmarks/instances/bayesian_networks/pcnf/munin/924.cnf,"lower 4.93236081015179996414992219296519105e-3 upper 9.72898809075338824591294022407393214e-1 Final circuit size: 729198 Estimated probability 0.00493236 (epsilon 1.3440357840512536) found in 1501 seconds ",
925,:,1737466348.000,1645.000,0,205,0,0,"schlandals --timeout 1500 -i /data/schlandals/pwmc_benchmarks/instances/bayesian_networks/pcnf/munin/925.cnf compile | tr '\n' ' '",/data/schlandals/pwmc_benchmarks/instances/bayesian_networks/pcnf/munin/925.cnf,"lower 8.95858463242986819852284874681497106e-3 upper 9.68947692787424278104236270575046368e-1 Final circuit size: 757337 Estimated probability 0.00895858 (epsilon 0.8617653134400702) found in 1501 seconds ",
1218,:,1737466696.000,1297.000,0,213,0,0,"schlandals --timeout 1500 -i /data/schlandals/pwmc_benchmarks/instances/bayesian_networks/pcnf/munin/1218.cnf compile | tr '\n' ' '",/data/schlandals/pwmc_benchmarks/instances/bayesian_networks/pcnf/munin/1218.cnf,"lower 1.88630000325732688903277954591618422e-2 upper 9.81136819493411121112583231007320298e-1 Final circuit size: 654342 Estimated probability 0.01886300 (epsilon 0.000000020946031353830108) found in 1205 seconds ",
920,:,1737466326.000,1678.000,0,207,0,0,"schlandals --timeout 1500 -i /data/schlandals/pwmc_benchmarks/instances/bayesian_networks/pcnf/munin/920.cnf compile | tr '\n' ' '",/data/schlandals/pwmc_benchmarks/instances/bayesian_networks/pcnf/munin/920.cnf,"lower 8.14653672426471501995168696923006321e-1 upper 1.63196916279914164583173506259827934e-1 Final circuit size: 740264 Estimated probability 0.81465367 (epsilon 0.013503118351251508) found in 1501 seconds ",
921,:,1737466331.000,1680.000,0,206,0,0,"schlandals --timeout 1500 -i /data/schlandals/pwmc_benchmarks/instances/bayesian_networks/pcnf/munin/921.cnf compile | tr '\n' ' '",/data/schlandals/pwmc_benchmarks/instances/bayesian_networks/pcnf/munin/921.cnf,"lower 1.13258697153343896430205349801127840e-1 upper 8.64587071411817764703760446308199767e-1 Final circuit size: 741322 Estimated probability 0.11325870 (epsilon 0.09343867701353203) found in 1501 seconds ",
1391,:,1737468011.000,8.000,0,207,0,0,"schlandals --timeout 1500 -i /data/schlandals/pwmc_benchmarks/instances/bayesian_networks/pcnf/munin/1391.cnf compile | tr '\n' ' '",/data/schlandals/pwmc_benchmarks/instances/bayesian_networks/pcnf/munin/1391.cnf,"lower 9.10617558575470244788096708625542282e-3 upper 9.90893764414246405627620794517597652e-1 Final circuit size: 12233 Estimated probability 0.00910618 (epsilon 0.0000005025760740906549) found in 6 seconds ",
923,:,1737466339.000,1680.000,0,206,0,0,"schlandals --timeout 1500 -i /data/schlandals/pwmc_benchmarks/instances/bayesian_networks/pcnf/munin/923.cnf compile | tr '\n' ' '",/data/schlandals/pwmc_benchmarks/instances/bayesian_networks/pcnf/munin/923.cnf,"lower 9.47316415390376164934899207757742653e-3 upper 9.88097178502731880647114699763466283e-1 Final circuit size: 787904 Estimated probability 0.00947316 (epsilon 0.12091204524113519) found in 1501 seconds ",
922,:,1737466333.000,1689.000,0,206,0,0,"schlandals --timeout 1500 -i /data/schlandals/pwmc_benchmarks/instances/bayesian_networks/pcnf/munin/922.cnf compile | tr '\n' ' '",/data/schlandals/pwmc_benchmarks/instances/bayesian_networks/pcnf/munin/922.cnf,"lower 3.17658589558996775902763000948854043e-2 upper 9.65823812124685473845552195094019505e-1 Final circuit size: 785427 Estimated probability 0.03176586 (epsilon 0.03724688905590767) found in 1501 seconds ",
1393,:,1737468019.000,5.000,0,207,0,0,"schlandals --timeout 1500 -i /data/schlandals/pwmc_benchmarks/instances/bayesian_networks/pcnf/munin/1393.cnf compile | tr '\n' ' '",/data/schlandals/pwmc_benchmarks/instances/bayesian_networks/pcnf/munin/1393.cnf,"lower 2.17976129937240602186172648944166234e-1 upper 7.82023810062760502200669839082865946e-1 Final circuit size: 12234 Estimated probability 0.21797613 (epsilon 0.0000000211521411497273) found in 3 seconds ",
1392,:,1737468019.000,8.000,0,208,0,0,"schlandals --timeout 1500 -i /data/schlandals/pwmc_benchmarks/instances/bayesian_networks/pcnf/munin/1392.cnf compile | tr '\n' ' '",/data/schlandals/pwmc_benchmarks/instances/bayesian_networks/pcnf/munin/1392.cnf,"lower 6.60065453376438403415414744849628239e-2 upper 9.33993394662357264341032242222203238e-1 Final circuit size: 12287 Estimated probability 0.06600655 (epsilon 0.00000006985158518268975) found in 6 seconds ",
1394,:,1737468022.000,8.000,0,209,0,0,"schlandals --timeout 1500 -i /data/schlandals/pwmc_benchmarks/instances/bayesian_networks/pcnf/munin/1394.cnf compile | tr '\n' ' '",/data/schlandals/pwmc_benchmarks/instances/bayesian_networks/pcnf/munin/1394.cnf,"lower 3.30555987475554729862637426522799806e-1 upper 6.69443952524446376466654213553941176e-1 Final circuit size: 12265 Estimated probability 0.33055599 (epsilon 0.000000013948202814972888) found in 6 seconds ",
1395,:,1737468024.000,7.000,0,209,0,0,"schlandals --timeout 1500 -i /data/schlandals/pwmc_benchmarks/instances/bayesian_networks/pcnf/munin/1395.cnf compile | tr '\n' ' '",/data/schlandals/pwmc_benchmarks/instances/bayesian_networks/pcnf/munin/1395.cnf,"lower 2.93635919983411220877419415548447145e-1 upper 7.06364020016589888470713479065078989e-1 Final circuit size: 12245 Estimated probability 0.29363592 (epsilon 0.000000015701968392178856) found in 5 seconds ",
1396,:,1737468027.000,7.000,0,208,0,0,"schlandals --timeout 1500 -i /data/schlandals/pwmc_benchmarks/instances/bayesian_networks/pcnf/munin/1396.cnf compile | tr '\n' ' '",/data/schlandals/pwmc_benchmarks/instances/bayesian_networks/pcnf/munin/1396.cnf,"lower 6.03197780346742765720724775593023452e-2 upper 9.39680161965326839054807684797676159e-1 Final circuit size: 12332 Estimated probability 0.06031978 (epsilon 0.00000007643698229919949) found in 5 seconds ",
1397,:,1737468030.000,8.000,0,207,0,0,"schlandals --timeout 1500 -i /data/schlandals/pwmc_benchmarks/instances/bayesian_networks/pcnf/munin/1397.cnf compile | tr '\n' ' '",/data/schlandals/pwmc_benchmarks/instances/bayesian_networks/pcnf/munin/1397.cnf,"lower 5.63734917900190764445819098625777958e-3 upper 9.94362590820999201583102941352917886e-1 Final circuit size: 12274 Estimated probability 0.00563735 (epsilon 0.0000008178773238665116) found in 6 seconds ",
1398,:,1737468031.000,8.000,0,208,0,0,"schlandals --timeout 1500 -i /data/schlandals/pwmc_benchmarks/instances/bayesian_networks/pcnf/munin/1398.cnf compile | tr '\n' ' '",/data/schlandals/pwmc_benchmarks/instances/bayesian_networks/pcnf/munin/1398.cnf,"lower 1.54622499103423061667680037306798870e-3 upper 9.98453715008966879871726199659359872e-1 Final circuit size: 12289 Estimated probability 0.00154622 (epsilon 0.00000004285363486289384) found in 5 seconds ",
1399,:,1737468034.000,8.000,0,209,0,0,"schlandals --timeout 1500 -i /data/schlandals/pwmc_benchmarks/instances/bayesian_networks/pcnf/munin/1399.cnf compile | tr '\n' ' '",/data/schlandals/pwmc_benchmarks/instances/bayesian_networks/pcnf/munin/1399.cnf,"lower 1.11705907513046775362181686572930897e-3 upper 9.98882869523213993881605271453840749e-1 Final circuit size: 12009 Estimated probability 0.00111706 (epsilon 0.000000059317685208171156) found in 6 seconds ",
1400,:,1737468038.000,7.000,0,208,0,0,"schlandals --timeout 1500 -i /data/schlandals/pwmc_benchmarks/instances/bayesian_networks/pcnf/munin/1400.cnf compile | tr '\n' ' '",/data/schlandals/pwmc_benchmarks/instances/bayesian_networks/pcnf/munin/1400.cnf,"lower 1.28476330765296149657805321975928463e-3 upper 9.98715165290691496947685180593805144e-1 Final circuit size: 12098 Estimated probability 0.00128476 (epsilon 0.00000005157476001826922) found in 5 seconds ",
1401,:,1737468039.000,7.000,0,208,0,0,"schlandals --timeout 1500 -i /data/schlandals/pwmc_benchmarks/instances/bayesian_networks/pcnf/munin/1401.cnf compile | tr '\n' ' '",/data/schlandals/pwmc_benchmarks/instances/bayesian_networks/pcnf/munin/1401.cnf,"lower 8.68627490013870669371505583048331798e-4 upper 9.98298765811624155765144192232238317e-1 Final circuit size: 10351 Estimated probability 0.00086863 (epsilon 0.00000005592047469527017) found in 5 seconds ",
1402,:,1737468042.000,6.000,0,209,0,0,"schlandals --timeout 1500 -i /data/schlandals/pwmc_benchmarks/instances/bayesian_networks/pcnf/munin/1402.cnf compile | tr '\n' ' '",/data/schlandals/pwmc_benchmarks/instances/bayesian_networks/pcnf/munin/1402.cnf,"lower 1.02576063322854160714955445078367151e-3 upper 9.98141636079707165000736761434792131e-1 Final circuit size: 10312 Estimated probability 0.00102576 (epsilon 0.000000047354187682202564) found in 4 seconds ",
997,:,1737466530.000,1519.000,0,212,0,0,"schlandals --timeout 1500 -i /data/schlandals/pwmc_benchmarks/instances/bayesian_networks/pcnf/munin/997.cnf compile | tr '\n' ' '",/data/schlandals/pwmc_benchmarks/instances/bayesian_networks/pcnf/munin/997.cnf,"lower 1.49644328301208813930881099021343837e-3 upper 9.98503259225811253795564519877518414e-1 Final circuit size: 882265 Estimated probability 0.00149644 (epsilon 0.00000020977052828108356) found in 1378 seconds ",
1217,:,1737466696.000,1356.000,0,212,0,0,"schlandals --timeout 1500 -i /data/schlandals/pwmc_benchmarks/instances/bayesian_networks/pcnf/munin/1217.cnf compile | tr '\n' ' '",/data/schlandals/pwmc_benchmarks/instances/bayesian_networks/pcnf/munin/1217.cnf,"lower 1.16727531521937988976293140104453528e-2 upper 9.88327009912348353964537972110137684e-1 Final circuit size: 645341 Estimated probability 0.01167275 (epsilon 0.00000003384848357157466) found in 1227 seconds ",
1403,:,1737468045.000,7.000,0,209,0,0,"schlandals --timeout 1500 -i /data/schlandals/pwmc_benchmarks/instances/bayesian_networks/pcnf/munin/1403.cnf compile | tr '\n' ' '",/data/schlandals/pwmc_benchmarks/instances/bayesian_networks/pcnf/munin/1403.cnf,"lower 1.70563533574735828263058037959967988e-3 upper 9.97461761055440516441792630534854493e-1 Final circuit size: 10305 Estimated probability 0.00170564 (epsilon 0.000000028478574387591493) found in 5 seconds ",
1406,:,1737468049.000,4.000,0,209,0,0,"schlandals --timeout 1500 -i /data/schlandals/pwmc_benchmarks/instances/bayesian_networks/pcnf/munin/1406.cnf compile | tr '\n' ' '",/data/schlandals/pwmc_benchmarks/instances/bayesian_networks/pcnf/munin/1406.cnf,"lower 3.41520616472739270029163014809980281e-3 upper 9.95752198936315756447654998449422955e-1 Final circuit size: 10348 Estimated probability 0.00341521 (epsilon 0.000000009412755463955591) found in 3 seconds ",
1404,:,1737468046.000,7.000,0,208,0,0,"schlandals --timeout 1500 -i /data/schlandals/pwmc_benchmarks/instances/bayesian_networks/pcnf/munin/1404.cnf compile | tr '\n' ' '",/data/schlandals/pwmc_benchmarks/instances/bayesian_networks/pcnf/munin/1404.cnf,"lower 2.14844683499374588330444163561253760e-3 upper 9.97018958991256751791346794186571932e-1 Final circuit size: 10311 Estimated probability 0.00214845 (epsilon 0.00000001496266976985794) found in 5 seconds ",
1405,:,1737468048.000,7.000,0,209,0,0,"schlandals --timeout 1500 -i /data/schlandals/pwmc_benchmarks/instances/bayesian_networks/pcnf/munin/1405.cnf compile | tr '\n' ' '",/data/schlandals/pwmc_benchmarks/instances/bayesian_networks/pcnf/munin/1405.cnf,"lower 2.80730200273741436742603915185305231e-3 upper 9.96360104244772770263896589682789013e-1 Final circuit size: 10228 Estimated probability 0.00280730 (epsilon 0.000000011451030568210285) found in 5 seconds ",
1407,:,1737468052.000,6.000,0,183,0,0,"schlandals --timeout 1500 -i /data/schlandals/pwmc_benchmarks/instances/bayesian_networks/pcnf/munin/1407.cnf compile | tr '\n' ' '",/data/schlandals/pwmc_benchmarks/instances/bayesian_networks/pcnf/munin/1407.cnf,"lower 8.43079400128868867329493887333562584e-4 upper 9.99156664682388817802150886945127717e-1 Final circuit size: 1776 Estimated probability 0.00084308 (epsilon 0) found in 5 seconds ",
1220,:,1737466701.000,1362.000,0,212,0,0,"schlandals --timeout 1500 -i /data/schlandals/pwmc_benchmarks/instances/bayesian_networks/pcnf/munin/1220.cnf compile | tr '\n' ' '",/data/schlandals/pwmc_benchmarks/instances/bayesian_networks/pcnf/munin/1220.cnf,"lower 3.12872901895534635203801295221524462e-2 upper 9.68712529810459886440402947237086235e-1 Final circuit size: 647949 Estimated probability 0.03128729 (epsilon 0.00000001582453057480393) found in 1271 seconds ",
996,:,1737466526.000,1618.000,0,205,0,0,"schlandals --timeout 1500 -i /data/schlandals/pwmc_benchmarks/instances/bayesian_networks/pcnf/munin/996.cnf compile | tr '\n' ' '",/data/schlandals/pwmc_benchmarks/instances/bayesian_networks/pcnf/munin/996.cnf,"lower 1.15243504340470498637017943678771472e-3 upper 9.76734569586948301269405179640229008e-1 Final circuit size: 764000 Estimated probability 0.00115244 (epsilon 3.4930845359051252) found in 1500 seconds ",
1414,:,1737468144.000,21.000,0,186,0,0,"schlandals --timeout 1500 -i /data/schlandals/pwmc_benchmarks/instances/bayesian_networks/pcnf/munin/1414.cnf compile | tr '\n' ' '",/data/schlandals/pwmc_benchmarks/instances/bayesian_networks/pcnf/munin/1414.cnf,"lower 1.09362597790627248621216245225381354e-1 upper 8.90637402209372462794251077689704126e-1 Final circuit size: 116835 Estimated probability 0.10936260 (epsilon 0) found in 19 seconds ",
1005,:,1737466546.000,1621.000,0,205,0,0,"schlandals --timeout 1500 -i /data/schlandals/pwmc_benchmarks/instances/bayesian_networks/pcnf/munin/1005.cnf compile | tr '\n' ' '",/data/schlandals/pwmc_benchmarks/instances/bayesian_networks/pcnf/munin/1005.cnf,"lower 1.89279366649869268026984487891044331e-2 upper 9.59091541096644463457454308449694441e-1 Final circuit size: 773285 Estimated probability 0.01892794 (epsilon 0.4701238084850672) found in 1501 seconds ",
1007,:,1737466552.000,1617.000,0,204,0,0,"schlandals --timeout 1500 -i /data/schlandals/pwmc_benchmarks/instances/bayesian_networks/pcnf/munin/1007.cnf compile | tr '\n' ' '",/data/schlandals/pwmc_benchmarks/instances/bayesian_networks/pcnf/munin/1007.cnf,"lower 8.14214850039761117380704400169234138e-2 upper 8.96431882447133663860039838268517014e-1 Final circuit size: 760159 Estimated probability 0.08142149 (epsilon 0.127828659682385) found in 1500 seconds ",
1416,:,1737468167.000,3.000,0,183,0,0,"schlandals --timeout 1500 -i /data/schlandals/pwmc_benchmarks/instances/bayesian_networks/pcnf/munin/1416.cnf compile | tr '\n' ' '",/data/schlandals/pwmc_benchmarks/instances/bayesian_networks/pcnf/munin/1416.cnf,"lower 8.30037227871174372181092598608343128e-1 upper 1.69962762128825275329242543160235082e-1 Final circuit size: 9148 Estimated probability 0.83003723 (epsilon 0) found in 1 seconds ",
1417,:,1737468169.000,2.000,0,183,0,0,"schlandals --timeout 1500 -i /data/schlandals/pwmc_benchmarks/instances/bayesian_networks/pcnf/munin/1417.cnf compile | tr '\n' ' '",/data/schlandals/pwmc_benchmarks/instances/bayesian_networks/pcnf/munin/1417.cnf,"lower 1.44435555040426746725908601032037793e-1 upper 8.55564434959572901572111896671946684e-1 Final circuit size: 9179 Estimated probability 0.14443556 (epsilon 0) found in 1 seconds ",
1418,:,1737468170.000,2.000,0,183,0,0,"schlandals --timeout 1500 -i /data/schlandals/pwmc_benchmarks/instances/bayesian_networks/pcnf/munin/1418.cnf compile | tr '\n' ' '",/data/schlandals/pwmc_benchmarks/instances/bayesian_networks/pcnf/munin/1418.cnf,"lower 2.47003415606607593877582791391563769e-2 upper 9.75299648439338886157557951893080751e-1 Final circuit size: 8953 Estimated probability 0.02470034 (epsilon 0) found in 1 seconds ",
1419,:,1737468171.000,2.000,0,183,0,0,"schlandals --timeout 1500 -i /data/schlandals/pwmc_benchmarks/instances/bayesian_networks/pcnf/munin/1419.cnf compile | tr '\n' ' '",/data/schlandals/pwmc_benchmarks/instances/bayesian_networks/pcnf/munin/1419.cnf,"lower 8.26875527639215315721014304216402784e-4 upper 9.99173065533525639708428582531611438e-1 Final circuit size: 2362 Estimated probability 0.00082688 (epsilon 0) found in 1 seconds ",
1420,:,1737468172.000,28.000,0,185,0,0,"schlandals --timeout 1500 -i /data/schlandals/pwmc_benchmarks/instances/bayesian_networks/pcnf/munin/1420.cnf compile | tr '\n' ' '",/data/schlandals/pwmc_benchmarks/instances/bayesian_networks/pcnf/munin/1420.cnf,"lower 8.27921275847565767135684700791545605e-2 upper 9.17207822415244295124570327143239737e-1 Final circuit size: 78115 Estimated probability 0.08279213 (epsilon 0) found in 25 seconds ",
1421,:,1737468173.000,28.000,0,185,0,0,"schlandals --timeout 1500 -i /data/schlandals/pwmc_benchmarks/instances/bayesian_networks/pcnf/munin/1421.cnf compile | tr '\n' ' '",/data/schlandals/pwmc_benchmarks/instances/bayesian_networks/pcnf/munin/1421.cnf,"lower 8.46666535548123272729847345846273808e-1 upper 1.53333414451877599161180636571489709e-1 Final circuit size: 78302 Estimated probability 0.84666654 (epsilon 0) found in 24 seconds ",
1415,:,1737468165.000,38.000,0,186,0,0,"schlandals --timeout 1500 -i /data/schlandals/pwmc_benchmarks/instances/bayesian_networks/pcnf/munin/1415.cnf compile | tr '\n' ' '",/data/schlandals/pwmc_benchmarks/instances/bayesian_networks/pcnf/munin/1415.cnf,"lower 8.90637402209372833858104407699614702e-1 upper 1.09362597790626877819707622457299837e-1 Final circuit size: 116855 Estimated probability 0.89063740 (epsilon 0) found in 36 seconds ",
993,:,1737466524.000,1682.000,0,205,0,0,"schlandals --timeout 1500 -i /data/schlandals/pwmc_benchmarks/instances/bayesian_networks/pcnf/munin/993.cnf compile | tr '\n' ' '",/data/schlandals/pwmc_benchmarks/instances/bayesian_networks/pcnf/munin/993.cnf,"lower 8.70012773587949378478621434787750074e-3 upper 9.69186884112049670810628133454216879e-1 Final circuit size: 756115 Estimated probability 0.00870013 (epsilon 0.8819275293271269) found in 1500 seconds ",
998,:,1737466531.000,1680.000,0,203,0,0,"schlandals --timeout 1500 -i /data/schlandals/pwmc_benchmarks/instances/bayesian_networks/pcnf/munin/998.cnf compile | tr '\n' ' '",/data/schlandals/pwmc_benchmarks/instances/bayesian_networks/pcnf/munin/998.cnf,"lower 1.69818433958359420130838861095491368e-3 upper 9.76155002474994492773064178333910206e-1 Final circuit size: 754325 Estimated probability 0.00169818 (epsilon 2.74717219761312) found in 1501 seconds ",
999,:,1737466533.000,1680.000,0,204,0,0,"schlandals --timeout 1500 -i /data/schlandals/pwmc_benchmarks/instances/bayesian_networks/pcnf/munin/999.cnf compile | tr '\n' ' '",/data/schlandals/pwmc_benchmarks/instances/bayesian_networks/pcnf/munin/999.cnf,"lower 2.35503906526019458814871129792022389e-3 upper 9.75518442413720679968882760727010399e-1 Final circuit size: 754870 Estimated probability 0.00235504 (epsilon 2.224170190390242) found in 1501 seconds ",
994,:,1737466525.000,1694.000,0,205,0,0,"schlandals --timeout 1500 -i /data/schlandals/pwmc_benchmarks/instances/bayesian_networks/pcnf/munin/994.cnf compile | tr '\n' ' '",/data/schlandals/pwmc_benchmarks/instances/bayesian_networks/pcnf/munin/994.cnf,"lower 9.84310983334650722928606628554387634e-4 upper 9.96783048698838393662492230407487151e-1 Final circuit size: 805126 Estimated probability 0.00098431 (epsilon 0.8077406735727739) found in 1501 seconds ",
1003,:,1737466542.000,1678.000,0,204,0,0,"schlandals --timeout 1500 -i /data/schlandals/pwmc_benchmarks/instances/bayesian_networks/pcnf/munin/1003.cnf compile | tr '\n' ' '",/data/schlandals/pwmc_benchmarks/instances/bayesian_networks/pcnf/munin/1003.cnf,"lower 9.11979400360046463080969778981592534e-3 upper 9.68744637684248883519818795435060834e-1 Final circuit size: 759591 Estimated probability 0.00911979 (epsilon 0.851276601293447) found in 1501 seconds ",
1000,:,1737466535.000,1689.000,0,205,0,0,"schlandals --timeout 1500 -i /data/schlandals/pwmc_benchmarks/instances/bayesian_networks/pcnf/munin/1000.cnf compile | tr '\n' ' '",/data/schlandals/pwmc_benchmarks/instances/bayesian_networks/pcnf/munin/1000.cnf,"lower 3.37801829624162163935773493164016362e-3 upper 9.74538040679418887732981423085169727e-1 Final circuit size: 770827 Estimated probability 0.00337802 (epsilon 1.7455133220629344) found in 1501 seconds ",
1010,:,1737466560.000,1668.000,0,208,0,0,"schlandals --timeout 1500 -i /data/schlandals/pwmc_benchmarks/instances/bayesian_networks/pcnf/munin/1010.cnf compile | tr '\n' ' '",/data/schlandals/pwmc_benchmarks/instances/bayesian_networks/pcnf/munin/1010.cnf,"lower 2.08381542758386246591887485624510777e-1 upper 7.90185524442104867249832340145005863e-1 Final circuit size: 845669 Estimated probability 0.20838154 (epsilon 0.0034320095778754833) found in 1501 seconds ",
1004,:,1737466544.000,1687.000,0,205,0,0,"schlandals --timeout 1500 -i /data/schlandals/pwmc_benchmarks/instances/bayesian_networks/pcnf/munin/1004.cnf compile | tr '\n' ' '",/data/schlandals/pwmc_benchmarks/instances/bayesian_networks/pcnf/munin/1004.cnf,"lower 1.25971443115628579738727787133372473e-2 upper 9.65289643842611203131459276141510894e-1 Final circuit size: 762271 Estimated probability 0.01259714 (epsilon 0.6599395142412718) found in 1500 seconds ",
1422,:,1737468200.000,31.000,0,185,0,0,"schlandals --timeout 1500 -i /data/schlandals/pwmc_benchmarks/instances/bayesian_networks/pcnf/munin/1422.cnf compile | tr '\n' ' '",/data/schlandals/pwmc_benchmarks/instances/bayesian_networks/pcnf/munin/1422.cnf,"lower 7.05413368657470591489704483027477023e-2 upper 9.29458613134253812814549716985101532e-1 Final circuit size: 78979 Estimated probability 0.07054134 (epsilon 0) found in 25 seconds ",
1006,:,1737466549.000,1682.000,0,206,0,0,"schlandals --timeout 1500 -i /data/schlandals/pwmc_benchmarks/instances/bayesian_networks/pcnf/munin/1006.cnf compile | tr '\n' ' '",/data/schlandals/pwmc_benchmarks/instances/bayesian_networks/pcnf/munin/1006.cnf,"lower 3.61385842220196215106521046348273311e-2 upper 9.41624455389352254217265908896277087e-1 Final circuit size: 746534 Estimated probability 0.03613858 (epsilon 0.27095209837518786) found in 1500 seconds ",
1002,:,1737466541.000,1695.000,0,205,0,0,"schlandals --timeout 1500 -i /data/schlandals/pwmc_benchmarks/instances/bayesian_networks/pcnf/munin/1002.cnf compile | tr '\n' ' '",/data/schlandals/pwmc_benchmarks/instances/bayesian_networks/pcnf/munin/1002.cnf,"lower 6.64206918368185808129880957772979179e-3 upper 9.71121026228139168351406198677582401e-1 Final circuit size: 745872 Estimated probability 0.00664207 (epsilon 1.0851523717803775) found in 1501 seconds ",
1009,:,1737466558.000,1679.000,0,206,0,0,"schlandals --timeout 1500 -i /data/schlandals/pwmc_benchmarks/instances/bayesian_networks/pcnf/munin/1009.cnf compile | tr '\n' ' '",/data/schlandals/pwmc_benchmarks/instances/bayesian_networks/pcnf/munin/1009.cnf,"lower 2.23364365558814606196219130498570915e-1 upper 7.54520370515033306597406038043483848e-1 Final circuit size: 759250 Estimated probability 0.22336437 (epsilon 0.04833631865199295) found in 1501 seconds ",
1001,:,1737466539.000,1705.000,0,206,0,0,"schlandals --timeout 1500 -i /data/schlandals/pwmc_benchmarks/instances/bayesian_networks/pcnf/munin/1001.cnf compile | tr '\n' ' '",/data/schlandals/pwmc_benchmarks/instances/bayesian_networks/pcnf/munin/1001.cnf,"lower 5.58940237646812632782216138645276220e-3 upper 9.93014897463276314019048276671762988e-1 Final circuit size: 856739 Estimated probability 0.00558940 (epsilon 0.11787898116885343) found in 1501 seconds ",
1013,:,1737466564.000,1682.000,0,205,0,0,"schlandals --timeout 1500 -i /data/schlandals/pwmc_benchmarks/instances/bayesian_networks/pcnf/munin/1013.cnf compile | tr '\n' ' '",/data/schlandals/pwmc_benchmarks/instances/bayesian_networks/pcnf/munin/1013.cnf,"lower 1.86125887285442838098612760152286116e-2 upper 9.59238322114500175256656740373066051e-1 Final circuit size: 745312 Estimated probability 0.01861259 (epsilon 0.4798656680414579) found in 1501 seconds ",
1011,:,1737466561.000,1689.000,0,206,0,0,"schlandals --timeout 1500 -i /data/schlandals/pwmc_benchmarks/instances/bayesian_networks/pcnf/munin/1011.cnf compile | tr '\n' ' '",/data/schlandals/pwmc_benchmarks/instances/bayesian_networks/pcnf/munin/1011.cnf,"lower 1.25951443367206890539831012280289599e-1 upper 8.52023996742382436278364295596582175e-1 Final circuit size: 774559 Estimated probability 0.12595144 (epsilon 0.08391142290219045) found in 1501 seconds ",
1012,:,1737466562.000,1690.000,0,206,0,0,"schlandals --timeout 1500 -i /data/schlandals/pwmc_benchmarks/instances/bayesian_networks/pcnf/munin/1012.cnf compile | tr '\n' ' '",/data/schlandals/pwmc_benchmarks/instances/bayesian_networks/pcnf/munin/1012.cnf,"lower 5.26395738456759864387805812752273423e-2 upper 9.25397811551984137831244752792231158e-1 Final circuit size: 791273 Estimated probability 0.05263957 (epsilon 0.19047157876696752) found in 1501 seconds ",
1425,:,1737468206.000,49.000,0,185,0,0,"schlandals --timeout 1500 -i /data/schlandals/pwmc_benchmarks/instances/bayesian_networks/pcnf/munin/1425.cnf compile | tr '\n' ' '",/data/schlandals/pwmc_benchmarks/instances/bayesian_networks/pcnf/munin/1425.cnf,"lower 8.65266339577591293506697250997290832e-1 upper 1.34733610422409578011353397410648426e-1 Final circuit size: 78349 Estimated probability 0.86526634 (epsilon 0) found in 43 seconds ",
1427,:,1737468213.000,42.000,0,185,0,0,"schlandals --timeout 1500 -i /data/schlandals/pwmc_benchmarks/instances/bayesian_networks/pcnf/munin/1427.cnf compile | tr '\n' ' '",/data/schlandals/pwmc_benchmarks/instances/bayesian_networks/pcnf/munin/1427.cnf,"lower 1.31784976913887044006239511051949259e-2 upper 9.86821452308612166950126372816079391e-1 Final circuit size: 78218 Estimated probability 0.01317850 (epsilon 0) found in 39 seconds ",
1423,:,1737468201.000,54.000,0,185,0,0,"schlandals --timeout 1500 -i /data/schlandals/pwmc_benchmarks/instances/bayesian_networks/pcnf/munin/1423.cnf compile | tr '\n' ' '",/data/schlandals/pwmc_benchmarks/instances/bayesian_networks/pcnf/munin/1423.cnf,"lower 1.82137501607057376739966938547263315e-2 upper 9.81786199839295134109480048227399852e-1 Final circuit size: 78483 Estimated probability 0.01821375 (epsilon 0) found in 48 seconds ",
1424,:,1737468203.000,52.000,0,185,0,0,"schlandals --timeout 1500 -i /data/schlandals/pwmc_benchmarks/instances/bayesian_networks/pcnf/munin/1424.cnf compile | tr '\n' ' '",/data/schlandals/pwmc_benchmarks/instances/bayesian_networks/pcnf/munin/1424.cnf,"lower 6.13564884032400334930980281150544195e-2 upper 9.38643461596760838068242588021455618e-1 Final circuit size: 77654 Estimated probability 0.06135649 (epsilon 0) found in 46 seconds ",
1008,:,1737466555.000,1703.000,0,205,0,0,"schlandals --timeout 1500 -i /data/schlandals/pwmc_benchmarks/instances/bayesian_networks/pcnf/munin/1008.cnf compile | tr '\n' ' '",/data/schlandals/pwmc_benchmarks/instances/bayesian_networks/pcnf/munin/1008.cnf,"lower 1.59820374198290247826921486899318899e-1 upper 8.18201366960058334178521003642759479e-1 Final circuit size: 783247 Estimated probability 0.15982037 (epsilon 0.0665445510604894) found in 1501 seconds ",
1426,:,1737468211.000,51.000,0,185,0,0,"schlandals --timeout 1500 -i /data/schlandals/pwmc_benchmarks/instances/bayesian_networks/pcnf/munin/1426.cnf compile | tr '\n' ' '",/data/schlandals/pwmc_benchmarks/instances/bayesian_networks/pcnf/munin/1426.cnf,"lower 4.19849241657010651057177701789091780e-2 upper 9.58015025834299806621608561916602172e-1 Final circuit size: 77975 Estimated probability 0.04198492 (epsilon 0) found in 45 seconds ",
1382,:,1737467856.000,412.000,0,212,0,0,"schlandals --timeout 1500 -i /data/schlandals/pwmc_benchmarks/instances/bayesian_networks/pcnf/munin/1382.cnf compile | tr '\n' ' '",/data/schlandals/pwmc_benchmarks/instances/bayesian_networks/pcnf/munin/1382.cnf,"lower 1.45274337380915520039569179545858041e-2 upper 9.85472406261919320631980469893774432e-1 Final circuit size: 345439 Estimated probability 0.01452743 (epsilon 0.000000023562603868043652) found in 362 seconds ",
1211,:,1737466690.000,1583.000,0,206,0,0,"schlandals --timeout 1500 -i /data/schlandals/pwmc_benchmarks/instances/bayesian_networks/pcnf/munin/1211.cnf compile | tr '\n' ' '",/data/schlandals/pwmc_benchmarks/instances/bayesian_networks/pcnf/munin/1211.cnf,"lower 2.11981289114320724739824445649474076e-3 upper 9.96519817079322890906676309853020006e-1 Final circuit size: 639131 Estimated probability 0.00211981 (epsilon 0.28128853117286456) found in 1500 seconds ",
1431,:,1737468228.000,48.000,0,209,0,0,"schlandals --timeout 1500 -i /data/schlandals/pwmc_benchmarks/instances/bayesian_networks/pcnf/munin/1431.cnf compile | tr '\n' ' '",/data/schlandals/pwmc_benchmarks/instances/bayesian_networks/pcnf/munin/1431.cnf,"lower 8.39110642978354184566917320188436065e-3 upper 9.91608803570219946041285203656373366e-1 Final circuit size: 80172 Estimated probability 0.00839111 (epsilon 0.00000004824112598278418) found in 38 seconds ",
1214,:,1737466694.000,1584.000,0,206,0,0,"schlandals --timeout 1500 -i /data/schlandals/pwmc_benchmarks/instances/bayesian_networks/pcnf/munin/1214.cnf compile | tr '\n' ' '",/data/schlandals/pwmc_benchmarks/instances/bayesian_networks/pcnf/munin/1214.cnf,"lower 5.96447061177460539905841117196498013e-3 upper 9.92555499728088078505826726780244830e-1 Final circuit size: 629765 Estimated probability 0.00596447 (epsilon 0.11719036539027927) found in 1500 seconds ",
1212,:,1737466690.000,1591.000,0,205,0,0,"schlandals --timeout 1500 -i /data/schlandals/pwmc_benchmarks/instances/bayesian_networks/pcnf/munin/1212.cnf compile | tr '\n' ' '",/data/schlandals/pwmc_benchmarks/instances/bayesian_networks/pcnf/munin/1212.cnf,"lower 2.26155526904490476736666915087170926e-3 upper 9.96362054588089795449700518700548445e-1 Final circuit size: 627100 Estimated probability 0.00226156 (epsilon 0.2682655885278873) found in 1500 seconds ",
1428,:,1737468219.000,67.000,0,208,0,0,"schlandals --timeout 1500 -i /data/schlandals/pwmc_benchmarks/instances/bayesian_networks/pcnf/munin/1428.cnf compile | tr '\n' ' '",/data/schlandals/pwmc_benchmarks/instances/bayesian_networks/pcnf/munin/1428.cnf,"lower 9.26993909729006781199496923250764487e-4 upper 9.99072916090274482204474678887811387e-1 Final circuit size: 78714 Estimated probability 0.00092699 (epsilon 0.0000002396072826815754) found in 58 seconds ",
1429,:,1737468220.000,66.000,0,209,0,0,"schlandals --timeout 1500 -i /data/schlandals/pwmc_benchmarks/instances/bayesian_networks/pcnf/munin/1429.cnf compile | tr '\n' ' '",/data/schlandals/pwmc_benchmarks/instances/bayesian_networks/pcnf/munin/1429.cnf,"lower 1.88239604097849184877458417249288458e-3 upper 9.98117513959024998508918514872658863e-1 Final circuit size: 78399 Estimated probability 0.00188240 (epsilon 0.00000011799561372427547) found in 57 seconds ",
1377,:,1737467845.000,446.000,0,211,0,0,"schlandals --timeout 1500 -i /data/schlandals/pwmc_benchmarks/instances/bayesian_networks/pcnf/munin/1377.cnf compile | tr '\n' ' '",/data/schlandals/pwmc_benchmarks/instances/bayesian_networks/pcnf/munin/1377.cnf,"lower 2.59522617070896843580370140610074364e-3 upper 9.97404563642412962604061858130162151e-1 Final circuit size: 342525 Estimated probability 0.00259523 (epsilon 0.00000013189762526621962) found in 394 seconds ",
1223,:,1737466711.000,1581.000,0,207,0,0,"schlandals --timeout 1500 -i /data/schlandals/pwmc_benchmarks/instances/bayesian_networks/pcnf/munin/1223.cnf compile | tr '\n' ' '",/data/schlandals/pwmc_benchmarks/instances/bayesian_networks/pcnf/munin/1223.cnf,"lower 2.29238199409618001902714041139584528e-1 upper 7.69067830568296520408566588382519288e-1 Final circuit size: 617797 Estimated probability 0.22923820 (epsilon 0.003687596546471772) found in 1500 seconds ",
1430,:,1737468224.000,69.000,0,209,0,0,"schlandals --timeout 1500 -i /data/schlandals/pwmc_benchmarks/instances/bayesian_networks/pcnf/munin/1430.cnf compile | tr '\n' ' '",/data/schlandals/pwmc_benchmarks/instances/bayesian_networks/pcnf/munin/1430.cnf,"lower 3.60809505607137291560804247321388296e-3 upper 9.96391814943932118340374309397071482e-1 Final circuit size: 78660 Estimated probability 0.00360810 (epsilon 0.00000011219119677718936) found in 59 seconds ",
1442,:,1737468255.000,39.000,0,209,0,0,"schlandals --timeout 1500 -i /data/schlandals/pwmc_benchmarks/instances/bayesian_networks/pcnf/munin/1442.cnf compile | tr '\n' ' '",/data/schlandals/pwmc_benchmarks/instances/bayesian_networks/pcnf/munin/1442.cnf,"lower 3.48223478778932537389266740990215883e-3 upper 9.96517675212214162725213910739590337e-1 Final circuit size: 81174 Estimated probability 0.00348223 (epsilon 0.00000010383326487506395) found in 33 seconds ",
1440,:,1737468252.000,44.000,0,210,0,0,"schlandals --timeout 1500 -i /data/schlandals/pwmc_benchmarks/instances/bayesian_networks/pcnf/munin/1440.cnf compile | tr '\n' ' '",/data/schlandals/pwmc_benchmarks/instances/bayesian_networks/pcnf/munin/1440.cnf,"lower 1.28918356234443398729997516174315789e-2 upper 9.87108074376559149915938665592387821e-1 Final circuit size: 78434 Estimated probability 0.01289184 (epsilon 0.000000033616190053820105) found in 38 seconds ",
1433,:,1737468231.000,69.000,0,210,0,0,"schlandals --timeout 1500 -i /data/schlandals/pwmc_benchmarks/instances/bayesian_networks/pcnf/munin/1433.cnf compile | tr '\n' ' '",/data/schlandals/pwmc_benchmarks/instances/bayesian_networks/pcnf/munin/1433.cnf,"lower 6.88802186022746436915279624753978249e-2 upper 9.31119691397728846867351613513744201e-1 Final circuit size: 79128 Estimated probability 0.06888022 (epsilon 0.000000007084764552800493) found in 58 seconds ",
1432,:,1737468231.000,69.000,0,210,0,0,"schlandals --timeout 1500 -i /data/schlandals/pwmc_benchmarks/instances/bayesian_networks/pcnf/munin/1432.cnf compile | tr '\n' ' '",/data/schlandals/pwmc_benchmarks/instances/bayesian_networks/pcnf/munin/1432.cnf,"lower 2.46672152614734022839458100833373554e-2 upper 9.75332694738530089605274471020932514e-1 Final circuit size: 79470 Estimated probability 0.02466722 (epsilon 0.000000019783349403112993) found in 60 seconds ",
1434,:,1737468231.000,69.000,0,211,0,0,"schlandals --timeout 1500 -i /data/schlandals/pwmc_benchmarks/instances/bayesian_networks/pcnf/munin/1434.cnf compile | tr '\n' ' '",/data/schlandals/pwmc_benchmarks/instances/bayesian_networks/pcnf/munin/1434.cnf,"lower 1.46433788275410160864225840769986478e-1 upper 8.53566121724593329343459562066795127e-1 Final circuit size: 79383 Estimated probability 0.14643379 (epsilon 0.0000000033325648907123195) found in 60 seconds ",
1441,:,1737468255.000,48.000,0,209,0,0,"schlandals --timeout 1500 -i /data/schlandals/pwmc_benchmarks/instances/bayesian_networks/pcnf/munin/1441.cnf compile | tr '\n' ' '",/data/schlandals/pwmc_benchmarks/instances/bayesian_networks/pcnf/munin/1441.cnf,"lower 6.24929047374555220019055751421476612e-3 upper 9.93750619526257937608786521189900757e-1 Final circuit size: 79476 Estimated probability 0.00624929 (epsilon 0.00000006934778129519259) found in 41 seconds ",
1436,:,1737468237.000,67.000,0,211,0,0,"schlandals --timeout 1500 -i /data/schlandals/pwmc_benchmarks/instances/bayesian_networks/pcnf/munin/1436.cnf compile | tr '\n' ' '",/data/schlandals/pwmc_benchmarks/instances/bayesian_networks/pcnf/munin/1436.cnf,"lower 2.25179733858464755925536263499776822e-1 upper 7.74820176141538733698146406832666728e-1 Final circuit size: 78463 Estimated probability 0.22517973 (epsilon 0.0000000021671582306481696) found in 58 seconds ",
1435,:,1737468236.000,71.000,0,211,0,0,"schlandals --timeout 1500 -i /data/schlandals/pwmc_benchmarks/instances/bayesian_networks/pcnf/munin/1435.cnf compile | tr '\n' ' '",/data/schlandals/pwmc_benchmarks/instances/bayesian_networks/pcnf/munin/1435.cnf,"lower 2.18705502306061151696228118653479482e-1 upper 7.81294407693942337280428585414218601e-1 Final circuit size: 79062 Estimated probability 0.21870550 (epsilon 0.0000000022313115799477146) found in 61 seconds ",
1374,:,1737467835.000,474.000,0,212,0,0,"schlandals --timeout 1500 -i /data/schlandals/pwmc_benchmarks/instances/bayesian_networks/pcnf/munin/1374.cnf compile | tr '\n' ' '",/data/schlandals/pwmc_benchmarks/instances/bayesian_networks/pcnf/munin/1374.cnf,"lower 6.78214462884750040716026947208870819e-3 upper 9.93217636347846424953164241783722073e-1 Final circuit size: 348836 Estimated probability 0.00678214 (epsilon 0.000000012913396352232098) found in 406 seconds ",
1438,:,1737468246.000,65.000,0,210,0,0,"schlandals --timeout 1500 -i /data/schlandals/pwmc_benchmarks/instances/bayesian_networks/pcnf/munin/1438.cnf compile | tr '\n' ' '",/data/schlandals/pwmc_benchmarks/instances/bayesian_networks/pcnf/munin/1438.cnf,"lower 8.14867531761572466730449955119019743e-2 upper 9.18513156823846244446087656947290524e-1 Final circuit size: 79687 Estimated probability 0.08148675 (epsilon 0.000000005988704421255875) found in 57 seconds ",
1437,:,1737468244.000,68.000,0,210,0,0,"schlandals --timeout 1500 -i /data/schlandals/pwmc_benchmarks/instances/bayesian_networks/pcnf/munin/1437.cnf compile | tr '\n' ' '",/data/schlandals/pwmc_benchmarks/instances/bayesian_networks/pcnf/munin/1437.cnf,"lower 1.60383682298470946837691615766191399e-1 upper 8.39616227701532542242345001856278886e-1 Final circuit size: 79334 Estimated probability 0.16038368 (epsilon 0.000000003042703866640295) found in 58 seconds ",
1210,:,1737466689.000,1624.000,0,205,0,0,"schlandals --timeout 1500 -i /data/schlandals/pwmc_benchmarks/instances/bayesian_networks/pcnf/munin/1210.cnf compile | tr '\n' ' '",/data/schlandals/pwmc_benchmarks/instances/bayesian_networks/pcnf/munin/1210.cnf,"lower 2.30880578265371918888988885893460404e-3 upper 9.95973160460549050330707047466481433e-1 Final circuit size: 616947 Estimated probability 0.00230881 (epsilon 0.3207477851187748) found in 1500 seconds ",
1450,:,1737468278.000,36.000,0,185,0,0,"schlandals --timeout 1500 -i /data/schlandals/pwmc_benchmarks/instances/bayesian_networks/pcnf/munin/1450.cnf compile | tr '\n' ' '",/data/schlandals/pwmc_benchmarks/instances/bayesian_networks/pcnf/munin/1450.cnf,"lower 8.08750260632761982764640095527606967e-1 upper 1.91249689367238820113622630286544534e-1 Final circuit size: 79052 Estimated probability 0.80875026 (epsilon 0) found in 32 seconds ",
1439,:,1737468250.000,65.000,0,210,0,0,"schlandals --timeout 1500 -i /data/schlandals/pwmc_benchmarks/instances/bayesian_networks/pcnf/munin/1439.cnf compile | tr '\n' ' '",/data/schlandals/pwmc_benchmarks/instances/bayesian_networks/pcnf/munin/1439.cnf,"lower 3.26161828131259849011384913274496596e-2 upper 9.67383727186877507017451814611228665e-1 Final circuit size: 79580 Estimated probability 0.03261618 (epsilon 0.000000014961900829391084) found in 57 seconds ",
1444,:,1737468255.000,63.000,0,207,0,0,"schlandals --timeout 1500 -i /data/schlandals/pwmc_benchmarks/instances/bayesian_networks/pcnf/munin/1444.cnf compile | tr '\n' ' '",/data/schlandals/pwmc_benchmarks/instances/bayesian_networks/pcnf/munin/1444.cnf,"lower 1.12181679017249116059886785399179861e-3 upper 9.98878093209831001498813659137738827e-1 Final circuit size: 78442 Estimated probability 0.00112182 (epsilon 0.000000322309134714871) found in 57 seconds ",
1209,:,1737466689.000,1631.000,0,206,0,0,"schlandals --timeout 1500 -i /data/schlandals/pwmc_benchmarks/instances/bayesian_networks/pcnf/munin/1209.cnf compile | tr '\n' ' '",/data/schlandals/pwmc_benchmarks/instances/bayesian_networks/pcnf/munin/1209.cnf,"lower 1.08028147816090847688960616999455189e-2 upper 9.87224672187108755250772632296819831e-1 Final circuit size: 613171 Estimated probability 0.01080281 (epsilon 0.08746018510018949) found in 1500 seconds ",
1213,:,1737466690.000,1630.000,0,206,0,0,"schlandals --timeout 1500 -i /data/schlandals/pwmc_benchmarks/instances/bayesian_networks/pcnf/munin/1213.cnf compile | tr '\n' ' '",/data/schlandals/pwmc_benchmarks/instances/bayesian_networks/pcnf/munin/1213.cnf,"lower 3.47143779801367651458488127531520402e-3 upper 9.95133068792557465523922791866573991e-1 Final circuit size: 632193 Estimated probability 0.00347144 (epsilon 0.18402892049406527) found in 1500 seconds ",
1215,:,1737466695.000,1625.000,0,206,0,0,"schlandals --timeout 1500 -i /data/schlandals/pwmc_benchmarks/instances/bayesian_networks/pcnf/munin/1215.cnf compile | tr '\n' ' '",/data/schlandals/pwmc_benchmarks/instances/bayesian_networks/pcnf/munin/1215.cnf,"lower 8.37641543925116916955528688846370686e-3 upper 9.90239280256468239693605671924049329e-1 Final circuit size: 622415 Estimated probability 0.00837642 (epsilon 0.07947797122109468) found in 1500 seconds ",
1443,:,1737468255.000,65.000,0,209,0,0,"schlandals --timeout 1500 -i /data/schlandals/pwmc_benchmarks/instances/bayesian_networks/pcnf/munin/1443.cnf compile | tr '\n' ' '",/data/schlandals/pwmc_benchmarks/instances/bayesian_networks/pcnf/munin/1443.cnf,"lower 1.96361821655880145875567747699086153e-3 upper 9.98036291783444687313122421102248730e-1 Final circuit size: 79293 Estimated probability 0.00196362 (epsilon 0.00000018413550084694918) found in 55 seconds ",
1445,:,1737468258.000,64.000,0,208,0,0,"schlandals --timeout 1500 -i /data/schlandals/pwmc_benchmarks/instances/bayesian_networks/pcnf/munin/1445.cnf compile | tr '\n' ' '",/data/schlandals/pwmc_benchmarks/instances/bayesian_networks/pcnf/munin/1445.cnf,"lower 6.30640633352965852748680104024398928e-4 upper 9.99369269366650524600249458236776145e-1 Final circuit size: 79193 Estimated probability 0.00063064 (epsilon 0.0000005733403967145279) found in 58 seconds ",
1451,:,1737468281.000,42.000,0,185,0,0,"schlandals --timeout 1500 -i /data/schlandals/pwmc_benchmarks/instances/bayesian_networks/pcnf/munin/1451.cnf compile | tr '\n' ' '",/data/schlandals/pwmc_benchmarks/instances/bayesian_networks/pcnf/munin/1451.cnf,"lower 1.10676142444886389704422859907862275e-1 upper 8.89323807555114413812189799528481682e-1 Final circuit size: 78709 Estimated probability 0.11067614 (epsilon 0) found in 37 seconds ",
1477,:,1737468323.000,2.000,0,184,0,0,"schlandals --timeout 1500 -i /data/schlandals/pwmc_benchmarks/instances/bayesian_networks/pcnf/munin/1477.cnf compile | tr '\n' ' '",/data/schlandals/pwmc_benchmarks/instances/bayesian_networks/pcnf/munin/1477.cnf,"lower 8.93614960120842116698214868673454385e-1 upper 1.06385039879158042000429685860084148e-1 Final circuit size: 43879 Estimated probability 0.89361496 (epsilon 0) found in 1 seconds ",
1219,:,1737466698.000,1628.000,0,207,0,0,"schlandals --timeout 1500 -i /data/schlandals/pwmc_benchmarks/instances/bayesian_networks/pcnf/munin/1219.cnf compile | tr '\n' ' '",/data/schlandals/pwmc_benchmarks/instances/bayesian_networks/pcnf/munin/1219.cnf,"lower 2.25011840710682328531088281548209829e-2 upper 9.75599635210207609340148802927955918e-1 Final circuit size: 607459 Estimated probability 0.02250118 (epsilon 0.041374375522710505) found in 1500 seconds ",
1478,:,1737468325.000,3.000,0,184,0,0,"schlandals --timeout 1500 -i /data/schlandals/pwmc_benchmarks/instances/bayesian_networks/pcnf/munin/1478.cnf compile | tr '\n' ' '",/data/schlandals/pwmc_benchmarks/instances/bayesian_networks/pcnf/munin/1478.cnf,"lower 1.06385039879158002119280916419956690e-1 upper 8.93614960120842156579363638113581759e-1 Final circuit size: 43879 Estimated probability 0.10638504 (epsilon 0) found in 1 seconds ",
1446,:,1737468262.000,66.000,0,208,0,0,"schlandals --timeout 1500 -i /data/schlandals/pwmc_benchmarks/instances/bayesian_networks/pcnf/munin/1446.cnf compile | tr '\n' ' '",/data/schlandals/pwmc_benchmarks/instances/bayesian_networks/pcnf/munin/1446.cnf,"lower 3.35823904802840016437046589278365809e-4 upper 9.99664086095200650842790487896806844e-1 Final circuit size: 78930 Estimated probability 0.00033582 (epsilon 0.0000005326893546264699) found in 57 seconds ",
1449,:,1737468276.000,55.000,0,185,0,0,"schlandals --timeout 1500 -i /data/schlandals/pwmc_benchmarks/instances/bayesian_networks/pcnf/munin/1449.cnf compile | tr '\n' ' '",/data/schlandals/pwmc_benchmarks/instances/bayesian_networks/pcnf/munin/1449.cnf,"lower 6.06973541559757831330232330218053503e-2 upper 9.39302595844025020454684642871517393e-1 Final circuit size: 78355 Estimated probability 0.06069735 (epsilon 0) found in 49 seconds ",
1448,:,1737468273.000,58.000,0,185,0,0,"schlandals --timeout 1500 -i /data/schlandals/pwmc_benchmarks/instances/bayesian_networks/pcnf/munin/1448.cnf compile | tr '\n' ' '",/data/schlandals/pwmc_benchmarks/instances/bayesian_networks/pcnf/munin/1448.cnf,"lower 7.53490658477055794225761916547291217e-3 upper 9.92465043415230245768042892409051514e-1 Final circuit size: 78910 Estimated probability 0.00753491 (epsilon 0) found in 52 seconds ",
1479,:,1737468326.000,7.000,0,184,0,0,"schlandals --timeout 1500 -i /data/schlandals/pwmc_benchmarks/instances/bayesian_networks/pcnf/munin/1479.cnf compile | tr '\n' ' '",/data/schlandals/pwmc_benchmarks/instances/bayesian_networks/pcnf/munin/1479.cnf,"lower 9.47031139700229499443215310908890479e-1 upper 5.29688602997706461507707808455630774e-2 Final circuit size: 43903 Estimated probability 0.94703114 (epsilon 0) found in 5 seconds ",
1480,:,1737468328.000,6.000,0,184,0,0,"schlandals --timeout 1500 -i /data/schlandals/pwmc_benchmarks/instances/bayesian_networks/pcnf/munin/1480.cnf compile | tr '\n' ' '",/data/schlandals/pwmc_benchmarks/instances/bayesian_networks/pcnf/munin/1480.cnf,"lower 5.29688602997706090864971502729739245e-2 upper 9.47031139700229536507488941481479734e-1 Final circuit size: 43903 Estimated probability 0.05296886 (epsilon 0) found in 5 seconds ",
1224,:,1737466713.000,1621.000,0,207,0,0,"schlandals --timeout 1500 -i /data/schlandals/pwmc_benchmarks/instances/bayesian_networks/pcnf/munin/1224.cnf compile | tr '\n' ' '",/data/schlandals/pwmc_benchmarks/instances/bayesian_networks/pcnf/munin/1224.cnf,"lower 2.35635113361211247954878308725448890e-2 upper 9.74461200467831957904571094135492309e-1 Final circuit size: 607481 Estimated probability 0.02356351 (epsilon 0.041067002963367294) found in 1500 seconds ",
1447,:,1737468268.000,67.000,0,208,0,0,"schlandals --timeout 1500 -i /data/schlandals/pwmc_benchmarks/instances/bayesian_networks/pcnf/munin/1447.cnf compile | tr '\n' ' '",/data/schlandals/pwmc_benchmarks/instances/bayesian_networks/pcnf/munin/1447.cnf,"lower 1.63070556132732592473453888222726771e-4 upper 9.99836839443870758563238664151672710e-1 Final circuit size: 78483 Estimated probability 0.00016307 (epsilon 0.0000010970083523798024) found in 58 seconds ",
1225,:,1737466714.000,1622.000,0,207,0,0,"schlandals --timeout 1500 -i /data/schlandals/pwmc_benchmarks/instances/bayesian_networks/pcnf/munin/1225.cnf compile | tr '\n' ' '",/data/schlandals/pwmc_benchmarks/instances/bayesian_networks/pcnf/munin/1225.cnf,"lower 1.46389620242537020081999159296894970e-2 upper 9.83499479842551622658791422308457810e-1 Final circuit size: 613936 Estimated probability 0.01463896 (epsilon 0.061674183588494635) found in 1501 seconds ",
1454,:,1737468291.000,49.000,0,208,0,0,"schlandals --timeout 1500 -i /data/schlandals/pwmc_benchmarks/instances/bayesian_networks/pcnf/munin/1454.cnf compile | tr '\n' ' '",/data/schlandals/pwmc_benchmarks/instances/bayesian_networks/pcnf/munin/1454.cnf,"lower 6.41605794782398145806136397415195592e-4 upper 9.99358274205223378134340540454237339e-1 Final circuit size: 78435 Estimated probability 0.00064161 (epsilon 0.0000008194473699596472) found in 40 seconds ",
1452,:,1737468286.000,55.000,0,185,0,0,"schlandals --timeout 1500 -i /data/schlandals/pwmc_benchmarks/instances/bayesian_networks/pcnf/munin/1452.cnf compile | tr '\n' ' '",/data/schlandals/pwmc_benchmarks/instances/bayesian_networks/pcnf/munin/1452.cnf,"lower 1.23413361802321326094921374420165255e-2 upper 9.87658613819768670867092301417672461e-1 Final circuit size: 78377 Estimated probability 0.01234134 (epsilon 0) found in 49 seconds ",
1458,:,1737468296.000,48.000,0,209,0,0,"schlandals --timeout 1500 -i /data/schlandals/pwmc_benchmarks/instances/bayesian_networks/pcnf/munin/1458.cnf compile | tr '\n' ' '",/data/schlandals/pwmc_benchmarks/instances/bayesian_networks/pcnf/munin/1458.cnf,"lower 2.23970462453883935232721382711969051e-2 upper 9.77602833754617389260937266844145829e-1 Final circuit size: 78624 Estimated probability 0.02239705 (epsilon 0.00000003301654794007902) found in 42 seconds ",
1249,:,1737466738.000,1609.000,0,206,0,0,"schlandals --timeout 1500 -i /data/schlandals/pwmc_benchmarks/instances/bayesian_networks/pcnf/munin/1249.cnf compile | tr '\n' ' '",/data/schlandals/pwmc_benchmarks/instances/bayesian_networks/pcnf/munin/1249.cnf,"lower 6.22847880770311725705466646266218258e-3 upper 9.92377149747899695358581202059997202e-1 Final circuit size: 639954 Estimated probability 0.00622848 (epsilon 0.10626239217139966) found in 1500 seconds ",
1247,:,1737466734.000,1613.000,0,207,0,0,"schlandals --timeout 1500 -i /data/schlandals/pwmc_benchmarks/instances/bayesian_networks/pcnf/munin/1247.cnf compile | tr '\n' ' '",/data/schlandals/pwmc_benchmarks/instances/bayesian_networks/pcnf/munin/1247.cnf,"lower 2.91207341771595183844626278605567662e-2 upper 9.69223941832128415805496415027938522e-1 Final circuit size: 621407 Estimated probability 0.02912073 (epsilon 0.028036809159233123) found in 1500 seconds ",
1453,:,1737468286.000,65.000,0,208,0,0,"schlandals --timeout 1500 -i /data/schlandals/pwmc_benchmarks/instances/bayesian_networks/pcnf/munin/1453.cnf compile | tr '\n' ' '",/data/schlandals/pwmc_benchmarks/instances/bayesian_networks/pcnf/munin/1453.cnf,"lower 2.18351926869456701876436759492979211e-4 upper 9.99781528073136323873019518529304978e-1 Final circuit size: 78363 Estimated probability 0.00021835 (epsilon 0.0000024078640137314977) found in 56 seconds ",
1250,:,1737466738.000,1613.000,0,205,0,0,"schlandals --timeout 1500 -i /data/schlandals/pwmc_benchmarks/instances/bayesian_networks/pcnf/munin/1250.cnf compile | tr '\n' ' '",/data/schlandals/pwmc_benchmarks/instances/bayesian_networks/pcnf/munin/1250.cnf,"lower 8.06237250806730629826697539035789728e-3 upper 9.69911271625038060770991575846561714e-1 Final circuit size: 601768 Estimated probability 0.00806237 (epsilon 0.9318264293697458) found in 1500 seconds ",
1469,:,1737468314.000,38.000,0,208,0,0,"schlandals --timeout 1500 -i /data/schlandals/pwmc_benchmarks/instances/bayesian_networks/pcnf/munin/1469.cnf compile | tr '\n' ' '",/data/schlandals/pwmc_benchmarks/instances/bayesian_networks/pcnf/munin/1469.cnf,"lower 7.94960095682310583584132764921840381e-4 upper 9.99204919904323466786179785737617209e-1 Final circuit size: 80297 Estimated probability 0.00079496 (epsilon 0.0000007761741505074582) found in 32 seconds ",
1455,:,1737468292.000,66.000,0,209,0,0,"schlandals --timeout 1500 -i /data/schlandals/pwmc_benchmarks/instances/bayesian_networks/pcnf/munin/1455.cnf compile | tr '\n' ' '",/data/schlandals/pwmc_benchmarks/instances/bayesian_networks/pcnf/munin/1455.cnf,"lower 1.57497657786216032682159713146362073e-3 upper 9.98424903422143616788015484658139060e-1 Final circuit size: 78845 Estimated probability 0.00157498 (epsilon 0.00000033382230535394797) found in 57 seconds ",
1456,:,1737468293.000,69.000,0,209,0,0,"schlandals --timeout 1500 -i /data/schlandals/pwmc_benchmarks/instances/bayesian_networks/pcnf/munin/1456.cnf compile | tr '\n' ' '",/data/schlandals/pwmc_benchmarks/instances/bayesian_networks/pcnf/munin/1456.cnf,"lower 3.29270454795213655873076410962063559e-3 upper 9.96707175452053642993480394644228646e-1 Final circuit size: 80086 Estimated probability 0.00329270 (epsilon 0.00000015967492394963756) found in 60 seconds ",
1457,:,1737468294.000,68.000,0,209,0,0,"schlandals --timeout 1500 -i /data/schlandals/pwmc_benchmarks/instances/bayesian_networks/pcnf/munin/1457.cnf compile | tr '\n' ' '",/data/schlandals/pwmc_benchmarks/instances/bayesian_networks/pcnf/munin/1457.cnf,"lower 7.20803760220225537008396659724890119e-3 upper 9.92791842397803524688357533036176985e-1 Final circuit size: 78339 Estimated probability 0.00720804 (epsilon 0.00000010259006733015497) found in 59 seconds ",
1246,:,1737466730.000,1632.000,0,207,0,0,"schlandals --timeout 1500 -i /data/schlandals/pwmc_benchmarks/instances/bayesian_networks/pcnf/munin/1246.cnf compile | tr '\n' ' '",/data/schlandals/pwmc_benchmarks/instances/bayesian_networks/pcnf/munin/1246.cnf,"lower 1.10390513591308257840380463033853855e-1 upper 8.87860224444792143613086972313994198e-1 Final circuit size: 621881 Estimated probability 0.11039051 (epsilon 0.007906123715143654) found in 1501 seconds ",
1460,:,1737468300.000,63.000,0,210,0,0,"schlandals --timeout 1500 -i /data/schlandals/pwmc_benchmarks/instances/bayesian_networks/pcnf/munin/1460.cnf compile | tr '\n' ' '",/data/schlandals/pwmc_benchmarks/instances/bayesian_networks/pcnf/munin/1460.cnf,"lower 1.73939416969144879503412334251125218e-1 upper 8.26060463030860898966831825173982697e-1 Final circuit size: 79855 Estimated probability 0.17393942 (epsilon 0.000000004295193978265388) found in 53 seconds ",
1474,:,1737468320.000,44.000,0,185,0,0,"schlandals --timeout 1500 -i /data/schlandals/pwmc_benchmarks/instances/bayesian_networks/pcnf/munin/1474.cnf compile | tr '\n' ' '",/data/schlandals/pwmc_benchmarks/instances/bayesian_networks/pcnf/munin/1474.cnf,"lower 1.34068656785414946264266540127499042e-1 upper 8.65931293214585837537206862672769659e-1 Final circuit size: 78681 Estimated probability 0.13406866 (epsilon 0) found in 40 seconds ",
1467,:,1737468312.000,53.000,0,209,0,0,"schlandals --timeout 1500 -i /data/schlandals/pwmc_benchmarks/instances/bayesian_networks/pcnf/munin/1467.cnf compile | tr '\n' ' '",/data/schlandals/pwmc_benchmarks/instances/bayesian_networks/pcnf/munin/1467.cnf,"lower 3.70083197624906299025334837088635757e-3 upper 9.96299048023756719312530334589066851e-1 Final circuit size: 78756 Estimated probability 0.00370083 (epsilon 0.00000016672674996165426) found in 46 seconds ",
1473,:,1737468320.000,46.000,0,185,0,0,"schlandals --timeout 1500 -i /data/schlandals/pwmc_benchmarks/instances/bayesian_networks/pcnf/munin/1473.cnf compile | tr '\n' ' '",/data/schlandals/pwmc_benchmarks/instances/bayesian_networks/pcnf/munin/1473.cnf,"lower 7.47925764053062401703496128249908082e-1 upper 2.52074185946938382135088641679679699e-1 Final circuit size: 78901 Estimated probability 0.74792576 (epsilon 0) found in 40 seconds ",
1468,:,1737468313.000,53.000,0,209,0,0,"schlandals --timeout 1500 -i /data/schlandals/pwmc_benchmarks/instances/bayesian_networks/pcnf/munin/1468.cnf compile | tr '\n' ' '",/data/schlandals/pwmc_benchmarks/instances/bayesian_networks/pcnf/munin/1468.cnf,"lower 1.72848793441901669880262515459579518e-3 upper 9.98271392065586764501012708526517037e-1 Final circuit size: 81041 Estimated probability 0.00172849 (epsilon 0.00000035697536437950816) found in 44 seconds ",
1462,:,1737468303.000,64.000,0,211,0,0,"schlandals --timeout 1500 -i /data/schlandals/pwmc_benchmarks/instances/bayesian_networks/pcnf/munin/1462.cnf compile | tr '\n' ' '",/data/schlandals/pwmc_benchmarks/instances/bayesian_networks/pcnf/munin/1462.cnf,"lower 2.36963846898517575309349527760635276e-1 upper 7.63036033101488203919339633679201730e-1 Final circuit size: 79104 Estimated probability 0.23696385 (epsilon 0.0000000031528166744010377) found in 54 seconds ",
1461,:,1737468300.000,68.000,0,210,0,0,"schlandals --timeout 1500 -i /data/schlandals/pwmc_benchmarks/instances/bayesian_networks/pcnf/munin/1461.cnf compile | tr '\n' ' '",/data/schlandals/pwmc_benchmarks/instances/bayesian_networks/pcnf/munin/1461.cnf,"lower 2.58813520042906259688149882241560969e-1 upper 7.41186359957099523244127902688180846e-1 Final circuit size: 78844 Estimated probability 0.25881352 (epsilon 0.000000002886648031719119) found in 58 seconds ",
1459,:,1737468300.000,68.000,0,210,0,0,"schlandals --timeout 1500 -i /data/schlandals/pwmc_benchmarks/instances/bayesian_networks/pcnf/munin/1459.cnf compile | tr '\n' ' '",/data/schlandals/pwmc_benchmarks/instances/bayesian_networks/pcnf/munin/1459.cnf,"lower 7.36440753480378071858914185066257612e-2 upper 9.26355804651967971848713664242048400e-1 Final circuit size: 78961 Estimated probability 0.07364408 (epsilon 0.000000010041176556896403) found in 59 seconds ",
1503,:,1737468365.000,4.000,0,184,0,0,"schlandals --timeout 1500 -i /data/schlandals/pwmc_benchmarks/instances/bayesian_networks/pcnf/munin/1503.cnf compile | tr '\n' ' '",/data/schlandals/pwmc_benchmarks/instances/bayesian_networks/pcnf/munin/1503.cnf,"lower 2.17618445460907599194930165780631770e-2 upper 9.78238155453909385478868170431862898e-1 Final circuit size: 43905 Estimated probability 0.02176184 (epsilon 0) found in 3 seconds ",
1463,:,1737468304.000,65.000,0,210,0,0,"schlandals --timeout 1500 -i /data/schlandals/pwmc_benchmarks/instances/bayesian_networks/pcnf/munin/1463.cnf compile | tr '\n' ' '",/data/schlandals/pwmc_benchmarks/instances/bayesian_networks/pcnf/munin/1463.cnf,"lower 1.35724706575786240160369741698673960e-1 upper 8.64275173424219537880293123133376680e-1 Final circuit size: 78442 Estimated probability 0.13572471 (epsilon 0.000000005504551037205374) found in 56 seconds ",
1502,:,1737468364.000,7.000,0,184,0,0,"schlandals --timeout 1500 -i /data/schlandals/pwmc_benchmarks/instances/bayesian_networks/pcnf/munin/1502.cnf compile | tr '\n' ' '",/data/schlandals/pwmc_benchmarks/instances/bayesian_networks/pcnf/munin/1502.cnf,"lower 9.46482821459688139907219208097558806e-1 upper 5.35171785403120054911419789123671244e-2 Final circuit size: 43905 Estimated probability 0.94648282 (epsilon 0) found in 6 seconds ",
1464,:,1737468307.000,65.000,0,210,0,0,"schlandals --timeout 1500 -i /data/schlandals/pwmc_benchmarks/instances/bayesian_networks/pcnf/munin/1464.cnf compile | tr '\n' ' '",/data/schlandals/pwmc_benchmarks/instances/bayesian_networks/pcnf/munin/1464.cnf,"lower 5.30363536099968491283572814808708265e-2 upper 9.46963526390008930773940569321663276e-1 Final circuit size: 78899 Estimated probability 0.05303635 (epsilon 0.000000014086631416887485) found in 56 seconds ",
1505,:,1737468366.000,6.000,0,184,0,0,"schlandals --timeout 1500 -i /data/schlandals/pwmc_benchmarks/instances/bayesian_networks/pcnf/munin/1505.cnf compile | tr '\n' ' '",/data/schlandals/pwmc_benchmarks/instances/bayesian_networks/pcnf/munin/1505.cnf,"lower 1.24373373238430711402165920353533032e-3 upper 9.98756266267615838284339527806390420e-1 Final circuit size: 43905 Estimated probability 0.00124373 (epsilon 0) found in 5 seconds ",
1504,:,1737468366.000,6.000,0,184,0,0,"schlandals --timeout 1500 -i /data/schlandals/pwmc_benchmarks/instances/bayesian_networks/pcnf/munin/1504.cnf compile | tr '\n' ' '",/data/schlandals/pwmc_benchmarks/instances/bayesian_networks/pcnf/munin/1504.cnf,"lower 1.05116002618368952065424120730790582e-2 upper 9.89488399738163250191818774936846728e-1 Final circuit size: 43905 Estimated probability 0.01051160 (epsilon 0) found in 5 seconds ",
1509,:,1737468369.000,4.000,0,184,0,0,"schlandals --timeout 1500 -i /data/schlandals/pwmc_benchmarks/instances/bayesian_networks/pcnf/munin/1509.cnf compile | tr '\n' ' '",/data/schlandals/pwmc_benchmarks/instances/bayesian_networks/pcnf/munin/1509.cnf,"lower 1.01435187215057518462258450360523502e-2 upper 9.89856481278494393617343643555382847e-1 Final circuit size: 43906 Estimated probability 0.01014352 (epsilon 0) found in 3 seconds ",
1476,:,1737468322.000,51.000,0,185,0,0,"schlandals --timeout 1500 -i /data/schlandals/pwmc_benchmarks/instances/bayesian_networks/pcnf/munin/1476.cnf compile | tr '\n' ' '",/data/schlandals/pwmc_benchmarks/instances/bayesian_networks/pcnf/munin/1476.cnf,"lower 1.64180962051206513962439669902896892e-1 upper 8.35818987948794370003952377930755386e-1 Final circuit size: 84804 Estimated probability 0.16418096 (epsilon 0) found in 45 seconds ",
1506,:,1737468367.000,6.000,0,184,0,0,"schlandals --timeout 1500 -i /data/schlandals/pwmc_benchmarks/instances/bayesian_networks/pcnf/munin/1506.cnf compile | tr '\n' ' '",/data/schlandals/pwmc_benchmarks/instances/bayesian_networks/pcnf/munin/1506.cnf,"lower 2.00000000000000034127717552494494575e-2 upper 9.80000000000000141985589431760476269e-1 Final circuit size: 43905 Estimated probability 0.02000000 (epsilon 0) found in 5 seconds ",
1507,:,1737468368.000,7.000,0,184,0,0,"schlandals --timeout 1500 -i /data/schlandals/pwmc_benchmarks/instances/bayesian_networks/pcnf/munin/1507.cnf compile | tr '\n' ' '",/data/schlandals/pwmc_benchmarks/instances/bayesian_networks/pcnf/munin/1507.cnf,"lower 9.49203091436374665206794446613511037e-1 upper 5.07969085636254802567750419779242431e-2 Final circuit size: 43906 Estimated probability 0.94920309 (epsilon 0) found in 5 seconds ",
1508,:,1737468368.000,7.000,0,184,0,0,"schlandals --timeout 1500 -i /data/schlandals/pwmc_benchmarks/instances/bayesian_networks/pcnf/munin/1508.cnf compile | tr '\n' ' '",/data/schlandals/pwmc_benchmarks/instances/bayesian_networks/pcnf/munin/1508.cnf,"lower 2.06109131120773871817700605052516269e-2 upper 9.79389086887922758281799428086183238e-1 Final circuit size: 43906 Estimated probability 0.02061091 (epsilon 0) found in 6 seconds ",
1510,:,1737468369.000,7.000,0,184,0,0,"schlandals --timeout 1500 -i /data/schlandals/pwmc_benchmarks/instances/bayesian_networks/pcnf/munin/1510.cnf compile | tr '\n' ' '",/data/schlandals/pwmc_benchmarks/instances/bayesian_networks/pcnf/munin/1510.cnf,"lower 2.00424767300423024314122374267614163e-2 upper 9.79957523269957843032157251164673695e-1 Final circuit size: 43906 Estimated probability 0.02004248 (epsilon 0) found in 5 seconds ",
1470,:,1737468315.000,61.000,0,208,0,0,"schlandals --timeout 1500 -i /data/schlandals/pwmc_benchmarks/instances/bayesian_networks/pcnf/munin/1470.cnf compile | tr '\n' ' '",/data/schlandals/pwmc_benchmarks/instances/bayesian_networks/pcnf/munin/1470.cnf,"lower 3.74537008256804575328967639600344243e-4 upper 9.99625342991748975263276356871616196e-1 Final circuit size: 79238 Estimated probability 0.00037454 (epsilon 0.0000016474398649712896) found in 52 seconds ",
1472,:,1737468320.000,57.000,0,185,0,0,"schlandals --timeout 1500 -i /data/schlandals/pwmc_benchmarks/instances/bayesian_networks/pcnf/munin/1472.cnf compile | tr '\n' ' '",/data/schlandals/pwmc_benchmarks/instances/bayesian_networks/pcnf/munin/1472.cnf,"lower 1.18005579160149544325221655031409774e-1 upper 8.81994370839851240110103180222376529e-1 Final circuit size: 79176 Estimated probability 0.11800558 (epsilon 0) found in 51 seconds ",
1376,:,1737467837.000,540.000,0,211,0,0,"schlandals --timeout 1500 -i /data/schlandals/pwmc_benchmarks/instances/bayesian_networks/pcnf/munin/1376.cnf compile | tr '\n' ' '",/data/schlandals/pwmc_benchmarks/instances/bayesian_networks/pcnf/munin/1376.cnf,"lower 2.26804304363617199673537969484198789e-3 upper 9.97731746769485761043821648702036518e-1 Final circuit size: 343398 Estimated probability 0.00226804 (epsilon 0.00000015092489791257435) found in 473 seconds ",
1245,:,1737466730.000,1647.000,0,207,0,0,"schlandals --timeout 1500 -i /data/schlandals/pwmc_benchmarks/instances/bayesian_networks/pcnf/munin/1245.cnf compile | tr '\n' ' '",/data/schlandals/pwmc_benchmarks/instances/bayesian_networks/pcnf/munin/1245.cnf,"lower 8.32425176060342238500523254681776455e-1 upper 1.65245017706809548465714527728065934e-1 Final circuit size: 610562 Estimated probability 0.83242518 (epsilon 0.001398344931939688) found in 1500 seconds ",
1517,:,1737468373.000,4.000,0,184,0,0,"schlandals --timeout 1500 -i /data/schlandals/pwmc_benchmarks/instances/bayesian_networks/pcnf/munin/1517.cnf compile | tr '\n' ' '",/data/schlandals/pwmc_benchmarks/instances/bayesian_networks/pcnf/munin/1517.cnf,"lower 5.20839910739336894242241496724852840e-2 upper 9.47916008926066360759970763357567277e-1 Final circuit size: 43905 Estimated probability 0.05208399 (epsilon 0) found in 3 seconds ",
1465,:,1737468309.000,69.000,0,210,0,0,"schlandals --timeout 1500 -i /data/schlandals/pwmc_benchmarks/instances/bayesian_networks/pcnf/munin/1465.cnf compile | tr '\n' ' '",/data/schlandals/pwmc_benchmarks/instances/bayesian_networks/pcnf/munin/1465.cnf,"lower 1.82060908867508012152348823182278457e-2 upper 9.81793789113254982034771936263716510e-1 Final circuit size: 78204 Estimated probability 0.01820609 (epsilon 0.000000038081078290730375) found in 59 seconds ",
1511,:,1737468371.000,7.000,0,184,0,0,"schlandals --timeout 1500 -i /data/schlandals/pwmc_benchmarks/instances/bayesian_networks/pcnf/munin/1511.cnf compile | tr '\n' ' '",/data/schlandals/pwmc_benchmarks/instances/bayesian_networks/pcnf/munin/1511.cnf,"lower 9.46171951939821048927061584665618044e-1 upper 5.38280480601790964712996023443076521e-2 Final circuit size: 43905 Estimated probability 0.94617195 (epsilon 0) found in 6 seconds ",
1525,:,1737468377.000,1.000,0,138,0,0,"schlandals --timeout 1500 -i /data/schlandals/pwmc_benchmarks/instances/bayesian_networks/pcnf/munin/1525.cnf compile | tr '\n' ' '",/data/schlandals/pwmc_benchmarks/instances/bayesian_networks/pcnf/munin/1525.cnf,"lower 0 upper 1.00000000000000000000000000000000000 Final circuit size: 0 Estimated probability 0.00000000 (epsilon 0) found in 0 seconds ",
1523,:,1737468377.000,1.000,0,183,0,0,"schlandals --timeout 1500 -i /data/schlandals/pwmc_benchmarks/instances/bayesian_networks/pcnf/munin/1523.cnf compile | tr '\n' ' '",/data/schlandals/pwmc_benchmarks/instances/bayesian_networks/pcnf/munin/1523.cnf,"lower 9.33982913859702038066537535030717415e-1 upper 6.60170861402978796347534896477502710e-2 Final circuit size: 4724 Estimated probability 0.93398291 (epsilon 0) found in 0 seconds ",
1524,:,1737468377.000,1.000,0,183,0,0,"schlandals --timeout 1500 -i /data/schlandals/pwmc_benchmarks/instances/bayesian_networks/pcnf/munin/1524.cnf compile | tr '\n' ' '",/data/schlandals/pwmc_benchmarks/instances/bayesian_networks/pcnf/munin/1524.cnf,"lower 6.60170861402980879287482925853775489e-2 upper 9.33982913859701829772542732093090053e-1 Final circuit size: 4724 Estimated probability 0.06601709 (epsilon 0) found in 0 seconds ",
1526,:,1737468378.000,1.000,0,138,0,0,"schlandals --timeout 1500 -i /data/schlandals/pwmc_benchmarks/instances/bayesian_networks/pcnf/munin/1526.cnf compile | tr '\n' ' '",/data/schlandals/pwmc_benchmarks/instances/bayesian_networks/pcnf/munin/1526.cnf,"lower 0 upper 1.00000000000000000000000000000000000 Final circuit size: 0 Estimated probability 0.00000000 (epsilon 0) found in 0 seconds ",
1527,:,1737468378.000,1.000,0,138,0,0,"schlandals --timeout 1500 -i /data/schlandals/pwmc_benchmarks/instances/bayesian_networks/pcnf/munin/1527.cnf compile | tr '\n' ' '",/data/schlandals/pwmc_benchmarks/instances/bayesian_networks/pcnf/munin/1527.cnf,"lower 0 upper 1.00000000000000000000000000000000000 Final circuit size: 0 Estimated probability 0.00000000 (epsilon 0) found in 0 seconds ",
1512,:,1737468372.000,7.000,0,184,0,0,"schlandals --timeout 1500 -i /data/schlandals/pwmc_benchmarks/instances/bayesian_networks/pcnf/munin/1512.cnf compile | tr '\n' ' '",/data/schlandals/pwmc_benchmarks/instances/bayesian_networks/pcnf/munin/1512.cnf,"lower 2.18561955128218843978151939590997815e-2 upper 9.78143804487178261000545993050826303e-1 Final circuit size: 43905 Estimated probability 0.02185620 (epsilon 0) found in 6 seconds ",
1528,:,1737468378.000,1.000,0,138,0,0,"schlandals --timeout 1500 -i /data/schlandals/pwmc_benchmarks/instances/bayesian_networks/pcnf/munin/1528.cnf compile | tr '\n' ' '",/data/schlandals/pwmc_benchmarks/instances/bayesian_networks/pcnf/munin/1528.cnf,"lower 0 upper 1.00000000000000000000000000000000000 Final circuit size: 0 Estimated probability 0.00000000 (epsilon 0) found in 0 seconds ",
1513,:,1737468372.000,7.000,0,184,0,0,"schlandals --timeout 1500 -i /data/schlandals/pwmc_benchmarks/instances/bayesian_networks/pcnf/munin/1513.cnf compile | tr '\n' ' '",/data/schlandals/pwmc_benchmarks/instances/bayesian_networks/pcnf/munin/1513.cnf,"lower 1.06758686780181755128574827039498819e-2 upper 9.89324131321981969885503704305975852e-1 Final circuit size: 43905 Estimated probability 0.01067587 (epsilon 0) found in 5 seconds ",
1514,:,1737468372.000,7.000,0,184,0,0,"schlandals --timeout 1500 -i /data/schlandals/pwmc_benchmarks/instances/bayesian_networks/pcnf/munin/1514.cnf compile | tr '\n' ' '",/data/schlandals/pwmc_benchmarks/instances/bayesian_networks/pcnf/munin/1514.cnf,"lower 1.27794065657766295029479049728872805e-3 upper 9.98722059343422482448066396512637338e-1 Final circuit size: 43905 Estimated probability 0.00127794 (epsilon 0) found in 6 seconds ",
1466,:,1737468311.000,69.000,0,209,0,0,"schlandals --timeout 1500 -i /data/schlandals/pwmc_benchmarks/instances/bayesian_networks/pcnf/munin/1466.cnf compile | tr '\n' ' '",/data/schlandals/pwmc_benchmarks/instances/bayesian_networks/pcnf/munin/1466.cnf,"lower 7.57456635678364683989968197180549093e-3 upper 9.92425313643222132896269613014007789e-1 Final circuit size: 79913 Estimated probability 0.00757457 (epsilon 0.00000009153098656788927) found in 60 seconds ",
1515,:,1737468373.000,7.000,0,184,0,0,"schlandals --timeout 1500 -i /data/schlandals/pwmc_benchmarks/instances/bayesian_networks/pcnf/munin/1515.cnf compile | tr '\n' ' '",/data/schlandals/pwmc_benchmarks/instances/bayesian_networks/pcnf/munin/1515.cnf,"lower 2.00180432127613339706434859930063091e-2 upper 9.79981956787238811427717701016919595e-1 Final circuit size: 43904 Estimated probability 0.02001804 (epsilon 0) found in 6 seconds ",
1516,:,1737468373.000,7.000,0,184,0,0,"schlandals --timeout 1500 -i /data/schlandals/pwmc_benchmarks/instances/bayesian_networks/pcnf/munin/1516.cnf compile | tr '\n' ' '",/data/schlandals/pwmc_benchmarks/instances/bayesian_networks/pcnf/munin/1516.cnf,"lower 9.46537206750888075425943450462354974e-1 upper 5.34627932491119747582514625676972854e-2 Final circuit size: 43898 Estimated probability 0.94653721 (epsilon 0) found in 5 seconds ",
1475,:,1737468320.000,60.000,0,185,0,0,"schlandals --timeout 1500 -i /data/schlandals/pwmc_benchmarks/instances/bayesian_networks/pcnf/munin/1475.cnf compile | tr '\n' ' '",/data/schlandals/pwmc_benchmarks/instances/bayesian_networks/pcnf/munin/1475.cnf,"lower 8.35819037947420363992083945300718303e-1 upper 1.64180912052580519974308102532933951e-1 Final circuit size: 84804 Estimated probability 0.83581904 (epsilon 0) found in 54 seconds ",
1518,:,1737468375.000,6.000,0,184,0,0,"schlandals --timeout 1500 -i /data/schlandals/pwmc_benchmarks/instances/bayesian_networks/pcnf/munin/1518.cnf compile | tr '\n' ' '",/data/schlandals/pwmc_benchmarks/instances/bayesian_networks/pcnf/munin/1518.cnf,"lower 1.04500273909372809052047298173036313e-3 upper 9.98954997260906241798241616721770873e-1 Final circuit size: 43409 Estimated probability 0.00104500 (epsilon 0) found in 5 seconds ",
1519,:,1737468375.000,7.000,0,184,0,0,"schlandals --timeout 1500 -i /data/schlandals/pwmc_benchmarks/instances/bayesian_networks/pcnf/munin/1519.cnf compile | tr '\n' ' '",/data/schlandals/pwmc_benchmarks/instances/bayesian_networks/pcnf/munin/1519.cnf,"lower 3.33799436084615306672442217358787631e-4 upper 9.99666200563915354582089647486142674e-1 Final circuit size: 43409 Estimated probability 0.00033380 (epsilon 0) found in 5 seconds ",
1537,:,1737468380.000,4.000,0,209,0,0,"schlandals --timeout 1500 -i /data/schlandals/pwmc_benchmarks/instances/bayesian_networks/pcnf/munin/1537.cnf compile | tr '\n' ' '",/data/schlandals/pwmc_benchmarks/instances/bayesian_networks/pcnf/munin/1537.cnf,"lower 1.32021184923224955113728346455274289e-2 upper 9.86797737175618382423365154825046813e-1 Final circuit size: 12868 Estimated probability 0.01320212 (epsilon 0.000000011908982910924237) found in 3 seconds ",
1539,:,1737468380.000,5.000,0,209,0,0,"schlandals --timeout 1500 -i /data/schlandals/pwmc_benchmarks/instances/bayesian_networks/pcnf/munin/1539.cnf compile | tr '\n' ' '",/data/schlandals/pwmc_benchmarks/instances/bayesian_networks/pcnf/munin/1539.cnf,"lower 6.30787459603090602120361023097873478e-3 upper 9.93691984181461193485233885419056089e-1 Final circuit size: 13166 Estimated probability 0.00630787 (epsilon 0.000000059158041798568206) found in 3 seconds ",
1538,:,1737468380.000,5.000,0,209,0,0,"schlandals --timeout 1500 -i /data/schlandals/pwmc_benchmarks/instances/bayesian_networks/pcnf/munin/1538.cnf compile | tr '\n' ' '",/data/schlandals/pwmc_benchmarks/instances/bayesian_networks/pcnf/munin/1538.cnf,"lower 7.51395934144097656814007840511884419e-3 upper 9.92485903610898444670217372663743074e-1 Final circuit size: 12402 Estimated probability 0.00751396 (epsilon 0.000000049662434165043123) found in 3 seconds ",
1471,:,1737468318.000,67.000,0,208,0,0,"schlandals --timeout 1500 -i /data/schlandals/pwmc_benchmarks/instances/bayesian_networks/pcnf/munin/1471.cnf compile | tr '\n' ' '",/data/schlandals/pwmc_benchmarks/instances/bayesian_networks/pcnf/munin/1471.cnf,"lower 1.65882098204848787849107334159884836e-4 upper 9.99833997901800931526784923293173089e-1 Final circuit size: 78801 Estimated probability 0.00016588 (epsilon 0.0000024313442710255373) found in 58 seconds ",
1248,:,1737466737.000,1648.000,0,205,0,0,"schlandals --timeout 1500 -i /data/schlandals/pwmc_benchmarks/instances/bayesian_networks/pcnf/munin/1248.cnf compile | tr '\n' ' '",/data/schlandals/pwmc_benchmarks/instances/bayesian_networks/pcnf/munin/1248.cnf,"lower 7.93561229297543962984627163496076372e-3 upper 9.69911297691822268174051660097210697e-1 Final circuit size: 594678 Estimated probability 0.00793561 (epsilon 0.9472038734811177) found in 1500 seconds ",
1540,:,1737468380.000,6.000,0,208,0,0,"schlandals --timeout 1500 -i /data/schlandals/pwmc_benchmarks/instances/bayesian_networks/pcnf/munin/1540.cnf compile | tr '\n' ' '",/data/schlandals/pwmc_benchmarks/instances/bayesian_networks/pcnf/munin/1540.cnf,"lower 6.14705391794567042308009740572222869e-3 upper 9.93852804859546419041227758079548610e-1 Final circuit size: 12792 Estimated probability 0.00614705 (epsilon 0.00000006070574865013612) found in 3 seconds ",
1541,:,1737468381.000,6.000,0,208,0,0,"schlandals --timeout 1500 -i /data/schlandals/pwmc_benchmarks/instances/bayesian_networks/pcnf/munin/1541.cnf compile | tr '\n' ' '",/data/schlandals/pwmc_benchmarks/instances/bayesian_networks/pcnf/munin/1541.cnf,"lower 7.15473418173057795667576461958233862e-3 upper 9.92845215818270350080955926178868974e-1 Final circuit size: 13012 Estimated probability 0.00715473 (epsilon 0.00000009248926224891818) found in 4 seconds ",
1542,:,1737468382.000,5.000,0,208,0,0,"schlandals --timeout 1500 -i /data/schlandals/pwmc_benchmarks/instances/bayesian_networks/pcnf/munin/1542.cnf compile | tr '\n' ' '",/data/schlandals/pwmc_benchmarks/instances/bayesian_networks/pcnf/munin/1542.cnf,"lower 1.09363376389337002100297044068640184e-2 upper 9.89063612361067229553604710687899282e-1 Final circuit size: 12286 Estimated probability 0.01093634 (epsilon 0.00000006050801637513814) found in 3 seconds ",
1385,:,1737467871.000,516.000,0,212,0,0,"schlandals --timeout 1500 -i /data/schlandals/pwmc_benchmarks/instances/bayesian_networks/pcnf/munin/1385.cnf compile | tr '\n' ' '",/data/schlandals/pwmc_benchmarks/instances/bayesian_networks/pcnf/munin/1385.cnf,"lower 9.56338524560962837364739194567039210e-2 upper 9.04365987543914574806282668062527895e-1 Final circuit size: 338662 Estimated probability 0.09563385 (epsilon 0.000000003579319951541038) found in 456 seconds ",
1520,:,1737468376.000,11.000,0,186,0,0,"schlandals --timeout 1500 -i /data/schlandals/pwmc_benchmarks/instances/bayesian_networks/pcnf/munin/1520.cnf compile | tr '\n' ' '",/data/schlandals/pwmc_benchmarks/instances/bayesian_networks/pcnf/munin/1520.cnf,"lower 9.20230395047866163038589203734345644e-1 upper 7.97696049521339266286890839865199457e-2 Final circuit size: 110693 Estimated probability 0.92023040 (epsilon 0) found in 10 seconds ",
1521,:,1737468376.000,11.000,0,186,0,0,"schlandals --timeout 1500 -i /data/schlandals/pwmc_benchmarks/instances/bayesian_networks/pcnf/munin/1521.cnf compile | tr '\n' ' '",/data/schlandals/pwmc_benchmarks/instances/bayesian_networks/pcnf/munin/1521.cnf,"lower 6.95791815857065165434175150946238658e-2 upper 9.30420818414293573123860772626241809e-1 Final circuit size: 110693 Estimated probability 0.06957918 (epsilon 0) found in 10 seconds ",
1544,:,1737468385.000,3.000,0,208,0,0,"schlandals --timeout 1500 -i /data/schlandals/pwmc_benchmarks/instances/bayesian_networks/pcnf/munin/1544.cnf compile | tr '\n' ' '",/data/schlandals/pwmc_benchmarks/instances/bayesian_networks/pcnf/munin/1544.cnf,"lower 2.43766436311837089511807204839396384e-2 upper 9.75623306045472122240428958998597684e-1 Final circuit size: 11142 Estimated probability 0.02437664 (epsilon 0.00000020311768023084653) found in 2 seconds ",
1547,:,1737468385.000,3.000,0,209,0,0,"schlandals --timeout 1500 -i /data/schlandals/pwmc_benchmarks/instances/bayesian_networks/pcnf/munin/1547.cnf compile | tr '\n' ' '",/data/schlandals/pwmc_benchmarks/instances/bayesian_networks/pcnf/munin/1547.cnf,"lower 3.62473264307661295246081314735771208e-1 upper 6.37526685364263693165109347606763659e-1 Final circuit size: 11370 Estimated probability 0.36247326 (epsilon 0.000000013659842812430156) found in 2 seconds ",
1522,:,1737468377.000,12.000,0,186,0,0,"schlandals --timeout 1500 -i /data/schlandals/pwmc_benchmarks/instances/bayesian_networks/pcnf/munin/1522.cnf compile | tr '\n' ' '",/data/schlandals/pwmc_benchmarks/instances/bayesian_networks/pcnf/munin/1522.cnf,"lower 1.01904233664274428228545647375456564e-2 upper 9.89809576633572449471937731834514016e-1 Final circuit size: 109738 Estimated probability 0.01019042 (epsilon 0) found in 10 seconds ",
1543,:,1737468384.000,5.000,0,207,0,0,"schlandals --timeout 1500 -i /data/schlandals/pwmc_benchmarks/instances/bayesian_networks/pcnf/munin/1543.cnf compile | tr '\n' ' '",/data/schlandals/pwmc_benchmarks/instances/bayesian_networks/pcnf/munin/1543.cnf,"lower 1.58670597955418435219347813005463304e-2 upper 9.84132890204459082269749701623912158e-1 Final circuit size: 13309 Estimated probability 0.01586706 (epsilon 0.0000003120506932852152) found in 4 seconds ",
1545,:,1737468385.000,5.000,0,208,0,0,"schlandals --timeout 1500 -i /data/schlandals/pwmc_benchmarks/instances/bayesian_networks/pcnf/munin/1545.cnf compile | tr '\n' ' '",/data/schlandals/pwmc_benchmarks/instances/bayesian_networks/pcnf/munin/1545.cnf,"lower 8.78451733801917426820203532412854912e-2 upper 9.12154776296030525733086516816637172e-1 Final circuit size: 11086 Estimated probability 0.08784517 (epsilon 0.00000005636425393085176) found in 3 seconds ",
1548,:,1737468386.000,4.000,0,208,0,0,"schlandals --timeout 1500 -i /data/schlandals/pwmc_benchmarks/instances/bayesian_networks/pcnf/munin/1548.cnf compile | tr '\n' ' '",/data/schlandals/pwmc_benchmarks/instances/bayesian_networks/pcnf/munin/1548.cnf,"lower 1.46021247011478101550516667845772706e-1 upper 8.53978702159401548577808770170386909e-1 Final circuit size: 10800 Estimated probability 0.14602125 (epsilon 0.00000003279730842464801) found in 3 seconds ",
1546,:,1737468385.000,5.000,0,208,0,0,"schlandals --timeout 1500 -i /data/schlandals/pwmc_benchmarks/instances/bayesian_networks/pcnf/munin/1546.cnf compile | tr '\n' ' '",/data/schlandals/pwmc_benchmarks/instances/bayesian_networks/pcnf/munin/1546.cnf,"lower 2.94421137338497401998267980779300044e-1 upper 7.05578812334599055509485026629511232e-1 Final circuit size: 11210 Estimated probability 0.29442114 (epsilon 0.00000001681716144119605) found in 4 seconds ",
1549,:,1737468387.000,4.000,0,207,0,0,"schlandals --timeout 1500 -i /data/schlandals/pwmc_benchmarks/instances/bayesian_networks/pcnf/munin/1549.cnf compile | tr '\n' ' '",/data/schlandals/pwmc_benchmarks/instances/bayesian_networks/pcnf/munin/1549.cnf,"lower 1.77333864543859388233812856508809883e-2 upper 9.82266561046750992573340928192349555e-1 Final circuit size: 10041 Estimated probability 0.01773339 (epsilon 0.0000002578845081924186) found in 3 seconds ",
1550,:,1737468387.000,4.000,0,209,0,0,"schlandals --timeout 1500 -i /data/schlandals/pwmc_benchmarks/instances/bayesian_networks/pcnf/munin/1550.cnf compile | tr '\n' ' '",/data/schlandals/pwmc_benchmarks/instances/bayesian_networks/pcnf/munin/1550.cnf,"lower 8.71636414848750092968704487297027431e-3 upper 9.91283437448244124339869482703563553e-1 Final circuit size: 2135 Estimated probability 0.00871636 (epsilon 0.0000000014616863275307423) found in 3 seconds ",
1551,:,1737468387.000,5.000,0,207,0,0,"schlandals --timeout 1500 -i /data/schlandals/pwmc_benchmarks/instances/bayesian_networks/pcnf/munin/1551.cnf compile | tr '\n' ' '",/data/schlandals/pwmc_benchmarks/instances/bayesian_networks/pcnf/munin/1551.cnf,"lower 1.23755752783457127525922542804992517e-4 upper 9.94275755448291905817415069618895676e-1 Final circuit size: 5031 Estimated probability 0.00012376 (epsilon 0.00000010294947716538161) found in 3 seconds ",
1553,:,1737468387.000,5.000,0,208,0,0,"schlandals --timeout 1500 -i /data/schlandals/pwmc_benchmarks/instances/bayesian_networks/pcnf/munin/1553.cnf compile | tr '\n' ' '",/data/schlandals/pwmc_benchmarks/instances/bayesian_networks/pcnf/munin/1553.cnf,"lower 1.53449465297396626360808587314219575e-3 upper 9.92865017116328339321156143503403280e-1 Final circuit size: 5322 Estimated probability 0.00153449 (epsilon 0.000000008302793119696616) found in 3 seconds ",
1554,:,1737468388.000,4.000,0,207,0,0,"schlandals --timeout 1500 -i /data/schlandals/pwmc_benchmarks/instances/bayesian_networks/pcnf/munin/1554.cnf compile | tr '\n' ' '",/data/schlandals/pwmc_benchmarks/instances/bayesian_networks/pcnf/munin/1554.cnf,"lower 1.56677649201747622328927292872784566e-3 upper 9.98433046190464525200305960742872389e-1 Final circuit size: 6783 Estimated probability 0.00156678 (epsilon 0.00000000813172262859041) found in 3 seconds ",
1552,:,1737468387.000,6.000,0,207,0,0,"schlandals --timeout 1500 -i /data/schlandals/pwmc_benchmarks/instances/bayesian_networks/pcnf/munin/1552.cnf compile | tr '\n' ' '",/data/schlandals/pwmc_benchmarks/instances/bayesian_networks/pcnf/munin/1552.cnf,"lower 8.25574231498534789213333433510308507e-4 upper 9.93573937292276429365610346508048612e-1 Final circuit size: 5310 Estimated probability 0.00082557 (epsilon 0.00000001543239958046172) found in 4 seconds ",
1555,:,1737468388.000,5.000,0,208,0,0,"schlandals --timeout 1500 -i /data/schlandals/pwmc_benchmarks/instances/bayesian_networks/pcnf/munin/1555.cnf compile | tr '\n' ' '",/data/schlandals/pwmc_benchmarks/instances/bayesian_networks/pcnf/munin/1555.cnf,"lower 1.37468096424628168928176808487916768e-3 upper 9.98625150569301778110778036195315416e-1 Final circuit size: 6878 Estimated probability 0.00137468 (epsilon 0.000000009268035228160443) found in 3 seconds ",
1556,:,1737468389.000,4.000,0,207,0,0,"schlandals --timeout 1500 -i /data/schlandals/pwmc_benchmarks/instances/bayesian_networks/pcnf/munin/1556.cnf compile | tr '\n' ' '",/data/schlandals/pwmc_benchmarks/instances/bayesian_networks/pcnf/munin/1556.cnf,"lower 1.88316149001211699965014297884844269e-3 upper 9.98116778491524105567982785324458613e-1 Final circuit size: 7004 Estimated probability 0.00188316 (epsilon 0.00000000676553302270122) found in 3 seconds ",
1557,:,1737468389.000,5.000,0,208,0,0,"schlandals --timeout 1500 -i /data/schlandals/pwmc_benchmarks/instances/bayesian_networks/pcnf/munin/1557.cnf compile | tr '\n' ' '",/data/schlandals/pwmc_benchmarks/instances/bayesian_networks/pcnf/munin/1557.cnf,"lower 2.09681495113744259887281863477109132e-3 upper 9.97903125015161080163667282493814988e-1 Final circuit size: 7138 Estimated probability 0.00209681 (epsilon 0.000000006076163572288351) found in 3 seconds ",
1558,:,1737468390.000,5.000,0,207,0,0,"schlandals --timeout 1500 -i /data/schlandals/pwmc_benchmarks/instances/bayesian_networks/pcnf/munin/1558.cnf compile | tr '\n' ' '",/data/schlandals/pwmc_benchmarks/instances/bayesian_networks/pcnf/munin/1558.cnf,"lower 4.04489548656281743282600042678618457e-3 upper 9.95955044492016818226843068883558534e-1 Final circuit size: 6971 Estimated probability 0.00404490 (epsilon 0.00000020548074952664308) found in 3 seconds ",
1560,:,1737468390.000,5.000,0,205,0,0,"schlandals --timeout 1500 -i /data/schlandals/pwmc_benchmarks/instances/bayesian_networks/pcnf/munin/1560.cnf compile | tr '\n' ' '",/data/schlandals/pwmc_benchmarks/instances/bayesian_networks/pcnf/munin/1560.cnf,"lower 3.40882315018963677701384838846361801e-2 upper 9.65911708488655233442617493619653626e-1 Final circuit size: 6545 Estimated probability 0.03408823 (epsilon 0.000000141743583537135) found in 3 seconds ",
1559,:,1737468390.000,5.000,0,207,0,0,"schlandals --timeout 1500 -i /data/schlandals/pwmc_benchmarks/instances/bayesian_networks/pcnf/munin/1559.cnf compile | tr '\n' ' '",/data/schlandals/pwmc_benchmarks/instances/bayesian_networks/pcnf/munin/1559.cnf,"lower 9.38881837505986851561463223060592696e-3 upper 9.90611121611395742466284339889340881e-1 Final circuit size: 6658 Estimated probability 0.00938882 (epsilon 0.00000008852532640268862) found in 3 seconds ",
1561,:,1737468391.000,5.000,0,208,0,0,"schlandals --timeout 1500 -i /data/schlandals/pwmc_benchmarks/instances/bayesian_networks/pcnf/munin/1561.cnf compile | tr '\n' ' '",/data/schlandals/pwmc_benchmarks/instances/bayesian_networks/pcnf/munin/1561.cnf,"lower 9.47275160080452698211821765066151973e-2 upper 9.05272423936836818549359396077718004e-1 Final circuit size: 6468 Estimated probability 0.09472752 (epsilon 0.000000051007231549604626) found in 3 seconds ",
1562,:,1737468391.000,5.000,0,207,0,0,"schlandals --timeout 1500 -i /data/schlandals/pwmc_benchmarks/instances/bayesian_networks/pcnf/munin/1562.cnf compile | tr '\n' ' '",/data/schlandals/pwmc_benchmarks/instances/bayesian_networks/pcnf/munin/1562.cnf,"lower 2.92019338496870708790234673123168763e-1 upper 7.07980601423554919007409431067458497e-1 Final circuit size: 6544 Estimated probability 0.29201934 (epsilon 0.00000001654612447055115) found in 3 seconds ",
1563,:,1737468392.000,5.000,0,208,0,0,"schlandals --timeout 1500 -i /data/schlandals/pwmc_benchmarks/instances/bayesian_networks/pcnf/munin/1563.cnf compile | tr '\n' ' '",/data/schlandals/pwmc_benchmarks/instances/bayesian_networks/pcnf/munin/1563.cnf,"lower 3.54113967218644211257428369447898779e-1 upper 6.45885972655341632188407465897609807e-1 Final circuit size: 6566 Estimated probability 0.35411397 (epsilon 0.000000013644727125949885) found in 3 seconds ",
1564,:,1737468392.000,5.000,0,207,0,0,"schlandals --timeout 1500 -i /data/schlandals/pwmc_benchmarks/instances/bayesian_networks/pcnf/munin/1564.cnf compile | tr '\n' ' '",/data/schlandals/pwmc_benchmarks/instances/bayesian_networks/pcnf/munin/1564.cnf,"lower 1.54382245053251709376111135125358551e-1 upper 8.45617694821846023513200938365664477e-1 Final circuit size: 6606 Estimated probability 0.15438225 (epsilon 0.00000003129756520614535) found in 3 seconds ",
1565,:,1737468392.000,5.000,0,207,0,0,"schlandals --timeout 1500 -i /data/schlandals/pwmc_benchmarks/instances/bayesian_networks/pcnf/munin/1565.cnf compile | tr '\n' ' '",/data/schlandals/pwmc_benchmarks/instances/bayesian_networks/pcnf/munin/1565.cnf,"lower 3.63768224082122587151379517093155661e-2 upper 9.63623117373916525636619367251862498e-1 Final circuit size: 6569 Estimated probability 0.03637682 (epsilon 0.00000013282600996866734) found in 3 seconds ",
1566,:,1737468393.000,5.000,0,206,0,0,"schlandals --timeout 1500 -i /data/schlandals/pwmc_benchmarks/instances/bayesian_networks/pcnf/munin/1566.cnf compile | tr '\n' ' '",/data/schlandals/pwmc_benchmarks/instances/bayesian_networks/pcnf/munin/1566.cnf,"lower 2.73653309472307493604210311133839821e-3 upper 9.97263406691997404881624545096573479e-1 Final circuit size: 6489 Estimated probability 0.00273653 (epsilon 0.0000017656589703651804) found in 3 seconds ",
1529,:,1737468378.000,37.000,0,186,0,0,"schlandals --timeout 1500 -i /data/schlandals/pwmc_benchmarks/instances/bayesian_networks/pcnf/munin/1529.cnf compile | tr '\n' ' '",/data/schlandals/pwmc_benchmarks/instances/bayesian_networks/pcnf/munin/1529.cnf,"lower 8.92475745133275364431589452286424223e-1 upper 1.07524254866724727868213787219412092e-1 Final circuit size: 204726 Estimated probability 0.89247575 (epsilon 0) found in 34 seconds ",
1530,:,1737468378.000,37.000,0,186,0,0,"schlandals --timeout 1500 -i /data/schlandals/pwmc_benchmarks/instances/bayesian_networks/pcnf/munin/1530.cnf compile | tr '\n' ' '",/data/schlandals/pwmc_benchmarks/instances/bayesian_networks/pcnf/munin/1530.cnf,"lower 6.83765873308944438728467523363746326e-2 upper 9.31623412669105648407910673659267872e-1 Final circuit size: 264562 Estimated probability 0.06837659 (epsilon 0) found in 34 seconds ",
1379,:,1737467847.000,575.000,0,211,0,0,"schlandals --timeout 1500 -i /data/schlandals/pwmc_benchmarks/instances/bayesian_networks/pcnf/munin/1379.cnf compile | tr '\n' ' '",/data/schlandals/pwmc_benchmarks/instances/bayesian_networks/pcnf/munin/1379.cnf,"lower 4.25632855023989996008161513909368570e-3 upper 9.95743511068004889224985512261626088e-1 Final circuit size: 342296 Estimated probability 0.00425633 (epsilon 0.00000008042240562389225) found in 524 seconds ",
1534,:,1737468379.000,46.000,0,186,0,0,"schlandals --timeout 1500 -i /data/schlandals/pwmc_benchmarks/instances/bayesian_networks/pcnf/munin/1534.cnf compile | tr '\n' ' '",/data/schlandals/pwmc_benchmarks/instances/bayesian_networks/pcnf/munin/1534.cnf,"lower 1.26634451326803625177357092450823802e-2 upper 9.87336554867319733305303128008964294e-1 Final circuit size: 265734 Estimated probability 0.01266345 (epsilon 0) found in 43 seconds ",
1535,:,1737468379.000,47.000,0,186,0,0,"schlandals --timeout 1500 -i /data/schlandals/pwmc_benchmarks/instances/bayesian_networks/pcnf/munin/1535.cnf compile | tr '\n' ' '",/data/schlandals/pwmc_benchmarks/instances/bayesian_networks/pcnf/munin/1535.cnf,"lower 8.95681170786770019334402905344403033e-1 upper 1.04318829213230071445561016306899703e-1 Final circuit size: 266060 Estimated probability 0.89568117 (epsilon 0) found in 43 seconds ",
1533,:,1737468379.000,48.000,0,186,0,0,"schlandals --timeout 1500 -i /data/schlandals/pwmc_benchmarks/instances/bayesian_networks/pcnf/munin/1533.cnf compile | tr '\n' ' '",/data/schlandals/pwmc_benchmarks/instances/bayesian_networks/pcnf/munin/1533.cnf,"lower 9.87336554867319777400273774030829695e-1 upper 1.26634451326803184227650632232167643e-2 Final circuit size: 265734 Estimated probability 0.98733655 (epsilon 0) found in 45 seconds ",
1531,:,1737468379.000,48.000,0,186,0,0,"schlandals --timeout 1500 -i /data/schlandals/pwmc_benchmarks/instances/bayesian_networks/pcnf/munin/1531.cnf compile | tr '\n' ' '",/data/schlandals/pwmc_benchmarks/instances/bayesian_networks/pcnf/munin/1531.cnf,"lower 3.48475673045386312303046513549701218e-2 upper 9.65152432695461435380092313738917563e-1 Final circuit size: 266119 Estimated probability 0.03484757 (epsilon 0) found in 45 seconds ",
1536,:,1737468379.000,49.000,0,186,0,0,"schlandals --timeout 1500 -i /data/schlandals/pwmc_benchmarks/instances/bayesian_networks/pcnf/munin/1536.cnf compile | tr '\n' ' '",/data/schlandals/pwmc_benchmarks/instances/bayesian_networks/pcnf/munin/1536.cnf,"lower 1.04318829213230115649188782404757801e-1 upper 8.95681170786769975130775139246544826e-1 Final circuit size: 266060 Estimated probability 0.10431883 (epsilon 0) found in 45 seconds ",
1388,:,1737467993.000,435.000,0,213,0,0,"schlandals --timeout 1500 -i /data/schlandals/pwmc_benchmarks/instances/bayesian_networks/pcnf/munin/1388.cnf compile | tr '\n' ' '",/data/schlandals/pwmc_benchmarks/instances/bayesian_networks/pcnf/munin/1388.cnf,"lower 1.88206534934193589143454626435182777e-1 upper 8.11793305065817282836046940528720300e-1 Final circuit size: 341643 Estimated probability 0.18820653 (epsilon 0.0000000018187691352977708) found in 388 seconds ",
1532,:,1737468379.000,49.000,0,186,0,0,"schlandals --timeout 1500 -i /data/schlandals/pwmc_benchmarks/instances/bayesian_networks/pcnf/munin/1532.cnf compile | tr '\n' ' '",/data/schlandals/pwmc_benchmarks/instances/bayesian_networks/pcnf/munin/1532.cnf,"lower 4.30010023129169445631164119787667360e-3 upper 9.95699899768708376532125873738257946e-1 Final circuit size: 261059 Estimated probability 0.00430010 (epsilon 0) found in 45 seconds ",
1375,:,1737467837.000,602.000,0,212,0,0,"schlandals --timeout 1500 -i /data/schlandals/pwmc_benchmarks/instances/bayesian_networks/pcnf/munin/1375.cnf compile | tr '\n' ' '",/data/schlandals/pwmc_benchmarks/instances/bayesian_networks/pcnf/munin/1375.cnf,"lower 2.10767945941294213219765128382732280e-3 upper 9.97892105676196954667111638793629150e-1 Final circuit size: 342658 Estimated probability 0.00210768 (epsilon 0.000000041553054774823295) found in 559 seconds ",
1387,:,1737467992.000,475.000,0,213,0,0,"schlandals --timeout 1500 -i /data/schlandals/pwmc_benchmarks/instances/bayesian_networks/pcnf/munin/1387.cnf compile | tr '\n' ' '",/data/schlandals/pwmc_benchmarks/instances/bayesian_networks/pcnf/munin/1387.cnf,"lower 1.85826831108548754669856247514027900e-1 upper 8.14173008891462124126259018156426271e-1 Final circuit size: 341883 Estimated probability 0.18582683 (epsilon 0.0000000018420600600421722) found in 409 seconds ",
1378,:,1737467846.000,638.000,0,211,0,0,"schlandals --timeout 1500 -i /data/schlandals/pwmc_benchmarks/instances/bayesian_networks/pcnf/munin/1378.cnf compile | tr '\n' ' '",/data/schlandals/pwmc_benchmarks/instances/bayesian_networks/pcnf/munin/1378.cnf,"lower 3.22882160836859551661794907108034779e-3 upper 9.96771018009876197217832089883863231e-1 Final circuit size: 346192 Estimated probability 0.00322882 (epsilon 0.00000010601520195052672) found in 573 seconds ",
1381,:,1737467848.000,637.000,0,212,0,0,"schlandals --timeout 1500 -i /data/schlandals/pwmc_benchmarks/instances/bayesian_networks/pcnf/munin/1381.cnf compile | tr '\n' ' '",/data/schlandals/pwmc_benchmarks/instances/bayesian_networks/pcnf/munin/1381.cnf,"lower 8.78286763331851412999723411471813158e-3 upper 9.91216972366692345602297468990150022e-1 Final circuit size: 342444 Estimated probability 0.00878287 (epsilon 0.000000038974080629472496) found in 574 seconds ",
1384,:,1737467868.000,617.000,0,212,0,0,"schlandals --timeout 1500 -i /data/schlandals/pwmc_benchmarks/instances/bayesian_networks/pcnf/munin/1384.cnf compile | tr '\n' ' '",/data/schlandals/pwmc_benchmarks/instances/bayesian_networks/pcnf/munin/1384.cnf,"lower 5.28691441020875577253977358843182432e-2 upper 9.47130695897923315996858199919127104e-1 Final circuit size: 340243 Estimated probability 0.05286914 (epsilon 0.000000006474555114266423) found in 575 seconds ",
1380,:,1737467848.000,673.000,0,211,0,0,"schlandals --timeout 1500 -i /data/schlandals/pwmc_benchmarks/instances/bayesian_networks/pcnf/munin/1380.cnf compile | tr '\n' ' '",/data/schlandals/pwmc_benchmarks/instances/bayesian_networks/pcnf/munin/1380.cnf,"lower 5.95554105059494769143150311256955678e-3 upper 9.94044298580238357916270670638756437e-1 Final circuit size: 345742 Estimated probability 0.00595554 (epsilon 0.00000005747658993193738) found in 628 seconds ",
1386,:,1737467965.000,569.000,0,212,0,0,"schlandals --timeout 1500 -i /data/schlandals/pwmc_benchmarks/instances/bayesian_networks/pcnf/munin/1386.cnf compile | tr '\n' ' '",/data/schlandals/pwmc_benchmarks/instances/bayesian_networks/pcnf/munin/1386.cnf,"lower 1.47313964974009319436052884684947322e-1 upper 8.52685875026001544463523581313332105e-1 Final circuit size: 344548 Estimated probability 0.14731396 (epsilon 0.000000002323636616452518) found in 529 seconds ",
1383,:,1737467863.000,673.000,0,212,0,0,"schlandals --timeout 1500 -i /data/schlandals/pwmc_benchmarks/instances/bayesian_networks/pcnf/munin/1383.cnf compile | tr '\n' ' '",/data/schlandals/pwmc_benchmarks/instances/bayesian_networks/pcnf/munin/1383.cnf,"lower 2.71713273691366514414547714819352576e-2 upper 9.72828512630874209055423955980403407e-1 Final circuit size: 342330 Estimated probability 0.02717133 (epsilon 0.000000012597993537255547) found in 616 seconds ",
1411,:,1737468055.000,521.000,0,212,0,0,"schlandals --timeout 1500 -i /data/schlandals/pwmc_benchmarks/instances/bayesian_networks/pcnf/munin/1411.cnf compile | tr '\n' ' '",/data/schlandals/pwmc_benchmarks/instances/bayesian_networks/pcnf/munin/1411.cnf,"lower 7.30228985290001815584466569525936225e-3 upper 9.92697390398817517014597565617910955e-1 Final circuit size: 353753 Estimated probability 0.00730229 (epsilon 0.000000011993569914992008) found in 475 seconds ",
1389,:,1737467993.000,587.000,0,213,0,0,"schlandals --timeout 1500 -i /data/schlandals/pwmc_benchmarks/instances/bayesian_networks/pcnf/munin/1389.cnf compile | tr '\n' ' '",/data/schlandals/pwmc_benchmarks/instances/bayesian_networks/pcnf/munin/1389.cnf,"lower 1.52636387730901496691506744579903709e-1 upper 8.47363452269109376506144829077236108e-1 Final circuit size: 340511 Estimated probability 0.15263639 (epsilon 0.0000000022426118739815593) found in 545 seconds ",
1408,:,1737468052.000,543.000,0,214,0,0,"schlandals --timeout 1500 -i /data/schlandals/pwmc_benchmarks/instances/bayesian_networks/pcnf/munin/1408.cnf compile | tr '\n' ' '",/data/schlandals/pwmc_benchmarks/instances/bayesian_networks/pcnf/munin/1408.cnf,"lower 8.49455000351503344161532188834836590e-1 upper 1.50544779648517956013679693385500305e-1 Final circuit size: 355944 Estimated probability 0.84945500 (epsilon 0.00000000010310197140483979) found in 495 seconds ",
1410,:,1737468053.000,547.000,0,213,0,0,"schlandals --timeout 1500 -i /data/schlandals/pwmc_benchmarks/instances/bayesian_networks/pcnf/munin/1410.cnf compile | tr '\n' ' '",/data/schlandals/pwmc_benchmarks/instances/bayesian_networks/pcnf/munin/1410.cnf,"lower 2.32051621028444675737182744051544830e-2 upper 9.76794617285999552047936947681027899e-1 Final circuit size: 352917 Estimated probability 0.02320516 (epsilon 0.0000000037741827441095666) found in 501 seconds ",
1412,:,1737468058.000,566.000,0,211,0,0,"schlandals --timeout 1500 -i /data/schlandals/pwmc_benchmarks/instances/bayesian_networks/pcnf/munin/1412.cnf compile | tr '\n' ' '",/data/schlandals/pwmc_benchmarks/instances/bayesian_networks/pcnf/munin/1412.cnf,"lower 5.47138462589538942689756033083929698e-3 upper 9.94528285465794997580960634590058350e-1 Final circuit size: 353401 Estimated probability 0.00547138 (epsilon 0.00000001600701216020184) found in 520 seconds ",
1390,:,1737468004.000,626.000,0,213,0,0,"schlandals --timeout 1500 -i /data/schlandals/pwmc_benchmarks/instances/bayesian_networks/pcnf/munin/1390.cnf compile | tr '\n' ' '",/data/schlandals/pwmc_benchmarks/instances/bayesian_networks/pcnf/munin/1390.cnf,"lower 9.98378707471988691189046444195620230e-2 upper 9.00161969252812002868638678086779007e-1 Final circuit size: 346008 Estimated probability 0.09983787 (epsilon 0.0000000029860569572548457) found in 586 seconds ",
1409,:,1737468053.000,582.000,0,213,0,0,"schlandals --timeout 1500 -i /data/schlandals/pwmc_benchmarks/instances/bayesian_networks/pcnf/munin/1409.cnf compile | tr '\n' ' '",/data/schlandals/pwmc_benchmarks/instances/bayesian_networks/pcnf/munin/1409.cnf,"lower 1.06953314962556916671625949639964937e-1 upper 8.93046465037464371343940626119912501e-1 Final circuit size: 355150 Estimated probability 0.10695331 (epsilon 0.0000000008188665301389619) found in 537 seconds ",
1413,:,1737468063.000,574.000,0,212,0,0,"schlandals --timeout 1500 -i /data/schlandals/pwmc_benchmarks/instances/bayesian_networks/pcnf/munin/1413.cnf compile | tr '\n' ' '",/data/schlandals/pwmc_benchmarks/instances/bayesian_networks/pcnf/munin/1413.cnf,"lower 7.61284791913884893296632932084308431e-3 upper 9.92386822172551500308341689568418663e-1 Final circuit size: 353232 Estimated probability 0.00761285 (epsilon 0.000000011504304620046923) found in 526 seconds ",
1322,:,1737467292.000,1382.000,0,212,0,0,"schlandals --timeout 1500 -i /data/schlandals/pwmc_benchmarks/instances/bayesian_networks/pcnf/munin/1322.cnf compile | tr '\n' ' '",/data/schlandals/pwmc_benchmarks/instances/bayesian_networks/pcnf/munin/1322.cnf,"lower 1.14480373607808729601895173392419548e-3 upper 9.98854991542700423470822487865968982e-1 Final circuit size: 652831 Estimated probability 0.00114480 (epsilon 0.00000006800411012086727) found in 1294 seconds ",
1324,:,1737467296.000,1389.000,0,211,0,0,"schlandals --timeout 1500 -i /data/schlandals/pwmc_benchmarks/instances/bayesian_networks/pcnf/munin/1324.cnf compile | tr '\n' ' '",/data/schlandals/pwmc_benchmarks/instances/bayesian_networks/pcnf/munin/1324.cnf,"lower 1.59682916890704202076408683806331017e-3 upper 9.98402966109871447963835733728440569e-1 Final circuit size: 652478 Estimated probability 0.00159683 (epsilon 0.0000000487537195059673) found in 1305 seconds ",
1488,:,1737468336.000,365.000,0,211,0,0,"schlandals --timeout 1500 -i /data/schlandals/pwmc_benchmarks/instances/bayesian_networks/pcnf/munin/1488.cnf compile | tr '\n' ' '",/data/schlandals/pwmc_benchmarks/instances/bayesian_networks/pcnf/munin/1488.cnf,"lower 2.19593754743909748444437413186175652e-3 upper 9.97803833984612362857402486580382206e-1 Final circuit size: 343433 Estimated probability 0.00219594 (epsilon 0.00000018940871959749472) found in 325 seconds ",
1323,:,1737467295.000,1411.000,0,212,0,0,"schlandals --timeout 1500 -i /data/schlandals/pwmc_benchmarks/instances/bayesian_networks/pcnf/munin/1323.cnf compile | tr '\n' ' '",/data/schlandals/pwmc_benchmarks/instances/bayesian_networks/pcnf/munin/1323.cnf,"lower 1.26308414012343561106791836573175081e-3 upper 9.98736711138597532367638398367969888e-1 Final circuit size: 649752 Estimated probability 0.00126308 (epsilon 0.00000006163592525254558) found in 1327 seconds ",
1497,:,1737468358.000,348.000,0,211,0,0,"schlandals --timeout 1500 -i /data/schlandals/pwmc_benchmarks/instances/bayesian_networks/pcnf/munin/1497.cnf compile | tr '\n' ' '",/data/schlandals/pwmc_benchmarks/instances/bayesian_networks/pcnf/munin/1497.cnf,"lower 1.46913217571999357295422791126231855e-1 upper 8.53086612428012361270266589309664518e-1 Final circuit size: 344003 Estimated probability 0.14691322 (epsilon 0.00000000541670064357902) found in 309 seconds ",
1485,:,1737468334.000,374.000,0,210,0,0,"schlandals --timeout 1500 -i /data/schlandals/pwmc_benchmarks/instances/bayesian_networks/pcnf/munin/1485.cnf compile | tr '\n' ' '",/data/schlandals/pwmc_benchmarks/instances/bayesian_networks/pcnf/munin/1485.cnf,"lower 1.17226185498555187608145322560902331e-3 upper 9.98827504350898995928909107057338824e-1 Final circuit size: 345311 Estimated probability 0.00117226 (epsilon 0.0000001375171165829414) found in 334 seconds ",
1483,:,1737468331.000,378.000,0,211,0,0,"schlandals --timeout 1500 -i /data/schlandals/pwmc_benchmarks/instances/bayesian_networks/pcnf/munin/1483.cnf compile | tr '\n' ' '",/data/schlandals/pwmc_benchmarks/instances/bayesian_networks/pcnf/munin/1483.cnf,"lower 8.90419644755625514503295032876346695e-4 upper 9.99109345096882742900975990467402174e-1 Final circuit size: 347700 Estimated probability 0.00089042 (epsilon 0.00000018104504739824279) found in 337 seconds ",
1496,:,1737468352.000,358.000,0,212,0,0,"schlandals --timeout 1500 -i /data/schlandals/pwmc_benchmarks/instances/bayesian_networks/pcnf/munin/1496.cnf compile | tr '\n' ' '",/data/schlandals/pwmc_benchmarks/instances/bayesian_networks/pcnf/munin/1496.cnf,"lower 9.49234068683119467968140731316148671e-2 upper 9.05076423131699769655273939436251191e-1 Final circuit size: 342187 Estimated probability 0.09492341 (epsilon 0.000000008383443050874462) found in 317 seconds ",
1484,:,1737468333.000,382.000,0,211,0,0,"schlandals --timeout 1500 -i /data/schlandals/pwmc_benchmarks/instances/bayesian_networks/pcnf/munin/1484.cnf compile | tr '\n' ' '",/data/schlandals/pwmc_benchmarks/instances/bayesian_networks/pcnf/munin/1484.cnf,"lower 1.02648922608531811200080269012580696e-3 upper 9.98973276979808533894130410322256361e-1 Final circuit size: 347121 Estimated probability 0.00102649 (epsilon 0.00000015704604128252697) found in 341 seconds ",
1487,:,1737468335.000,382.000,0,210,0,0,"schlandals --timeout 1500 -i /data/schlandals/pwmc_benchmarks/instances/bayesian_networks/pcnf/munin/1487.cnf compile | tr '\n' ' '",/data/schlandals/pwmc_benchmarks/instances/bayesian_networks/pcnf/munin/1487.cnf,"lower 1.68552599605557632648919299747249118e-3 upper 9.98314245560998687683242610407389041e-1 Final circuit size: 342868 Estimated probability 0.00168553 (epsilon 0.0000002467655222382348) found in 342 seconds ",
1499,:,1737468362.000,360.000,0,212,0,0,"schlandals --timeout 1500 -i /data/schlandals/pwmc_benchmarks/instances/bayesian_networks/pcnf/munin/1499.cnf compile | tr '\n' ' '",/data/schlandals/pwmc_benchmarks/instances/bayesian_networks/pcnf/munin/1499.cnf,"lower 1.88642211892164662670563271543331697e-1 upper 8.11357618107847057292534325589106833e-1 Final circuit size: 342086 Estimated probability 0.18864221 (epsilon 0.000000004218488669494036) found in 320 seconds ",
1490,:,1737468341.000,382.000,0,211,0,0,"schlandals --timeout 1500 -i /data/schlandals/pwmc_benchmarks/instances/bayesian_networks/pcnf/munin/1490.cnf compile | tr '\n' ' '",/data/schlandals/pwmc_benchmarks/instances/bayesian_networks/pcnf/munin/1490.cnf,"lower 4.11874391711931710847799909216801634e-3 upper 9.95881085662891126728714907146404299e-1 Final circuit size: 344862 Estimated probability 0.00411874 (epsilon 0.00000019321058641885713) found in 342 seconds ",
1498,:,1737468362.000,364.000,0,212,0,0,"schlandals --timeout 1500 -i /data/schlandals/pwmc_benchmarks/instances/bayesian_networks/pcnf/munin/1498.cnf compile | tr '\n' ' '",/data/schlandals/pwmc_benchmarks/instances/bayesian_networks/pcnf/munin/1498.cnf,"lower 1.85897520350206676665413024303876380e-1 upper 8.14102309649805041136618185116709974e-1 Final circuit size: 346078 Estimated probability 0.18589752 (epsilon 0.000000004280772625264717) found in 326 seconds ",
1491,:,1737468344.000,383.000,0,211,0,0,"schlandals --timeout 1500 -i /data/schlandals/pwmc_benchmarks/instances/bayesian_networks/pcnf/munin/1491.cnf compile | tr '\n' ' '",/data/schlandals/pwmc_benchmarks/instances/bayesian_networks/pcnf/munin/1491.cnf,"lower 5.86472891656721505867498042315771547e-3 upper 9.94135100677302218619745618049572546e-1 Final circuit size: 343619 Estimated probability 0.00586473 (epsilon 0.00000013568997947466244) found in 346 seconds ",
1494,:,1737468351.000,379.000,0,211,0,0,"schlandals --timeout 1500 -i /data/schlandals/pwmc_benchmarks/instances/bayesian_networks/pcnf/munin/1494.cnf compile | tr '\n' ' '",/data/schlandals/pwmc_benchmarks/instances/bayesian_networks/pcnf/munin/1494.cnf,"lower 2.66560201114989399250545802399729459e-2 upper 9.73343809888512780453054560271237492e-1 Final circuit size: 343326 Estimated probability 0.02665602 (epsilon 0.00000002985385694209697) found in 340 seconds ",
1492,:,1737468347.000,383.000,0,211,0,0,"schlandals --timeout 1500 -i /data/schlandals/pwmc_benchmarks/instances/bayesian_networks/pcnf/munin/1492.cnf compile | tr '\n' ' '",/data/schlandals/pwmc_benchmarks/instances/bayesian_networks/pcnf/munin/1492.cnf,"lower 8.68036216674988622993291474587669126e-3 upper 9.91319467833261842345838246159271395e-1 Final circuit size: 345450 Estimated probability 0.00868036 (epsilon 0.00000009167647041508076) found in 345 seconds ",
1489,:,1737468340.000,394.000,0,211,0,0,"schlandals --timeout 1500 -i /data/schlandals/pwmc_benchmarks/instances/bayesian_networks/pcnf/munin/1489.cnf compile | tr '\n' ' '",/data/schlandals/pwmc_benchmarks/instances/bayesian_networks/pcnf/munin/1489.cnf,"lower 2.97987487014976520300130096229736083e-3 upper 9.97019954709860671518506535439052615e-1 Final circuit size: 345236 Estimated probability 0.00297987 (epsilon 0.00000026705312361485767) found in 355 seconds ",
1482,:,1737468331.000,405.000,0,211,0,0,"schlandals --timeout 1500 -i /data/schlandals/pwmc_benchmarks/instances/bayesian_networks/pcnf/munin/1482.cnf compile | tr '\n' ' '",/data/schlandals/pwmc_benchmarks/instances/bayesian_networks/pcnf/munin/1482.cnf,"lower 7.47567547943850264859507727123292945e-4 upper 9.99252197192302990518845596429492430e-1 Final circuit size: 342639 Estimated probability 0.00074757 (epsilon 0.00000021564079832891991) found in 368 seconds ",
1495,:,1737468351.000,385.000,0,212,0,0,"schlandals --timeout 1500 -i /data/schlandals/pwmc_benchmarks/instances/bayesian_networks/pcnf/munin/1495.cnf compile | tr '\n' ' '",/data/schlandals/pwmc_benchmarks/instances/bayesian_networks/pcnf/munin/1495.cnf,"lower 5.21396927268882263222259707932072092e-2 upper 9.47860137273123493224360257916179900e-1 Final circuit size: 347661 Estimated probability 0.05213969 (epsilon 0.000000015262556329886934) found in 348 seconds ",
1325,:,1737467298.000,1446.000,0,213,0,0,"schlandals --timeout 1500 -i /data/schlandals/pwmc_benchmarks/instances/bayesian_networks/pcnf/munin/1325.cnf compile | tr '\n' ' '",/data/schlandals/pwmc_benchmarks/instances/bayesian_networks/pcnf/munin/1325.cnf,"lower 2.38447612438547898982478014036281642e-3 upper 9.97615319154392497817779469318013921e-1 Final circuit size: 653325 Estimated probability 0.00238448 (epsilon 0.000000032649252634797676) found in 1367 seconds ",
1501,:,1737468363.000,382.000,0,212,0,0,"schlandals --timeout 1500 -i /data/schlandals/pwmc_benchmarks/instances/bayesian_networks/pcnf/munin/1501.cnf compile | tr '\n' ' '",/data/schlandals/pwmc_benchmarks/instances/bayesian_networks/pcnf/munin/1501.cnf,"lower 9.99459446391822216293962280634340287e-2 upper 9.00053885360829498574818579687880636e-1 Final circuit size: 344006 Estimated probability 0.09994594 (epsilon 0.000000007962153825147311) found in 346 seconds ",
1486,:,1737468334.000,419.000,0,210,0,0,"schlandals --timeout 1500 -i /data/schlandals/pwmc_benchmarks/instances/bayesian_networks/pcnf/munin/1486.cnf compile | tr '\n' ' '",/data/schlandals/pwmc_benchmarks/instances/bayesian_networks/pcnf/munin/1486.cnf,"lower 1.37237810429481482267501663772308826e-3 upper 9.98627393427756595762304338101127099e-1 Final circuit size: 346276 Estimated probability 0.00137238 (epsilon 0.0000003030722286467835) found in 384 seconds ",
1481,:,1737468328.000,429.000,0,212,0,0,"schlandals --timeout 1500 -i /data/schlandals/pwmc_benchmarks/instances/bayesian_networks/pcnf/munin/1481.cnf compile | tr '\n' ' '",/data/schlandals/pwmc_benchmarks/instances/bayesian_networks/pcnf/munin/1481.cnf,"lower 6.78744636480257135170045602986657425e-3 upper 9.93212315265257502493224483899251440e-1 Final circuit size: 356919 Estimated probability 0.00678745 (epsilon 0.000000006393850338071161) found in 392 seconds ",
1493,:,1737468347.000,410.000,0,212,0,0,"schlandals --timeout 1500 -i /data/schlandals/pwmc_benchmarks/instances/bayesian_networks/pcnf/munin/1493.cnf compile | tr '\n' ' '",/data/schlandals/pwmc_benchmarks/instances/bayesian_networks/pcnf/munin/1493.cnf,"lower 1.42676744678409690705933915640693157e-2 upper 9.85732155532170749604737059694054325e-1 Final circuit size: 344057 Estimated probability 0.01426767 (epsilon 0.000000055775379870226516) found in 372 seconds ",
1327,:,1737467318.000,1446.000,0,212,0,0,"schlandals --timeout 1500 -i /data/schlandals/pwmc_benchmarks/instances/bayesian_networks/pcnf/munin/1327.cnf compile | tr '\n' ' '",/data/schlandals/pwmc_benchmarks/instances/bayesian_networks/pcnf/munin/1327.cnf,"lower 5.50309166388801769526862344755716104e-3 upper 9.94496707486541078970281784455028439e-1 Final circuit size: 653250 Estimated probability 0.00550309 (epsilon 0.00000006409979369514929) found in 1370 seconds ",
1500,:,1737468362.000,417.000,0,212,0,0,"schlandals --timeout 1500 -i /data/schlandals/pwmc_benchmarks/instances/bayesian_networks/pcnf/munin/1500.cnf compile | tr '\n' ' '",/data/schlandals/pwmc_benchmarks/instances/bayesian_networks/pcnf/munin/1500.cnf,"lower 1.53092573613388414749039035107618813e-1 upper 8.46907256386623300020051915799162386e-1 Final circuit size: 343554 Estimated probability 0.15309257 (epsilon 0.000000005198063979250378) found in 383 seconds ",
1328,:,1737467327.000,1457.000,0,213,0,0,"schlandals --timeout 1500 -i /data/schlandals/pwmc_benchmarks/instances/bayesian_networks/pcnf/munin/1328.cnf compile | tr '\n' ' '",/data/schlandals/pwmc_benchmarks/instances/bayesian_networks/pcnf/munin/1328.cnf,"lower 7.35303231005972230766226440449513154e-3 upper 9.92646766840367799741630266079263961e-1 Final circuit size: 651647 Estimated probability 0.00735303 (epsilon 0.000000047973002903489714) found in 1383 seconds ",
1318,:,1737467283.000,1511.000,0,213,0,0,"schlandals --timeout 1500 -i /data/schlandals/pwmc_benchmarks/instances/bayesian_networks/pcnf/munin/1318.cnf compile | tr '\n' ' '",/data/schlandals/pwmc_benchmarks/instances/bayesian_networks/pcnf/munin/1318.cnf,"lower 1.11830269738419256961522805885778692e-2 upper 9.88816765113989788957156424557663354e-1 Final circuit size: 650921 Estimated probability 0.01118303 (epsilon 0.000000006961564436025469) found in 1435 seconds ",
1320,:,1737467285.000,1516.000,0,212,0,0,"schlandals --timeout 1500 -i /data/schlandals/pwmc_benchmarks/instances/bayesian_networks/pcnf/munin/1320.cnf compile | tr '\n' ' '",/data/schlandals/pwmc_benchmarks/instances/bayesian_networks/pcnf/munin/1320.cnf,"lower 9.63675707450294930175276201286677913e-4 upper 9.99036119571328191504900583500960483e-1 Final circuit size: 653779 Estimated probability 0.00096368 (epsilon 0.00000008078584778914433) found in 1445 seconds ",
1330,:,1737467344.000,1487.000,0,213,0,0,"schlandals --timeout 1500 -i /data/schlandals/pwmc_benchmarks/instances/bayesian_networks/pcnf/munin/1330.cnf compile | tr '\n' ' '",/data/schlandals/pwmc_benchmarks/instances/bayesian_networks/pcnf/munin/1330.cnf,"lower 1.28865612874594450137108446057633078e-2 upper 9.87113278326074407981786304951769485e-1 Final circuit size: 654145 Estimated probability 0.01288656 (epsilon 0.000000027373248778772563) found in 1417 seconds ",
1336,:,1737467688.000,1144.000,0,214,0,0,"schlandals --timeout 1500 -i /data/schlandals/pwmc_benchmarks/instances/bayesian_networks/pcnf/munin/1336.cnf compile | tr '\n' ' '",/data/schlandals/pwmc_benchmarks/instances/bayesian_networks/pcnf/munin/1336.cnf,"lower 2.32736826826287416602942589272368556e-1 upper 7.67263013173722628750247806211890292e-1 Final circuit size: 649120 Estimated probability 0.23273683 (epsilon 0.0000000015156478294642284) found in 1076 seconds ",
1319,:,1737467283.000,1552.000,0,212,0,0,"schlandals --timeout 1500 -i /data/schlandals/pwmc_benchmarks/instances/bayesian_networks/pcnf/munin/1319.cnf compile | tr '\n' ' '",/data/schlandals/pwmc_benchmarks/instances/bayesian_networks/pcnf/munin/1319.cnf,"lower 8.14641089607453619573545675260090130e-4 upper 9.99185150998372516845540578575106487e-1 Final circuit size: 652343 Estimated probability 0.00081464 (epsilon 0.00000009556522395648415) found in 1483 seconds ",
1326,:,1737467315.000,1529.000,0,212,0,0,"schlandals --timeout 1500 -i /data/schlandals/pwmc_benchmarks/instances/bayesian_networks/pcnf/munin/1326.cnf compile | tr '\n' ' '",/data/schlandals/pwmc_benchmarks/instances/bayesian_networks/pcnf/munin/1326.cnf,"lower 3.75373433698724359811853558974826145e-3 upper 9.96246064813387986663377397973222848e-1 Final circuit size: 650573 Estimated probability 0.00375373 (epsilon 0.00000009397229661090023) found in 1461 seconds ",
1329,:,1737467332.000,1522.000,0,213,0,0,"schlandals --timeout 1500 -i /data/schlandals/pwmc_benchmarks/instances/bayesian_networks/pcnf/munin/1329.cnf compile | tr '\n' ' '",/data/schlandals/pwmc_benchmarks/instances/bayesian_networks/pcnf/munin/1329.cnf,"lower 9.63516773959922216913776375408719337e-3 upper 9.90364631410829853445809497843709759e-1 Final circuit size: 651991 Estimated probability 0.00963517 (epsilon 0.000000036610369180678504) found in 1453 seconds ",
1321,:,1737467290.000,1567.000,0,205,0,0,"schlandals --timeout 1500 -i /data/schlandals/pwmc_benchmarks/instances/bayesian_networks/pcnf/munin/1321.cnf compile | tr '\n' ' '",/data/schlandals/pwmc_benchmarks/instances/bayesian_networks/pcnf/munin/1321.cnf,"lower 1.06378846469590822943964234639291066e-3 upper 9.97597973332663473248602373439210984e-1 Final circuit size: 639476 Estimated probability 0.00106379 (epsilon 0.5025979749952565) found in 1500 seconds ",
1332,:,1737467688.000,1201.000,0,212,0,0,"schlandals --timeout 1500 -i /data/schlandals/pwmc_benchmarks/instances/bayesian_networks/pcnf/munin/1332.cnf compile | tr '\n' ' '",/data/schlandals/pwmc_benchmarks/instances/bayesian_networks/pcnf/munin/1332.cnf,"lower 2.04085129986988390096286598403716547e-2 upper 9.79591327001311206734404301608520842e-1 Final circuit size: 651494 Estimated probability 0.02040851 (epsilon 0.00000001728430931713376) found in 1133 seconds ",
1334,:,1737467688.000,1204.000,0,213,0,0,"schlandals --timeout 1500 -i /data/schlandals/pwmc_benchmarks/instances/bayesian_networks/pcnf/munin/1334.cnf compile | tr '\n' ' '",/data/schlandals/pwmc_benchmarks/instances/bayesian_networks/pcnf/munin/1334.cnf,"lower 1.40467029712322420783227815978790150e-1 upper 8.59532810287687625366767362087403638e-1 Final circuit size: 649367 Estimated probability 0.14046703 (epsilon 0.000000002511244545644331) found in 1136 seconds ",
1338,:,1737467688.000,1240.000,0,213,0,0,"schlandals --timeout 1500 -i /data/schlandals/pwmc_benchmarks/instances/bayesian_networks/pcnf/munin/1338.cnf compile | tr '\n' ' '",/data/schlandals/pwmc_benchmarks/instances/bayesian_networks/pcnf/munin/1338.cnf,"lower 1.34279482844716988044170864088046814e-2 upper 9.86571888693053909323426172033368968e-1 Final circuit size: 647082 Estimated probability 0.01342795 (epsilon 0.000000026269614927798557) found in 1173 seconds ",
1331,:,1737467668.000,1262.000,0,212,0,0,"schlandals --timeout 1500 -i /data/schlandals/pwmc_benchmarks/instances/bayesian_networks/pcnf/munin/1331.cnf compile | tr '\n' ' '",/data/schlandals/pwmc_benchmarks/instances/bayesian_networks/pcnf/munin/1331.cnf,"lower 1.63987809521666392096026351722265229e-2 upper 9.83601058661367212081904502321522109e-1 Final circuit size: 653255 Estimated probability 0.01639878 (epsilon 0.00000002151056532895268) found in 1194 seconds ",
1335,:,1737467688.000,1271.000,0,214,0,0,"schlandals --timeout 1500 -i /data/schlandals/pwmc_benchmarks/instances/bayesian_networks/pcnf/munin/1335.cnf compile | tr '\n' ' '",/data/schlandals/pwmc_benchmarks/instances/bayesian_networks/pcnf/munin/1335.cnf,"lower 4.61172713868349440041067073784008227e-1 upper 5.38827126131660603704354706120869937e-1 Final circuit size: 650952 Estimated probability 0.46117271 (epsilon 0.0000000007648912614399705) found in 1205 seconds ",
1333,:,1737467688.000,1283.000,0,213,0,0,"schlandals --timeout 1500 -i /data/schlandals/pwmc_benchmarks/instances/bayesian_networks/pcnf/munin/1333.cnf compile | tr '\n' ' '",/data/schlandals/pwmc_benchmarks/instances/bayesian_networks/pcnf/munin/1333.cnf,"lower 3.18972639896529562446299707034198836e-2 upper 9.68102576010357085527176250791129707e-1 Final circuit size: 650617 Estimated probability 0.03189726 (epsilon 0.000000011058849613831967) found in 1216 seconds ",
1337,:,1737467688.000,1301.000,0,213,0,0,"schlandals --timeout 1500 -i /data/schlandals/pwmc_benchmarks/instances/bayesian_networks/pcnf/munin/1337.cnf compile | tr '\n' ' '",/data/schlandals/pwmc_benchmarks/instances/bayesian_networks/pcnf/munin/1337.cnf,"lower 2.39375936666106802285104965308923927e-2 upper 9.76062246333399355494079493914875029e-1 Final circuit size: 650915 Estimated probability 0.02393759 (epsilon 0.000000014736112996516226) found in 1237 seconds ",
