Seq,Host,Starttime,JobRuntime,Send,Receive,Exitval,Signal,Command,V1,Stdout,Stderr
1,:,1737406392.000,0.000,0,88,0,0,"schlandals --timeout 600 -i /data/schlandals/pwmc_benchmarks/instances/bayesian_networks/pcnf/pigs/1.cnf compile | tr '\n' ' '",/data/schlandals/pwmc_benchmarks/instances/bayesian_networks/pcnf/pigs/1.cnf,"Final circuit size: 108 Estimated probability 0.25000000 (epsilon 0) found in 0 seconds ",
2,:,1737406392.000,0.000,0,88,0,0,"schlandals --timeout 600 -i /data/schlandals/pwmc_benchmarks/instances/bayesian_networks/pcnf/pigs/2.cnf compile | tr '\n' ' '",/data/schlandals/pwmc_benchmarks/instances/bayesian_networks/pcnf/pigs/2.cnf,"Final circuit size: 162 Estimated probability 0.50000000 (epsilon 0) found in 0 seconds ",
3,:,1737406392.000,0.000,0,88,0,0,"schlandals --timeout 600 -i /data/schlandals/pwmc_benchmarks/instances/bayesian_networks/pcnf/pigs/3.cnf compile | tr '\n' ' '",/data/schlandals/pwmc_benchmarks/instances/bayesian_networks/pcnf/pigs/3.cnf,"Final circuit size: 108 Estimated probability 0.25000000 (epsilon 0) found in 0 seconds ",
4,:,1737406392.000,0.000,0,87,0,0,"schlandals --timeout 600 -i /data/schlandals/pwmc_benchmarks/instances/bayesian_networks/pcnf/pigs/4.cnf compile | tr '\n' ' '",/data/schlandals/pwmc_benchmarks/instances/bayesian_networks/pcnf/pigs/4.cnf,"Final circuit size: 22 Estimated probability 0.25000000 (epsilon 0) found in 0 seconds ",
5,:,1737406392.000,0.000,0,87,0,0,"schlandals --timeout 600 -i /data/schlandals/pwmc_benchmarks/instances/bayesian_networks/pcnf/pigs/5.cnf compile | tr '\n' ' '",/data/schlandals/pwmc_benchmarks/instances/bayesian_networks/pcnf/pigs/5.cnf,"Final circuit size: 34 Estimated probability 0.50000000 (epsilon 0) found in 0 seconds ",
6,:,1737406392.000,0.000,0,87,0,0,"schlandals --timeout 600 -i /data/schlandals/pwmc_benchmarks/instances/bayesian_networks/pcnf/pigs/6.cnf compile | tr '\n' ' '",/data/schlandals/pwmc_benchmarks/instances/bayesian_networks/pcnf/pigs/6.cnf,"Final circuit size: 22 Estimated probability 0.25000000 (epsilon 0) found in 0 seconds ",
7,:,1737406392.000,0.000,0,87,0,0,"schlandals --timeout 600 -i /data/schlandals/pwmc_benchmarks/instances/bayesian_networks/pcnf/pigs/7.cnf compile | tr '\n' ' '",/data/schlandals/pwmc_benchmarks/instances/bayesian_networks/pcnf/pigs/7.cnf,"Final circuit size: 22 Estimated probability 0.25000000 (epsilon 0) found in 0 seconds ",
8,:,1737406392.000,0.000,0,87,0,0,"schlandals --timeout 600 -i /data/schlandals/pwmc_benchmarks/instances/bayesian_networks/pcnf/pigs/8.cnf compile | tr '\n' ' '",/data/schlandals/pwmc_benchmarks/instances/bayesian_networks/pcnf/pigs/8.cnf,"Final circuit size: 34 Estimated probability 0.50000000 (epsilon 0) found in 0 seconds ",
9,:,1737406392.000,0.000,0,87,0,0,"schlandals --timeout 600 -i /data/schlandals/pwmc_benchmarks/instances/bayesian_networks/pcnf/pigs/9.cnf compile | tr '\n' ' '",/data/schlandals/pwmc_benchmarks/instances/bayesian_networks/pcnf/pigs/9.cnf,"Final circuit size: 22 Estimated probability 0.25000000 (epsilon 0) found in 0 seconds ",
10,:,1737406392.000,0.000,0,89,0,0,"schlandals --timeout 600 -i /data/schlandals/pwmc_benchmarks/instances/bayesian_networks/pcnf/pigs/10.cnf compile | tr '\n' ' '",/data/schlandals/pwmc_benchmarks/instances/bayesian_networks/pcnf/pigs/10.cnf,"Final circuit size: 4098 Estimated probability 0.25000000 (epsilon 0) found in 0 seconds ",
11,:,1737406392.000,0.000,0,89,0,0,"schlandals --timeout 600 -i /data/schlandals/pwmc_benchmarks/instances/bayesian_networks/pcnf/pigs/11.cnf compile | tr '\n' ' '",/data/schlandals/pwmc_benchmarks/instances/bayesian_networks/pcnf/pigs/11.cnf,"Final circuit size: 5115 Estimated probability 0.50000000 (epsilon 0) found in 0 seconds ",
22,:,1737406392.000,0.000,0,89,0,0,"schlandals --timeout 600 -i /data/schlandals/pwmc_benchmarks/instances/bayesian_networks/pcnf/pigs/22.cnf compile | tr '\n' ' '",/data/schlandals/pwmc_benchmarks/instances/bayesian_networks/pcnf/pigs/22.cnf,"Final circuit size: 1243 Estimated probability 0.25000000 (epsilon 0) found in 0 seconds ",
23,:,1737406392.000,0.000,0,89,0,0,"schlandals --timeout 600 -i /data/schlandals/pwmc_benchmarks/instances/bayesian_networks/pcnf/pigs/23.cnf compile | tr '\n' ' '",/data/schlandals/pwmc_benchmarks/instances/bayesian_networks/pcnf/pigs/23.cnf,"Final circuit size: 1858 Estimated probability 0.50000000 (epsilon 0) found in 0 seconds ",
12,:,1737406392.000,0.000,0,89,0,0,"schlandals --timeout 600 -i /data/schlandals/pwmc_benchmarks/instances/bayesian_networks/pcnf/pigs/12.cnf compile | tr '\n' ' '",/data/schlandals/pwmc_benchmarks/instances/bayesian_networks/pcnf/pigs/12.cnf,"Final circuit size: 4140 Estimated probability 0.25000000 (epsilon 0) found in 0 seconds ",
24,:,1737406392.000,0.000,0,89,0,0,"schlandals --timeout 600 -i /data/schlandals/pwmc_benchmarks/instances/bayesian_networks/pcnf/pigs/24.cnf compile | tr '\n' ' '",/data/schlandals/pwmc_benchmarks/instances/bayesian_networks/pcnf/pigs/24.cnf,"Final circuit size: 1243 Estimated probability 0.25000000 (epsilon 0) found in 0 seconds ",
25,:,1737406392.000,0.000,0,89,0,0,"schlandals --timeout 600 -i /data/schlandals/pwmc_benchmarks/instances/bayesian_networks/pcnf/pigs/25.cnf compile | tr '\n' ' '",/data/schlandals/pwmc_benchmarks/instances/bayesian_networks/pcnf/pigs/25.cnf,"Final circuit size: 1243 Estimated probability 0.25000000 (epsilon 0) found in 0 seconds ",
14,:,1737406392.000,0.000,0,89,0,0,"schlandals --timeout 600 -i /data/schlandals/pwmc_benchmarks/instances/bayesian_networks/pcnf/pigs/14.cnf compile | tr '\n' ' '",/data/schlandals/pwmc_benchmarks/instances/bayesian_networks/pcnf/pigs/14.cnf,"Final circuit size: 5111 Estimated probability 0.50000000 (epsilon 0) found in 0 seconds ",
15,:,1737406392.000,0.000,0,89,0,0,"schlandals --timeout 600 -i /data/schlandals/pwmc_benchmarks/instances/bayesian_networks/pcnf/pigs/15.cnf compile | tr '\n' ' '",/data/schlandals/pwmc_benchmarks/instances/bayesian_networks/pcnf/pigs/15.cnf,"Final circuit size: 4088 Estimated probability 0.25000000 (epsilon 0) found in 0 seconds ",
13,:,1737406392.000,0.000,0,89,0,0,"schlandals --timeout 600 -i /data/schlandals/pwmc_benchmarks/instances/bayesian_networks/pcnf/pigs/13.cnf compile | tr '\n' ' '",/data/schlandals/pwmc_benchmarks/instances/bayesian_networks/pcnf/pigs/13.cnf,"Final circuit size: 4128 Estimated probability 0.25000000 (epsilon 0) found in 0 seconds ",
16,:,1737406392.000,0.000,0,89,0,0,"schlandals --timeout 600 -i /data/schlandals/pwmc_benchmarks/instances/bayesian_networks/pcnf/pigs/16.cnf compile | tr '\n' ' '",/data/schlandals/pwmc_benchmarks/instances/bayesian_networks/pcnf/pigs/16.cnf,"Final circuit size: 4062 Estimated probability 0.25000000 (epsilon 0) found in 0 seconds ",
17,:,1737406392.000,0.000,0,89,0,0,"schlandals --timeout 600 -i /data/schlandals/pwmc_benchmarks/instances/bayesian_networks/pcnf/pigs/17.cnf compile | tr '\n' ' '",/data/schlandals/pwmc_benchmarks/instances/bayesian_networks/pcnf/pigs/17.cnf,"Final circuit size: 5115 Estimated probability 0.50000000 (epsilon 0) found in 0 seconds ",
18,:,1737406392.000,0.000,0,89,0,0,"schlandals --timeout 600 -i /data/schlandals/pwmc_benchmarks/instances/bayesian_networks/pcnf/pigs/18.cnf compile | tr '\n' ' '",/data/schlandals/pwmc_benchmarks/instances/bayesian_networks/pcnf/pigs/18.cnf,"Final circuit size: 4114 Estimated probability 0.25000000 (epsilon 0) found in 0 seconds ",
19,:,1737406392.000,0.000,0,89,0,0,"schlandals --timeout 600 -i /data/schlandals/pwmc_benchmarks/instances/bayesian_networks/pcnf/pigs/19.cnf compile | tr '\n' ' '",/data/schlandals/pwmc_benchmarks/instances/bayesian_networks/pcnf/pigs/19.cnf,"Final circuit size: 4128 Estimated probability 0.25000000 (epsilon 0) found in 0 seconds ",
20,:,1737406392.000,0.000,0,89,0,0,"schlandals --timeout 600 -i /data/schlandals/pwmc_benchmarks/instances/bayesian_networks/pcnf/pigs/20.cnf compile | tr '\n' ' '",/data/schlandals/pwmc_benchmarks/instances/bayesian_networks/pcnf/pigs/20.cnf,"Final circuit size: 5111 Estimated probability 0.50000000 (epsilon 0) found in 0 seconds ",
21,:,1737406392.000,0.000,0,89,0,0,"schlandals --timeout 600 -i /data/schlandals/pwmc_benchmarks/instances/bayesian_networks/pcnf/pigs/21.cnf compile | tr '\n' ' '",/data/schlandals/pwmc_benchmarks/instances/bayesian_networks/pcnf/pigs/21.cnf,"Final circuit size: 4096 Estimated probability 0.25000000 (epsilon 0) found in 0 seconds ",
26,:,1737406392.000,0.000,0,89,0,0,"schlandals --timeout 600 -i /data/schlandals/pwmc_benchmarks/instances/bayesian_networks/pcnf/pigs/26.cnf compile | tr '\n' ' '",/data/schlandals/pwmc_benchmarks/instances/bayesian_networks/pcnf/pigs/26.cnf,"Final circuit size: 1858 Estimated probability 0.50000000 (epsilon 0) found in 0 seconds ",
27,:,1737406392.000,0.000,0,89,0,0,"schlandals --timeout 600 -i /data/schlandals/pwmc_benchmarks/instances/bayesian_networks/pcnf/pigs/27.cnf compile | tr '\n' ' '",/data/schlandals/pwmc_benchmarks/instances/bayesian_networks/pcnf/pigs/27.cnf,"Final circuit size: 1243 Estimated probability 0.25000000 (epsilon 0) found in 0 seconds ",
28,:,1737406392.000,0.000,0,89,0,0,"schlandals --timeout 600 -i /data/schlandals/pwmc_benchmarks/instances/bayesian_networks/pcnf/pigs/28.cnf compile | tr '\n' ' '",/data/schlandals/pwmc_benchmarks/instances/bayesian_networks/pcnf/pigs/28.cnf,"Final circuit size: 1240 Estimated probability 0.25000000 (epsilon 0) found in 0 seconds ",
29,:,1737406392.000,0.000,0,89,0,0,"schlandals --timeout 600 -i /data/schlandals/pwmc_benchmarks/instances/bayesian_networks/pcnf/pigs/29.cnf compile | tr '\n' ' '",/data/schlandals/pwmc_benchmarks/instances/bayesian_networks/pcnf/pigs/29.cnf,"Final circuit size: 1858 Estimated probability 0.50000000 (epsilon 0) found in 0 seconds ",
30,:,1737406392.000,0.000,0,89,0,0,"schlandals --timeout 600 -i /data/schlandals/pwmc_benchmarks/instances/bayesian_networks/pcnf/pigs/30.cnf compile | tr '\n' ' '",/data/schlandals/pwmc_benchmarks/instances/bayesian_networks/pcnf/pigs/30.cnf,"Final circuit size: 1240 Estimated probability 0.25000000 (epsilon 0) found in 0 seconds ",
31,:,1737406392.000,0.000,0,88,0,0,"schlandals --timeout 600 -i /data/schlandals/pwmc_benchmarks/instances/bayesian_networks/pcnf/pigs/31.cnf compile | tr '\n' ' '",/data/schlandals/pwmc_benchmarks/instances/bayesian_networks/pcnf/pigs/31.cnf,"Final circuit size: 386 Estimated probability 0.25000000 (epsilon 0) found in 0 seconds ",
32,:,1737406392.000,0.000,0,88,0,0,"schlandals --timeout 600 -i /data/schlandals/pwmc_benchmarks/instances/bayesian_networks/pcnf/pigs/32.cnf compile | tr '\n' ' '",/data/schlandals/pwmc_benchmarks/instances/bayesian_networks/pcnf/pigs/32.cnf,"Final circuit size: 578 Estimated probability 0.50000000 (epsilon 0) found in 0 seconds ",
33,:,1737406392.000,0.000,0,88,0,0,"schlandals --timeout 600 -i /data/schlandals/pwmc_benchmarks/instances/bayesian_networks/pcnf/pigs/33.cnf compile | tr '\n' ' '",/data/schlandals/pwmc_benchmarks/instances/bayesian_networks/pcnf/pigs/33.cnf,"Final circuit size: 386 Estimated probability 0.25000000 (epsilon 0) found in 0 seconds ",
34,:,1737406392.000,0.000,0,87,0,0,"schlandals --timeout 600 -i /data/schlandals/pwmc_benchmarks/instances/bayesian_networks/pcnf/pigs/34.cnf compile | tr '\n' ' '",/data/schlandals/pwmc_benchmarks/instances/bayesian_networks/pcnf/pigs/34.cnf,"Final circuit size: 22 Estimated probability 0.25000000 (epsilon 0) found in 0 seconds ",
35,:,1737406392.000,0.000,0,87,0,0,"schlandals --timeout 600 -i /data/schlandals/pwmc_benchmarks/instances/bayesian_networks/pcnf/pigs/35.cnf compile | tr '\n' ' '",/data/schlandals/pwmc_benchmarks/instances/bayesian_networks/pcnf/pigs/35.cnf,"Final circuit size: 34 Estimated probability 0.50000000 (epsilon 0) found in 0 seconds ",
36,:,1737406392.000,0.000,0,87,0,0,"schlandals --timeout 600 -i /data/schlandals/pwmc_benchmarks/instances/bayesian_networks/pcnf/pigs/36.cnf compile | tr '\n' ' '",/data/schlandals/pwmc_benchmarks/instances/bayesian_networks/pcnf/pigs/36.cnf,"Final circuit size: 22 Estimated probability 0.25000000 (epsilon 0) found in 0 seconds ",
37,:,1737406392.000,0.000,0,87,0,0,"schlandals --timeout 600 -i /data/schlandals/pwmc_benchmarks/instances/bayesian_networks/pcnf/pigs/37.cnf compile | tr '\n' ' '",/data/schlandals/pwmc_benchmarks/instances/bayesian_networks/pcnf/pigs/37.cnf,"Final circuit size: 22 Estimated probability 0.25000000 (epsilon 0) found in 0 seconds ",
38,:,1737406392.000,0.000,0,87,0,0,"schlandals --timeout 600 -i /data/schlandals/pwmc_benchmarks/instances/bayesian_networks/pcnf/pigs/38.cnf compile | tr '\n' ' '",/data/schlandals/pwmc_benchmarks/instances/bayesian_networks/pcnf/pigs/38.cnf,"Final circuit size: 34 Estimated probability 0.50000000 (epsilon 0) found in 0 seconds ",
39,:,1737406392.000,0.000,0,87,0,0,"schlandals --timeout 600 -i /data/schlandals/pwmc_benchmarks/instances/bayesian_networks/pcnf/pigs/39.cnf compile | tr '\n' ' '",/data/schlandals/pwmc_benchmarks/instances/bayesian_networks/pcnf/pigs/39.cnf,"Final circuit size: 22 Estimated probability 0.25000000 (epsilon 0) found in 0 seconds ",
40,:,1737406392.000,0.000,0,88,0,0,"schlandals --timeout 600 -i /data/schlandals/pwmc_benchmarks/instances/bayesian_networks/pcnf/pigs/40.cnf compile | tr '\n' ' '",/data/schlandals/pwmc_benchmarks/instances/bayesian_networks/pcnf/pigs/40.cnf,"Final circuit size: 108 Estimated probability 0.25000000 (epsilon 0) found in 0 seconds ",
41,:,1737406392.000,0.000,0,88,0,0,"schlandals --timeout 600 -i /data/schlandals/pwmc_benchmarks/instances/bayesian_networks/pcnf/pigs/41.cnf compile | tr '\n' ' '",/data/schlandals/pwmc_benchmarks/instances/bayesian_networks/pcnf/pigs/41.cnf,"Final circuit size: 162 Estimated probability 0.50000000 (epsilon 0) found in 0 seconds ",
42,:,1737406392.000,0.000,0,88,0,0,"schlandals --timeout 600 -i /data/schlandals/pwmc_benchmarks/instances/bayesian_networks/pcnf/pigs/42.cnf compile | tr '\n' ' '",/data/schlandals/pwmc_benchmarks/instances/bayesian_networks/pcnf/pigs/42.cnf,"Final circuit size: 108 Estimated probability 0.25000000 (epsilon 0) found in 0 seconds ",
70,:,1737406392.000,0.000,0,88,0,0,"schlandals --timeout 600 -i /data/schlandals/pwmc_benchmarks/instances/bayesian_networks/pcnf/pigs/70.cnf compile | tr '\n' ' '",/data/schlandals/pwmc_benchmarks/instances/bayesian_networks/pcnf/pigs/70.cnf,"Final circuit size: 386 Estimated probability 0.25000000 (epsilon 0) found in 0 seconds ",
71,:,1737406392.000,0.000,0,88,0,0,"schlandals --timeout 600 -i /data/schlandals/pwmc_benchmarks/instances/bayesian_networks/pcnf/pigs/71.cnf compile | tr '\n' ' '",/data/schlandals/pwmc_benchmarks/instances/bayesian_networks/pcnf/pigs/71.cnf,"Final circuit size: 578 Estimated probability 0.50000000 (epsilon 0) found in 0 seconds ",
56,:,1737406392.000,0.000,0,89,0,0,"schlandals --timeout 600 -i /data/schlandals/pwmc_benchmarks/instances/bayesian_networks/pcnf/pigs/56.cnf compile | tr '\n' ' '",/data/schlandals/pwmc_benchmarks/instances/bayesian_networks/pcnf/pigs/56.cnf,"Final circuit size: 5091 Estimated probability 0.50000000 (epsilon 0) found in 0 seconds ",
72,:,1737406392.000,0.000,0,88,0,0,"schlandals --timeout 600 -i /data/schlandals/pwmc_benchmarks/instances/bayesian_networks/pcnf/pigs/72.cnf compile | tr '\n' ' '",/data/schlandals/pwmc_benchmarks/instances/bayesian_networks/pcnf/pigs/72.cnf,"Final circuit size: 386 Estimated probability 0.25000000 (epsilon 0) found in 0 seconds ",
55,:,1737406392.000,0.000,0,89,0,0,"schlandals --timeout 600 -i /data/schlandals/pwmc_benchmarks/instances/bayesian_networks/pcnf/pigs/55.cnf compile | tr '\n' ' '",/data/schlandals/pwmc_benchmarks/instances/bayesian_networks/pcnf/pigs/55.cnf,"Final circuit size: 3454 Estimated probability 0.25000000 (epsilon 0) found in 0 seconds ",
73,:,1737406392.000,0.000,0,88,0,0,"schlandals --timeout 600 -i /data/schlandals/pwmc_benchmarks/instances/bayesian_networks/pcnf/pigs/73.cnf compile | tr '\n' ' '",/data/schlandals/pwmc_benchmarks/instances/bayesian_networks/pcnf/pigs/73.cnf,"Final circuit size: 386 Estimated probability 0.25000000 (epsilon 0) found in 0 seconds ",
74,:,1737406392.000,0.000,0,88,0,0,"schlandals --timeout 600 -i /data/schlandals/pwmc_benchmarks/instances/bayesian_networks/pcnf/pigs/74.cnf compile | tr '\n' ' '",/data/schlandals/pwmc_benchmarks/instances/bayesian_networks/pcnf/pigs/74.cnf,"Final circuit size: 578 Estimated probability 0.50000000 (epsilon 0) found in 0 seconds ",
57,:,1737406392.000,0.000,0,89,0,0,"schlandals --timeout 600 -i /data/schlandals/pwmc_benchmarks/instances/bayesian_networks/pcnf/pigs/57.cnf compile | tr '\n' ' '",/data/schlandals/pwmc_benchmarks/instances/bayesian_networks/pcnf/pigs/57.cnf,"Final circuit size: 3404 Estimated probability 0.25000000 (epsilon 0) found in 0 seconds ",
75,:,1737406392.000,0.000,0,88,0,0,"schlandals --timeout 600 -i /data/schlandals/pwmc_benchmarks/instances/bayesian_networks/pcnf/pigs/75.cnf compile | tr '\n' ' '",/data/schlandals/pwmc_benchmarks/instances/bayesian_networks/pcnf/pigs/75.cnf,"Final circuit size: 386 Estimated probability 0.25000000 (epsilon 0) found in 0 seconds ",
76,:,1737406392.000,0.000,0,88,0,0,"schlandals --timeout 600 -i /data/schlandals/pwmc_benchmarks/instances/bayesian_networks/pcnf/pigs/76.cnf compile | tr '\n' ' '",/data/schlandals/pwmc_benchmarks/instances/bayesian_networks/pcnf/pigs/76.cnf,"Final circuit size: 386 Estimated probability 0.25000000 (epsilon 0) found in 0 seconds ",
77,:,1737406392.000,0.000,0,88,0,0,"schlandals --timeout 600 -i /data/schlandals/pwmc_benchmarks/instances/bayesian_networks/pcnf/pigs/77.cnf compile | tr '\n' ' '",/data/schlandals/pwmc_benchmarks/instances/bayesian_networks/pcnf/pigs/77.cnf,"Final circuit size: 578 Estimated probability 0.50000000 (epsilon 0) found in 0 seconds ",
78,:,1737406392.000,0.000,0,88,0,0,"schlandals --timeout 600 -i /data/schlandals/pwmc_benchmarks/instances/bayesian_networks/pcnf/pigs/78.cnf compile | tr '\n' ' '",/data/schlandals/pwmc_benchmarks/instances/bayesian_networks/pcnf/pigs/78.cnf,"Final circuit size: 386 Estimated probability 0.25000000 (epsilon 0) found in 0 seconds ",
79,:,1737406392.000,0.000,0,87,0,0,"schlandals --timeout 600 -i /data/schlandals/pwmc_benchmarks/instances/bayesian_networks/pcnf/pigs/79.cnf compile | tr '\n' ' '",/data/schlandals/pwmc_benchmarks/instances/bayesian_networks/pcnf/pigs/79.cnf,"Final circuit size: 22 Estimated probability 0.25000000 (epsilon 0) found in 0 seconds ",
80,:,1737406392.000,0.000,0,87,0,0,"schlandals --timeout 600 -i /data/schlandals/pwmc_benchmarks/instances/bayesian_networks/pcnf/pigs/80.cnf compile | tr '\n' ' '",/data/schlandals/pwmc_benchmarks/instances/bayesian_networks/pcnf/pigs/80.cnf,"Final circuit size: 34 Estimated probability 0.50000000 (epsilon 0) found in 0 seconds ",
67,:,1737406392.000,0.000,0,89,0,0,"schlandals --timeout 600 -i /data/schlandals/pwmc_benchmarks/instances/bayesian_networks/pcnf/pigs/67.cnf compile | tr '\n' ' '",/data/schlandals/pwmc_benchmarks/instances/bayesian_networks/pcnf/pigs/67.cnf,"Final circuit size: 3333 Estimated probability 0.25000000 (epsilon 0) found in 0 seconds ",
68,:,1737406392.000,0.000,0,89,0,0,"schlandals --timeout 600 -i /data/schlandals/pwmc_benchmarks/instances/bayesian_networks/pcnf/pigs/68.cnf compile | tr '\n' ' '",/data/schlandals/pwmc_benchmarks/instances/bayesian_networks/pcnf/pigs/68.cnf,"Final circuit size: 5069 Estimated probability 0.50000000 (epsilon 0) found in 0 seconds ",
81,:,1737406392.000,0.000,0,87,0,0,"schlandals --timeout 600 -i /data/schlandals/pwmc_benchmarks/instances/bayesian_networks/pcnf/pigs/81.cnf compile | tr '\n' ' '",/data/schlandals/pwmc_benchmarks/instances/bayesian_networks/pcnf/pigs/81.cnf,"Final circuit size: 22 Estimated probability 0.25000000 (epsilon 0) found in 0 seconds ",
82,:,1737406392.000,0.000,0,87,0,0,"schlandals --timeout 600 -i /data/schlandals/pwmc_benchmarks/instances/bayesian_networks/pcnf/pigs/82.cnf compile | tr '\n' ' '",/data/schlandals/pwmc_benchmarks/instances/bayesian_networks/pcnf/pigs/82.cnf,"Final circuit size: 22 Estimated probability 0.25000000 (epsilon 0) found in 0 seconds ",
83,:,1737406392.000,0.000,0,87,0,0,"schlandals --timeout 600 -i /data/schlandals/pwmc_benchmarks/instances/bayesian_networks/pcnf/pigs/83.cnf compile | tr '\n' ' '",/data/schlandals/pwmc_benchmarks/instances/bayesian_networks/pcnf/pigs/83.cnf,"Final circuit size: 34 Estimated probability 0.50000000 (epsilon 0) found in 0 seconds ",
69,:,1737406392.000,0.000,0,89,0,0,"schlandals --timeout 600 -i /data/schlandals/pwmc_benchmarks/instances/bayesian_networks/pcnf/pigs/69.cnf compile | tr '\n' ' '",/data/schlandals/pwmc_benchmarks/instances/bayesian_networks/pcnf/pigs/69.cnf,"Final circuit size: 3342 Estimated probability 0.25000000 (epsilon 0) found in 0 seconds ",
84,:,1737406392.000,0.000,0,87,0,0,"schlandals --timeout 600 -i /data/schlandals/pwmc_benchmarks/instances/bayesian_networks/pcnf/pigs/84.cnf compile | tr '\n' ' '",/data/schlandals/pwmc_benchmarks/instances/bayesian_networks/pcnf/pigs/84.cnf,"Final circuit size: 22 Estimated probability 0.25000000 (epsilon 0) found in 0 seconds ",
85,:,1737406392.000,0.000,0,88,0,0,"schlandals --timeout 600 -i /data/schlandals/pwmc_benchmarks/instances/bayesian_networks/pcnf/pigs/85.cnf compile | tr '\n' ' '",/data/schlandals/pwmc_benchmarks/instances/bayesian_networks/pcnf/pigs/85.cnf,"Final circuit size: 111 Estimated probability 0.25000000 (epsilon 0) found in 0 seconds ",
86,:,1737406392.000,0.000,0,88,0,0,"schlandals --timeout 600 -i /data/schlandals/pwmc_benchmarks/instances/bayesian_networks/pcnf/pigs/86.cnf compile | tr '\n' ' '",/data/schlandals/pwmc_benchmarks/instances/bayesian_networks/pcnf/pigs/86.cnf,"Final circuit size: 162 Estimated probability 0.50000000 (epsilon 0) found in 0 seconds ",
87,:,1737406392.000,0.000,0,88,0,0,"schlandals --timeout 600 -i /data/schlandals/pwmc_benchmarks/instances/bayesian_networks/pcnf/pigs/87.cnf compile | tr '\n' ' '",/data/schlandals/pwmc_benchmarks/instances/bayesian_networks/pcnf/pigs/87.cnf,"Final circuit size: 111 Estimated probability 0.25000000 (epsilon 0) found in 0 seconds ",
91,:,1737406392.000,0.000,0,88,0,0,"schlandals --timeout 600 -i /data/schlandals/pwmc_benchmarks/instances/bayesian_networks/pcnf/pigs/91.cnf compile | tr '\n' ' '",/data/schlandals/pwmc_benchmarks/instances/bayesian_networks/pcnf/pigs/91.cnf,"Final circuit size: 111 Estimated probability 0.25000000 (epsilon 0) found in 0 seconds ",
92,:,1737406392.000,0.000,0,88,0,0,"schlandals --timeout 600 -i /data/schlandals/pwmc_benchmarks/instances/bayesian_networks/pcnf/pigs/92.cnf compile | tr '\n' ' '",/data/schlandals/pwmc_benchmarks/instances/bayesian_networks/pcnf/pigs/92.cnf,"Final circuit size: 162 Estimated probability 0.50000000 (epsilon 0) found in 0 seconds ",
93,:,1737406392.000,0.000,0,88,0,0,"schlandals --timeout 600 -i /data/schlandals/pwmc_benchmarks/instances/bayesian_networks/pcnf/pigs/93.cnf compile | tr '\n' ' '",/data/schlandals/pwmc_benchmarks/instances/bayesian_networks/pcnf/pigs/93.cnf,"Final circuit size: 111 Estimated probability 0.25000000 (epsilon 0) found in 0 seconds ",
94,:,1737406392.000,0.000,0,88,0,0,"schlandals --timeout 600 -i /data/schlandals/pwmc_benchmarks/instances/bayesian_networks/pcnf/pigs/94.cnf compile | tr '\n' ' '",/data/schlandals/pwmc_benchmarks/instances/bayesian_networks/pcnf/pigs/94.cnf,"Final circuit size: 112 Estimated probability 0.25000000 (epsilon 0) found in 0 seconds ",
95,:,1737406392.000,0.000,0,88,0,0,"schlandals --timeout 600 -i /data/schlandals/pwmc_benchmarks/instances/bayesian_networks/pcnf/pigs/95.cnf compile | tr '\n' ' '",/data/schlandals/pwmc_benchmarks/instances/bayesian_networks/pcnf/pigs/95.cnf,"Final circuit size: 155 Estimated probability 0.50000000 (epsilon 0) found in 0 seconds ",
96,:,1737406392.000,0.000,0,88,0,0,"schlandals --timeout 600 -i /data/schlandals/pwmc_benchmarks/instances/bayesian_networks/pcnf/pigs/96.cnf compile | tr '\n' ' '",/data/schlandals/pwmc_benchmarks/instances/bayesian_networks/pcnf/pigs/96.cnf,"Final circuit size: 112 Estimated probability 0.25000000 (epsilon 0) found in 0 seconds ",
97,:,1737406392.000,0.000,0,87,0,0,"schlandals --timeout 600 -i /data/schlandals/pwmc_benchmarks/instances/bayesian_networks/pcnf/pigs/97.cnf compile | tr '\n' ' '",/data/schlandals/pwmc_benchmarks/instances/bayesian_networks/pcnf/pigs/97.cnf,"Final circuit size: 22 Estimated probability 0.25000000 (epsilon 0) found in 0 seconds ",
98,:,1737406392.000,0.000,0,87,0,0,"schlandals --timeout 600 -i /data/schlandals/pwmc_benchmarks/instances/bayesian_networks/pcnf/pigs/98.cnf compile | tr '\n' ' '",/data/schlandals/pwmc_benchmarks/instances/bayesian_networks/pcnf/pigs/98.cnf,"Final circuit size: 34 Estimated probability 0.50000000 (epsilon 0) found in 0 seconds ",
99,:,1737406392.000,0.000,0,87,0,0,"schlandals --timeout 600 -i /data/schlandals/pwmc_benchmarks/instances/bayesian_networks/pcnf/pigs/99.cnf compile | tr '\n' ' '",/data/schlandals/pwmc_benchmarks/instances/bayesian_networks/pcnf/pigs/99.cnf,"Final circuit size: 22 Estimated probability 0.25000000 (epsilon 0) found in 0 seconds ",
100,:,1737406392.000,0.000,0,87,0,0,"schlandals --timeout 600 -i /data/schlandals/pwmc_benchmarks/instances/bayesian_networks/pcnf/pigs/100.cnf compile | tr '\n' ' '",/data/schlandals/pwmc_benchmarks/instances/bayesian_networks/pcnf/pigs/100.cnf,"Final circuit size: 22 Estimated probability 0.25000000 (epsilon 0) found in 0 seconds ",
101,:,1737406392.000,0.000,0,87,0,0,"schlandals --timeout 600 -i /data/schlandals/pwmc_benchmarks/instances/bayesian_networks/pcnf/pigs/101.cnf compile | tr '\n' ' '",/data/schlandals/pwmc_benchmarks/instances/bayesian_networks/pcnf/pigs/101.cnf,"Final circuit size: 34 Estimated probability 0.50000000 (epsilon 0) found in 0 seconds ",
102,:,1737406392.000,0.000,0,87,0,0,"schlandals --timeout 600 -i /data/schlandals/pwmc_benchmarks/instances/bayesian_networks/pcnf/pigs/102.cnf compile | tr '\n' ' '",/data/schlandals/pwmc_benchmarks/instances/bayesian_networks/pcnf/pigs/102.cnf,"Final circuit size: 22 Estimated probability 0.25000000 (epsilon 0) found in 0 seconds ",
103,:,1737406392.000,0.000,0,88,0,0,"schlandals --timeout 600 -i /data/schlandals/pwmc_benchmarks/instances/bayesian_networks/pcnf/pigs/103.cnf compile | tr '\n' ' '",/data/schlandals/pwmc_benchmarks/instances/bayesian_networks/pcnf/pigs/103.cnf,"Final circuit size: 111 Estimated probability 0.25000000 (epsilon 0) found in 0 seconds ",
50,:,1737406392.000,0.000,0,90,0,0,"schlandals --timeout 600 -i /data/schlandals/pwmc_benchmarks/instances/bayesian_networks/pcnf/pigs/50.cnf compile | tr '\n' ' '",/data/schlandals/pwmc_benchmarks/instances/bayesian_networks/pcnf/pigs/50.cnf,"Final circuit size: 14558 Estimated probability 0.50000000 (epsilon 0) found in 0 seconds ",
53,:,1737406392.000,0.000,0,90,0,0,"schlandals --timeout 600 -i /data/schlandals/pwmc_benchmarks/instances/bayesian_networks/pcnf/pigs/53.cnf compile | tr '\n' ' '",/data/schlandals/pwmc_benchmarks/instances/bayesian_networks/pcnf/pigs/53.cnf,"Final circuit size: 14129 Estimated probability 0.50000000 (epsilon 0) found in 0 seconds ",
59,:,1737406392.000,0.000,0,90,0,0,"schlandals --timeout 600 -i /data/schlandals/pwmc_benchmarks/instances/bayesian_networks/pcnf/pigs/59.cnf compile | tr '\n' ' '",/data/schlandals/pwmc_benchmarks/instances/bayesian_networks/pcnf/pigs/59.cnf,"Final circuit size: 13641 Estimated probability 0.50000000 (epsilon 0) found in 0 seconds ",
104,:,1737406392.000,0.000,0,88,0,0,"schlandals --timeout 600 -i /data/schlandals/pwmc_benchmarks/instances/bayesian_networks/pcnf/pigs/104.cnf compile | tr '\n' ' '",/data/schlandals/pwmc_benchmarks/instances/bayesian_networks/pcnf/pigs/104.cnf,"Final circuit size: 162 Estimated probability 0.50000000 (epsilon 0) found in 0 seconds ",
51,:,1737406392.000,0.000,0,90,0,0,"schlandals --timeout 600 -i /data/schlandals/pwmc_benchmarks/instances/bayesian_networks/pcnf/pigs/51.cnf compile | tr '\n' ' '",/data/schlandals/pwmc_benchmarks/instances/bayesian_networks/pcnf/pigs/51.cnf,"Final circuit size: 13344 Estimated probability 0.25000000 (epsilon 0) found in 0 seconds ",
62,:,1737406392.000,0.000,0,90,0,0,"schlandals --timeout 600 -i /data/schlandals/pwmc_benchmarks/instances/bayesian_networks/pcnf/pigs/62.cnf compile | tr '\n' ' '",/data/schlandals/pwmc_benchmarks/instances/bayesian_networks/pcnf/pigs/62.cnf,"Final circuit size: 13645 Estimated probability 0.50000000 (epsilon 0) found in 0 seconds ",
49,:,1737406392.000,0.000,0,90,0,0,"schlandals --timeout 600 -i /data/schlandals/pwmc_benchmarks/instances/bayesian_networks/pcnf/pigs/49.cnf compile | tr '\n' ' '",/data/schlandals/pwmc_benchmarks/instances/bayesian_networks/pcnf/pigs/49.cnf,"Final circuit size: 13413 Estimated probability 0.25000000 (epsilon 0) found in 0 seconds ",
105,:,1737406392.000,0.000,0,88,0,0,"schlandals --timeout 600 -i /data/schlandals/pwmc_benchmarks/instances/bayesian_networks/pcnf/pigs/105.cnf compile | tr '\n' ' '",/data/schlandals/pwmc_benchmarks/instances/bayesian_networks/pcnf/pigs/105.cnf,"Final circuit size: 111 Estimated probability 0.25000000 (epsilon 0) found in 0 seconds ",
106,:,1737406392.000,0.000,0,88,0,0,"schlandals --timeout 600 -i /data/schlandals/pwmc_benchmarks/instances/bayesian_networks/pcnf/pigs/106.cnf compile | tr '\n' ' '",/data/schlandals/pwmc_benchmarks/instances/bayesian_networks/pcnf/pigs/106.cnf,"Final circuit size: 112 Estimated probability 0.25000000 (epsilon 0) found in 0 seconds ",
52,:,1737406392.000,0.000,0,90,0,0,"schlandals --timeout 600 -i /data/schlandals/pwmc_benchmarks/instances/bayesian_networks/pcnf/pigs/52.cnf compile | tr '\n' ' '",/data/schlandals/pwmc_benchmarks/instances/bayesian_networks/pcnf/pigs/52.cnf,"Final circuit size: 13668 Estimated probability 0.25000000 (epsilon 0) found in 0 seconds ",
54,:,1737406392.000,0.000,0,90,0,0,"schlandals --timeout 600 -i /data/schlandals/pwmc_benchmarks/instances/bayesian_networks/pcnf/pigs/54.cnf compile | tr '\n' ' '",/data/schlandals/pwmc_benchmarks/instances/bayesian_networks/pcnf/pigs/54.cnf,"Final circuit size: 13385 Estimated probability 0.25000000 (epsilon 0) found in 0 seconds ",
107,:,1737406392.000,0.000,0,88,0,0,"schlandals --timeout 600 -i /data/schlandals/pwmc_benchmarks/instances/bayesian_networks/pcnf/pigs/107.cnf compile | tr '\n' ' '",/data/schlandals/pwmc_benchmarks/instances/bayesian_networks/pcnf/pigs/107.cnf,"Final circuit size: 155 Estimated probability 0.50000000 (epsilon 0) found in 0 seconds ",
108,:,1737406392.000,0.000,0,88,0,0,"schlandals --timeout 600 -i /data/schlandals/pwmc_benchmarks/instances/bayesian_networks/pcnf/pigs/108.cnf compile | tr '\n' ' '",/data/schlandals/pwmc_benchmarks/instances/bayesian_networks/pcnf/pigs/108.cnf,"Final circuit size: 112 Estimated probability 0.25000000 (epsilon 0) found in 0 seconds ",
109,:,1737406392.000,0.000,0,88,0,0,"schlandals --timeout 600 -i /data/schlandals/pwmc_benchmarks/instances/bayesian_networks/pcnf/pigs/109.cnf compile | tr '\n' ' '",/data/schlandals/pwmc_benchmarks/instances/bayesian_networks/pcnf/pigs/109.cnf,"Final circuit size: 111 Estimated probability 0.25000000 (epsilon 0) found in 0 seconds ",
110,:,1737406392.000,0.000,0,88,0,0,"schlandals --timeout 600 -i /data/schlandals/pwmc_benchmarks/instances/bayesian_networks/pcnf/pigs/110.cnf compile | tr '\n' ' '",/data/schlandals/pwmc_benchmarks/instances/bayesian_networks/pcnf/pigs/110.cnf,"Final circuit size: 162 Estimated probability 0.50000000 (epsilon 0) found in 0 seconds ",
58,:,1737406392.000,0.000,0,90,0,0,"schlandals --timeout 600 -i /data/schlandals/pwmc_benchmarks/instances/bayesian_networks/pcnf/pigs/58.cnf compile | tr '\n' ' '",/data/schlandals/pwmc_benchmarks/instances/bayesian_networks/pcnf/pigs/58.cnf,"Final circuit size: 10799 Estimated probability 0.25000000 (epsilon 0) found in 0 seconds ",
60,:,1737406392.000,0.000,0,90,0,0,"schlandals --timeout 600 -i /data/schlandals/pwmc_benchmarks/instances/bayesian_networks/pcnf/pigs/60.cnf compile | tr '\n' ' '",/data/schlandals/pwmc_benchmarks/instances/bayesian_networks/pcnf/pigs/60.cnf,"Final circuit size: 10730 Estimated probability 0.25000000 (epsilon 0) found in 0 seconds ",
111,:,1737406392.000,0.000,0,88,0,0,"schlandals --timeout 600 -i /data/schlandals/pwmc_benchmarks/instances/bayesian_networks/pcnf/pigs/111.cnf compile | tr '\n' ' '",/data/schlandals/pwmc_benchmarks/instances/bayesian_networks/pcnf/pigs/111.cnf,"Final circuit size: 111 Estimated probability 0.25000000 (epsilon 0) found in 0 seconds ",
61,:,1737406392.000,0.000,0,90,0,0,"schlandals --timeout 600 -i /data/schlandals/pwmc_benchmarks/instances/bayesian_networks/pcnf/pigs/61.cnf compile | tr '\n' ' '",/data/schlandals/pwmc_benchmarks/instances/bayesian_networks/pcnf/pigs/61.cnf,"Final circuit size: 10809 Estimated probability 0.25000000 (epsilon 0) found in 0 seconds ",
112,:,1737406392.000,0.000,0,88,0,0,"schlandals --timeout 600 -i /data/schlandals/pwmc_benchmarks/instances/bayesian_networks/pcnf/pigs/112.cnf compile | tr '\n' ' '",/data/schlandals/pwmc_benchmarks/instances/bayesian_networks/pcnf/pigs/112.cnf,"Final circuit size: 111 Estimated probability 0.25000000 (epsilon 0) found in 0 seconds ",
63,:,1737406392.000,0.000,0,90,0,0,"schlandals --timeout 600 -i /data/schlandals/pwmc_benchmarks/instances/bayesian_networks/pcnf/pigs/63.cnf compile | tr '\n' ' '",/data/schlandals/pwmc_benchmarks/instances/bayesian_networks/pcnf/pigs/63.cnf,"Final circuit size: 10770 Estimated probability 0.25000000 (epsilon 0) found in 0 seconds ",
113,:,1737406392.000,0.000,0,88,0,0,"schlandals --timeout 600 -i /data/schlandals/pwmc_benchmarks/instances/bayesian_networks/pcnf/pigs/113.cnf compile | tr '\n' ' '",/data/schlandals/pwmc_benchmarks/instances/bayesian_networks/pcnf/pigs/113.cnf,"Final circuit size: 162 Estimated probability 0.50000000 (epsilon 0) found in 0 seconds ",
114,:,1737406392.000,0.000,0,88,0,0,"schlandals --timeout 600 -i /data/schlandals/pwmc_benchmarks/instances/bayesian_networks/pcnf/pigs/114.cnf compile | tr '\n' ' '",/data/schlandals/pwmc_benchmarks/instances/bayesian_networks/pcnf/pigs/114.cnf,"Final circuit size: 111 Estimated probability 0.25000000 (epsilon 0) found in 0 seconds ",
127,:,1737406392.000,0.000,0,89,0,0,"schlandals --timeout 600 -i /data/schlandals/pwmc_benchmarks/instances/bayesian_networks/pcnf/pigs/127.cnf compile | tr '\n' ' '",/data/schlandals/pwmc_benchmarks/instances/bayesian_networks/pcnf/pigs/127.cnf,"Final circuit size: 3761 Estimated probability 0.25000000 (epsilon 0) found in 0 seconds ",
128,:,1737406392.000,0.000,0,89,0,0,"schlandals --timeout 600 -i /data/schlandals/pwmc_benchmarks/instances/bayesian_networks/pcnf/pigs/128.cnf compile | tr '\n' ' '",/data/schlandals/pwmc_benchmarks/instances/bayesian_networks/pcnf/pigs/128.cnf,"Final circuit size: 4687 Estimated probability 0.50000000 (epsilon 0) found in 0 seconds ",
129,:,1737406392.000,0.000,0,89,0,0,"schlandals --timeout 600 -i /data/schlandals/pwmc_benchmarks/instances/bayesian_networks/pcnf/pigs/129.cnf compile | tr '\n' ' '",/data/schlandals/pwmc_benchmarks/instances/bayesian_networks/pcnf/pigs/129.cnf,"Final circuit size: 3749 Estimated probability 0.25000000 (epsilon 0) found in 0 seconds ",
130,:,1737406392.000,0.000,0,89,0,0,"schlandals --timeout 600 -i /data/schlandals/pwmc_benchmarks/instances/bayesian_networks/pcnf/pigs/130.cnf compile | tr '\n' ' '",/data/schlandals/pwmc_benchmarks/instances/bayesian_networks/pcnf/pigs/130.cnf,"Final circuit size: 3789 Estimated probability 0.25000000 (epsilon 0) found in 0 seconds ",
131,:,1737406392.000,0.000,0,89,0,0,"schlandals --timeout 600 -i /data/schlandals/pwmc_benchmarks/instances/bayesian_networks/pcnf/pigs/131.cnf compile | tr '\n' ' '",/data/schlandals/pwmc_benchmarks/instances/bayesian_networks/pcnf/pigs/131.cnf,"Final circuit size: 4687 Estimated probability 0.50000000 (epsilon 0) found in 0 seconds ",
132,:,1737406392.000,0.000,0,89,0,0,"schlandals --timeout 600 -i /data/schlandals/pwmc_benchmarks/instances/bayesian_networks/pcnf/pigs/132.cnf compile | tr '\n' ' '",/data/schlandals/pwmc_benchmarks/instances/bayesian_networks/pcnf/pigs/132.cnf,"Final circuit size: 3749 Estimated probability 0.25000000 (epsilon 0) found in 0 seconds ",
133,:,1737406392.000,0.000,0,89,0,0,"schlandals --timeout 600 -i /data/schlandals/pwmc_benchmarks/instances/bayesian_networks/pcnf/pigs/133.cnf compile | tr '\n' ' '",/data/schlandals/pwmc_benchmarks/instances/bayesian_networks/pcnf/pigs/133.cnf,"Final circuit size: 3765 Estimated probability 0.25000000 (epsilon 0) found in 0 seconds ",
134,:,1737406392.000,0.000,0,89,0,0,"schlandals --timeout 600 -i /data/schlandals/pwmc_benchmarks/instances/bayesian_networks/pcnf/pigs/134.cnf compile | tr '\n' ' '",/data/schlandals/pwmc_benchmarks/instances/bayesian_networks/pcnf/pigs/134.cnf,"Final circuit size: 4687 Estimated probability 0.50000000 (epsilon 0) found in 0 seconds ",
135,:,1737406392.000,0.000,0,89,0,0,"schlandals --timeout 600 -i /data/schlandals/pwmc_benchmarks/instances/bayesian_networks/pcnf/pigs/135.cnf compile | tr '\n' ' '",/data/schlandals/pwmc_benchmarks/instances/bayesian_networks/pcnf/pigs/135.cnf,"Final circuit size: 3751 Estimated probability 0.25000000 (epsilon 0) found in 0 seconds ",
136,:,1737406392.000,0.000,0,89,0,0,"schlandals --timeout 600 -i /data/schlandals/pwmc_benchmarks/instances/bayesian_networks/pcnf/pigs/136.cnf compile | tr '\n' ' '",/data/schlandals/pwmc_benchmarks/instances/bayesian_networks/pcnf/pigs/136.cnf,"Final circuit size: 3781 Estimated probability 0.25000000 (epsilon 0) found in 0 seconds ",
137,:,1737406392.000,0.000,0,89,0,0,"schlandals --timeout 600 -i /data/schlandals/pwmc_benchmarks/instances/bayesian_networks/pcnf/pigs/137.cnf compile | tr '\n' ' '",/data/schlandals/pwmc_benchmarks/instances/bayesian_networks/pcnf/pigs/137.cnf,"Final circuit size: 4687 Estimated probability 0.50000000 (epsilon 0) found in 0 seconds ",
139,:,1737406392.000,0.000,0,89,0,0,"schlandals --timeout 600 -i /data/schlandals/pwmc_benchmarks/instances/bayesian_networks/pcnf/pigs/139.cnf compile | tr '\n' ' '",/data/schlandals/pwmc_benchmarks/instances/bayesian_networks/pcnf/pigs/139.cnf,"Final circuit size: 3789 Estimated probability 0.25000000 (epsilon 0) found in 0 seconds ",
140,:,1737406392.000,0.000,0,89,0,0,"schlandals --timeout 600 -i /data/schlandals/pwmc_benchmarks/instances/bayesian_networks/pcnf/pigs/140.cnf compile | tr '\n' ' '",/data/schlandals/pwmc_benchmarks/instances/bayesian_networks/pcnf/pigs/140.cnf,"Final circuit size: 4687 Estimated probability 0.50000000 (epsilon 0) found in 0 seconds ",
138,:,1737406392.000,0.000,0,89,0,0,"schlandals --timeout 600 -i /data/schlandals/pwmc_benchmarks/instances/bayesian_networks/pcnf/pigs/138.cnf compile | tr '\n' ' '",/data/schlandals/pwmc_benchmarks/instances/bayesian_networks/pcnf/pigs/138.cnf,"Final circuit size: 3749 Estimated probability 0.25000000 (epsilon 0) found in 0 seconds ",
142,:,1737406392.000,0.000,0,89,0,0,"schlandals --timeout 600 -i /data/schlandals/pwmc_benchmarks/instances/bayesian_networks/pcnf/pigs/142.cnf compile | tr '\n' ' '",/data/schlandals/pwmc_benchmarks/instances/bayesian_networks/pcnf/pigs/142.cnf,"Final circuit size: 3811 Estimated probability 0.25000000 (epsilon 0) found in 0 seconds ",
148,:,1737406392.000,0.000,0,89,0,0,"schlandals --timeout 600 -i /data/schlandals/pwmc_benchmarks/instances/bayesian_networks/pcnf/pigs/148.cnf compile | tr '\n' ' '",/data/schlandals/pwmc_benchmarks/instances/bayesian_networks/pcnf/pigs/148.cnf,"Final circuit size: 1321 Estimated probability 0.25000000 (epsilon 0) found in 0 seconds ",
141,:,1737406392.000,0.000,0,89,0,0,"schlandals --timeout 600 -i /data/schlandals/pwmc_benchmarks/instances/bayesian_networks/pcnf/pigs/141.cnf compile | tr '\n' ' '",/data/schlandals/pwmc_benchmarks/instances/bayesian_networks/pcnf/pigs/141.cnf,"Final circuit size: 3747 Estimated probability 0.25000000 (epsilon 0) found in 0 seconds ",
143,:,1737406392.000,0.000,0,89,0,0,"schlandals --timeout 600 -i /data/schlandals/pwmc_benchmarks/instances/bayesian_networks/pcnf/pigs/143.cnf compile | tr '\n' ' '",/data/schlandals/pwmc_benchmarks/instances/bayesian_networks/pcnf/pigs/143.cnf,"Final circuit size: 4631 Estimated probability 0.50000000 (epsilon 0) found in 0 seconds ",
144,:,1737406392.000,0.000,0,89,0,0,"schlandals --timeout 600 -i /data/schlandals/pwmc_benchmarks/instances/bayesian_networks/pcnf/pigs/144.cnf compile | tr '\n' ' '",/data/schlandals/pwmc_benchmarks/instances/bayesian_networks/pcnf/pigs/144.cnf,"Final circuit size: 3831 Estimated probability 0.25000000 (epsilon 0) found in 0 seconds ",
149,:,1737406392.000,0.000,0,89,0,0,"schlandals --timeout 600 -i /data/schlandals/pwmc_benchmarks/instances/bayesian_networks/pcnf/pigs/149.cnf compile | tr '\n' ' '",/data/schlandals/pwmc_benchmarks/instances/bayesian_networks/pcnf/pigs/149.cnf,"Final circuit size: 1626 Estimated probability 0.50000000 (epsilon 0) found in 0 seconds ",
150,:,1737406392.000,0.000,0,89,0,0,"schlandals --timeout 600 -i /data/schlandals/pwmc_benchmarks/instances/bayesian_networks/pcnf/pigs/150.cnf compile | tr '\n' ' '",/data/schlandals/pwmc_benchmarks/instances/bayesian_networks/pcnf/pigs/150.cnf,"Final circuit size: 1317 Estimated probability 0.25000000 (epsilon 0) found in 0 seconds ",
154,:,1737406392.000,0.000,0,89,0,0,"schlandals --timeout 600 -i /data/schlandals/pwmc_benchmarks/instances/bayesian_networks/pcnf/pigs/154.cnf compile | tr '\n' ' '",/data/schlandals/pwmc_benchmarks/instances/bayesian_networks/pcnf/pigs/154.cnf,"Final circuit size: 1327 Estimated probability 0.25000000 (epsilon 0) found in 0 seconds ",
155,:,1737406392.000,0.000,0,89,0,0,"schlandals --timeout 600 -i /data/schlandals/pwmc_benchmarks/instances/bayesian_networks/pcnf/pigs/155.cnf compile | tr '\n' ' '",/data/schlandals/pwmc_benchmarks/instances/bayesian_networks/pcnf/pigs/155.cnf,"Final circuit size: 1624 Estimated probability 0.50000000 (epsilon 0) found in 0 seconds ",
156,:,1737406392.000,0.000,0,89,0,0,"schlandals --timeout 600 -i /data/schlandals/pwmc_benchmarks/instances/bayesian_networks/pcnf/pigs/156.cnf compile | tr '\n' ' '",/data/schlandals/pwmc_benchmarks/instances/bayesian_networks/pcnf/pigs/156.cnf,"Final circuit size: 1341 Estimated probability 0.25000000 (epsilon 0) found in 0 seconds ",
173,:,1737406392.000,0.000,0,89,0,0,"schlandals --timeout 600 -i /data/schlandals/pwmc_benchmarks/instances/bayesian_networks/pcnf/pigs/173.cnf compile | tr '\n' ' '",/data/schlandals/pwmc_benchmarks/instances/bayesian_networks/pcnf/pigs/173.cnf,"Final circuit size: 1672 Estimated probability 0.50000000 (epsilon 0) found in 0 seconds ",
175,:,1737406392.000,0.000,0,89,0,0,"schlandals --timeout 600 -i /data/schlandals/pwmc_benchmarks/instances/bayesian_networks/pcnf/pigs/175.cnf compile | tr '\n' ' '",/data/schlandals/pwmc_benchmarks/instances/bayesian_networks/pcnf/pigs/175.cnf,"Final circuit size: 1332 Estimated probability 0.25000000 (epsilon 0) found in 0 seconds ",
172,:,1737406392.000,0.000,0,89,0,0,"schlandals --timeout 600 -i /data/schlandals/pwmc_benchmarks/instances/bayesian_networks/pcnf/pigs/172.cnf compile | tr '\n' ' '",/data/schlandals/pwmc_benchmarks/instances/bayesian_networks/pcnf/pigs/172.cnf,"Final circuit size: 1332 Estimated probability 0.25000000 (epsilon 0) found in 0 seconds ",
174,:,1737406392.000,0.000,0,89,0,0,"schlandals --timeout 600 -i /data/schlandals/pwmc_benchmarks/instances/bayesian_networks/pcnf/pigs/174.cnf compile | tr '\n' ' '",/data/schlandals/pwmc_benchmarks/instances/bayesian_networks/pcnf/pigs/174.cnf,"Final circuit size: 1326 Estimated probability 0.25000000 (epsilon 0) found in 0 seconds ",
187,:,1737406392.000,0.000,0,88,0,0,"schlandals --timeout 600 -i /data/schlandals/pwmc_benchmarks/instances/bayesian_networks/pcnf/pigs/187.cnf compile | tr '\n' ' '",/data/schlandals/pwmc_benchmarks/instances/bayesian_networks/pcnf/pigs/187.cnf,"Final circuit size: 108 Estimated probability 0.25000000 (epsilon 0) found in 0 seconds ",
176,:,1737406392.000,0.000,0,89,0,0,"schlandals --timeout 600 -i /data/schlandals/pwmc_benchmarks/instances/bayesian_networks/pcnf/pigs/176.cnf compile | tr '\n' ' '",/data/schlandals/pwmc_benchmarks/instances/bayesian_networks/pcnf/pigs/176.cnf,"Final circuit size: 1669 Estimated probability 0.50000000 (epsilon 0) found in 0 seconds ",
177,:,1737406392.000,0.000,0,89,0,0,"schlandals --timeout 600 -i /data/schlandals/pwmc_benchmarks/instances/bayesian_networks/pcnf/pigs/177.cnf compile | tr '\n' ' '",/data/schlandals/pwmc_benchmarks/instances/bayesian_networks/pcnf/pigs/177.cnf,"Final circuit size: 1320 Estimated probability 0.25000000 (epsilon 0) found in 0 seconds ",
178,:,1737406392.000,0.000,0,89,0,0,"schlandals --timeout 600 -i /data/schlandals/pwmc_benchmarks/instances/bayesian_networks/pcnf/pigs/178.cnf compile | tr '\n' ' '",/data/schlandals/pwmc_benchmarks/instances/bayesian_networks/pcnf/pigs/178.cnf,"Final circuit size: 1330 Estimated probability 0.25000000 (epsilon 0) found in 0 seconds ",
179,:,1737406392.000,0.000,0,89,0,0,"schlandals --timeout 600 -i /data/schlandals/pwmc_benchmarks/instances/bayesian_networks/pcnf/pigs/179.cnf compile | tr '\n' ' '",/data/schlandals/pwmc_benchmarks/instances/bayesian_networks/pcnf/pigs/179.cnf,"Final circuit size: 1667 Estimated probability 0.50000000 (epsilon 0) found in 0 seconds ",
180,:,1737406392.000,0.000,0,89,0,0,"schlandals --timeout 600 -i /data/schlandals/pwmc_benchmarks/instances/bayesian_networks/pcnf/pigs/180.cnf compile | tr '\n' ' '",/data/schlandals/pwmc_benchmarks/instances/bayesian_networks/pcnf/pigs/180.cnf,"Final circuit size: 1320 Estimated probability 0.25000000 (epsilon 0) found in 0 seconds ",
188,:,1737406392.000,0.000,0,88,0,0,"schlandals --timeout 600 -i /data/schlandals/pwmc_benchmarks/instances/bayesian_networks/pcnf/pigs/188.cnf compile | tr '\n' ' '",/data/schlandals/pwmc_benchmarks/instances/bayesian_networks/pcnf/pigs/188.cnf,"Final circuit size: 162 Estimated probability 0.50000000 (epsilon 0) found in 0 seconds ",
189,:,1737406392.000,0.000,0,88,0,0,"schlandals --timeout 600 -i /data/schlandals/pwmc_benchmarks/instances/bayesian_networks/pcnf/pigs/189.cnf compile | tr '\n' ' '",/data/schlandals/pwmc_benchmarks/instances/bayesian_networks/pcnf/pigs/189.cnf,"Final circuit size: 108 Estimated probability 0.25000000 (epsilon 0) found in 0 seconds ",
125,:,1737406392.000,0.000,0,90,0,0,"schlandals --timeout 600 -i /data/schlandals/pwmc_benchmarks/instances/bayesian_networks/pcnf/pigs/125.cnf compile | tr '\n' ' '",/data/schlandals/pwmc_benchmarks/instances/bayesian_networks/pcnf/pigs/125.cnf,"Final circuit size: 17561 Estimated probability 0.48437500 (epsilon 0) found in 0 seconds ",
199,:,1737406392.000,1.000,0,88,0,0,"schlandals --timeout 600 -i /data/schlandals/pwmc_benchmarks/instances/bayesian_networks/pcnf/pigs/199.cnf compile | tr '\n' ' '",/data/schlandals/pwmc_benchmarks/instances/bayesian_networks/pcnf/pigs/199.cnf,"Final circuit size: 108 Estimated probability 0.25000000 (epsilon 0) found in 0 seconds ",
121,:,1737406392.000,1.000,0,90,0,0,"schlandals --timeout 600 -i /data/schlandals/pwmc_benchmarks/instances/bayesian_networks/pcnf/pigs/121.cnf compile | tr '\n' ' '",/data/schlandals/pwmc_benchmarks/instances/bayesian_networks/pcnf/pigs/121.cnf,"Final circuit size: 17059 Estimated probability 0.25781250 (epsilon 0) found in 0 seconds ",
122,:,1737406392.000,1.000,0,90,0,0,"schlandals --timeout 600 -i /data/schlandals/pwmc_benchmarks/instances/bayesian_networks/pcnf/pigs/122.cnf compile | tr '\n' ' '",/data/schlandals/pwmc_benchmarks/instances/bayesian_networks/pcnf/pigs/122.cnf,"Final circuit size: 17865 Estimated probability 0.48437500 (epsilon 0) found in 0 seconds ",
200,:,1737406392.000,1.000,0,88,0,0,"schlandals --timeout 600 -i /data/schlandals/pwmc_benchmarks/instances/bayesian_networks/pcnf/pigs/200.cnf compile | tr '\n' ' '",/data/schlandals/pwmc_benchmarks/instances/bayesian_networks/pcnf/pigs/200.cnf,"Final circuit size: 162 Estimated probability 0.50000000 (epsilon 0) found in 0 seconds ",
201,:,1737406392.000,1.000,0,88,0,0,"schlandals --timeout 600 -i /data/schlandals/pwmc_benchmarks/instances/bayesian_networks/pcnf/pigs/201.cnf compile | tr '\n' ' '",/data/schlandals/pwmc_benchmarks/instances/bayesian_networks/pcnf/pigs/201.cnf,"Final circuit size: 108 Estimated probability 0.25000000 (epsilon 0) found in 0 seconds ",
123,:,1737406392.000,1.000,0,90,0,0,"schlandals --timeout 600 -i /data/schlandals/pwmc_benchmarks/instances/bayesian_networks/pcnf/pigs/123.cnf compile | tr '\n' ' '",/data/schlandals/pwmc_benchmarks/instances/bayesian_networks/pcnf/pigs/123.cnf,"Final circuit size: 17257 Estimated probability 0.25781250 (epsilon 0) found in 0 seconds ",
126,:,1737406392.000,1.000,0,90,0,0,"schlandals --timeout 600 -i /data/schlandals/pwmc_benchmarks/instances/bayesian_networks/pcnf/pigs/126.cnf compile | tr '\n' ' '",/data/schlandals/pwmc_benchmarks/instances/bayesian_networks/pcnf/pigs/126.cnf,"Final circuit size: 17066 Estimated probability 0.25781250 (epsilon 0) found in 0 seconds ",
124,:,1737406392.000,1.000,0,90,0,0,"schlandals --timeout 600 -i /data/schlandals/pwmc_benchmarks/instances/bayesian_networks/pcnf/pigs/124.cnf compile | tr '\n' ' '",/data/schlandals/pwmc_benchmarks/instances/bayesian_networks/pcnf/pigs/124.cnf,"Final circuit size: 17057 Estimated probability 0.25781250 (epsilon 0) found in 0 seconds ",
194,:,1737406392.000,1.000,0,89,0,0,"schlandals --timeout 600 -i /data/schlandals/pwmc_benchmarks/instances/bayesian_networks/pcnf/pigs/194.cnf compile | tr '\n' ' '",/data/schlandals/pwmc_benchmarks/instances/bayesian_networks/pcnf/pigs/194.cnf,"Final circuit size: 4889 Estimated probability 0.50000000 (epsilon 0) found in 0 seconds ",
217,:,1737406393.000,0.000,0,88,0,0,"schlandals --timeout 600 -i /data/schlandals/pwmc_benchmarks/instances/bayesian_networks/pcnf/pigs/217.cnf compile | tr '\n' ' '",/data/schlandals/pwmc_benchmarks/instances/bayesian_networks/pcnf/pigs/217.cnf,"Final circuit size: 389 Estimated probability 0.25000000 (epsilon 0) found in 0 seconds ",
218,:,1737406393.000,0.000,0,88,0,0,"schlandals --timeout 600 -i /data/schlandals/pwmc_benchmarks/instances/bayesian_networks/pcnf/pigs/218.cnf compile | tr '\n' ' '",/data/schlandals/pwmc_benchmarks/instances/bayesian_networks/pcnf/pigs/218.cnf,"Final circuit size: 578 Estimated probability 0.50000000 (epsilon 0) found in 0 seconds ",
193,:,1737406392.000,1.000,0,89,0,0,"schlandals --timeout 600 -i /data/schlandals/pwmc_benchmarks/instances/bayesian_networks/pcnf/pigs/193.cnf compile | tr '\n' ' '",/data/schlandals/pwmc_benchmarks/instances/bayesian_networks/pcnf/pigs/193.cnf,"Final circuit size: 3944 Estimated probability 0.25000000 (epsilon 0) found in 0 seconds ",
219,:,1737406393.000,0.000,0,88,0,0,"schlandals --timeout 600 -i /data/schlandals/pwmc_benchmarks/instances/bayesian_networks/pcnf/pigs/219.cnf compile | tr '\n' ' '",/data/schlandals/pwmc_benchmarks/instances/bayesian_networks/pcnf/pigs/219.cnf,"Final circuit size: 389 Estimated probability 0.25000000 (epsilon 0) found in 0 seconds ",
220,:,1737406393.000,0.000,0,88,0,0,"schlandals --timeout 600 -i /data/schlandals/pwmc_benchmarks/instances/bayesian_networks/pcnf/pigs/220.cnf compile | tr '\n' ' '",/data/schlandals/pwmc_benchmarks/instances/bayesian_networks/pcnf/pigs/220.cnf,"Final circuit size: 389 Estimated probability 0.25000000 (epsilon 0) found in 0 seconds ",
195,:,1737406392.000,1.000,0,89,0,0,"schlandals --timeout 600 -i /data/schlandals/pwmc_benchmarks/instances/bayesian_networks/pcnf/pigs/195.cnf compile | tr '\n' ' '",/data/schlandals/pwmc_benchmarks/instances/bayesian_networks/pcnf/pigs/195.cnf,"Final circuit size: 3928 Estimated probability 0.25000000 (epsilon 0) found in 0 seconds ",
221,:,1737406393.000,0.000,0,88,0,0,"schlandals --timeout 600 -i /data/schlandals/pwmc_benchmarks/instances/bayesian_networks/pcnf/pigs/221.cnf compile | tr '\n' ' '",/data/schlandals/pwmc_benchmarks/instances/bayesian_networks/pcnf/pigs/221.cnf,"Final circuit size: 578 Estimated probability 0.50000000 (epsilon 0) found in 0 seconds ",
222,:,1737406393.000,0.000,0,88,0,0,"schlandals --timeout 600 -i /data/schlandals/pwmc_benchmarks/instances/bayesian_networks/pcnf/pigs/222.cnf compile | tr '\n' ' '",/data/schlandals/pwmc_benchmarks/instances/bayesian_networks/pcnf/pigs/222.cnf,"Final circuit size: 389 Estimated probability 0.25000000 (epsilon 0) found in 0 seconds ",
223,:,1737406393.000,0.000,0,88,0,0,"schlandals --timeout 600 -i /data/schlandals/pwmc_benchmarks/instances/bayesian_networks/pcnf/pigs/223.cnf compile | tr '\n' ' '",/data/schlandals/pwmc_benchmarks/instances/bayesian_networks/pcnf/pigs/223.cnf,"Final circuit size: 396 Estimated probability 0.25000000 (epsilon 0) found in 0 seconds ",
224,:,1737406393.000,0.000,0,88,0,0,"schlandals --timeout 600 -i /data/schlandals/pwmc_benchmarks/instances/bayesian_networks/pcnf/pigs/224.cnf compile | tr '\n' ' '",/data/schlandals/pwmc_benchmarks/instances/bayesian_networks/pcnf/pigs/224.cnf,"Final circuit size: 534 Estimated probability 0.50000000 (epsilon 0) found in 0 seconds ",
225,:,1737406393.000,0.000,0,88,0,0,"schlandals --timeout 600 -i /data/schlandals/pwmc_benchmarks/instances/bayesian_networks/pcnf/pigs/225.cnf compile | tr '\n' ' '",/data/schlandals/pwmc_benchmarks/instances/bayesian_networks/pcnf/pigs/225.cnf,"Final circuit size: 410 Estimated probability 0.25000000 (epsilon 0) found in 0 seconds ",
153,:,1737406392.000,1.000,0,90,0,0,"schlandals --timeout 600 -i /data/schlandals/pwmc_benchmarks/instances/bayesian_networks/pcnf/pigs/153.cnf compile | tr '\n' ' '",/data/schlandals/pwmc_benchmarks/instances/bayesian_networks/pcnf/pigs/153.cnf,"Final circuit size: 13734 Estimated probability 0.28125000 (epsilon 0) found in 0 seconds ",
185,:,1737406392.000,1.000,0,90,0,0,"schlandals --timeout 600 -i /data/schlandals/pwmc_benchmarks/instances/bayesian_networks/pcnf/pigs/185.cnf compile | tr '\n' ' '",/data/schlandals/pwmc_benchmarks/instances/bayesian_networks/pcnf/pigs/185.cnf,"Final circuit size: 13667 Estimated probability 0.50000000 (epsilon 0) found in 0 seconds ",
211,:,1737406393.000,0.000,0,89,0,0,"schlandals --timeout 600 -i /data/schlandals/pwmc_benchmarks/instances/bayesian_networks/pcnf/pigs/211.cnf compile | tr '\n' ' '",/data/schlandals/pwmc_benchmarks/instances/bayesian_networks/pcnf/pigs/211.cnf,"Final circuit size: 3976 Estimated probability 0.25000000 (epsilon 0) found in 0 seconds ",
229,:,1737406393.000,0.000,0,88,0,0,"schlandals --timeout 600 -i /data/schlandals/pwmc_benchmarks/instances/bayesian_networks/pcnf/pigs/229.cnf compile | tr '\n' ' '",/data/schlandals/pwmc_benchmarks/instances/bayesian_networks/pcnf/pigs/229.cnf,"Final circuit size: 400 Estimated probability 0.25000000 (epsilon 0) found in 0 seconds ",
230,:,1737406393.000,0.000,0,88,0,0,"schlandals --timeout 600 -i /data/schlandals/pwmc_benchmarks/instances/bayesian_networks/pcnf/pigs/230.cnf compile | tr '\n' ' '",/data/schlandals/pwmc_benchmarks/instances/bayesian_networks/pcnf/pigs/230.cnf,"Final circuit size: 523 Estimated probability 0.50000000 (epsilon 0) found in 0 seconds ",
231,:,1737406393.000,0.000,0,88,0,0,"schlandals --timeout 600 -i /data/schlandals/pwmc_benchmarks/instances/bayesian_networks/pcnf/pigs/231.cnf compile | tr '\n' ' '",/data/schlandals/pwmc_benchmarks/instances/bayesian_networks/pcnf/pigs/231.cnf,"Final circuit size: 406 Estimated probability 0.25000000 (epsilon 0) found in 0 seconds ",
212,:,1737406393.000,0.000,0,89,0,0,"schlandals --timeout 600 -i /data/schlandals/pwmc_benchmarks/instances/bayesian_networks/pcnf/pigs/212.cnf compile | tr '\n' ' '",/data/schlandals/pwmc_benchmarks/instances/bayesian_networks/pcnf/pigs/212.cnf,"Final circuit size: 4910 Estimated probability 0.50000000 (epsilon 0) found in 0 seconds ",
215,:,1737406393.000,0.000,0,89,0,0,"schlandals --timeout 600 -i /data/schlandals/pwmc_benchmarks/instances/bayesian_networks/pcnf/pigs/215.cnf compile | tr '\n' ' '",/data/schlandals/pwmc_benchmarks/instances/bayesian_networks/pcnf/pigs/215.cnf,"Final circuit size: 4910 Estimated probability 0.50000000 (epsilon 0) found in 0 seconds ",
213,:,1737406393.000,0.000,0,89,0,0,"schlandals --timeout 600 -i /data/schlandals/pwmc_benchmarks/instances/bayesian_networks/pcnf/pigs/213.cnf compile | tr '\n' ' '",/data/schlandals/pwmc_benchmarks/instances/bayesian_networks/pcnf/pigs/213.cnf,"Final circuit size: 3948 Estimated probability 0.25000000 (epsilon 0) found in 0 seconds ",
151,:,1737406392.000,1.000,0,90,0,0,"schlandals --timeout 600 -i /data/schlandals/pwmc_benchmarks/instances/bayesian_networks/pcnf/pigs/151.cnf compile | tr '\n' ' '",/data/schlandals/pwmc_benchmarks/instances/bayesian_networks/pcnf/pigs/151.cnf,"Final circuit size: 13652 Estimated probability 0.28125000 (epsilon 0) found in 0 seconds ",
166,:,1737406392.000,1.000,0,90,0,0,"schlandals --timeout 600 -i /data/schlandals/pwmc_benchmarks/instances/bayesian_networks/pcnf/pigs/166.cnf compile | tr '\n' ' '",/data/schlandals/pwmc_benchmarks/instances/bayesian_networks/pcnf/pigs/166.cnf,"Final circuit size: 17102 Estimated probability 0.25781250 (epsilon 0) found in 0 seconds ",
214,:,1737406393.000,0.000,0,89,0,0,"schlandals --timeout 600 -i /data/schlandals/pwmc_benchmarks/instances/bayesian_networks/pcnf/pigs/214.cnf compile | tr '\n' ' '",/data/schlandals/pwmc_benchmarks/instances/bayesian_networks/pcnf/pigs/214.cnf,"Final circuit size: 3984 Estimated probability 0.25000000 (epsilon 0) found in 0 seconds ",
152,:,1737406392.000,1.000,0,90,0,0,"schlandals --timeout 600 -i /data/schlandals/pwmc_benchmarks/instances/bayesian_networks/pcnf/pigs/152.cnf compile | tr '\n' ' '",/data/schlandals/pwmc_benchmarks/instances/bayesian_networks/pcnf/pigs/152.cnf,"Final circuit size: 13758 Estimated probability 0.43750000 (epsilon 0) found in 0 seconds ",
164,:,1737406392.000,1.000,0,90,0,0,"schlandals --timeout 600 -i /data/schlandals/pwmc_benchmarks/instances/bayesian_networks/pcnf/pigs/164.cnf compile | tr '\n' ' '",/data/schlandals/pwmc_benchmarks/instances/bayesian_networks/pcnf/pigs/164.cnf,"Final circuit size: 17652 Estimated probability 0.48437500 (epsilon 0) found in 0 seconds ",
167,:,1737406392.000,1.000,0,90,0,0,"schlandals --timeout 600 -i /data/schlandals/pwmc_benchmarks/instances/bayesian_networks/pcnf/pigs/167.cnf compile | tr '\n' ' '",/data/schlandals/pwmc_benchmarks/instances/bayesian_networks/pcnf/pigs/167.cnf,"Final circuit size: 17697 Estimated probability 0.48437500 (epsilon 0) found in 0 seconds ",
216,:,1737406393.000,0.000,0,89,0,0,"schlandals --timeout 600 -i /data/schlandals/pwmc_benchmarks/instances/bayesian_networks/pcnf/pigs/216.cnf compile | tr '\n' ' '",/data/schlandals/pwmc_benchmarks/instances/bayesian_networks/pcnf/pigs/216.cnf,"Final circuit size: 3938 Estimated probability 0.25000000 (epsilon 0) found in 0 seconds ",
244,:,1737406393.000,0.000,0,87,0,0,"schlandals --timeout 600 -i /data/schlandals/pwmc_benchmarks/instances/bayesian_networks/pcnf/pigs/244.cnf compile | tr '\n' ' '",/data/schlandals/pwmc_benchmarks/instances/bayesian_networks/pcnf/pigs/244.cnf,"Final circuit size: 22 Estimated probability 0.25000000 (epsilon 0) found in 0 seconds ",
160,:,1737406392.000,1.000,0,90,0,0,"schlandals --timeout 600 -i /data/schlandals/pwmc_benchmarks/instances/bayesian_networks/pcnf/pigs/160.cnf compile | tr '\n' ' '",/data/schlandals/pwmc_benchmarks/instances/bayesian_networks/pcnf/pigs/160.cnf,"Final circuit size: 16977 Estimated probability 0.25781250 (epsilon 0) found in 0 seconds ",
245,:,1737406393.000,0.000,0,87,0,0,"schlandals --timeout 600 -i /data/schlandals/pwmc_benchmarks/instances/bayesian_networks/pcnf/pigs/245.cnf compile | tr '\n' ' '",/data/schlandals/pwmc_benchmarks/instances/bayesian_networks/pcnf/pigs/245.cnf,"Final circuit size: 34 Estimated probability 0.50000000 (epsilon 0) found in 0 seconds ",
246,:,1737406393.000,0.000,0,87,0,0,"schlandals --timeout 600 -i /data/schlandals/pwmc_benchmarks/instances/bayesian_networks/pcnf/pigs/246.cnf compile | tr '\n' ' '",/data/schlandals/pwmc_benchmarks/instances/bayesian_networks/pcnf/pigs/246.cnf,"Final circuit size: 22 Estimated probability 0.25000000 (epsilon 0) found in 0 seconds ",
168,:,1737406392.000,1.000,0,90,0,0,"schlandals --timeout 600 -i /data/schlandals/pwmc_benchmarks/instances/bayesian_networks/pcnf/pigs/168.cnf compile | tr '\n' ' '",/data/schlandals/pwmc_benchmarks/instances/bayesian_networks/pcnf/pigs/168.cnf,"Final circuit size: 17210 Estimated probability 0.25781250 (epsilon 0) found in 0 seconds ",
162,:,1737406392.000,1.000,0,90,0,0,"schlandals --timeout 600 -i /data/schlandals/pwmc_benchmarks/instances/bayesian_networks/pcnf/pigs/162.cnf compile | tr '\n' ' '",/data/schlandals/pwmc_benchmarks/instances/bayesian_networks/pcnf/pigs/162.cnf,"Final circuit size: 17231 Estimated probability 0.25781250 (epsilon 0) found in 0 seconds ",
163,:,1737406392.000,1.000,0,90,0,0,"schlandals --timeout 600 -i /data/schlandals/pwmc_benchmarks/instances/bayesian_networks/pcnf/pigs/163.cnf compile | tr '\n' ' '",/data/schlandals/pwmc_benchmarks/instances/bayesian_networks/pcnf/pigs/163.cnf,"Final circuit size: 17069 Estimated probability 0.25781250 (epsilon 0) found in 0 seconds ",
191,:,1737406392.000,1.000,0,90,0,0,"schlandals --timeout 600 -i /data/schlandals/pwmc_benchmarks/instances/bayesian_networks/pcnf/pigs/191.cnf compile | tr '\n' ' '",/data/schlandals/pwmc_benchmarks/instances/bayesian_networks/pcnf/pigs/191.cnf,"Final circuit size: 13613 Estimated probability 0.50000000 (epsilon 0) found in 0 seconds ",
186,:,1737406392.000,1.000,0,90,0,0,"schlandals --timeout 600 -i /data/schlandals/pwmc_benchmarks/instances/bayesian_networks/pcnf/pigs/186.cnf compile | tr '\n' ' '",/data/schlandals/pwmc_benchmarks/instances/bayesian_networks/pcnf/pigs/186.cnf,"Final circuit size: 10742 Estimated probability 0.25000000 (epsilon 0) found in 0 seconds ",
253,:,1737406393.000,0.000,0,88,0,0,"schlandals --timeout 600 -i /data/schlandals/pwmc_benchmarks/instances/bayesian_networks/pcnf/pigs/253.cnf compile | tr '\n' ' '",/data/schlandals/pwmc_benchmarks/instances/bayesian_networks/pcnf/pigs/253.cnf,"Final circuit size: 372 Estimated probability 0.25000000 (epsilon 0) found in 0 seconds ",
182,:,1737406392.000,1.000,0,90,0,0,"schlandals --timeout 600 -i /data/schlandals/pwmc_benchmarks/instances/bayesian_networks/pcnf/pigs/182.cnf compile | tr '\n' ' '",/data/schlandals/pwmc_benchmarks/instances/bayesian_networks/pcnf/pigs/182.cnf,"Final circuit size: 13569 Estimated probability 0.50000000 (epsilon 0) found in 0 seconds ",
254,:,1737406393.000,0.000,0,88,0,0,"schlandals --timeout 600 -i /data/schlandals/pwmc_benchmarks/instances/bayesian_networks/pcnf/pigs/254.cnf compile | tr '\n' ' '",/data/schlandals/pwmc_benchmarks/instances/bayesian_networks/pcnf/pigs/254.cnf,"Final circuit size: 557 Estimated probability 0.50000000 (epsilon 0) found in 0 seconds ",
256,:,1737406393.000,0.000,0,88,0,0,"schlandals --timeout 600 -i /data/schlandals/pwmc_benchmarks/instances/bayesian_networks/pcnf/pigs/256.cnf compile | tr '\n' ' '",/data/schlandals/pwmc_benchmarks/instances/bayesian_networks/pcnf/pigs/256.cnf,"Final circuit size: 372 Estimated probability 0.25000000 (epsilon 0) found in 0 seconds ",
161,:,1737406392.000,1.000,0,90,0,0,"schlandals --timeout 600 -i /data/schlandals/pwmc_benchmarks/instances/bayesian_networks/pcnf/pigs/161.cnf compile | tr '\n' ' '",/data/schlandals/pwmc_benchmarks/instances/bayesian_networks/pcnf/pigs/161.cnf,"Final circuit size: 17865 Estimated probability 0.48437500 (epsilon 0) found in 0 seconds ",
255,:,1737406393.000,0.000,0,88,0,0,"schlandals --timeout 600 -i /data/schlandals/pwmc_benchmarks/instances/bayesian_networks/pcnf/pigs/255.cnf compile | tr '\n' ' '",/data/schlandals/pwmc_benchmarks/instances/bayesian_networks/pcnf/pigs/255.cnf,"Final circuit size: 372 Estimated probability 0.25000000 (epsilon 0) found in 0 seconds ",
250,:,1737406393.000,0.000,0,89,0,0,"schlandals --timeout 600 -i /data/schlandals/pwmc_benchmarks/instances/bayesian_networks/pcnf/pigs/250.cnf compile | tr '\n' ' '",/data/schlandals/pwmc_benchmarks/instances/bayesian_networks/pcnf/pigs/250.cnf,"Final circuit size: 3502 Estimated probability 0.26562500 (epsilon 0) found in 0 seconds ",
258,:,1737406393.000,0.000,0,88,0,0,"schlandals --timeout 600 -i /data/schlandals/pwmc_benchmarks/instances/bayesian_networks/pcnf/pigs/258.cnf compile | tr '\n' ' '",/data/schlandals/pwmc_benchmarks/instances/bayesian_networks/pcnf/pigs/258.cnf,"Final circuit size: 372 Estimated probability 0.25000000 (epsilon 0) found in 0 seconds ",
257,:,1737406393.000,0.000,0,88,0,0,"schlandals --timeout 600 -i /data/schlandals/pwmc_benchmarks/instances/bayesian_networks/pcnf/pigs/257.cnf compile | tr '\n' ' '",/data/schlandals/pwmc_benchmarks/instances/bayesian_networks/pcnf/pigs/257.cnf,"Final circuit size: 557 Estimated probability 0.50000000 (epsilon 0) found in 0 seconds ",
190,:,1737406392.000,1.000,0,90,0,0,"schlandals --timeout 600 -i /data/schlandals/pwmc_benchmarks/instances/bayesian_networks/pcnf/pigs/190.cnf compile | tr '\n' ' '",/data/schlandals/pwmc_benchmarks/instances/bayesian_networks/pcnf/pigs/190.cnf,"Final circuit size: 12708 Estimated probability 0.25000000 (epsilon 0) found in 0 seconds ",
264,:,1737406393.000,0.000,0,88,0,0,"schlandals --timeout 600 -i /data/schlandals/pwmc_benchmarks/instances/bayesian_networks/pcnf/pigs/264.cnf compile | tr '\n' ' '",/data/schlandals/pwmc_benchmarks/instances/bayesian_networks/pcnf/pigs/264.cnf,"Final circuit size: 108 Estimated probability 0.25000000 (epsilon 0) found in 0 seconds ",
262,:,1737406393.000,0.000,0,88,0,0,"schlandals --timeout 600 -i /data/schlandals/pwmc_benchmarks/instances/bayesian_networks/pcnf/pigs/262.cnf compile | tr '\n' ' '",/data/schlandals/pwmc_benchmarks/instances/bayesian_networks/pcnf/pigs/262.cnf,"Final circuit size: 108 Estimated probability 0.25000000 (epsilon 0) found in 0 seconds ",
263,:,1737406393.000,0.000,0,88,0,0,"schlandals --timeout 600 -i /data/schlandals/pwmc_benchmarks/instances/bayesian_networks/pcnf/pigs/263.cnf compile | tr '\n' ' '",/data/schlandals/pwmc_benchmarks/instances/bayesian_networks/pcnf/pigs/263.cnf,"Final circuit size: 162 Estimated probability 0.50000000 (epsilon 0) found in 0 seconds ",
265,:,1737406393.000,0.000,0,87,0,0,"schlandals --timeout 600 -i /data/schlandals/pwmc_benchmarks/instances/bayesian_networks/pcnf/pigs/265.cnf compile | tr '\n' ' '",/data/schlandals/pwmc_benchmarks/instances/bayesian_networks/pcnf/pigs/265.cnf,"Final circuit size: 22 Estimated probability 0.25000000 (epsilon 0) found in 0 seconds ",
192,:,1737406392.000,1.000,0,90,0,0,"schlandals --timeout 600 -i /data/schlandals/pwmc_benchmarks/instances/bayesian_networks/pcnf/pigs/192.cnf compile | tr '\n' ' '",/data/schlandals/pwmc_benchmarks/instances/bayesian_networks/pcnf/pigs/192.cnf,"Final circuit size: 12813 Estimated probability 0.25000000 (epsilon 0) found in 0 seconds ",
266,:,1737406393.000,0.000,0,87,0,0,"schlandals --timeout 600 -i /data/schlandals/pwmc_benchmarks/instances/bayesian_networks/pcnf/pigs/266.cnf compile | tr '\n' ' '",/data/schlandals/pwmc_benchmarks/instances/bayesian_networks/pcnf/pigs/266.cnf,"Final circuit size: 34 Estimated probability 0.50000000 (epsilon 0) found in 0 seconds ",
267,:,1737406393.000,0.000,0,87,0,0,"schlandals --timeout 600 -i /data/schlandals/pwmc_benchmarks/instances/bayesian_networks/pcnf/pigs/267.cnf compile | tr '\n' ' '",/data/schlandals/pwmc_benchmarks/instances/bayesian_networks/pcnf/pigs/267.cnf,"Final circuit size: 22 Estimated probability 0.25000000 (epsilon 0) found in 0 seconds ",
203,:,1737406392.000,1.000,0,90,0,0,"schlandals --timeout 600 -i /data/schlandals/pwmc_benchmarks/instances/bayesian_networks/pcnf/pigs/203.cnf compile | tr '\n' ' '",/data/schlandals/pwmc_benchmarks/instances/bayesian_networks/pcnf/pigs/203.cnf,"Final circuit size: 13456 Estimated probability 0.50000000 (epsilon 0) found in 0 seconds ",
251,:,1737406393.000,0.000,0,89,0,0,"schlandals --timeout 600 -i /data/schlandals/pwmc_benchmarks/instances/bayesian_networks/pcnf/pigs/251.cnf compile | tr '\n' ' '",/data/schlandals/pwmc_benchmarks/instances/bayesian_networks/pcnf/pigs/251.cnf,"Final circuit size: 3653 Estimated probability 0.46875000 (epsilon 0) found in 0 seconds ",
252,:,1737406393.000,0.000,0,89,0,0,"schlandals --timeout 600 -i /data/schlandals/pwmc_benchmarks/instances/bayesian_networks/pcnf/pigs/252.cnf compile | tr '\n' ' '",/data/schlandals/pwmc_benchmarks/instances/bayesian_networks/pcnf/pigs/252.cnf,"Final circuit size: 3400 Estimated probability 0.26562500 (epsilon 0) found in 0 seconds ",
268,:,1737406393.000,0.000,0,88,0,0,"schlandals --timeout 600 -i /data/schlandals/pwmc_benchmarks/instances/bayesian_networks/pcnf/pigs/268.cnf compile | tr '\n' ' '",/data/schlandals/pwmc_benchmarks/instances/bayesian_networks/pcnf/pigs/268.cnf,"Final circuit size: 111 Estimated probability 0.25000000 (epsilon 0) found in 0 seconds ",
269,:,1737406393.000,0.000,0,88,0,0,"schlandals --timeout 600 -i /data/schlandals/pwmc_benchmarks/instances/bayesian_networks/pcnf/pigs/269.cnf compile | tr '\n' ' '",/data/schlandals/pwmc_benchmarks/instances/bayesian_networks/pcnf/pigs/269.cnf,"Final circuit size: 162 Estimated probability 0.50000000 (epsilon 0) found in 0 seconds ",
272,:,1737406393.000,0.000,0,88,0,0,"schlandals --timeout 600 -i /data/schlandals/pwmc_benchmarks/instances/bayesian_networks/pcnf/pigs/272.cnf compile | tr '\n' ' '",/data/schlandals/pwmc_benchmarks/instances/bayesian_networks/pcnf/pigs/272.cnf,"Final circuit size: 162 Estimated probability 0.50000000 (epsilon 0) found in 0 seconds ",
183,:,1737406392.000,1.000,0,90,0,0,"schlandals --timeout 600 -i /data/schlandals/pwmc_benchmarks/instances/bayesian_networks/pcnf/pigs/183.cnf compile | tr '\n' ' '",/data/schlandals/pwmc_benchmarks/instances/bayesian_networks/pcnf/pigs/183.cnf,"Final circuit size: 10749 Estimated probability 0.25000000 (epsilon 0) found in 0 seconds ",
206,:,1737406392.000,1.000,0,90,0,0,"schlandals --timeout 600 -i /data/schlandals/pwmc_benchmarks/instances/bayesian_networks/pcnf/pigs/206.cnf compile | tr '\n' ' '",/data/schlandals/pwmc_benchmarks/instances/bayesian_networks/pcnf/pigs/206.cnf,"Final circuit size: 13456 Estimated probability 0.50000000 (epsilon 0) found in 0 seconds ",
270,:,1737406393.000,0.000,0,88,0,0,"schlandals --timeout 600 -i /data/schlandals/pwmc_benchmarks/instances/bayesian_networks/pcnf/pigs/270.cnf compile | tr '\n' ' '",/data/schlandals/pwmc_benchmarks/instances/bayesian_networks/pcnf/pigs/270.cnf,"Final circuit size: 111 Estimated probability 0.25000000 (epsilon 0) found in 0 seconds ",
271,:,1737406393.000,0.000,0,88,0,0,"schlandals --timeout 600 -i /data/schlandals/pwmc_benchmarks/instances/bayesian_networks/pcnf/pigs/271.cnf compile | tr '\n' ' '",/data/schlandals/pwmc_benchmarks/instances/bayesian_networks/pcnf/pigs/271.cnf,"Final circuit size: 108 Estimated probability 0.25000000 (epsilon 0) found in 0 seconds ",
209,:,1737406393.000,0.000,0,90,0,0,"schlandals --timeout 600 -i /data/schlandals/pwmc_benchmarks/instances/bayesian_networks/pcnf/pigs/209.cnf compile | tr '\n' ' '",/data/schlandals/pwmc_benchmarks/instances/bayesian_networks/pcnf/pigs/209.cnf,"Final circuit size: 13397 Estimated probability 0.50000000 (epsilon 0) found in 0 seconds ",
273,:,1737406393.000,0.000,0,88,0,0,"schlandals --timeout 600 -i /data/schlandals/pwmc_benchmarks/instances/bayesian_networks/pcnf/pigs/273.cnf compile | tr '\n' ' '",/data/schlandals/pwmc_benchmarks/instances/bayesian_networks/pcnf/pigs/273.cnf,"Final circuit size: 108 Estimated probability 0.25000000 (epsilon 0) found in 0 seconds ",
165,:,1737406392.000,1.000,0,90,0,0,"schlandals --timeout 600 -i /data/schlandals/pwmc_benchmarks/instances/bayesian_networks/pcnf/pigs/165.cnf compile | tr '\n' ' '",/data/schlandals/pwmc_benchmarks/instances/bayesian_networks/pcnf/pigs/165.cnf,"Final circuit size: 17063 Estimated probability 0.25781250 (epsilon 0) found in 0 seconds ",
181,:,1737406392.000,1.000,0,90,0,0,"schlandals --timeout 600 -i /data/schlandals/pwmc_benchmarks/instances/bayesian_networks/pcnf/pigs/181.cnf compile | tr '\n' ' '",/data/schlandals/pwmc_benchmarks/instances/bayesian_networks/pcnf/pigs/181.cnf,"Final circuit size: 10802 Estimated probability 0.25000000 (epsilon 0) found in 0 seconds ",
184,:,1737406392.000,1.000,0,90,0,0,"schlandals --timeout 600 -i /data/schlandals/pwmc_benchmarks/instances/bayesian_networks/pcnf/pigs/184.cnf compile | tr '\n' ' '",/data/schlandals/pwmc_benchmarks/instances/bayesian_networks/pcnf/pigs/184.cnf,"Final circuit size: 10863 Estimated probability 0.25000000 (epsilon 0) found in 0 seconds ",
277,:,1737406393.000,0.000,0,89,0,0,"schlandals --timeout 600 -i /data/schlandals/pwmc_benchmarks/instances/bayesian_networks/pcnf/pigs/277.cnf compile | tr '\n' ' '",/data/schlandals/pwmc_benchmarks/instances/bayesian_networks/pcnf/pigs/277.cnf,"Final circuit size: 1301 Estimated probability 0.25000000 (epsilon 0) found in 0 seconds ",
279,:,1737406393.000,0.000,0,89,0,0,"schlandals --timeout 600 -i /data/schlandals/pwmc_benchmarks/instances/bayesian_networks/pcnf/pigs/279.cnf compile | tr '\n' ' '",/data/schlandals/pwmc_benchmarks/instances/bayesian_networks/pcnf/pigs/279.cnf,"Final circuit size: 1352 Estimated probability 0.25000000 (epsilon 0) found in 0 seconds ",
278,:,1737406393.000,0.000,0,89,0,0,"schlandals --timeout 600 -i /data/schlandals/pwmc_benchmarks/instances/bayesian_networks/pcnf/pigs/278.cnf compile | tr '\n' ' '",/data/schlandals/pwmc_benchmarks/instances/bayesian_networks/pcnf/pigs/278.cnf,"Final circuit size: 1653 Estimated probability 0.50000000 (epsilon 0) found in 0 seconds ",
44,:,1737406392.000,1.000,0,90,0,0,"schlandals --timeout 600 -i /data/schlandals/pwmc_benchmarks/instances/bayesian_networks/pcnf/pigs/44.cnf compile | tr '\n' ' '",/data/schlandals/pwmc_benchmarks/instances/bayesian_networks/pcnf/pigs/44.cnf,"Final circuit size: 55041 Estimated probability 0.46875000 (epsilon 0) found in 1 seconds ",
248,:,1737406393.000,0.000,0,90,0,0,"schlandals --timeout 600 -i /data/schlandals/pwmc_benchmarks/instances/bayesian_networks/pcnf/pigs/248.cnf compile | tr '\n' ' '",/data/schlandals/pwmc_benchmarks/instances/bayesian_networks/pcnf/pigs/248.cnf,"Final circuit size: 13500 Estimated probability 0.50000000 (epsilon 0) found in 0 seconds ",
276,:,1737406393.000,0.000,0,89,0,0,"schlandals --timeout 600 -i /data/schlandals/pwmc_benchmarks/instances/bayesian_networks/pcnf/pigs/276.cnf compile | tr '\n' ' '",/data/schlandals/pwmc_benchmarks/instances/bayesian_networks/pcnf/pigs/276.cnf,"Final circuit size: 3948 Estimated probability 0.25000000 (epsilon 0) found in 0 seconds ",
202,:,1737406392.000,1.000,0,90,0,0,"schlandals --timeout 600 -i /data/schlandals/pwmc_benchmarks/instances/bayesian_networks/pcnf/pigs/202.cnf compile | tr '\n' ' '",/data/schlandals/pwmc_benchmarks/instances/bayesian_networks/pcnf/pigs/202.cnf,"Final circuit size: 10805 Estimated probability 0.25000000 (epsilon 0) found in 0 seconds ",
210,:,1737406393.000,0.000,0,90,0,0,"schlandals --timeout 600 -i /data/schlandals/pwmc_benchmarks/instances/bayesian_networks/pcnf/pigs/210.cnf compile | tr '\n' ' '",/data/schlandals/pwmc_benchmarks/instances/bayesian_networks/pcnf/pigs/210.cnf,"Final circuit size: 11134 Estimated probability 0.25000000 (epsilon 0) found in 0 seconds ",
289,:,1737406393.000,0.000,0,89,0,0,"schlandals --timeout 600 -i /data/schlandals/pwmc_benchmarks/instances/bayesian_networks/pcnf/pigs/289.cnf compile | tr '\n' ' '",/data/schlandals/pwmc_benchmarks/instances/bayesian_networks/pcnf/pigs/289.cnf,"Final circuit size: 1265 Estimated probability 0.25000000 (epsilon 0) found in 0 seconds ",
66,:,1737406392.000,1.000,0,90,0,0,"schlandals --timeout 600 -i /data/schlandals/pwmc_benchmarks/instances/bayesian_networks/pcnf/pigs/66.cnf compile | tr '\n' ' '",/data/schlandals/pwmc_benchmarks/instances/bayesian_networks/pcnf/pigs/66.cnf,"Final circuit size: 47378 Estimated probability 0.25781250 (epsilon 0) found in 1 seconds ",
275,:,1737406393.000,0.000,0,89,0,0,"schlandals --timeout 600 -i /data/schlandals/pwmc_benchmarks/instances/bayesian_networks/pcnf/pigs/275.cnf compile | tr '\n' ' '",/data/schlandals/pwmc_benchmarks/instances/bayesian_networks/pcnf/pigs/275.cnf,"Final circuit size: 4896 Estimated probability 0.50000000 (epsilon 0) found in 0 seconds ",
290,:,1737406393.000,0.000,0,89,0,0,"schlandals --timeout 600 -i /data/schlandals/pwmc_benchmarks/instances/bayesian_networks/pcnf/pigs/290.cnf compile | tr '\n' ' '",/data/schlandals/pwmc_benchmarks/instances/bayesian_networks/pcnf/pigs/290.cnf,"Final circuit size: 1642 Estimated probability 0.50000000 (epsilon 0) found in 0 seconds ",
291,:,1737406393.000,0.000,0,89,0,0,"schlandals --timeout 600 -i /data/schlandals/pwmc_benchmarks/instances/bayesian_networks/pcnf/pigs/291.cnf compile | tr '\n' ' '",/data/schlandals/pwmc_benchmarks/instances/bayesian_networks/pcnf/pigs/291.cnf,"Final circuit size: 1267 Estimated probability 0.25000000 (epsilon 0) found in 0 seconds ",
292,:,1737406393.000,0.000,0,89,0,0,"schlandals --timeout 600 -i /data/schlandals/pwmc_benchmarks/instances/bayesian_networks/pcnf/pigs/292.cnf compile | tr '\n' ' '",/data/schlandals/pwmc_benchmarks/instances/bayesian_networks/pcnf/pigs/292.cnf,"Final circuit size: 1289 Estimated probability 0.25000000 (epsilon 0) found in 0 seconds ",
274,:,1737406393.000,0.000,0,89,0,0,"schlandals --timeout 600 -i /data/schlandals/pwmc_benchmarks/instances/bayesian_networks/pcnf/pigs/274.cnf compile | tr '\n' ' '",/data/schlandals/pwmc_benchmarks/instances/bayesian_networks/pcnf/pigs/274.cnf,"Final circuit size: 3956 Estimated probability 0.25000000 (epsilon 0) found in 0 seconds ",
293,:,1737406393.000,0.000,0,89,0,0,"schlandals --timeout 600 -i /data/schlandals/pwmc_benchmarks/instances/bayesian_networks/pcnf/pigs/293.cnf compile | tr '\n' ' '",/data/schlandals/pwmc_benchmarks/instances/bayesian_networks/pcnf/pigs/293.cnf,"Final circuit size: 1585 Estimated probability 0.50000000 (epsilon 0) found in 0 seconds ",
204,:,1737406392.000,1.000,0,90,0,0,"schlandals --timeout 600 -i /data/schlandals/pwmc_benchmarks/instances/bayesian_networks/pcnf/pigs/204.cnf compile | tr '\n' ' '",/data/schlandals/pwmc_benchmarks/instances/bayesian_networks/pcnf/pigs/204.cnf,"Final circuit size: 11143 Estimated probability 0.25000000 (epsilon 0) found in 0 seconds ",
294,:,1737406393.000,0.000,0,89,0,0,"schlandals --timeout 600 -i /data/schlandals/pwmc_benchmarks/instances/bayesian_networks/pcnf/pigs/294.cnf compile | tr '\n' ' '",/data/schlandals/pwmc_benchmarks/instances/bayesian_networks/pcnf/pigs/294.cnf,"Final circuit size: 1265 Estimated probability 0.25000000 (epsilon 0) found in 0 seconds ",
205,:,1737406392.000,1.000,0,90,0,0,"schlandals --timeout 600 -i /data/schlandals/pwmc_benchmarks/instances/bayesian_networks/pcnf/pigs/205.cnf compile | tr '\n' ' '",/data/schlandals/pwmc_benchmarks/instances/bayesian_networks/pcnf/pigs/205.cnf,"Final circuit size: 11002 Estimated probability 0.25000000 (epsilon 0) found in 0 seconds ",
301,:,1737406393.000,0.000,0,88,0,0,"schlandals --timeout 600 -i /data/schlandals/pwmc_benchmarks/instances/bayesian_networks/pcnf/pigs/301.cnf compile | tr '\n' ' '",/data/schlandals/pwmc_benchmarks/instances/bayesian_networks/pcnf/pigs/301.cnf,"Final circuit size: 108 Estimated probability 0.25000000 (epsilon 0) found in 0 seconds ",
207,:,1737406392.000,1.000,0,90,0,0,"schlandals --timeout 600 -i /data/schlandals/pwmc_benchmarks/instances/bayesian_networks/pcnf/pigs/207.cnf compile | tr '\n' ' '",/data/schlandals/pwmc_benchmarks/instances/bayesian_networks/pcnf/pigs/207.cnf,"Final circuit size: 11095 Estimated probability 0.25000000 (epsilon 0) found in 0 seconds ",
281,:,1737406393.000,0.000,0,89,0,0,"schlandals --timeout 600 -i /data/schlandals/pwmc_benchmarks/instances/bayesian_networks/pcnf/pigs/281.cnf compile | tr '\n' ' '",/data/schlandals/pwmc_benchmarks/instances/bayesian_networks/pcnf/pigs/281.cnf,"Final circuit size: 5182 Estimated probability 0.50000000 (epsilon 0) found in 0 seconds ",
283,:,1737406393.000,0.000,0,89,0,0,"schlandals --timeout 600 -i /data/schlandals/pwmc_benchmarks/instances/bayesian_networks/pcnf/pigs/283.cnf compile | tr '\n' ' '",/data/schlandals/pwmc_benchmarks/instances/bayesian_networks/pcnf/pigs/283.cnf,"Final circuit size: 3471 Estimated probability 0.25000000 (epsilon 0) found in 0 seconds ",
208,:,1737406393.000,0.000,0,90,0,0,"schlandals --timeout 600 -i /data/schlandals/pwmc_benchmarks/instances/bayesian_networks/pcnf/pigs/208.cnf compile | tr '\n' ' '",/data/schlandals/pwmc_benchmarks/instances/bayesian_networks/pcnf/pigs/208.cnf,"Final circuit size: 10995 Estimated probability 0.25000000 (epsilon 0) found in 0 seconds ",
302,:,1737406393.000,0.000,0,88,0,0,"schlandals --timeout 600 -i /data/schlandals/pwmc_benchmarks/instances/bayesian_networks/pcnf/pigs/302.cnf compile | tr '\n' ' '",/data/schlandals/pwmc_benchmarks/instances/bayesian_networks/pcnf/pigs/302.cnf,"Final circuit size: 162 Estimated probability 0.50000000 (epsilon 0) found in 0 seconds ",
298,:,1737406393.000,0.000,0,89,0,0,"schlandals --timeout 600 -i /data/schlandals/pwmc_benchmarks/instances/bayesian_networks/pcnf/pigs/298.cnf compile | tr '\n' ' '",/data/schlandals/pwmc_benchmarks/instances/bayesian_networks/pcnf/pigs/298.cnf,"Final circuit size: 1289 Estimated probability 0.25000000 (epsilon 0) found in 0 seconds ",
303,:,1737406393.000,0.000,0,88,0,0,"schlandals --timeout 600 -i /data/schlandals/pwmc_benchmarks/instances/bayesian_networks/pcnf/pigs/303.cnf compile | tr '\n' ' '",/data/schlandals/pwmc_benchmarks/instances/bayesian_networks/pcnf/pigs/303.cnf,"Final circuit size: 108 Estimated probability 0.25000000 (epsilon 0) found in 0 seconds ",
249,:,1737406393.000,0.000,0,90,0,0,"schlandals --timeout 600 -i /data/schlandals/pwmc_benchmarks/instances/bayesian_networks/pcnf/pigs/249.cnf compile | tr '\n' ' '",/data/schlandals/pwmc_benchmarks/instances/bayesian_networks/pcnf/pigs/249.cnf,"Final circuit size: 10809 Estimated probability 0.25000000 (epsilon 0) found in 0 seconds ",
299,:,1737406393.000,0.000,0,89,0,0,"schlandals --timeout 600 -i /data/schlandals/pwmc_benchmarks/instances/bayesian_networks/pcnf/pigs/299.cnf compile | tr '\n' ' '",/data/schlandals/pwmc_benchmarks/instances/bayesian_networks/pcnf/pigs/299.cnf,"Final circuit size: 1641 Estimated probability 0.50000000 (epsilon 0) found in 0 seconds ",
300,:,1737406393.000,0.000,0,89,0,0,"schlandals --timeout 600 -i /data/schlandals/pwmc_benchmarks/instances/bayesian_networks/pcnf/pigs/300.cnf compile | tr '\n' ' '",/data/schlandals/pwmc_benchmarks/instances/bayesian_networks/pcnf/pigs/300.cnf,"Final circuit size: 1275 Estimated probability 0.25000000 (epsilon 0) found in 0 seconds ",
65,:,1737406392.000,1.000,0,90,0,0,"schlandals --timeout 600 -i /data/schlandals/pwmc_benchmarks/instances/bayesian_networks/pcnf/pigs/65.cnf compile | tr '\n' ' '",/data/schlandals/pwmc_benchmarks/instances/bayesian_networks/pcnf/pigs/65.cnf,"Final circuit size: 48818 Estimated probability 0.48437500 (epsilon 0) found in 1 seconds ",
280,:,1737406393.000,0.000,0,89,0,0,"schlandals --timeout 600 -i /data/schlandals/pwmc_benchmarks/instances/bayesian_networks/pcnf/pigs/280.cnf compile | tr '\n' ' '",/data/schlandals/pwmc_benchmarks/instances/bayesian_networks/pcnf/pigs/280.cnf,"Final circuit size: 3471 Estimated probability 0.25000000 (epsilon 0) found in 0 seconds ",
284,:,1737406393.000,0.000,0,89,0,0,"schlandals --timeout 600 -i /data/schlandals/pwmc_benchmarks/instances/bayesian_networks/pcnf/pigs/284.cnf compile | tr '\n' ' '",/data/schlandals/pwmc_benchmarks/instances/bayesian_networks/pcnf/pigs/284.cnf,"Final circuit size: 5176 Estimated probability 0.50000000 (epsilon 0) found in 0 seconds ",
247,:,1737406393.000,0.000,0,90,0,0,"schlandals --timeout 600 -i /data/schlandals/pwmc_benchmarks/instances/bayesian_networks/pcnf/pigs/247.cnf compile | tr '\n' ' '",/data/schlandals/pwmc_benchmarks/instances/bayesian_networks/pcnf/pigs/247.cnf,"Final circuit size: 10767 Estimated probability 0.25000000 (epsilon 0) found in 0 seconds ",
282,:,1737406393.000,0.000,0,89,0,0,"schlandals --timeout 600 -i /data/schlandals/pwmc_benchmarks/instances/bayesian_networks/pcnf/pigs/282.cnf compile | tr '\n' ' '",/data/schlandals/pwmc_benchmarks/instances/bayesian_networks/pcnf/pigs/282.cnf,"Final circuit size: 3463 Estimated probability 0.25000000 (epsilon 0) found in 0 seconds ",
285,:,1737406393.000,0.000,0,89,0,0,"schlandals --timeout 600 -i /data/schlandals/pwmc_benchmarks/instances/bayesian_networks/pcnf/pigs/285.cnf compile | tr '\n' ' '",/data/schlandals/pwmc_benchmarks/instances/bayesian_networks/pcnf/pigs/285.cnf,"Final circuit size: 3457 Estimated probability 0.25000000 (epsilon 0) found in 0 seconds ",
316,:,1737406393.000,0.000,0,87,0,0,"schlandals --timeout 600 -i /data/schlandals/pwmc_benchmarks/instances/bayesian_networks/pcnf/pigs/316.cnf compile | tr '\n' ' '",/data/schlandals/pwmc_benchmarks/instances/bayesian_networks/pcnf/pigs/316.cnf,"Final circuit size: 22 Estimated probability 0.25000000 (epsilon 0) found in 0 seconds ",
317,:,1737406393.000,0.000,0,87,0,0,"schlandals --timeout 600 -i /data/schlandals/pwmc_benchmarks/instances/bayesian_networks/pcnf/pigs/317.cnf compile | tr '\n' ' '",/data/schlandals/pwmc_benchmarks/instances/bayesian_networks/pcnf/pigs/317.cnf,"Final circuit size: 34 Estimated probability 0.50000000 (epsilon 0) found in 0 seconds ",
318,:,1737406393.000,0.000,0,87,0,0,"schlandals --timeout 600 -i /data/schlandals/pwmc_benchmarks/instances/bayesian_networks/pcnf/pigs/318.cnf compile | tr '\n' ' '",/data/schlandals/pwmc_benchmarks/instances/bayesian_networks/pcnf/pigs/318.cnf,"Final circuit size: 22 Estimated probability 0.25000000 (epsilon 0) found in 0 seconds ",
64,:,1737406392.000,1.000,0,90,0,0,"schlandals --timeout 600 -i /data/schlandals/pwmc_benchmarks/instances/bayesian_networks/pcnf/pigs/64.cnf compile | tr '\n' ' '",/data/schlandals/pwmc_benchmarks/instances/bayesian_networks/pcnf/pigs/64.cnf,"Final circuit size: 47553 Estimated probability 0.25781250 (epsilon 0) found in 1 seconds ",
304,:,1737406393.000,0.000,0,89,0,0,"schlandals --timeout 600 -i /data/schlandals/pwmc_benchmarks/instances/bayesian_networks/pcnf/pigs/304.cnf compile | tr '\n' ' '",/data/schlandals/pwmc_benchmarks/instances/bayesian_networks/pcnf/pigs/304.cnf,"Final circuit size: 3956 Estimated probability 0.25000000 (epsilon 0) found in 0 seconds ",
305,:,1737406393.000,0.000,0,89,0,0,"schlandals --timeout 600 -i /data/schlandals/pwmc_benchmarks/instances/bayesian_networks/pcnf/pigs/305.cnf compile | tr '\n' ' '",/data/schlandals/pwmc_benchmarks/instances/bayesian_networks/pcnf/pigs/305.cnf,"Final circuit size: 4896 Estimated probability 0.50000000 (epsilon 0) found in 0 seconds ",
313,:,1737406393.000,0.000,0,89,0,0,"schlandals --timeout 600 -i /data/schlandals/pwmc_benchmarks/instances/bayesian_networks/pcnf/pigs/313.cnf compile | tr '\n' ' '",/data/schlandals/pwmc_benchmarks/instances/bayesian_networks/pcnf/pigs/313.cnf,"Final circuit size: 3938 Estimated probability 0.25000000 (epsilon 0) found in 0 seconds ",
260,:,1737406393.000,0.000,0,90,0,0,"schlandals --timeout 600 -i /data/schlandals/pwmc_benchmarks/instances/bayesian_networks/pcnf/pigs/260.cnf compile | tr '\n' ' '",/data/schlandals/pwmc_benchmarks/instances/bayesian_networks/pcnf/pigs/260.cnf,"Final circuit size: 14550 Estimated probability 0.50000000 (epsilon 0) found in 0 seconds ",
306,:,1737406393.000,0.000,0,89,0,0,"schlandals --timeout 600 -i /data/schlandals/pwmc_benchmarks/instances/bayesian_networks/pcnf/pigs/306.cnf compile | tr '\n' ' '",/data/schlandals/pwmc_benchmarks/instances/bayesian_networks/pcnf/pigs/306.cnf,"Final circuit size: 3948 Estimated probability 0.25000000 (epsilon 0) found in 0 seconds ",
314,:,1737406393.000,0.000,0,89,0,0,"schlandals --timeout 600 -i /data/schlandals/pwmc_benchmarks/instances/bayesian_networks/pcnf/pigs/314.cnf compile | tr '\n' ' '",/data/schlandals/pwmc_benchmarks/instances/bayesian_networks/pcnf/pigs/314.cnf,"Final circuit size: 4896 Estimated probability 0.50000000 (epsilon 0) found in 0 seconds ",
47,:,1737406392.000,1.000,0,90,0,0,"schlandals --timeout 600 -i /data/schlandals/pwmc_benchmarks/instances/bayesian_networks/pcnf/pigs/47.cnf compile | tr '\n' ' '",/data/schlandals/pwmc_benchmarks/instances/bayesian_networks/pcnf/pigs/47.cnf,"Final circuit size: 55490 Estimated probability 0.46875000 (epsilon 0) found in 1 seconds ",
315,:,1737406393.000,0.000,0,89,0,0,"schlandals --timeout 600 -i /data/schlandals/pwmc_benchmarks/instances/bayesian_networks/pcnf/pigs/315.cnf compile | tr '\n' ' '",/data/schlandals/pwmc_benchmarks/instances/bayesian_networks/pcnf/pigs/315.cnf,"Final circuit size: 3928 Estimated probability 0.25000000 (epsilon 0) found in 0 seconds ",
296,:,1737406393.000,0.000,0,90,0,0,"schlandals --timeout 600 -i /data/schlandals/pwmc_benchmarks/instances/bayesian_networks/pcnf/pigs/296.cnf compile | tr '\n' ' '",/data/schlandals/pwmc_benchmarks/instances/bayesian_networks/pcnf/pigs/296.cnf,"Final circuit size: 13858 Estimated probability 0.50000000 (epsilon 0) found in 0 seconds ",
328,:,1737406393.000,0.000,0,89,0,0,"schlandals --timeout 600 -i /data/schlandals/pwmc_benchmarks/instances/bayesian_networks/pcnf/pigs/328.cnf compile | tr '\n' ' '",/data/schlandals/pwmc_benchmarks/instances/bayesian_networks/pcnf/pigs/328.cnf,"Final circuit size: 3978 Estimated probability 0.25000000 (epsilon 0) found in 0 seconds ",
326,:,1737406393.000,0.000,0,89,0,0,"schlandals --timeout 600 -i /data/schlandals/pwmc_benchmarks/instances/bayesian_networks/pcnf/pigs/326.cnf compile | tr '\n' ' '",/data/schlandals/pwmc_benchmarks/instances/bayesian_networks/pcnf/pigs/326.cnf,"Final circuit size: 4687 Estimated probability 0.50000000 (epsilon 0) found in 0 seconds ",
325,:,1737406393.000,0.000,0,89,0,0,"schlandals --timeout 600 -i /data/schlandals/pwmc_benchmarks/instances/bayesian_networks/pcnf/pigs/325.cnf compile | tr '\n' ' '",/data/schlandals/pwmc_benchmarks/instances/bayesian_networks/pcnf/pigs/325.cnf,"Final circuit size: 3761 Estimated probability 0.25000000 (epsilon 0) found in 0 seconds ",
330,:,1737406393.000,0.000,0,89,0,0,"schlandals --timeout 600 -i /data/schlandals/pwmc_benchmarks/instances/bayesian_networks/pcnf/pigs/330.cnf compile | tr '\n' ' '",/data/schlandals/pwmc_benchmarks/instances/bayesian_networks/pcnf/pigs/330.cnf,"Final circuit size: 3948 Estimated probability 0.25000000 (epsilon 0) found in 0 seconds ",
327,:,1737406393.000,0.000,0,89,0,0,"schlandals --timeout 600 -i /data/schlandals/pwmc_benchmarks/instances/bayesian_networks/pcnf/pigs/327.cnf compile | tr '\n' ' '",/data/schlandals/pwmc_benchmarks/instances/bayesian_networks/pcnf/pigs/327.cnf,"Final circuit size: 3749 Estimated probability 0.25000000 (epsilon 0) found in 0 seconds ",
332,:,1737406393.000,0.000,0,89,0,0,"schlandals --timeout 600 -i /data/schlandals/pwmc_benchmarks/instances/bayesian_networks/pcnf/pigs/332.cnf compile | tr '\n' ' '",/data/schlandals/pwmc_benchmarks/instances/bayesian_networks/pcnf/pigs/332.cnf,"Final circuit size: 4631 Estimated probability 0.50000000 (epsilon 0) found in 0 seconds ",
288,:,1737406393.000,0.000,0,90,0,0,"schlandals --timeout 600 -i /data/schlandals/pwmc_benchmarks/instances/bayesian_networks/pcnf/pigs/288.cnf compile | tr '\n' ' '",/data/schlandals/pwmc_benchmarks/instances/bayesian_networks/pcnf/pigs/288.cnf,"Final circuit size: 10911 Estimated probability 0.25000000 (epsilon 0) found in 0 seconds ",
331,:,1737406393.000,0.000,0,89,0,0,"schlandals --timeout 600 -i /data/schlandals/pwmc_benchmarks/instances/bayesian_networks/pcnf/pigs/331.cnf compile | tr '\n' ' '",/data/schlandals/pwmc_benchmarks/instances/bayesian_networks/pcnf/pigs/331.cnf,"Final circuit size: 3789 Estimated probability 0.25000000 (epsilon 0) found in 0 seconds ",
259,:,1737406393.000,0.000,0,90,0,0,"schlandals --timeout 600 -i /data/schlandals/pwmc_benchmarks/instances/bayesian_networks/pcnf/pigs/259.cnf compile | tr '\n' ' '",/data/schlandals/pwmc_benchmarks/instances/bayesian_networks/pcnf/pigs/259.cnf,"Final circuit size: 13873 Estimated probability 0.25000000 (epsilon 0) found in 0 seconds ",
261,:,1737406393.000,0.000,0,90,0,0,"schlandals --timeout 600 -i /data/schlandals/pwmc_benchmarks/instances/bayesian_networks/pcnf/pigs/261.cnf compile | tr '\n' ' '",/data/schlandals/pwmc_benchmarks/instances/bayesian_networks/pcnf/pigs/261.cnf,"Final circuit size: 13860 Estimated probability 0.25000000 (epsilon 0) found in 0 seconds ",
329,:,1737406393.000,0.000,0,89,0,0,"schlandals --timeout 600 -i /data/schlandals/pwmc_benchmarks/instances/bayesian_networks/pcnf/pigs/329.cnf compile | tr '\n' ' '",/data/schlandals/pwmc_benchmarks/instances/bayesian_networks/pcnf/pigs/329.cnf,"Final circuit size: 4964 Estimated probability 0.50000000 (epsilon 0) found in 0 seconds ",
346,:,1737406393.000,0.000,0,88,0,0,"schlandals --timeout 600 -i /data/schlandals/pwmc_benchmarks/instances/bayesian_networks/pcnf/pigs/346.cnf compile | tr '\n' ' '",/data/schlandals/pwmc_benchmarks/instances/bayesian_networks/pcnf/pigs/346.cnf,"Final circuit size: 108 Estimated probability 0.25000000 (epsilon 0) found in 0 seconds ",
333,:,1737406393.000,0.000,0,89,0,0,"schlandals --timeout 600 -i /data/schlandals/pwmc_benchmarks/instances/bayesian_networks/pcnf/pigs/333.cnf compile | tr '\n' ' '",/data/schlandals/pwmc_benchmarks/instances/bayesian_networks/pcnf/pigs/333.cnf,"Final circuit size: 3775 Estimated probability 0.25000000 (epsilon 0) found in 0 seconds ",
347,:,1737406393.000,0.000,0,88,0,0,"schlandals --timeout 600 -i /data/schlandals/pwmc_benchmarks/instances/bayesian_networks/pcnf/pigs/347.cnf compile | tr '\n' ' '",/data/schlandals/pwmc_benchmarks/instances/bayesian_networks/pcnf/pigs/347.cnf,"Final circuit size: 162 Estimated probability 0.50000000 (epsilon 0) found in 0 seconds ",
287,:,1737406393.000,0.000,0,90,0,0,"schlandals --timeout 600 -i /data/schlandals/pwmc_benchmarks/instances/bayesian_networks/pcnf/pigs/287.cnf compile | tr '\n' ' '",/data/schlandals/pwmc_benchmarks/instances/bayesian_networks/pcnf/pigs/287.cnf,"Final circuit size: 13638 Estimated probability 0.50000000 (epsilon 0) found in 0 seconds ",
348,:,1737406393.000,0.000,0,88,0,0,"schlandals --timeout 600 -i /data/schlandals/pwmc_benchmarks/instances/bayesian_networks/pcnf/pigs/348.cnf compile | tr '\n' ' '",/data/schlandals/pwmc_benchmarks/instances/bayesian_networks/pcnf/pigs/348.cnf,"Final circuit size: 108 Estimated probability 0.25000000 (epsilon 0) found in 0 seconds ",
349,:,1737406393.000,0.000,0,88,0,0,"schlandals --timeout 600 -i /data/schlandals/pwmc_benchmarks/instances/bayesian_networks/pcnf/pigs/349.cnf compile | tr '\n' ' '",/data/schlandals/pwmc_benchmarks/instances/bayesian_networks/pcnf/pigs/349.cnf,"Final circuit size: 108 Estimated probability 0.25000000 (epsilon 0) found in 0 seconds ",
350,:,1737406393.000,0.000,0,88,0,0,"schlandals --timeout 600 -i /data/schlandals/pwmc_benchmarks/instances/bayesian_networks/pcnf/pigs/350.cnf compile | tr '\n' ' '",/data/schlandals/pwmc_benchmarks/instances/bayesian_networks/pcnf/pigs/350.cnf,"Final circuit size: 162 Estimated probability 0.50000000 (epsilon 0) found in 0 seconds ",
320,:,1737406393.000,0.000,0,90,0,0,"schlandals --timeout 600 -i /data/schlandals/pwmc_benchmarks/instances/bayesian_networks/pcnf/pigs/320.cnf compile | tr '\n' ' '",/data/schlandals/pwmc_benchmarks/instances/bayesian_networks/pcnf/pigs/320.cnf,"Final circuit size: 13719 Estimated probability 0.50000000 (epsilon 0) found in 0 seconds ",
286,:,1737406393.000,0.000,0,90,0,0,"schlandals --timeout 600 -i /data/schlandals/pwmc_benchmarks/instances/bayesian_networks/pcnf/pigs/286.cnf compile | tr '\n' ' '",/data/schlandals/pwmc_benchmarks/instances/bayesian_networks/pcnf/pigs/286.cnf,"Final circuit size: 11121 Estimated probability 0.25000000 (epsilon 0) found in 0 seconds ",
351,:,1737406393.000,0.000,0,88,0,0,"schlandals --timeout 600 -i /data/schlandals/pwmc_benchmarks/instances/bayesian_networks/pcnf/pigs/351.cnf compile | tr '\n' ' '",/data/schlandals/pwmc_benchmarks/instances/bayesian_networks/pcnf/pigs/351.cnf,"Final circuit size: 108 Estimated probability 0.25000000 (epsilon 0) found in 0 seconds ",
355,:,1737406393.000,0.000,0,88,0,0,"schlandals --timeout 600 -i /data/schlandals/pwmc_benchmarks/instances/bayesian_networks/pcnf/pigs/355.cnf compile | tr '\n' ' '",/data/schlandals/pwmc_benchmarks/instances/bayesian_networks/pcnf/pigs/355.cnf,"Final circuit size: 404 Estimated probability 0.25000000 (epsilon 0) found in 0 seconds ",
356,:,1737406393.000,1.000,0,88,0,0,"schlandals --timeout 600 -i /data/schlandals/pwmc_benchmarks/instances/bayesian_networks/pcnf/pigs/356.cnf compile | tr '\n' ' '",/data/schlandals/pwmc_benchmarks/instances/bayesian_networks/pcnf/pigs/356.cnf,"Final circuit size: 536 Estimated probability 0.50000000 (epsilon 0) found in 0 seconds ",
357,:,1737406393.000,1.000,0,88,0,0,"schlandals --timeout 600 -i /data/schlandals/pwmc_benchmarks/instances/bayesian_networks/pcnf/pigs/357.cnf compile | tr '\n' ' '",/data/schlandals/pwmc_benchmarks/instances/bayesian_networks/pcnf/pigs/357.cnf,"Final circuit size: 394 Estimated probability 0.25000000 (epsilon 0) found in 0 seconds ",
308,:,1737406393.000,1.000,0,90,0,0,"schlandals --timeout 600 -i /data/schlandals/pwmc_benchmarks/instances/bayesian_networks/pcnf/pigs/308.cnf compile | tr '\n' ' '",/data/schlandals/pwmc_benchmarks/instances/bayesian_networks/pcnf/pigs/308.cnf,"Final circuit size: 17652 Estimated probability 0.48437500 (epsilon 0) found in 0 seconds ",
321,:,1737406393.000,1.000,0,90,0,0,"schlandals --timeout 600 -i /data/schlandals/pwmc_benchmarks/instances/bayesian_networks/pcnf/pigs/321.cnf compile | tr '\n' ' '",/data/schlandals/pwmc_benchmarks/instances/bayesian_networks/pcnf/pigs/321.cnf,"Final circuit size: 13124 Estimated probability 0.25000000 (epsilon 0) found in 0 seconds ",
364,:,1737406394.000,0.000,0,88,0,0,"schlandals --timeout 600 -i /data/schlandals/pwmc_benchmarks/instances/bayesian_networks/pcnf/pigs/364.cnf compile | tr '\n' ' '",/data/schlandals/pwmc_benchmarks/instances/bayesian_networks/pcnf/pigs/364.cnf,"Final circuit size: 112 Estimated probability 0.25000000 (epsilon 0) found in 0 seconds ",
366,:,1737406394.000,0.000,0,88,0,0,"schlandals --timeout 600 -i /data/schlandals/pwmc_benchmarks/instances/bayesian_networks/pcnf/pigs/366.cnf compile | tr '\n' ' '",/data/schlandals/pwmc_benchmarks/instances/bayesian_networks/pcnf/pigs/366.cnf,"Final circuit size: 112 Estimated probability 0.25000000 (epsilon 0) found in 0 seconds ",
309,:,1737406393.000,1.000,0,90,0,0,"schlandals --timeout 600 -i /data/schlandals/pwmc_benchmarks/instances/bayesian_networks/pcnf/pigs/309.cnf compile | tr '\n' ' '",/data/schlandals/pwmc_benchmarks/instances/bayesian_networks/pcnf/pigs/309.cnf,"Final circuit size: 17205 Estimated probability 0.25781250 (epsilon 0) found in 0 seconds ",
365,:,1737406394.000,0.000,0,88,0,0,"schlandals --timeout 600 -i /data/schlandals/pwmc_benchmarks/instances/bayesian_networks/pcnf/pigs/365.cnf compile | tr '\n' ' '",/data/schlandals/pwmc_benchmarks/instances/bayesian_networks/pcnf/pigs/365.cnf,"Final circuit size: 155 Estimated probability 0.50000000 (epsilon 0) found in 0 seconds ",
367,:,1737406394.000,0.000,0,88,0,0,"schlandals --timeout 600 -i /data/schlandals/pwmc_benchmarks/instances/bayesian_networks/pcnf/pigs/367.cnf compile | tr '\n' ' '",/data/schlandals/pwmc_benchmarks/instances/bayesian_networks/pcnf/pigs/367.cnf,"Final circuit size: 111 Estimated probability 0.25000000 (epsilon 0) found in 0 seconds ",
368,:,1737406394.000,0.000,0,88,0,0,"schlandals --timeout 600 -i /data/schlandals/pwmc_benchmarks/instances/bayesian_networks/pcnf/pigs/368.cnf compile | tr '\n' ' '",/data/schlandals/pwmc_benchmarks/instances/bayesian_networks/pcnf/pigs/368.cnf,"Final circuit size: 162 Estimated probability 0.50000000 (epsilon 0) found in 0 seconds ",
369,:,1737406394.000,0.000,0,88,0,0,"schlandals --timeout 600 -i /data/schlandals/pwmc_benchmarks/instances/bayesian_networks/pcnf/pigs/369.cnf compile | tr '\n' ' '",/data/schlandals/pwmc_benchmarks/instances/bayesian_networks/pcnf/pigs/369.cnf,"Final circuit size: 111 Estimated probability 0.25000000 (epsilon 0) found in 0 seconds ",
370,:,1737406394.000,0.000,0,88,0,0,"schlandals --timeout 600 -i /data/schlandals/pwmc_benchmarks/instances/bayesian_networks/pcnf/pigs/370.cnf compile | tr '\n' ' '",/data/schlandals/pwmc_benchmarks/instances/bayesian_networks/pcnf/pigs/370.cnf,"Final circuit size: 111 Estimated probability 0.25000000 (epsilon 0) found in 0 seconds ",
371,:,1737406394.000,0.000,0,88,0,0,"schlandals --timeout 600 -i /data/schlandals/pwmc_benchmarks/instances/bayesian_networks/pcnf/pigs/371.cnf compile | tr '\n' ' '",/data/schlandals/pwmc_benchmarks/instances/bayesian_networks/pcnf/pigs/371.cnf,"Final circuit size: 162 Estimated probability 0.50000000 (epsilon 0) found in 0 seconds ",
372,:,1737406394.000,0.000,0,88,0,0,"schlandals --timeout 600 -i /data/schlandals/pwmc_benchmarks/instances/bayesian_networks/pcnf/pigs/372.cnf compile | tr '\n' ' '",/data/schlandals/pwmc_benchmarks/instances/bayesian_networks/pcnf/pigs/372.cnf,"Final circuit size: 111 Estimated probability 0.25000000 (epsilon 0) found in 0 seconds ",
159,:,1737406392.000,2.000,0,90,0,0,"schlandals --timeout 600 -i /data/schlandals/pwmc_benchmarks/instances/bayesian_networks/pcnf/pigs/159.cnf compile | tr '\n' ' '",/data/schlandals/pwmc_benchmarks/instances/bayesian_networks/pcnf/pigs/159.cnf,"Final circuit size: 40678 Estimated probability 0.26562500 (epsilon 0) found in 1 seconds ",
295,:,1737406393.000,1.000,0,90,0,0,"schlandals --timeout 600 -i /data/schlandals/pwmc_benchmarks/instances/bayesian_networks/pcnf/pigs/295.cnf compile | tr '\n' ' '",/data/schlandals/pwmc_benchmarks/instances/bayesian_networks/pcnf/pigs/295.cnf,"Final circuit size: 11092 Estimated probability 0.25000000 (epsilon 0) found in 0 seconds ",
336,:,1737406393.000,1.000,0,90,0,0,"schlandals --timeout 600 -i /data/schlandals/pwmc_benchmarks/instances/bayesian_networks/pcnf/pigs/336.cnf compile | tr '\n' ' '",/data/schlandals/pwmc_benchmarks/instances/bayesian_networks/pcnf/pigs/336.cnf,"Final circuit size: 12887 Estimated probability 0.25000000 (epsilon 0) found in 0 seconds ",
374,:,1737406394.000,0.000,0,88,0,0,"schlandals --timeout 600 -i /data/schlandals/pwmc_benchmarks/instances/bayesian_networks/pcnf/pigs/374.cnf compile | tr '\n' ' '",/data/schlandals/pwmc_benchmarks/instances/bayesian_networks/pcnf/pigs/374.cnf,"Final circuit size: 162 Estimated probability 0.50000000 (epsilon 0) found in 0 seconds ",
373,:,1737406394.000,0.000,0,88,0,0,"schlandals --timeout 600 -i /data/schlandals/pwmc_benchmarks/instances/bayesian_networks/pcnf/pigs/373.cnf compile | tr '\n' ' '",/data/schlandals/pwmc_benchmarks/instances/bayesian_networks/pcnf/pigs/373.cnf,"Final circuit size: 111 Estimated probability 0.25000000 (epsilon 0) found in 0 seconds ",
375,:,1737406394.000,0.000,0,88,0,0,"schlandals --timeout 600 -i /data/schlandals/pwmc_benchmarks/instances/bayesian_networks/pcnf/pigs/375.cnf compile | tr '\n' ' '",/data/schlandals/pwmc_benchmarks/instances/bayesian_networks/pcnf/pigs/375.cnf,"Final circuit size: 111 Estimated probability 0.25000000 (epsilon 0) found in 0 seconds ",
376,:,1737406394.000,0.000,0,88,0,0,"schlandals --timeout 600 -i /data/schlandals/pwmc_benchmarks/instances/bayesian_networks/pcnf/pigs/376.cnf compile | tr '\n' ' '",/data/schlandals/pwmc_benchmarks/instances/bayesian_networks/pcnf/pigs/376.cnf,"Final circuit size: 108 Estimated probability 0.25000000 (epsilon 0) found in 0 seconds ",
377,:,1737406394.000,0.000,0,88,0,0,"schlandals --timeout 600 -i /data/schlandals/pwmc_benchmarks/instances/bayesian_networks/pcnf/pigs/377.cnf compile | tr '\n' ' '",/data/schlandals/pwmc_benchmarks/instances/bayesian_networks/pcnf/pigs/377.cnf,"Final circuit size: 162 Estimated probability 0.50000000 (epsilon 0) found in 0 seconds ",
378,:,1737406394.000,0.000,0,88,0,0,"schlandals --timeout 600 -i /data/schlandals/pwmc_benchmarks/instances/bayesian_networks/pcnf/pigs/378.cnf compile | tr '\n' ' '",/data/schlandals/pwmc_benchmarks/instances/bayesian_networks/pcnf/pigs/378.cnf,"Final circuit size: 108 Estimated probability 0.25000000 (epsilon 0) found in 0 seconds ",
341,:,1737406393.000,1.000,0,90,0,0,"schlandals --timeout 600 -i /data/schlandals/pwmc_benchmarks/instances/bayesian_networks/pcnf/pigs/341.cnf compile | tr '\n' ' '",/data/schlandals/pwmc_benchmarks/instances/bayesian_networks/pcnf/pigs/341.cnf,"Final circuit size: 13500 Estimated probability 0.50000000 (epsilon 0) found in 0 seconds ",
319,:,1737406393.000,1.000,0,90,0,0,"schlandals --timeout 600 -i /data/schlandals/pwmc_benchmarks/instances/bayesian_networks/pcnf/pigs/319.cnf compile | tr '\n' ' '",/data/schlandals/pwmc_benchmarks/instances/bayesian_networks/pcnf/pigs/319.cnf,"Final circuit size: 13205 Estimated probability 0.25000000 (epsilon 0) found in 0 seconds ",
297,:,1737406393.000,1.000,0,90,0,0,"schlandals --timeout 600 -i /data/schlandals/pwmc_benchmarks/instances/bayesian_networks/pcnf/pigs/297.cnf compile | tr '\n' ' '",/data/schlandals/pwmc_benchmarks/instances/bayesian_networks/pcnf/pigs/297.cnf,"Final circuit size: 11079 Estimated probability 0.25000000 (epsilon 0) found in 0 seconds ",
385,:,1737406394.000,0.000,0,89,0,0,"schlandals --timeout 600 -i /data/schlandals/pwmc_benchmarks/instances/bayesian_networks/pcnf/pigs/385.cnf compile | tr '\n' ' '",/data/schlandals/pwmc_benchmarks/instances/bayesian_networks/pcnf/pigs/385.cnf,"Final circuit size: 1327 Estimated probability 0.25000000 (epsilon 0) found in 0 seconds ",
335,:,1737406393.000,1.000,0,90,0,0,"schlandals --timeout 600 -i /data/schlandals/pwmc_benchmarks/instances/bayesian_networks/pcnf/pigs/335.cnf compile | tr '\n' ' '",/data/schlandals/pwmc_benchmarks/instances/bayesian_networks/pcnf/pigs/335.cnf,"Final circuit size: 13608 Estimated probability 0.50000000 (epsilon 0) found in 0 seconds ",
388,:,1737406394.000,0.000,0,89,0,0,"schlandals --timeout 600 -i /data/schlandals/pwmc_benchmarks/instances/bayesian_networks/pcnf/pigs/388.cnf compile | tr '\n' ' '",/data/schlandals/pwmc_benchmarks/instances/bayesian_networks/pcnf/pigs/388.cnf,"Final circuit size: 1319 Estimated probability 0.25000000 (epsilon 0) found in 0 seconds ",
334,:,1737406393.000,1.000,0,90,0,0,"schlandals --timeout 600 -i /data/schlandals/pwmc_benchmarks/instances/bayesian_networks/pcnf/pigs/334.cnf compile | tr '\n' ' '",/data/schlandals/pwmc_benchmarks/instances/bayesian_networks/pcnf/pigs/334.cnf,"Final circuit size: 13047 Estimated probability 0.25000000 (epsilon 0) found in 0 seconds ",
386,:,1737406394.000,0.000,0,89,0,0,"schlandals --timeout 600 -i /data/schlandals/pwmc_benchmarks/instances/bayesian_networks/pcnf/pigs/386.cnf compile | tr '\n' ' '",/data/schlandals/pwmc_benchmarks/instances/bayesian_networks/pcnf/pigs/386.cnf,"Final circuit size: 1624 Estimated probability 0.50000000 (epsilon 0) found in 0 seconds ",
387,:,1737406394.000,0.000,0,89,0,0,"schlandals --timeout 600 -i /data/schlandals/pwmc_benchmarks/instances/bayesian_networks/pcnf/pigs/387.cnf compile | tr '\n' ' '",/data/schlandals/pwmc_benchmarks/instances/bayesian_networks/pcnf/pigs/387.cnf,"Final circuit size: 1331 Estimated probability 0.25000000 (epsilon 0) found in 0 seconds ",
391,:,1737406394.000,0.000,0,88,0,0,"schlandals --timeout 600 -i /data/schlandals/pwmc_benchmarks/instances/bayesian_networks/pcnf/pigs/391.cnf compile | tr '\n' ' '",/data/schlandals/pwmc_benchmarks/instances/bayesian_networks/pcnf/pigs/391.cnf,"Final circuit size: 379 Estimated probability 0.25000000 (epsilon 0) found in 0 seconds ",
393,:,1737406394.000,0.000,0,88,0,0,"schlandals --timeout 600 -i /data/schlandals/pwmc_benchmarks/instances/bayesian_networks/pcnf/pigs/393.cnf compile | tr '\n' ' '",/data/schlandals/pwmc_benchmarks/instances/bayesian_networks/pcnf/pigs/393.cnf,"Final circuit size: 382 Estimated probability 0.25000000 (epsilon 0) found in 0 seconds ",
392,:,1737406394.000,0.000,0,88,0,0,"schlandals --timeout 600 -i /data/schlandals/pwmc_benchmarks/instances/bayesian_networks/pcnf/pigs/392.cnf compile | tr '\n' ' '",/data/schlandals/pwmc_benchmarks/instances/bayesian_networks/pcnf/pigs/392.cnf,"Final circuit size: 550 Estimated probability 0.50000000 (epsilon 0) found in 0 seconds ",
380,:,1737406394.000,0.000,0,89,0,0,"schlandals --timeout 600 -i /data/schlandals/pwmc_benchmarks/instances/bayesian_networks/pcnf/pigs/380.cnf compile | tr '\n' ' '",/data/schlandals/pwmc_benchmarks/instances/bayesian_networks/pcnf/pigs/380.cnf,"Final circuit size: 4910 Estimated probability 0.50000000 (epsilon 0) found in 0 seconds ",
381,:,1737406394.000,0.000,0,89,0,0,"schlandals --timeout 600 -i /data/schlandals/pwmc_benchmarks/instances/bayesian_networks/pcnf/pigs/381.cnf compile | tr '\n' ' '",/data/schlandals/pwmc_benchmarks/instances/bayesian_networks/pcnf/pigs/381.cnf,"Final circuit size: 3948 Estimated probability 0.25000000 (epsilon 0) found in 0 seconds ",
389,:,1737406394.000,0.000,0,89,0,0,"schlandals --timeout 600 -i /data/schlandals/pwmc_benchmarks/instances/bayesian_networks/pcnf/pigs/389.cnf compile | tr '\n' ' '",/data/schlandals/pwmc_benchmarks/instances/bayesian_networks/pcnf/pigs/389.cnf,"Final circuit size: 1630 Estimated probability 0.50000000 (epsilon 0) found in 0 seconds ",
390,:,1737406394.000,0.000,0,89,0,0,"schlandals --timeout 600 -i /data/schlandals/pwmc_benchmarks/instances/bayesian_networks/pcnf/pigs/390.cnf compile | tr '\n' ' '",/data/schlandals/pwmc_benchmarks/instances/bayesian_networks/pcnf/pigs/390.cnf,"Final circuit size: 1341 Estimated probability 0.25000000 (epsilon 0) found in 0 seconds ",
394,:,1737406394.000,0.000,0,88,0,0,"schlandals --timeout 600 -i /data/schlandals/pwmc_benchmarks/instances/bayesian_networks/pcnf/pigs/394.cnf compile | tr '\n' ' '",/data/schlandals/pwmc_benchmarks/instances/bayesian_networks/pcnf/pigs/394.cnf,"Final circuit size: 379 Estimated probability 0.25000000 (epsilon 0) found in 0 seconds ",
395,:,1737406394.000,0.000,0,88,0,0,"schlandals --timeout 600 -i /data/schlandals/pwmc_benchmarks/instances/bayesian_networks/pcnf/pigs/395.cnf compile | tr '\n' ' '",/data/schlandals/pwmc_benchmarks/instances/bayesian_networks/pcnf/pigs/395.cnf,"Final circuit size: 550 Estimated probability 0.50000000 (epsilon 0) found in 0 seconds ",
397,:,1737406394.000,0.000,0,88,0,0,"schlandals --timeout 600 -i /data/schlandals/pwmc_benchmarks/instances/bayesian_networks/pcnf/pigs/397.cnf compile | tr '\n' ' '",/data/schlandals/pwmc_benchmarks/instances/bayesian_networks/pcnf/pigs/397.cnf,"Final circuit size: 111 Estimated probability 0.25000000 (epsilon 0) found in 0 seconds ",
379,:,1737406394.000,0.000,0,89,0,0,"schlandals --timeout 600 -i /data/schlandals/pwmc_benchmarks/instances/bayesian_networks/pcnf/pigs/379.cnf compile | tr '\n' ' '",/data/schlandals/pwmc_benchmarks/instances/bayesian_networks/pcnf/pigs/379.cnf,"Final circuit size: 3976 Estimated probability 0.25000000 (epsilon 0) found in 0 seconds ",
398,:,1737406394.000,0.000,0,88,0,0,"schlandals --timeout 600 -i /data/schlandals/pwmc_benchmarks/instances/bayesian_networks/pcnf/pigs/398.cnf compile | tr '\n' ' '",/data/schlandals/pwmc_benchmarks/instances/bayesian_networks/pcnf/pigs/398.cnf,"Final circuit size: 162 Estimated probability 0.50000000 (epsilon 0) found in 0 seconds ",
146,:,1737406392.000,2.000,0,90,0,0,"schlandals --timeout 600 -i /data/schlandals/pwmc_benchmarks/instances/bayesian_networks/pcnf/pigs/146.cnf compile | tr '\n' ' '",/data/schlandals/pwmc_benchmarks/instances/bayesian_networks/pcnf/pigs/146.cnf,"Final circuit size: 40438 Estimated probability 0.46875000 (epsilon 0) found in 1 seconds ",
311,:,1737406393.000,1.000,0,90,0,0,"schlandals --timeout 600 -i /data/schlandals/pwmc_benchmarks/instances/bayesian_networks/pcnf/pigs/311.cnf compile | tr '\n' ' '",/data/schlandals/pwmc_benchmarks/instances/bayesian_networks/pcnf/pigs/311.cnf,"Final circuit size: 17697 Estimated probability 0.48437500 (epsilon 0) found in 0 seconds ",
396,:,1737406394.000,0.000,0,88,0,0,"schlandals --timeout 600 -i /data/schlandals/pwmc_benchmarks/instances/bayesian_networks/pcnf/pigs/396.cnf compile | tr '\n' ' '",/data/schlandals/pwmc_benchmarks/instances/bayesian_networks/pcnf/pigs/396.cnf,"Final circuit size: 382 Estimated probability 0.25000000 (epsilon 0) found in 0 seconds ",
399,:,1737406394.000,0.000,0,88,0,0,"schlandals --timeout 600 -i /data/schlandals/pwmc_benchmarks/instances/bayesian_networks/pcnf/pigs/399.cnf compile | tr '\n' ' '",/data/schlandals/pwmc_benchmarks/instances/bayesian_networks/pcnf/pigs/399.cnf,"Final circuit size: 111 Estimated probability 0.25000000 (epsilon 0) found in 0 seconds ",
307,:,1737406393.000,1.000,0,90,0,0,"schlandals --timeout 600 -i /data/schlandals/pwmc_benchmarks/instances/bayesian_networks/pcnf/pigs/307.cnf compile | tr '\n' ' '",/data/schlandals/pwmc_benchmarks/instances/bayesian_networks/pcnf/pigs/307.cnf,"Final circuit size: 16877 Estimated probability 0.25781250 (epsilon 0) found in 0 seconds ",
344,:,1737406393.000,1.000,0,90,0,0,"schlandals --timeout 600 -i /data/schlandals/pwmc_benchmarks/instances/bayesian_networks/pcnf/pigs/344.cnf compile | tr '\n' ' '",/data/schlandals/pwmc_benchmarks/instances/bayesian_networks/pcnf/pigs/344.cnf,"Final circuit size: 13450 Estimated probability 0.50000000 (epsilon 0) found in 0 seconds ",
310,:,1737406393.000,1.000,0,90,0,0,"schlandals --timeout 600 -i /data/schlandals/pwmc_benchmarks/instances/bayesian_networks/pcnf/pigs/310.cnf compile | tr '\n' ' '",/data/schlandals/pwmc_benchmarks/instances/bayesian_networks/pcnf/pigs/310.cnf,"Final circuit size: 16933 Estimated probability 0.25781250 (epsilon 0) found in 0 seconds ",
340,:,1737406393.000,1.000,0,90,0,0,"schlandals --timeout 600 -i /data/schlandals/pwmc_benchmarks/instances/bayesian_networks/pcnf/pigs/340.cnf compile | tr '\n' ' '",/data/schlandals/pwmc_benchmarks/instances/bayesian_networks/pcnf/pigs/340.cnf,"Final circuit size: 10767 Estimated probability 0.25000000 (epsilon 0) found in 0 seconds ",
312,:,1737406393.000,1.000,0,90,0,0,"schlandals --timeout 600 -i /data/schlandals/pwmc_benchmarks/instances/bayesian_networks/pcnf/pigs/312.cnf compile | tr '\n' ' '",/data/schlandals/pwmc_benchmarks/instances/bayesian_networks/pcnf/pigs/312.cnf,"Final circuit size: 17157 Estimated probability 0.25781250 (epsilon 0) found in 0 seconds ",
158,:,1737406392.000,2.000,0,90,0,0,"schlandals --timeout 600 -i /data/schlandals/pwmc_benchmarks/instances/bayesian_networks/pcnf/pigs/158.cnf compile | tr '\n' ' '",/data/schlandals/pwmc_benchmarks/instances/bayesian_networks/pcnf/pigs/158.cnf,"Final circuit size: 40812 Estimated probability 0.46875000 (epsilon 0) found in 1 seconds ",
157,:,1737406392.000,2.000,0,90,0,0,"schlandals --timeout 600 -i /data/schlandals/pwmc_benchmarks/instances/bayesian_networks/pcnf/pigs/157.cnf compile | tr '\n' ' '",/data/schlandals/pwmc_benchmarks/instances/bayesian_networks/pcnf/pigs/157.cnf,"Final circuit size: 40066 Estimated probability 0.26562500 (epsilon 0) found in 1 seconds ",
407,:,1737406394.000,0.000,0,89,0,0,"schlandals --timeout 600 -i /data/schlandals/pwmc_benchmarks/instances/bayesian_networks/pcnf/pigs/407.cnf compile | tr '\n' ' '",/data/schlandals/pwmc_benchmarks/instances/bayesian_networks/pcnf/pigs/407.cnf,"Final circuit size: 4889 Estimated probability 0.50000000 (epsilon 0) found in 0 seconds ",
410,:,1737406394.000,0.000,0,89,0,0,"schlandals --timeout 600 -i /data/schlandals/pwmc_benchmarks/instances/bayesian_networks/pcnf/pigs/410.cnf compile | tr '\n' ' '",/data/schlandals/pwmc_benchmarks/instances/bayesian_networks/pcnf/pigs/410.cnf,"Final circuit size: 4896 Estimated probability 0.50000000 (epsilon 0) found in 0 seconds ",
421,:,1737406394.000,0.000,0,87,0,0,"schlandals --timeout 600 -i /data/schlandals/pwmc_benchmarks/instances/bayesian_networks/pcnf/pigs/421.cnf compile | tr '\n' ' '",/data/schlandals/pwmc_benchmarks/instances/bayesian_networks/pcnf/pigs/421.cnf,"Final circuit size: 22 Estimated probability 0.25000000 (epsilon 0) found in 0 seconds ",
408,:,1737406394.000,0.000,0,89,0,0,"schlandals --timeout 600 -i /data/schlandals/pwmc_benchmarks/instances/bayesian_networks/pcnf/pigs/408.cnf compile | tr '\n' ' '",/data/schlandals/pwmc_benchmarks/instances/bayesian_networks/pcnf/pigs/408.cnf,"Final circuit size: 3928 Estimated probability 0.25000000 (epsilon 0) found in 0 seconds ",
147,:,1737406392.000,2.000,0,90,0,0,"schlandals --timeout 600 -i /data/schlandals/pwmc_benchmarks/instances/bayesian_networks/pcnf/pigs/147.cnf compile | tr '\n' ' '",/data/schlandals/pwmc_benchmarks/instances/bayesian_networks/pcnf/pigs/147.cnf,"Final circuit size: 40331 Estimated probability 0.26562500 (epsilon 0) found in 1 seconds ",
236,:,1737406393.000,1.000,0,90,0,0,"schlandals --timeout 600 -i /data/schlandals/pwmc_benchmarks/instances/bayesian_networks/pcnf/pigs/236.cnf compile | tr '\n' ' '",/data/schlandals/pwmc_benchmarks/instances/bayesian_networks/pcnf/pigs/236.cnf,"Final circuit size: 40866 Estimated probability 0.46875000 (epsilon 0) found in 1 seconds ",
422,:,1737406394.000,0.000,0,87,0,0,"schlandals --timeout 600 -i /data/schlandals/pwmc_benchmarks/instances/bayesian_networks/pcnf/pigs/422.cnf compile | tr '\n' ' '",/data/schlandals/pwmc_benchmarks/instances/bayesian_networks/pcnf/pigs/422.cnf,"Final circuit size: 34 Estimated probability 0.50000000 (epsilon 0) found in 0 seconds ",
342,:,1737406393.000,1.000,0,90,0,0,"schlandals --timeout 600 -i /data/schlandals/pwmc_benchmarks/instances/bayesian_networks/pcnf/pigs/342.cnf compile | tr '\n' ' '",/data/schlandals/pwmc_benchmarks/instances/bayesian_networks/pcnf/pigs/342.cnf,"Final circuit size: 10809 Estimated probability 0.25000000 (epsilon 0) found in 0 seconds ",
418,:,1737406394.000,0.000,0,89,0,0,"schlandals --timeout 600 -i /data/schlandals/pwmc_benchmarks/instances/bayesian_networks/pcnf/pigs/418.cnf compile | tr '\n' ' '",/data/schlandals/pwmc_benchmarks/instances/bayesian_networks/pcnf/pigs/418.cnf,"Final circuit size: 1301 Estimated probability 0.25000000 (epsilon 0) found in 0 seconds ",
345,:,1737406393.000,1.000,0,90,0,0,"schlandals --timeout 600 -i /data/schlandals/pwmc_benchmarks/instances/bayesian_networks/pcnf/pigs/345.cnf compile | tr '\n' ' '",/data/schlandals/pwmc_benchmarks/instances/bayesian_networks/pcnf/pigs/345.cnf,"Final circuit size: 10819 Estimated probability 0.25000000 (epsilon 0) found in 0 seconds ",
420,:,1737406394.000,0.000,0,89,0,0,"schlandals --timeout 600 -i /data/schlandals/pwmc_benchmarks/instances/bayesian_networks/pcnf/pigs/420.cnf compile | tr '\n' ' '",/data/schlandals/pwmc_benchmarks/instances/bayesian_networks/pcnf/pigs/420.cnf,"Final circuit size: 1301 Estimated probability 0.25000000 (epsilon 0) found in 0 seconds ",
419,:,1737406394.000,0.000,0,89,0,0,"schlandals --timeout 600 -i /data/schlandals/pwmc_benchmarks/instances/bayesian_networks/pcnf/pigs/419.cnf compile | tr '\n' ' '",/data/schlandals/pwmc_benchmarks/instances/bayesian_networks/pcnf/pigs/419.cnf,"Final circuit size: 1623 Estimated probability 0.50000000 (epsilon 0) found in 0 seconds ",
423,:,1737406394.000,0.000,0,87,0,0,"schlandals --timeout 600 -i /data/schlandals/pwmc_benchmarks/instances/bayesian_networks/pcnf/pigs/423.cnf compile | tr '\n' ' '",/data/schlandals/pwmc_benchmarks/instances/bayesian_networks/pcnf/pigs/423.cnf,"Final circuit size: 22 Estimated probability 0.25000000 (epsilon 0) found in 0 seconds ",
406,:,1737406394.000,0.000,0,89,0,0,"schlandals --timeout 600 -i /data/schlandals/pwmc_benchmarks/instances/bayesian_networks/pcnf/pigs/406.cnf compile | tr '\n' ' '",/data/schlandals/pwmc_benchmarks/instances/bayesian_networks/pcnf/pigs/406.cnf,"Final circuit size: 3944 Estimated probability 0.25000000 (epsilon 0) found in 0 seconds ",
343,:,1737406393.000,1.000,0,90,0,0,"schlandals --timeout 600 -i /data/schlandals/pwmc_benchmarks/instances/bayesian_networks/pcnf/pigs/343.cnf compile | tr '\n' ' '",/data/schlandals/pwmc_benchmarks/instances/bayesian_networks/pcnf/pigs/343.cnf,"Final circuit size: 10760 Estimated probability 0.25000000 (epsilon 0) found in 0 seconds ",
415,:,1737406394.000,0.000,0,89,0,0,"schlandals --timeout 600 -i /data/schlandals/pwmc_benchmarks/instances/bayesian_networks/pcnf/pigs/415.cnf compile | tr '\n' ' '",/data/schlandals/pwmc_benchmarks/instances/bayesian_networks/pcnf/pigs/415.cnf,"Final circuit size: 3948 Estimated probability 0.25000000 (epsilon 0) found in 0 seconds ",
409,:,1737406394.000,0.000,0,89,0,0,"schlandals --timeout 600 -i /data/schlandals/pwmc_benchmarks/instances/bayesian_networks/pcnf/pigs/409.cnf compile | tr '\n' ' '",/data/schlandals/pwmc_benchmarks/instances/bayesian_networks/pcnf/pigs/409.cnf,"Final circuit size: 3934 Estimated probability 0.25000000 (epsilon 0) found in 0 seconds ",
413,:,1737406394.000,0.000,0,89,0,0,"schlandals --timeout 600 -i /data/schlandals/pwmc_benchmarks/instances/bayesian_networks/pcnf/pigs/413.cnf compile | tr '\n' ' '",/data/schlandals/pwmc_benchmarks/instances/bayesian_networks/pcnf/pigs/413.cnf,"Final circuit size: 4889 Estimated probability 0.50000000 (epsilon 0) found in 0 seconds ",
411,:,1737406394.000,0.000,0,89,0,0,"schlandals --timeout 600 -i /data/schlandals/pwmc_benchmarks/instances/bayesian_networks/pcnf/pigs/411.cnf compile | tr '\n' ' '",/data/schlandals/pwmc_benchmarks/instances/bayesian_networks/pcnf/pigs/411.cnf,"Final circuit size: 3898 Estimated probability 0.25000000 (epsilon 0) found in 0 seconds ",
412,:,1737406394.000,0.000,0,89,0,0,"schlandals --timeout 600 -i /data/schlandals/pwmc_benchmarks/instances/bayesian_networks/pcnf/pigs/412.cnf compile | tr '\n' ' '",/data/schlandals/pwmc_benchmarks/instances/bayesian_networks/pcnf/pigs/412.cnf,"Final circuit size: 3908 Estimated probability 0.25000000 (epsilon 0) found in 0 seconds ",
416,:,1737406394.000,0.000,0,89,0,0,"schlandals --timeout 600 -i /data/schlandals/pwmc_benchmarks/instances/bayesian_networks/pcnf/pigs/416.cnf compile | tr '\n' ' '",/data/schlandals/pwmc_benchmarks/instances/bayesian_networks/pcnf/pigs/416.cnf,"Final circuit size: 4889 Estimated probability 0.50000000 (epsilon 0) found in 0 seconds ",
414,:,1737406394.000,0.000,0,89,0,0,"schlandals --timeout 600 -i /data/schlandals/pwmc_benchmarks/instances/bayesian_networks/pcnf/pigs/414.cnf compile | tr '\n' ' '",/data/schlandals/pwmc_benchmarks/instances/bayesian_networks/pcnf/pigs/414.cnf,"Final circuit size: 3938 Estimated probability 0.25000000 (epsilon 0) found in 0 seconds ",
417,:,1737406394.000,0.000,0,89,0,0,"schlandals --timeout 600 -i /data/schlandals/pwmc_benchmarks/instances/bayesian_networks/pcnf/pigs/417.cnf compile | tr '\n' ' '",/data/schlandals/pwmc_benchmarks/instances/bayesian_networks/pcnf/pigs/417.cnf,"Final circuit size: 3948 Estimated probability 0.25000000 (epsilon 0) found in 0 seconds ",
233,:,1737406393.000,1.000,0,90,0,0,"schlandals --timeout 600 -i /data/schlandals/pwmc_benchmarks/instances/bayesian_networks/pcnf/pigs/233.cnf compile | tr '\n' ' '",/data/schlandals/pwmc_benchmarks/instances/bayesian_networks/pcnf/pigs/233.cnf,"Final circuit size: 39281 Estimated probability 0.50000000 (epsilon 0) found in 1 seconds ",
383,:,1737406394.000,0.000,0,90,0,0,"schlandals --timeout 600 -i /data/schlandals/pwmc_benchmarks/instances/bayesian_networks/pcnf/pigs/383.cnf compile | tr '\n' ' '",/data/schlandals/pwmc_benchmarks/instances/bayesian_networks/pcnf/pigs/383.cnf,"Final circuit size: 14593 Estimated probability 0.50000000 (epsilon 0) found in 0 seconds ",
145,:,1737406392.000,2.000,0,90,0,0,"schlandals --timeout 600 -i /data/schlandals/pwmc_benchmarks/instances/bayesian_networks/pcnf/pigs/145.cnf compile | tr '\n' ' '",/data/schlandals/pwmc_benchmarks/instances/bayesian_networks/pcnf/pigs/145.cnf,"Final circuit size: 40281 Estimated probability 0.26562500 (epsilon 0) found in 1 seconds ",
382,:,1737406394.000,0.000,0,90,0,0,"schlandals --timeout 600 -i /data/schlandals/pwmc_benchmarks/instances/bayesian_networks/pcnf/pigs/382.cnf compile | tr '\n' ' '",/data/schlandals/pwmc_benchmarks/instances/bayesian_networks/pcnf/pigs/382.cnf,"Final circuit size: 13725 Estimated probability 0.25000000 (epsilon 0) found in 0 seconds ",
384,:,1737406394.000,0.000,0,90,0,0,"schlandals --timeout 600 -i /data/schlandals/pwmc_benchmarks/instances/bayesian_networks/pcnf/pigs/384.cnf compile | tr '\n' ' '",/data/schlandals/pwmc_benchmarks/instances/bayesian_networks/pcnf/pigs/384.cnf,"Final circuit size: 13433 Estimated probability 0.25000000 (epsilon 0) found in 0 seconds ",
234,:,1737406393.000,1.000,0,90,0,0,"schlandals --timeout 600 -i /data/schlandals/pwmc_benchmarks/instances/bayesian_networks/pcnf/pigs/234.cnf compile | tr '\n' ' '",/data/schlandals/pwmc_benchmarks/instances/bayesian_networks/pcnf/pigs/234.cnf,"Final circuit size: 36892 Estimated probability 0.25000000 (epsilon 0) found in 1 seconds ",
232,:,1737406393.000,1.000,0,90,0,0,"schlandals --timeout 600 -i /data/schlandals/pwmc_benchmarks/instances/bayesian_networks/pcnf/pigs/232.cnf compile | tr '\n' ' '",/data/schlandals/pwmc_benchmarks/instances/bayesian_networks/pcnf/pigs/232.cnf,"Final circuit size: 36743 Estimated probability 0.25000000 (epsilon 0) found in 1 seconds ",
237,:,1737406393.000,1.000,0,90,0,0,"schlandals --timeout 600 -i /data/schlandals/pwmc_benchmarks/instances/bayesian_networks/pcnf/pigs/237.cnf compile | tr '\n' ' '",/data/schlandals/pwmc_benchmarks/instances/bayesian_networks/pcnf/pigs/237.cnf,"Final circuit size: 40008 Estimated probability 0.26562500 (epsilon 0) found in 1 seconds ",
353,:,1737406393.000,1.000,0,90,0,0,"schlandals --timeout 600 -i /data/schlandals/pwmc_benchmarks/instances/bayesian_networks/pcnf/pigs/353.cnf compile | tr '\n' ' '",/data/schlandals/pwmc_benchmarks/instances/bayesian_networks/pcnf/pigs/353.cnf,"Final circuit size: 38834 Estimated probability 0.50000000 (epsilon 0) found in 0 seconds ",
235,:,1737406393.000,1.000,0,90,0,0,"schlandals --timeout 600 -i /data/schlandals/pwmc_benchmarks/instances/bayesian_networks/pcnf/pigs/235.cnf compile | tr '\n' ' '",/data/schlandals/pwmc_benchmarks/instances/bayesian_networks/pcnf/pigs/235.cnf,"Final circuit size: 40016 Estimated probability 0.26562500 (epsilon 0) found in 1 seconds ",
402,:,1737406394.000,1.000,0,90,0,0,"schlandals --timeout 600 -i /data/schlandals/pwmc_benchmarks/instances/bayesian_networks/pcnf/pigs/402.cnf compile | tr '\n' ' '",/data/schlandals/pwmc_benchmarks/instances/bayesian_networks/pcnf/pigs/402.cnf,"Final circuit size: 36861 Estimated probability 0.25000000 (epsilon 0) found in 0 seconds ",
354,:,1737406393.000,2.000,0,90,0,0,"schlandals --timeout 600 -i /data/schlandals/pwmc_benchmarks/instances/bayesian_networks/pcnf/pigs/354.cnf compile | tr '\n' ' '",/data/schlandals/pwmc_benchmarks/instances/bayesian_networks/pcnf/pigs/354.cnf,"Final circuit size: 37217 Estimated probability 0.25000000 (epsilon 0) found in 1 seconds ",
352,:,1737406393.000,2.000,0,90,0,0,"schlandals --timeout 600 -i /data/schlandals/pwmc_benchmarks/instances/bayesian_networks/pcnf/pigs/352.cnf compile | tr '\n' ' '",/data/schlandals/pwmc_benchmarks/instances/bayesian_networks/pcnf/pigs/352.cnf,"Final circuit size: 37275 Estimated probability 0.25000000 (epsilon 0) found in 1 seconds ",
400,:,1737406394.000,1.000,0,90,0,0,"schlandals --timeout 600 -i /data/schlandals/pwmc_benchmarks/instances/bayesian_networks/pcnf/pigs/400.cnf compile | tr '\n' ' '",/data/schlandals/pwmc_benchmarks/instances/bayesian_networks/pcnf/pigs/400.cnf,"Final circuit size: 37033 Estimated probability 0.25000000 (epsilon 0) found in 0 seconds ",
401,:,1737406394.000,1.000,0,90,0,0,"schlandals --timeout 600 -i /data/schlandals/pwmc_benchmarks/instances/bayesian_networks/pcnf/pigs/401.cnf compile | tr '\n' ' '",/data/schlandals/pwmc_benchmarks/instances/bayesian_networks/pcnf/pigs/401.cnf,"Final circuit size: 39325 Estimated probability 0.50000000 (epsilon 0) found in 0 seconds ",
43,:,1737406392.000,3.000,0,90,0,0,"schlandals --timeout 600 -i /data/schlandals/pwmc_benchmarks/instances/bayesian_networks/pcnf/pigs/43.cnf compile | tr '\n' ' '",/data/schlandals/pwmc_benchmarks/instances/bayesian_networks/pcnf/pigs/43.cnf,"Final circuit size: 42441 Estimated probability 0.26562500 (epsilon 0) found in 2 seconds ",
48,:,1737406392.000,3.000,0,90,0,0,"schlandals --timeout 600 -i /data/schlandals/pwmc_benchmarks/instances/bayesian_networks/pcnf/pigs/48.cnf compile | tr '\n' ' '",/data/schlandals/pwmc_benchmarks/instances/bayesian_networks/pcnf/pigs/48.cnf,"Final circuit size: 42693 Estimated probability 0.26562500 (epsilon 0) found in 2 seconds ",
46,:,1737406392.000,3.000,0,90,0,0,"schlandals --timeout 600 -i /data/schlandals/pwmc_benchmarks/instances/bayesian_networks/pcnf/pigs/46.cnf compile | tr '\n' ' '",/data/schlandals/pwmc_benchmarks/instances/bayesian_networks/pcnf/pigs/46.cnf,"Final circuit size: 42981 Estimated probability 0.26562500 (epsilon 0) found in 2 seconds ",
404,:,1737406394.000,1.000,0,90,0,0,"schlandals --timeout 600 -i /data/schlandals/pwmc_benchmarks/instances/bayesian_networks/pcnf/pigs/404.cnf compile | tr '\n' ' '",/data/schlandals/pwmc_benchmarks/instances/bayesian_networks/pcnf/pigs/404.cnf,"Final circuit size: 55125 Estimated probability 0.46875000 (epsilon 0) found in 1 seconds ",
45,:,1737406392.000,3.000,0,90,0,0,"schlandals --timeout 600 -i /data/schlandals/pwmc_benchmarks/instances/bayesian_networks/pcnf/pigs/45.cnf compile | tr '\n' ' '",/data/schlandals/pwmc_benchmarks/instances/bayesian_networks/pcnf/pigs/45.cnf,"Final circuit size: 42695 Estimated probability 0.26562500 (epsilon 0) found in 2 seconds ",
89,:,1737406392.000,4.000,0,91,0,0,"schlandals --timeout 600 -i /data/schlandals/pwmc_benchmarks/instances/bayesian_networks/pcnf/pigs/89.cnf compile | tr '\n' ' '",/data/schlandals/pwmc_benchmarks/instances/bayesian_networks/pcnf/pigs/89.cnf,"Final circuit size: 129836 Estimated probability 0.46875000 (epsilon 0) found in 3 seconds ",
197,:,1737406392.000,4.000,0,91,0,0,"schlandals --timeout 600 -i /data/schlandals/pwmc_benchmarks/instances/bayesian_networks/pcnf/pigs/197.cnf compile | tr '\n' ' '",/data/schlandals/pwmc_benchmarks/instances/bayesian_networks/pcnf/pigs/197.cnf,"Final circuit size: 142050 Estimated probability 0.49218750 (epsilon 0) found in 3 seconds ",
324,:,1737406393.000,4.000,0,91,0,0,"schlandals --timeout 600 -i /data/schlandals/pwmc_benchmarks/instances/bayesian_networks/pcnf/pigs/324.cnf compile | tr '\n' ' '",/data/schlandals/pwmc_benchmarks/instances/bayesian_networks/pcnf/pigs/324.cnf,"Final circuit size: 116876 Estimated probability 0.25000000 (epsilon 0) found in 2 seconds ",
403,:,1737406394.000,3.000,0,90,0,0,"schlandals --timeout 600 -i /data/schlandals/pwmc_benchmarks/instances/bayesian_networks/pcnf/pigs/403.cnf compile | tr '\n' ' '",/data/schlandals/pwmc_benchmarks/instances/bayesian_networks/pcnf/pigs/403.cnf,"Final circuit size: 42286 Estimated probability 0.26562500 (epsilon 0) found in 2 seconds ",
322,:,1737406393.000,4.000,0,91,0,0,"schlandals --timeout 600 -i /data/schlandals/pwmc_benchmarks/instances/bayesian_networks/pcnf/pigs/322.cnf compile | tr '\n' ' '",/data/schlandals/pwmc_benchmarks/instances/bayesian_networks/pcnf/pigs/322.cnf,"Final circuit size: 118410 Estimated probability 0.25000000 (epsilon 0) found in 2 seconds ",
323,:,1737406393.000,4.000,0,91,0,0,"schlandals --timeout 600 -i /data/schlandals/pwmc_benchmarks/instances/bayesian_networks/pcnf/pigs/323.cnf compile | tr '\n' ' '",/data/schlandals/pwmc_benchmarks/instances/bayesian_networks/pcnf/pigs/323.cnf,"Final circuit size: 120981 Estimated probability 0.50000000 (epsilon 0) found in 3 seconds ",
242,:,1737406393.000,4.000,0,91,0,0,"schlandals --timeout 600 -i /data/schlandals/pwmc_benchmarks/instances/bayesian_networks/pcnf/pigs/242.cnf compile | tr '\n' ' '",/data/schlandals/pwmc_benchmarks/instances/bayesian_networks/pcnf/pigs/242.cnf,"Final circuit size: 121138 Estimated probability 0.48437500 (epsilon 0) found in 3 seconds ",
241,:,1737406393.000,4.000,0,91,0,0,"schlandals --timeout 600 -i /data/schlandals/pwmc_benchmarks/instances/bayesian_networks/pcnf/pigs/241.cnf compile | tr '\n' ' '",/data/schlandals/pwmc_benchmarks/instances/bayesian_networks/pcnf/pigs/241.cnf,"Final circuit size: 120775 Estimated probability 0.25781250 (epsilon 0) found in 3 seconds ",
118,:,1737406392.000,5.000,0,91,0,0,"schlandals --timeout 600 -i /data/schlandals/pwmc_benchmarks/instances/bayesian_networks/pcnf/pigs/118.cnf compile | tr '\n' ' '",/data/schlandals/pwmc_benchmarks/instances/bayesian_networks/pcnf/pigs/118.cnf,"Final circuit size: 134263 Estimated probability 0.26953125 (epsilon 0) found in 4 seconds ",
88,:,1737406392.000,5.000,0,91,0,0,"schlandals --timeout 600 -i /data/schlandals/pwmc_benchmarks/instances/bayesian_networks/pcnf/pigs/88.cnf compile | tr '\n' ' '",/data/schlandals/pwmc_benchmarks/instances/bayesian_networks/pcnf/pigs/88.cnf,"Final circuit size: 122574 Estimated probability 0.26562500 (epsilon 0) found in 4 seconds ",
120,:,1737406392.000,5.000,0,91,0,0,"schlandals --timeout 600 -i /data/schlandals/pwmc_benchmarks/instances/bayesian_networks/pcnf/pigs/120.cnf compile | tr '\n' ' '",/data/schlandals/pwmc_benchmarks/instances/bayesian_networks/pcnf/pigs/120.cnf,"Final circuit size: 133659 Estimated probability 0.26953125 (epsilon 0) found in 4 seconds ",
240,:,1737406393.000,4.000,0,91,0,0,"schlandals --timeout 600 -i /data/schlandals/pwmc_benchmarks/instances/bayesian_networks/pcnf/pigs/240.cnf compile | tr '\n' ' '",/data/schlandals/pwmc_benchmarks/instances/bayesian_networks/pcnf/pigs/240.cnf,"Final circuit size: 119982 Estimated probability 0.25781250 (epsilon 0) found in 3 seconds ",
238,:,1737406393.000,4.000,0,91,0,0,"schlandals --timeout 600 -i /data/schlandals/pwmc_benchmarks/instances/bayesian_networks/pcnf/pigs/238.cnf compile | tr '\n' ' '",/data/schlandals/pwmc_benchmarks/instances/bayesian_networks/pcnf/pigs/238.cnf,"Final circuit size: 120775 Estimated probability 0.25781250 (epsilon 0) found in 3 seconds ",
243,:,1737406393.000,4.000,0,91,0,0,"schlandals --timeout 600 -i /data/schlandals/pwmc_benchmarks/instances/bayesian_networks/pcnf/pigs/243.cnf compile | tr '\n' ' '",/data/schlandals/pwmc_benchmarks/instances/bayesian_networks/pcnf/pigs/243.cnf,"Final circuit size: 120347 Estimated probability 0.25781250 (epsilon 0) found in 3 seconds ",
198,:,1737406392.000,5.000,0,91,0,0,"schlandals --timeout 600 -i /data/schlandals/pwmc_benchmarks/instances/bayesian_networks/pcnf/pigs/198.cnf compile | tr '\n' ' '",/data/schlandals/pwmc_benchmarks/instances/bayesian_networks/pcnf/pigs/198.cnf,"Final circuit size: 139692 Estimated probability 0.25390625 (epsilon 0) found in 4 seconds ",
196,:,1737406392.000,5.000,0,91,0,0,"schlandals --timeout 600 -i /data/schlandals/pwmc_benchmarks/instances/bayesian_networks/pcnf/pigs/196.cnf compile | tr '\n' ' '",/data/schlandals/pwmc_benchmarks/instances/bayesian_networks/pcnf/pigs/196.cnf,"Final circuit size: 137663 Estimated probability 0.25390625 (epsilon 0) found in 4 seconds ",
119,:,1737406392.000,5.000,0,91,0,0,"schlandals --timeout 600 -i /data/schlandals/pwmc_benchmarks/instances/bayesian_networks/pcnf/pigs/119.cnf compile | tr '\n' ' '",/data/schlandals/pwmc_benchmarks/instances/bayesian_networks/pcnf/pigs/119.cnf,"Final circuit size: 136146 Estimated probability 0.46093750 (epsilon 0) found in 4 seconds ",
90,:,1737406392.000,5.000,0,91,0,0,"schlandals --timeout 600 -i /data/schlandals/pwmc_benchmarks/instances/bayesian_networks/pcnf/pigs/90.cnf compile | tr '\n' ' '",/data/schlandals/pwmc_benchmarks/instances/bayesian_networks/pcnf/pigs/90.cnf,"Final circuit size: 122099 Estimated probability 0.26562500 (epsilon 0) found in 4 seconds ",
239,:,1737406393.000,4.000,0,91,0,0,"schlandals --timeout 600 -i /data/schlandals/pwmc_benchmarks/instances/bayesian_networks/pcnf/pigs/239.cnf compile | tr '\n' ' '",/data/schlandals/pwmc_benchmarks/instances/bayesian_networks/pcnf/pigs/239.cnf,"Final circuit size: 121568 Estimated probability 0.48437500 (epsilon 0) found in 4 seconds ",
405,:,1737406394.000,3.000,0,90,0,0,"schlandals --timeout 600 -i /data/schlandals/pwmc_benchmarks/instances/bayesian_networks/pcnf/pigs/405.cnf compile | tr '\n' ' '",/data/schlandals/pwmc_benchmarks/instances/bayesian_networks/pcnf/pigs/405.cnf,"Final circuit size: 42666 Estimated probability 0.26562500 (epsilon 0) found in 2 seconds ",
362,:,1737406393.000,4.000,0,91,0,0,"schlandals --timeout 600 -i /data/schlandals/pwmc_benchmarks/instances/bayesian_networks/pcnf/pigs/362.cnf compile | tr '\n' ' '",/data/schlandals/pwmc_benchmarks/instances/bayesian_networks/pcnf/pigs/362.cnf,"Final circuit size: 135420 Estimated probability 0.46093750 (epsilon 0) found in 3 seconds ",
363,:,1737406393.000,5.000,0,91,0,0,"schlandals --timeout 600 -i /data/schlandals/pwmc_benchmarks/instances/bayesian_networks/pcnf/pigs/363.cnf compile | tr '\n' ' '",/data/schlandals/pwmc_benchmarks/instances/bayesian_networks/pcnf/pigs/363.cnf,"Final circuit size: 132790 Estimated probability 0.26953125 (epsilon 0) found in 3 seconds ",
361,:,1737406393.000,5.000,0,91,0,0,"schlandals --timeout 600 -i /data/schlandals/pwmc_benchmarks/instances/bayesian_networks/pcnf/pigs/361.cnf compile | tr '\n' ' '",/data/schlandals/pwmc_benchmarks/instances/bayesian_networks/pcnf/pigs/361.cnf,"Final circuit size: 133277 Estimated probability 0.26953125 (epsilon 0) found in 4 seconds ",
227,:,1737406393.000,7.000,0,91,0,0,"schlandals --timeout 600 -i /data/schlandals/pwmc_benchmarks/instances/bayesian_networks/pcnf/pigs/227.cnf compile | tr '\n' ' '",/data/schlandals/pwmc_benchmarks/instances/bayesian_networks/pcnf/pigs/227.cnf,"Final circuit size: 310093 Estimated probability 0.50000000 (epsilon 0) found in 6 seconds ",
226,:,1737406393.000,11.000,0,91,0,0,"schlandals --timeout 600 -i /data/schlandals/pwmc_benchmarks/instances/bayesian_networks/pcnf/pigs/226.cnf compile | tr '\n' ' '",/data/schlandals/pwmc_benchmarks/instances/bayesian_networks/pcnf/pigs/226.cnf,"Final circuit size: 293763 Estimated probability 0.25000000 (epsilon 0) found in 9 seconds ",
170,:,1737406392.000,13.000,0,92,0,0,"schlandals --timeout 600 -i /data/schlandals/pwmc_benchmarks/instances/bayesian_networks/pcnf/pigs/170.cnf compile | tr '\n' ' '",/data/schlandals/pwmc_benchmarks/instances/bayesian_networks/pcnf/pigs/170.cnf,"Final circuit size: 414258 Estimated probability 0.48046875 (epsilon 0) found in 11 seconds ",
171,:,1737406392.000,13.000,0,92,0,0,"schlandals --timeout 600 -i /data/schlandals/pwmc_benchmarks/instances/bayesian_networks/pcnf/pigs/171.cnf compile | tr '\n' ' '",/data/schlandals/pwmc_benchmarks/instances/bayesian_networks/pcnf/pigs/171.cnf,"Final circuit size: 404725 Estimated probability 0.25976562 (epsilon 0) found in 11 seconds ",
169,:,1737406392.000,13.000,0,92,0,0,"schlandals --timeout 600 -i /data/schlandals/pwmc_benchmarks/instances/bayesian_networks/pcnf/pigs/169.cnf compile | tr '\n' ' '",/data/schlandals/pwmc_benchmarks/instances/bayesian_networks/pcnf/pigs/169.cnf,"Final circuit size: 414152 Estimated probability 0.25976562 (epsilon 0) found in 11 seconds ",
228,:,1737406393.000,13.000,0,92,0,0,"schlandals --timeout 600 -i /data/schlandals/pwmc_benchmarks/instances/bayesian_networks/pcnf/pigs/228.cnf compile | tr '\n' ' '",/data/schlandals/pwmc_benchmarks/instances/bayesian_networks/pcnf/pigs/228.cnf,"Final circuit size: 290303 Estimated probability 0.25000000 (epsilon 0) found in 10 seconds ",
338,:,1737406393.000,28.000,0,93,0,0,"schlandals --timeout 600 -i /data/schlandals/pwmc_benchmarks/instances/bayesian_networks/pcnf/pigs/338.cnf compile | tr '\n' ' '",/data/schlandals/pwmc_benchmarks/instances/bayesian_networks/pcnf/pigs/338.cnf,"Final circuit size: 1140333 Estimated probability 0.49218750 (epsilon 0) found in 24 seconds ",
359,:,1737406393.000,28.000,0,93,0,0,"schlandals --timeout 600 -i /data/schlandals/pwmc_benchmarks/instances/bayesian_networks/pcnf/pigs/359.cnf compile | tr '\n' ' '",/data/schlandals/pwmc_benchmarks/instances/bayesian_networks/pcnf/pigs/359.cnf,"Final circuit size: 1141735 Estimated probability 0.49218750 (epsilon 0) found in 24 seconds ",
337,:,1737406393.000,31.000,0,93,0,0,"schlandals --timeout 600 -i /data/schlandals/pwmc_benchmarks/instances/bayesian_networks/pcnf/pigs/337.cnf compile | tr '\n' ' '",/data/schlandals/pwmc_benchmarks/instances/bayesian_networks/pcnf/pigs/337.cnf,"Final circuit size: 1120515 Estimated probability 0.25390625 (epsilon 0) found in 26 seconds ",
358,:,1737406393.000,31.000,0,93,0,0,"schlandals --timeout 600 -i /data/schlandals/pwmc_benchmarks/instances/bayesian_networks/pcnf/pigs/358.cnf compile | tr '\n' ' '",/data/schlandals/pwmc_benchmarks/instances/bayesian_networks/pcnf/pigs/358.cnf,"Final circuit size: 1120226 Estimated probability 0.25390625 (epsilon 0) found in 26 seconds ",
360,:,1737406393.000,32.000,0,93,0,0,"schlandals --timeout 600 -i /data/schlandals/pwmc_benchmarks/instances/bayesian_networks/pcnf/pigs/360.cnf compile | tr '\n' ' '",/data/schlandals/pwmc_benchmarks/instances/bayesian_networks/pcnf/pigs/360.cnf,"Final circuit size: 1109080 Estimated probability 0.25390625 (epsilon 0) found in 27 seconds ",
339,:,1737406393.000,33.000,0,93,0,0,"schlandals --timeout 600 -i /data/schlandals/pwmc_benchmarks/instances/bayesian_networks/pcnf/pigs/339.cnf compile | tr '\n' ' '",/data/schlandals/pwmc_benchmarks/instances/bayesian_networks/pcnf/pigs/339.cnf,"Final circuit size: 1117895 Estimated probability 0.25390625 (epsilon 0) found in 28 seconds ",
116,:,1737406392.000,249.000,0,94,0,0,"schlandals --timeout 600 -i /data/schlandals/pwmc_benchmarks/instances/bayesian_networks/pcnf/pigs/116.cnf compile | tr '\n' ' '",/data/schlandals/pwmc_benchmarks/instances/bayesian_networks/pcnf/pigs/116.cnf,"Final circuit size: 9102769 Estimated probability 0.50000000 (epsilon 0) found in 221 seconds ",
115,:,1737406392.000,300.000,0,94,0,0,"schlandals --timeout 600 -i /data/schlandals/pwmc_benchmarks/instances/bayesian_networks/pcnf/pigs/115.cnf compile | tr '\n' ' '",/data/schlandals/pwmc_benchmarks/instances/bayesian_networks/pcnf/pigs/115.cnf,"Final circuit size: 9332962 Estimated probability 0.25000000 (epsilon 0) found in 257 seconds ",
117,:,1737406392.000,301.000,0,94,0,0,"schlandals --timeout 600 -i /data/schlandals/pwmc_benchmarks/instances/bayesian_networks/pcnf/pigs/117.cnf compile | tr '\n' ' '",/data/schlandals/pwmc_benchmarks/instances/bayesian_networks/pcnf/pigs/117.cnf,"Final circuit size: 9236566 Estimated probability 0.25000000 (epsilon 0) found in 256 seconds ",
