Seq,Host,Starttime,JobRuntime,Send,Receive,Exitval,Signal,Command,V1,Stdout,Stderr
1,:,1737447944.000,0.000,0,106,0,0,"schlandals --timeout 1500 -i /data/schlandals/pwmc_benchmarks/instances/bayesian_networks/pcnf/pigs/1.cnf | tr '\n' ' '",/data/schlandals/pwmc_benchmarks/instances/bayesian_networks/pcnf/pigs/1.cnf,"Estimated probability 2.5000000e-1 with bounds [2.5000000e-1 2.5000000e-1] (epsilon 0) found in 0 seconds ",
2,:,1737447944.000,0.000,0,106,0,0,"schlandals --timeout 1500 -i /data/schlandals/pwmc_benchmarks/instances/bayesian_networks/pcnf/pigs/2.cnf | tr '\n' ' '",/data/schlandals/pwmc_benchmarks/instances/bayesian_networks/pcnf/pigs/2.cnf,"Estimated probability 5.0000000e-1 with bounds [5.0000000e-1 5.0000000e-1] (epsilon 0) found in 0 seconds ",
3,:,1737447944.000,0.000,0,106,0,0,"schlandals --timeout 1500 -i /data/schlandals/pwmc_benchmarks/instances/bayesian_networks/pcnf/pigs/3.cnf | tr '\n' ' '",/data/schlandals/pwmc_benchmarks/instances/bayesian_networks/pcnf/pigs/3.cnf,"Estimated probability 2.5000000e-1 with bounds [2.5000000e-1 2.5000000e-1] (epsilon 0) found in 0 seconds ",
4,:,1737447944.000,0.000,0,106,0,0,"schlandals --timeout 1500 -i /data/schlandals/pwmc_benchmarks/instances/bayesian_networks/pcnf/pigs/4.cnf | tr '\n' ' '",/data/schlandals/pwmc_benchmarks/instances/bayesian_networks/pcnf/pigs/4.cnf,"Estimated probability 2.5000000e-1 with bounds [2.5000000e-1 2.5000000e-1] (epsilon 0) found in 0 seconds ",
5,:,1737447944.000,0.000,0,106,0,0,"schlandals --timeout 1500 -i /data/schlandals/pwmc_benchmarks/instances/bayesian_networks/pcnf/pigs/5.cnf | tr '\n' ' '",/data/schlandals/pwmc_benchmarks/instances/bayesian_networks/pcnf/pigs/5.cnf,"Estimated probability 5.0000000e-1 with bounds [5.0000000e-1 5.0000000e-1] (epsilon 0) found in 0 seconds ",
6,:,1737447944.000,0.000,0,106,0,0,"schlandals --timeout 1500 -i /data/schlandals/pwmc_benchmarks/instances/bayesian_networks/pcnf/pigs/6.cnf | tr '\n' ' '",/data/schlandals/pwmc_benchmarks/instances/bayesian_networks/pcnf/pigs/6.cnf,"Estimated probability 2.5000000e-1 with bounds [2.5000000e-1 2.5000000e-1] (epsilon 0) found in 0 seconds ",
7,:,1737447944.000,0.000,0,106,0,0,"schlandals --timeout 1500 -i /data/schlandals/pwmc_benchmarks/instances/bayesian_networks/pcnf/pigs/7.cnf | tr '\n' ' '",/data/schlandals/pwmc_benchmarks/instances/bayesian_networks/pcnf/pigs/7.cnf,"Estimated probability 2.5000000e-1 with bounds [2.5000000e-1 2.5000000e-1] (epsilon 0) found in 0 seconds ",
8,:,1737447944.000,0.000,0,106,0,0,"schlandals --timeout 1500 -i /data/schlandals/pwmc_benchmarks/instances/bayesian_networks/pcnf/pigs/8.cnf | tr '\n' ' '",/data/schlandals/pwmc_benchmarks/instances/bayesian_networks/pcnf/pigs/8.cnf,"Estimated probability 5.0000000e-1 with bounds [5.0000000e-1 5.0000000e-1] (epsilon 0) found in 0 seconds ",
9,:,1737447944.000,0.000,0,106,0,0,"schlandals --timeout 1500 -i /data/schlandals/pwmc_benchmarks/instances/bayesian_networks/pcnf/pigs/9.cnf | tr '\n' ' '",/data/schlandals/pwmc_benchmarks/instances/bayesian_networks/pcnf/pigs/9.cnf,"Estimated probability 2.5000000e-1 with bounds [2.5000000e-1 2.5000000e-1] (epsilon 0) found in 0 seconds ",
10,:,1737447944.000,0.000,0,106,0,0,"schlandals --timeout 1500 -i /data/schlandals/pwmc_benchmarks/instances/bayesian_networks/pcnf/pigs/10.cnf | tr '\n' ' '",/data/schlandals/pwmc_benchmarks/instances/bayesian_networks/pcnf/pigs/10.cnf,"Estimated probability 2.5000000e-1 with bounds [2.5000000e-1 2.5000000e-1] (epsilon 0) found in 0 seconds ",
11,:,1737447944.000,0.000,0,106,0,0,"schlandals --timeout 1500 -i /data/schlandals/pwmc_benchmarks/instances/bayesian_networks/pcnf/pigs/11.cnf | tr '\n' ' '",/data/schlandals/pwmc_benchmarks/instances/bayesian_networks/pcnf/pigs/11.cnf,"Estimated probability 5.0000000e-1 with bounds [5.0000000e-1 5.0000000e-1] (epsilon 0) found in 0 seconds ",
12,:,1737447944.000,0.000,0,106,0,0,"schlandals --timeout 1500 -i /data/schlandals/pwmc_benchmarks/instances/bayesian_networks/pcnf/pigs/12.cnf | tr '\n' ' '",/data/schlandals/pwmc_benchmarks/instances/bayesian_networks/pcnf/pigs/12.cnf,"Estimated probability 2.5000000e-1 with bounds [2.5000000e-1 2.5000000e-1] (epsilon 0) found in 0 seconds ",
13,:,1737447944.000,0.000,0,106,0,0,"schlandals --timeout 1500 -i /data/schlandals/pwmc_benchmarks/instances/bayesian_networks/pcnf/pigs/13.cnf | tr '\n' ' '",/data/schlandals/pwmc_benchmarks/instances/bayesian_networks/pcnf/pigs/13.cnf,"Estimated probability 2.5000000e-1 with bounds [2.5000000e-1 2.5000000e-1] (epsilon 0) found in 0 seconds ",
14,:,1737447944.000,0.000,0,106,0,0,"schlandals --timeout 1500 -i /data/schlandals/pwmc_benchmarks/instances/bayesian_networks/pcnf/pigs/14.cnf | tr '\n' ' '",/data/schlandals/pwmc_benchmarks/instances/bayesian_networks/pcnf/pigs/14.cnf,"Estimated probability 5.0000000e-1 with bounds [5.0000000e-1 5.0000000e-1] (epsilon 0) found in 0 seconds ",
15,:,1737447944.000,0.000,0,106,0,0,"schlandals --timeout 1500 -i /data/schlandals/pwmc_benchmarks/instances/bayesian_networks/pcnf/pigs/15.cnf | tr '\n' ' '",/data/schlandals/pwmc_benchmarks/instances/bayesian_networks/pcnf/pigs/15.cnf,"Estimated probability 2.5000000e-1 with bounds [2.5000000e-1 2.5000000e-1] (epsilon 0) found in 0 seconds ",
16,:,1737447944.000,0.000,0,106,0,0,"schlandals --timeout 1500 -i /data/schlandals/pwmc_benchmarks/instances/bayesian_networks/pcnf/pigs/16.cnf | tr '\n' ' '",/data/schlandals/pwmc_benchmarks/instances/bayesian_networks/pcnf/pigs/16.cnf,"Estimated probability 2.5000000e-1 with bounds [2.5000000e-1 2.5000000e-1] (epsilon 0) found in 0 seconds ",
17,:,1737447944.000,0.000,0,106,0,0,"schlandals --timeout 1500 -i /data/schlandals/pwmc_benchmarks/instances/bayesian_networks/pcnf/pigs/17.cnf | tr '\n' ' '",/data/schlandals/pwmc_benchmarks/instances/bayesian_networks/pcnf/pigs/17.cnf,"Estimated probability 5.0000000e-1 with bounds [5.0000000e-1 5.0000000e-1] (epsilon 0) found in 0 seconds ",
18,:,1737447944.000,0.000,0,106,0,0,"schlandals --timeout 1500 -i /data/schlandals/pwmc_benchmarks/instances/bayesian_networks/pcnf/pigs/18.cnf | tr '\n' ' '",/data/schlandals/pwmc_benchmarks/instances/bayesian_networks/pcnf/pigs/18.cnf,"Estimated probability 2.5000000e-1 with bounds [2.5000000e-1 2.5000000e-1] (epsilon 0) found in 0 seconds ",
19,:,1737447944.000,0.000,0,106,0,0,"schlandals --timeout 1500 -i /data/schlandals/pwmc_benchmarks/instances/bayesian_networks/pcnf/pigs/19.cnf | tr '\n' ' '",/data/schlandals/pwmc_benchmarks/instances/bayesian_networks/pcnf/pigs/19.cnf,"Estimated probability 2.5000000e-1 with bounds [2.5000000e-1 2.5000000e-1] (epsilon 0) found in 0 seconds ",
22,:,1737447944.000,0.000,0,106,0,0,"schlandals --timeout 1500 -i /data/schlandals/pwmc_benchmarks/instances/bayesian_networks/pcnf/pigs/22.cnf | tr '\n' ' '",/data/schlandals/pwmc_benchmarks/instances/bayesian_networks/pcnf/pigs/22.cnf,"Estimated probability 2.5000000e-1 with bounds [2.5000000e-1 2.5000000e-1] (epsilon 0) found in 0 seconds ",
20,:,1737447944.000,0.000,0,106,0,0,"schlandals --timeout 1500 -i /data/schlandals/pwmc_benchmarks/instances/bayesian_networks/pcnf/pigs/20.cnf | tr '\n' ' '",/data/schlandals/pwmc_benchmarks/instances/bayesian_networks/pcnf/pigs/20.cnf,"Estimated probability 5.0000000e-1 with bounds [5.0000000e-1 5.0000000e-1] (epsilon 0) found in 0 seconds ",
21,:,1737447944.000,0.000,0,106,0,0,"schlandals --timeout 1500 -i /data/schlandals/pwmc_benchmarks/instances/bayesian_networks/pcnf/pigs/21.cnf | tr '\n' ' '",/data/schlandals/pwmc_benchmarks/instances/bayesian_networks/pcnf/pigs/21.cnf,"Estimated probability 2.5000000e-1 with bounds [2.5000000e-1 2.5000000e-1] (epsilon 0) found in 0 seconds ",
23,:,1737447944.000,0.000,0,106,0,0,"schlandals --timeout 1500 -i /data/schlandals/pwmc_benchmarks/instances/bayesian_networks/pcnf/pigs/23.cnf | tr '\n' ' '",/data/schlandals/pwmc_benchmarks/instances/bayesian_networks/pcnf/pigs/23.cnf,"Estimated probability 5.0000000e-1 with bounds [5.0000000e-1 5.0000000e-1] (epsilon 0) found in 0 seconds ",
24,:,1737447944.000,0.000,0,106,0,0,"schlandals --timeout 1500 -i /data/schlandals/pwmc_benchmarks/instances/bayesian_networks/pcnf/pigs/24.cnf | tr '\n' ' '",/data/schlandals/pwmc_benchmarks/instances/bayesian_networks/pcnf/pigs/24.cnf,"Estimated probability 2.5000000e-1 with bounds [2.5000000e-1 2.5000000e-1] (epsilon 0) found in 0 seconds ",
25,:,1737447944.000,0.000,0,106,0,0,"schlandals --timeout 1500 -i /data/schlandals/pwmc_benchmarks/instances/bayesian_networks/pcnf/pigs/25.cnf | tr '\n' ' '",/data/schlandals/pwmc_benchmarks/instances/bayesian_networks/pcnf/pigs/25.cnf,"Estimated probability 2.5000000e-1 with bounds [2.5000000e-1 2.5000000e-1] (epsilon 0) found in 0 seconds ",
26,:,1737447944.000,0.000,0,106,0,0,"schlandals --timeout 1500 -i /data/schlandals/pwmc_benchmarks/instances/bayesian_networks/pcnf/pigs/26.cnf | tr '\n' ' '",/data/schlandals/pwmc_benchmarks/instances/bayesian_networks/pcnf/pigs/26.cnf,"Estimated probability 5.0000000e-1 with bounds [5.0000000e-1 5.0000000e-1] (epsilon 0) found in 0 seconds ",
27,:,1737447944.000,0.000,0,106,0,0,"schlandals --timeout 1500 -i /data/schlandals/pwmc_benchmarks/instances/bayesian_networks/pcnf/pigs/27.cnf | tr '\n' ' '",/data/schlandals/pwmc_benchmarks/instances/bayesian_networks/pcnf/pigs/27.cnf,"Estimated probability 2.5000000e-1 with bounds [2.5000000e-1 2.5000000e-1] (epsilon 0) found in 0 seconds ",
28,:,1737447944.000,0.000,0,106,0,0,"schlandals --timeout 1500 -i /data/schlandals/pwmc_benchmarks/instances/bayesian_networks/pcnf/pigs/28.cnf | tr '\n' ' '",/data/schlandals/pwmc_benchmarks/instances/bayesian_networks/pcnf/pigs/28.cnf,"Estimated probability 2.5000000e-1 with bounds [2.5000000e-1 2.5000000e-1] (epsilon 0) found in 0 seconds ",
29,:,1737447944.000,0.000,0,106,0,0,"schlandals --timeout 1500 -i /data/schlandals/pwmc_benchmarks/instances/bayesian_networks/pcnf/pigs/29.cnf | tr '\n' ' '",/data/schlandals/pwmc_benchmarks/instances/bayesian_networks/pcnf/pigs/29.cnf,"Estimated probability 5.0000000e-1 with bounds [5.0000000e-1 5.0000000e-1] (epsilon 0) found in 0 seconds ",
30,:,1737447944.000,0.000,0,106,0,0,"schlandals --timeout 1500 -i /data/schlandals/pwmc_benchmarks/instances/bayesian_networks/pcnf/pigs/30.cnf | tr '\n' ' '",/data/schlandals/pwmc_benchmarks/instances/bayesian_networks/pcnf/pigs/30.cnf,"Estimated probability 2.5000000e-1 with bounds [2.5000000e-1 2.5000000e-1] (epsilon 0) found in 0 seconds ",
31,:,1737447944.000,0.000,0,106,0,0,"schlandals --timeout 1500 -i /data/schlandals/pwmc_benchmarks/instances/bayesian_networks/pcnf/pigs/31.cnf | tr '\n' ' '",/data/schlandals/pwmc_benchmarks/instances/bayesian_networks/pcnf/pigs/31.cnf,"Estimated probability 2.5000000e-1 with bounds [2.5000000e-1 2.5000000e-1] (epsilon 0) found in 0 seconds ",
32,:,1737447944.000,0.000,0,106,0,0,"schlandals --timeout 1500 -i /data/schlandals/pwmc_benchmarks/instances/bayesian_networks/pcnf/pigs/32.cnf | tr '\n' ' '",/data/schlandals/pwmc_benchmarks/instances/bayesian_networks/pcnf/pigs/32.cnf,"Estimated probability 5.0000000e-1 with bounds [5.0000000e-1 5.0000000e-1] (epsilon 0) found in 0 seconds ",
33,:,1737447944.000,0.000,0,106,0,0,"schlandals --timeout 1500 -i /data/schlandals/pwmc_benchmarks/instances/bayesian_networks/pcnf/pigs/33.cnf | tr '\n' ' '",/data/schlandals/pwmc_benchmarks/instances/bayesian_networks/pcnf/pigs/33.cnf,"Estimated probability 2.5000000e-1 with bounds [2.5000000e-1 2.5000000e-1] (epsilon 0) found in 0 seconds ",
34,:,1737447944.000,0.000,0,106,0,0,"schlandals --timeout 1500 -i /data/schlandals/pwmc_benchmarks/instances/bayesian_networks/pcnf/pigs/34.cnf | tr '\n' ' '",/data/schlandals/pwmc_benchmarks/instances/bayesian_networks/pcnf/pigs/34.cnf,"Estimated probability 2.5000000e-1 with bounds [2.5000000e-1 2.5000000e-1] (epsilon 0) found in 0 seconds ",
35,:,1737447944.000,0.000,0,106,0,0,"schlandals --timeout 1500 -i /data/schlandals/pwmc_benchmarks/instances/bayesian_networks/pcnf/pigs/35.cnf | tr '\n' ' '",/data/schlandals/pwmc_benchmarks/instances/bayesian_networks/pcnf/pigs/35.cnf,"Estimated probability 5.0000000e-1 with bounds [5.0000000e-1 5.0000000e-1] (epsilon 0) found in 0 seconds ",
36,:,1737447944.000,0.000,0,106,0,0,"schlandals --timeout 1500 -i /data/schlandals/pwmc_benchmarks/instances/bayesian_networks/pcnf/pigs/36.cnf | tr '\n' ' '",/data/schlandals/pwmc_benchmarks/instances/bayesian_networks/pcnf/pigs/36.cnf,"Estimated probability 2.5000000e-1 with bounds [2.5000000e-1 2.5000000e-1] (epsilon 0) found in 0 seconds ",
37,:,1737447944.000,0.000,0,106,0,0,"schlandals --timeout 1500 -i /data/schlandals/pwmc_benchmarks/instances/bayesian_networks/pcnf/pigs/37.cnf | tr '\n' ' '",/data/schlandals/pwmc_benchmarks/instances/bayesian_networks/pcnf/pigs/37.cnf,"Estimated probability 2.5000000e-1 with bounds [2.5000000e-1 2.5000000e-1] (epsilon 0) found in 0 seconds ",
38,:,1737447944.000,0.000,0,106,0,0,"schlandals --timeout 1500 -i /data/schlandals/pwmc_benchmarks/instances/bayesian_networks/pcnf/pigs/38.cnf | tr '\n' ' '",/data/schlandals/pwmc_benchmarks/instances/bayesian_networks/pcnf/pigs/38.cnf,"Estimated probability 5.0000000e-1 with bounds [5.0000000e-1 5.0000000e-1] (epsilon 0) found in 0 seconds ",
39,:,1737447944.000,0.000,0,106,0,0,"schlandals --timeout 1500 -i /data/schlandals/pwmc_benchmarks/instances/bayesian_networks/pcnf/pigs/39.cnf | tr '\n' ' '",/data/schlandals/pwmc_benchmarks/instances/bayesian_networks/pcnf/pigs/39.cnf,"Estimated probability 2.5000000e-1 with bounds [2.5000000e-1 2.5000000e-1] (epsilon 0) found in 0 seconds ",
40,:,1737447944.000,0.000,0,106,0,0,"schlandals --timeout 1500 -i /data/schlandals/pwmc_benchmarks/instances/bayesian_networks/pcnf/pigs/40.cnf | tr '\n' ' '",/data/schlandals/pwmc_benchmarks/instances/bayesian_networks/pcnf/pigs/40.cnf,"Estimated probability 2.5000000e-1 with bounds [2.5000000e-1 2.5000000e-1] (epsilon 0) found in 0 seconds ",
41,:,1737447944.000,0.000,0,106,0,0,"schlandals --timeout 1500 -i /data/schlandals/pwmc_benchmarks/instances/bayesian_networks/pcnf/pigs/41.cnf | tr '\n' ' '",/data/schlandals/pwmc_benchmarks/instances/bayesian_networks/pcnf/pigs/41.cnf,"Estimated probability 5.0000000e-1 with bounds [5.0000000e-1 5.0000000e-1] (epsilon 0) found in 0 seconds ",
42,:,1737447944.000,0.000,0,106,0,0,"schlandals --timeout 1500 -i /data/schlandals/pwmc_benchmarks/instances/bayesian_networks/pcnf/pigs/42.cnf | tr '\n' ' '",/data/schlandals/pwmc_benchmarks/instances/bayesian_networks/pcnf/pigs/42.cnf,"Estimated probability 2.5000000e-1 with bounds [2.5000000e-1 2.5000000e-1] (epsilon 0) found in 0 seconds ",
55,:,1737447944.000,0.000,0,106,0,0,"schlandals --timeout 1500 -i /data/schlandals/pwmc_benchmarks/instances/bayesian_networks/pcnf/pigs/55.cnf | tr '\n' ' '",/data/schlandals/pwmc_benchmarks/instances/bayesian_networks/pcnf/pigs/55.cnf,"Estimated probability 2.5000000e-1 with bounds [2.5000000e-1 2.5000000e-1] (epsilon 0) found in 0 seconds ",
56,:,1737447944.000,0.000,0,106,0,0,"schlandals --timeout 1500 -i /data/schlandals/pwmc_benchmarks/instances/bayesian_networks/pcnf/pigs/56.cnf | tr '\n' ' '",/data/schlandals/pwmc_benchmarks/instances/bayesian_networks/pcnf/pigs/56.cnf,"Estimated probability 5.0000000e-1 with bounds [5.0000000e-1 5.0000000e-1] (epsilon 0) found in 0 seconds ",
57,:,1737447944.000,0.000,0,106,0,0,"schlandals --timeout 1500 -i /data/schlandals/pwmc_benchmarks/instances/bayesian_networks/pcnf/pigs/57.cnf | tr '\n' ' '",/data/schlandals/pwmc_benchmarks/instances/bayesian_networks/pcnf/pigs/57.cnf,"Estimated probability 2.5000000e-1 with bounds [2.5000000e-1 2.5000000e-1] (epsilon 0) found in 0 seconds ",
70,:,1737447944.000,0.000,0,106,0,0,"schlandals --timeout 1500 -i /data/schlandals/pwmc_benchmarks/instances/bayesian_networks/pcnf/pigs/70.cnf | tr '\n' ' '",/data/schlandals/pwmc_benchmarks/instances/bayesian_networks/pcnf/pigs/70.cnf,"Estimated probability 2.5000000e-1 with bounds [2.5000000e-1 2.5000000e-1] (epsilon 0) found in 0 seconds ",
71,:,1737447944.000,0.000,0,106,0,0,"schlandals --timeout 1500 -i /data/schlandals/pwmc_benchmarks/instances/bayesian_networks/pcnf/pigs/71.cnf | tr '\n' ' '",/data/schlandals/pwmc_benchmarks/instances/bayesian_networks/pcnf/pigs/71.cnf,"Estimated probability 5.0000000e-1 with bounds [5.0000000e-1 5.0000000e-1] (epsilon 0) found in 0 seconds ",
72,:,1737447944.000,0.000,0,106,0,0,"schlandals --timeout 1500 -i /data/schlandals/pwmc_benchmarks/instances/bayesian_networks/pcnf/pigs/72.cnf | tr '\n' ' '",/data/schlandals/pwmc_benchmarks/instances/bayesian_networks/pcnf/pigs/72.cnf,"Estimated probability 2.5000000e-1 with bounds [2.5000000e-1 2.5000000e-1] (epsilon 0) found in 0 seconds ",
73,:,1737447944.000,0.000,0,106,0,0,"schlandals --timeout 1500 -i /data/schlandals/pwmc_benchmarks/instances/bayesian_networks/pcnf/pigs/73.cnf | tr '\n' ' '",/data/schlandals/pwmc_benchmarks/instances/bayesian_networks/pcnf/pigs/73.cnf,"Estimated probability 2.5000000e-1 with bounds [2.5000000e-1 2.5000000e-1] (epsilon 0) found in 0 seconds ",
74,:,1737447944.000,0.000,0,106,0,0,"schlandals --timeout 1500 -i /data/schlandals/pwmc_benchmarks/instances/bayesian_networks/pcnf/pigs/74.cnf | tr '\n' ' '",/data/schlandals/pwmc_benchmarks/instances/bayesian_networks/pcnf/pigs/74.cnf,"Estimated probability 5.0000000e-1 with bounds [5.0000000e-1 5.0000000e-1] (epsilon 0) found in 0 seconds ",
75,:,1737447944.000,0.000,0,106,0,0,"schlandals --timeout 1500 -i /data/schlandals/pwmc_benchmarks/instances/bayesian_networks/pcnf/pigs/75.cnf | tr '\n' ' '",/data/schlandals/pwmc_benchmarks/instances/bayesian_networks/pcnf/pigs/75.cnf,"Estimated probability 2.5000000e-1 with bounds [2.5000000e-1 2.5000000e-1] (epsilon 0) found in 0 seconds ",
76,:,1737447944.000,0.000,0,106,0,0,"schlandals --timeout 1500 -i /data/schlandals/pwmc_benchmarks/instances/bayesian_networks/pcnf/pigs/76.cnf | tr '\n' ' '",/data/schlandals/pwmc_benchmarks/instances/bayesian_networks/pcnf/pigs/76.cnf,"Estimated probability 2.5000000e-1 with bounds [2.5000000e-1 2.5000000e-1] (epsilon 0) found in 0 seconds ",
67,:,1737447944.000,0.000,0,106,0,0,"schlandals --timeout 1500 -i /data/schlandals/pwmc_benchmarks/instances/bayesian_networks/pcnf/pigs/67.cnf | tr '\n' ' '",/data/schlandals/pwmc_benchmarks/instances/bayesian_networks/pcnf/pigs/67.cnf,"Estimated probability 2.5000000e-1 with bounds [2.5000000e-1 2.5000000e-1] (epsilon 0) found in 0 seconds ",
77,:,1737447944.000,0.000,0,106,0,0,"schlandals --timeout 1500 -i /data/schlandals/pwmc_benchmarks/instances/bayesian_networks/pcnf/pigs/77.cnf | tr '\n' ' '",/data/schlandals/pwmc_benchmarks/instances/bayesian_networks/pcnf/pigs/77.cnf,"Estimated probability 5.0000000e-1 with bounds [5.0000000e-1 5.0000000e-1] (epsilon 0) found in 0 seconds ",
68,:,1737447944.000,0.000,0,106,0,0,"schlandals --timeout 1500 -i /data/schlandals/pwmc_benchmarks/instances/bayesian_networks/pcnf/pigs/68.cnf | tr '\n' ' '",/data/schlandals/pwmc_benchmarks/instances/bayesian_networks/pcnf/pigs/68.cnf,"Estimated probability 5.0000000e-1 with bounds [5.0000000e-1 5.0000000e-1] (epsilon 0) found in 0 seconds ",
69,:,1737447944.000,0.000,0,106,0,0,"schlandals --timeout 1500 -i /data/schlandals/pwmc_benchmarks/instances/bayesian_networks/pcnf/pigs/69.cnf | tr '\n' ' '",/data/schlandals/pwmc_benchmarks/instances/bayesian_networks/pcnf/pigs/69.cnf,"Estimated probability 2.5000000e-1 with bounds [2.5000000e-1 2.5000000e-1] (epsilon 0) found in 0 seconds ",
78,:,1737447944.000,0.000,0,106,0,0,"schlandals --timeout 1500 -i /data/schlandals/pwmc_benchmarks/instances/bayesian_networks/pcnf/pigs/78.cnf | tr '\n' ' '",/data/schlandals/pwmc_benchmarks/instances/bayesian_networks/pcnf/pigs/78.cnf,"Estimated probability 2.5000000e-1 with bounds [2.5000000e-1 2.5000000e-1] (epsilon 0) found in 0 seconds ",
79,:,1737447944.000,0.000,0,106,0,0,"schlandals --timeout 1500 -i /data/schlandals/pwmc_benchmarks/instances/bayesian_networks/pcnf/pigs/79.cnf | tr '\n' ' '",/data/schlandals/pwmc_benchmarks/instances/bayesian_networks/pcnf/pigs/79.cnf,"Estimated probability 2.5000000e-1 with bounds [2.5000000e-1 2.5000000e-1] (epsilon 0) found in 0 seconds ",
80,:,1737447944.000,0.000,0,106,0,0,"schlandals --timeout 1500 -i /data/schlandals/pwmc_benchmarks/instances/bayesian_networks/pcnf/pigs/80.cnf | tr '\n' ' '",/data/schlandals/pwmc_benchmarks/instances/bayesian_networks/pcnf/pigs/80.cnf,"Estimated probability 5.0000000e-1 with bounds [5.0000000e-1 5.0000000e-1] (epsilon 0) found in 0 seconds ",
81,:,1737447944.000,0.000,0,106,0,0,"schlandals --timeout 1500 -i /data/schlandals/pwmc_benchmarks/instances/bayesian_networks/pcnf/pigs/81.cnf | tr '\n' ' '",/data/schlandals/pwmc_benchmarks/instances/bayesian_networks/pcnf/pigs/81.cnf,"Estimated probability 2.5000000e-1 with bounds [2.5000000e-1 2.5000000e-1] (epsilon 0) found in 0 seconds ",
50,:,1737447944.000,0.000,0,106,0,0,"schlandals --timeout 1500 -i /data/schlandals/pwmc_benchmarks/instances/bayesian_networks/pcnf/pigs/50.cnf | tr '\n' ' '",/data/schlandals/pwmc_benchmarks/instances/bayesian_networks/pcnf/pigs/50.cnf,"Estimated probability 5.0000000e-1 with bounds [5.0000000e-1 5.0000000e-1] (epsilon 0) found in 0 seconds ",
82,:,1737447944.000,0.000,0,106,0,0,"schlandals --timeout 1500 -i /data/schlandals/pwmc_benchmarks/instances/bayesian_networks/pcnf/pigs/82.cnf | tr '\n' ' '",/data/schlandals/pwmc_benchmarks/instances/bayesian_networks/pcnf/pigs/82.cnf,"Estimated probability 2.5000000e-1 with bounds [2.5000000e-1 2.5000000e-1] (epsilon 0) found in 0 seconds ",
53,:,1737447944.000,0.000,0,106,0,0,"schlandals --timeout 1500 -i /data/schlandals/pwmc_benchmarks/instances/bayesian_networks/pcnf/pigs/53.cnf | tr '\n' ' '",/data/schlandals/pwmc_benchmarks/instances/bayesian_networks/pcnf/pigs/53.cnf,"Estimated probability 5.0000000e-1 with bounds [5.0000000e-1 5.0000000e-1] (epsilon 0) found in 0 seconds ",
49,:,1737447944.000,0.000,0,106,0,0,"schlandals --timeout 1500 -i /data/schlandals/pwmc_benchmarks/instances/bayesian_networks/pcnf/pigs/49.cnf | tr '\n' ' '",/data/schlandals/pwmc_benchmarks/instances/bayesian_networks/pcnf/pigs/49.cnf,"Estimated probability 2.5000000e-1 with bounds [2.5000000e-1 2.5000000e-1] (epsilon 0) found in 0 seconds ",
58,:,1737447944.000,0.000,0,106,0,0,"schlandals --timeout 1500 -i /data/schlandals/pwmc_benchmarks/instances/bayesian_networks/pcnf/pigs/58.cnf | tr '\n' ' '",/data/schlandals/pwmc_benchmarks/instances/bayesian_networks/pcnf/pigs/58.cnf,"Estimated probability 2.5000000e-1 with bounds [2.5000000e-1 2.5000000e-1] (epsilon 0) found in 0 seconds ",
51,:,1737447944.000,0.000,0,106,0,0,"schlandals --timeout 1500 -i /data/schlandals/pwmc_benchmarks/instances/bayesian_networks/pcnf/pigs/51.cnf | tr '\n' ' '",/data/schlandals/pwmc_benchmarks/instances/bayesian_networks/pcnf/pigs/51.cnf,"Estimated probability 2.5000000e-1 with bounds [2.5000000e-1 2.5000000e-1] (epsilon 0) found in 0 seconds ",
52,:,1737447944.000,0.000,0,106,0,0,"schlandals --timeout 1500 -i /data/schlandals/pwmc_benchmarks/instances/bayesian_networks/pcnf/pigs/52.cnf | tr '\n' ' '",/data/schlandals/pwmc_benchmarks/instances/bayesian_networks/pcnf/pigs/52.cnf,"Estimated probability 2.5000000e-1 with bounds [2.5000000e-1 2.5000000e-1] (epsilon 0) found in 0 seconds ",
59,:,1737447944.000,0.000,0,106,0,0,"schlandals --timeout 1500 -i /data/schlandals/pwmc_benchmarks/instances/bayesian_networks/pcnf/pigs/59.cnf | tr '\n' ' '",/data/schlandals/pwmc_benchmarks/instances/bayesian_networks/pcnf/pigs/59.cnf,"Estimated probability 5.0000000e-1 with bounds [5.0000000e-1 5.0000000e-1] (epsilon 0) found in 0 seconds ",
60,:,1737447944.000,0.000,0,106,0,0,"schlandals --timeout 1500 -i /data/schlandals/pwmc_benchmarks/instances/bayesian_networks/pcnf/pigs/60.cnf | tr '\n' ' '",/data/schlandals/pwmc_benchmarks/instances/bayesian_networks/pcnf/pigs/60.cnf,"Estimated probability 2.5000000e-1 with bounds [2.5000000e-1 2.5000000e-1] (epsilon 0) found in 0 seconds ",
61,:,1737447944.000,0.000,0,106,0,0,"schlandals --timeout 1500 -i /data/schlandals/pwmc_benchmarks/instances/bayesian_networks/pcnf/pigs/61.cnf | tr '\n' ' '",/data/schlandals/pwmc_benchmarks/instances/bayesian_networks/pcnf/pigs/61.cnf,"Estimated probability 2.5000000e-1 with bounds [2.5000000e-1 2.5000000e-1] (epsilon 0) found in 0 seconds ",
54,:,1737447944.000,0.000,0,106,0,0,"schlandals --timeout 1500 -i /data/schlandals/pwmc_benchmarks/instances/bayesian_networks/pcnf/pigs/54.cnf | tr '\n' ' '",/data/schlandals/pwmc_benchmarks/instances/bayesian_networks/pcnf/pigs/54.cnf,"Estimated probability 2.5000000e-1 with bounds [2.5000000e-1 2.5000000e-1] (epsilon 0) found in 0 seconds ",
62,:,1737447944.000,0.000,0,106,0,0,"schlandals --timeout 1500 -i /data/schlandals/pwmc_benchmarks/instances/bayesian_networks/pcnf/pigs/62.cnf | tr '\n' ' '",/data/schlandals/pwmc_benchmarks/instances/bayesian_networks/pcnf/pigs/62.cnf,"Estimated probability 5.0000000e-1 with bounds [5.0000000e-1 5.0000000e-1] (epsilon 0) found in 0 seconds ",
83,:,1737447944.000,0.000,0,106,0,0,"schlandals --timeout 1500 -i /data/schlandals/pwmc_benchmarks/instances/bayesian_networks/pcnf/pigs/83.cnf | tr '\n' ' '",/data/schlandals/pwmc_benchmarks/instances/bayesian_networks/pcnf/pigs/83.cnf,"Estimated probability 5.0000000e-1 with bounds [5.0000000e-1 5.0000000e-1] (epsilon 0) found in 0 seconds ",
63,:,1737447944.000,0.000,0,106,0,0,"schlandals --timeout 1500 -i /data/schlandals/pwmc_benchmarks/instances/bayesian_networks/pcnf/pigs/63.cnf | tr '\n' ' '",/data/schlandals/pwmc_benchmarks/instances/bayesian_networks/pcnf/pigs/63.cnf,"Estimated probability 2.5000000e-1 with bounds [2.5000000e-1 2.5000000e-1] (epsilon 0) found in 0 seconds ",
84,:,1737447944.000,0.000,0,106,0,0,"schlandals --timeout 1500 -i /data/schlandals/pwmc_benchmarks/instances/bayesian_networks/pcnf/pigs/84.cnf | tr '\n' ' '",/data/schlandals/pwmc_benchmarks/instances/bayesian_networks/pcnf/pigs/84.cnf,"Estimated probability 2.5000000e-1 with bounds [2.5000000e-1 2.5000000e-1] (epsilon 0) found in 0 seconds ",
85,:,1737447944.000,0.000,0,106,0,0,"schlandals --timeout 1500 -i /data/schlandals/pwmc_benchmarks/instances/bayesian_networks/pcnf/pigs/85.cnf | tr '\n' ' '",/data/schlandals/pwmc_benchmarks/instances/bayesian_networks/pcnf/pigs/85.cnf,"Estimated probability 2.5000000e-1 with bounds [2.5000000e-1 2.5000000e-1] (epsilon 0) found in 0 seconds ",
86,:,1737447944.000,0.000,0,106,0,0,"schlandals --timeout 1500 -i /data/schlandals/pwmc_benchmarks/instances/bayesian_networks/pcnf/pigs/86.cnf | tr '\n' ' '",/data/schlandals/pwmc_benchmarks/instances/bayesian_networks/pcnf/pigs/86.cnf,"Estimated probability 5.0000000e-1 with bounds [5.0000000e-1 5.0000000e-1] (epsilon 0) found in 0 seconds ",
87,:,1737447944.000,0.000,0,106,0,0,"schlandals --timeout 1500 -i /data/schlandals/pwmc_benchmarks/instances/bayesian_networks/pcnf/pigs/87.cnf | tr '\n' ' '",/data/schlandals/pwmc_benchmarks/instances/bayesian_networks/pcnf/pigs/87.cnf,"Estimated probability 2.5000000e-1 with bounds [2.5000000e-1 2.5000000e-1] (epsilon 0) found in 0 seconds ",
91,:,1737447944.000,0.000,0,106,0,0,"schlandals --timeout 1500 -i /data/schlandals/pwmc_benchmarks/instances/bayesian_networks/pcnf/pigs/91.cnf | tr '\n' ' '",/data/schlandals/pwmc_benchmarks/instances/bayesian_networks/pcnf/pigs/91.cnf,"Estimated probability 2.5000000e-1 with bounds [2.5000000e-1 2.5000000e-1] (epsilon 0) found in 0 seconds ",
92,:,1737447944.000,0.000,0,106,0,0,"schlandals --timeout 1500 -i /data/schlandals/pwmc_benchmarks/instances/bayesian_networks/pcnf/pigs/92.cnf | tr '\n' ' '",/data/schlandals/pwmc_benchmarks/instances/bayesian_networks/pcnf/pigs/92.cnf,"Estimated probability 5.0000000e-1 with bounds [5.0000000e-1 5.0000000e-1] (epsilon 0) found in 0 seconds ",
93,:,1737447944.000,0.000,0,106,0,0,"schlandals --timeout 1500 -i /data/schlandals/pwmc_benchmarks/instances/bayesian_networks/pcnf/pigs/93.cnf | tr '\n' ' '",/data/schlandals/pwmc_benchmarks/instances/bayesian_networks/pcnf/pigs/93.cnf,"Estimated probability 2.5000000e-1 with bounds [2.5000000e-1 2.5000000e-1] (epsilon 0) found in 0 seconds ",
94,:,1737447944.000,0.000,0,106,0,0,"schlandals --timeout 1500 -i /data/schlandals/pwmc_benchmarks/instances/bayesian_networks/pcnf/pigs/94.cnf | tr '\n' ' '",/data/schlandals/pwmc_benchmarks/instances/bayesian_networks/pcnf/pigs/94.cnf,"Estimated probability 2.5000000e-1 with bounds [2.5000000e-1 2.5000000e-1] (epsilon 0) found in 0 seconds ",
95,:,1737447944.000,0.000,0,106,0,0,"schlandals --timeout 1500 -i /data/schlandals/pwmc_benchmarks/instances/bayesian_networks/pcnf/pigs/95.cnf | tr '\n' ' '",/data/schlandals/pwmc_benchmarks/instances/bayesian_networks/pcnf/pigs/95.cnf,"Estimated probability 5.0000000e-1 with bounds [5.0000000e-1 5.0000000e-1] (epsilon 0) found in 0 seconds ",
96,:,1737447944.000,0.000,0,106,0,0,"schlandals --timeout 1500 -i /data/schlandals/pwmc_benchmarks/instances/bayesian_networks/pcnf/pigs/96.cnf | tr '\n' ' '",/data/schlandals/pwmc_benchmarks/instances/bayesian_networks/pcnf/pigs/96.cnf,"Estimated probability 2.5000000e-1 with bounds [2.5000000e-1 2.5000000e-1] (epsilon 0) found in 0 seconds ",
97,:,1737447944.000,0.000,0,106,0,0,"schlandals --timeout 1500 -i /data/schlandals/pwmc_benchmarks/instances/bayesian_networks/pcnf/pigs/97.cnf | tr '\n' ' '",/data/schlandals/pwmc_benchmarks/instances/bayesian_networks/pcnf/pigs/97.cnf,"Estimated probability 2.5000000e-1 with bounds [2.5000000e-1 2.5000000e-1] (epsilon 0) found in 0 seconds ",
98,:,1737447944.000,0.000,0,106,0,0,"schlandals --timeout 1500 -i /data/schlandals/pwmc_benchmarks/instances/bayesian_networks/pcnf/pigs/98.cnf | tr '\n' ' '",/data/schlandals/pwmc_benchmarks/instances/bayesian_networks/pcnf/pigs/98.cnf,"Estimated probability 5.0000000e-1 with bounds [5.0000000e-1 5.0000000e-1] (epsilon 0) found in 0 seconds ",
99,:,1737447944.000,0.000,0,106,0,0,"schlandals --timeout 1500 -i /data/schlandals/pwmc_benchmarks/instances/bayesian_networks/pcnf/pigs/99.cnf | tr '\n' ' '",/data/schlandals/pwmc_benchmarks/instances/bayesian_networks/pcnf/pigs/99.cnf,"Estimated probability 2.5000000e-1 with bounds [2.5000000e-1 2.5000000e-1] (epsilon 0) found in 0 seconds ",
100,:,1737447944.000,0.000,0,106,0,0,"schlandals --timeout 1500 -i /data/schlandals/pwmc_benchmarks/instances/bayesian_networks/pcnf/pigs/100.cnf | tr '\n' ' '",/data/schlandals/pwmc_benchmarks/instances/bayesian_networks/pcnf/pigs/100.cnf,"Estimated probability 2.5000000e-1 with bounds [2.5000000e-1 2.5000000e-1] (epsilon 0) found in 0 seconds ",
101,:,1737447944.000,0.000,0,106,0,0,"schlandals --timeout 1500 -i /data/schlandals/pwmc_benchmarks/instances/bayesian_networks/pcnf/pigs/101.cnf | tr '\n' ' '",/data/schlandals/pwmc_benchmarks/instances/bayesian_networks/pcnf/pigs/101.cnf,"Estimated probability 5.0000000e-1 with bounds [5.0000000e-1 5.0000000e-1] (epsilon 0) found in 0 seconds ",
102,:,1737447944.000,0.000,0,106,0,0,"schlandals --timeout 1500 -i /data/schlandals/pwmc_benchmarks/instances/bayesian_networks/pcnf/pigs/102.cnf | tr '\n' ' '",/data/schlandals/pwmc_benchmarks/instances/bayesian_networks/pcnf/pigs/102.cnf,"Estimated probability 2.5000000e-1 with bounds [2.5000000e-1 2.5000000e-1] (epsilon 0) found in 0 seconds ",
103,:,1737447944.000,0.000,0,106,0,0,"schlandals --timeout 1500 -i /data/schlandals/pwmc_benchmarks/instances/bayesian_networks/pcnf/pigs/103.cnf | tr '\n' ' '",/data/schlandals/pwmc_benchmarks/instances/bayesian_networks/pcnf/pigs/103.cnf,"Estimated probability 2.5000000e-1 with bounds [2.5000000e-1 2.5000000e-1] (epsilon 0) found in 0 seconds ",
104,:,1737447944.000,0.000,0,106,0,0,"schlandals --timeout 1500 -i /data/schlandals/pwmc_benchmarks/instances/bayesian_networks/pcnf/pigs/104.cnf | tr '\n' ' '",/data/schlandals/pwmc_benchmarks/instances/bayesian_networks/pcnf/pigs/104.cnf,"Estimated probability 5.0000000e-1 with bounds [5.0000000e-1 5.0000000e-1] (epsilon 0) found in 0 seconds ",
105,:,1737447944.000,0.000,0,106,0,0,"schlandals --timeout 1500 -i /data/schlandals/pwmc_benchmarks/instances/bayesian_networks/pcnf/pigs/105.cnf | tr '\n' ' '",/data/schlandals/pwmc_benchmarks/instances/bayesian_networks/pcnf/pigs/105.cnf,"Estimated probability 2.5000000e-1 with bounds [2.5000000e-1 2.5000000e-1] (epsilon 0) found in 0 seconds ",
106,:,1737447944.000,0.000,0,106,0,0,"schlandals --timeout 1500 -i /data/schlandals/pwmc_benchmarks/instances/bayesian_networks/pcnf/pigs/106.cnf | tr '\n' ' '",/data/schlandals/pwmc_benchmarks/instances/bayesian_networks/pcnf/pigs/106.cnf,"Estimated probability 2.5000000e-1 with bounds [2.5000000e-1 2.5000000e-1] (epsilon 0) found in 0 seconds ",
107,:,1737447944.000,0.000,0,106,0,0,"schlandals --timeout 1500 -i /data/schlandals/pwmc_benchmarks/instances/bayesian_networks/pcnf/pigs/107.cnf | tr '\n' ' '",/data/schlandals/pwmc_benchmarks/instances/bayesian_networks/pcnf/pigs/107.cnf,"Estimated probability 5.0000000e-1 with bounds [5.0000000e-1 5.0000000e-1] (epsilon 0) found in 0 seconds ",
108,:,1737447944.000,0.000,0,106,0,0,"schlandals --timeout 1500 -i /data/schlandals/pwmc_benchmarks/instances/bayesian_networks/pcnf/pigs/108.cnf | tr '\n' ' '",/data/schlandals/pwmc_benchmarks/instances/bayesian_networks/pcnf/pigs/108.cnf,"Estimated probability 2.5000000e-1 with bounds [2.5000000e-1 2.5000000e-1] (epsilon 0) found in 0 seconds ",
109,:,1737447944.000,0.000,0,106,0,0,"schlandals --timeout 1500 -i /data/schlandals/pwmc_benchmarks/instances/bayesian_networks/pcnf/pigs/109.cnf | tr '\n' ' '",/data/schlandals/pwmc_benchmarks/instances/bayesian_networks/pcnf/pigs/109.cnf,"Estimated probability 2.5000000e-1 with bounds [2.5000000e-1 2.5000000e-1] (epsilon 0) found in 0 seconds ",
110,:,1737447944.000,0.000,0,106,0,0,"schlandals --timeout 1500 -i /data/schlandals/pwmc_benchmarks/instances/bayesian_networks/pcnf/pigs/110.cnf | tr '\n' ' '",/data/schlandals/pwmc_benchmarks/instances/bayesian_networks/pcnf/pigs/110.cnf,"Estimated probability 5.0000000e-1 with bounds [5.0000000e-1 5.0000000e-1] (epsilon 0) found in 0 seconds ",
111,:,1737447944.000,0.000,0,106,0,0,"schlandals --timeout 1500 -i /data/schlandals/pwmc_benchmarks/instances/bayesian_networks/pcnf/pigs/111.cnf | tr '\n' ' '",/data/schlandals/pwmc_benchmarks/instances/bayesian_networks/pcnf/pigs/111.cnf,"Estimated probability 2.5000000e-1 with bounds [2.5000000e-1 2.5000000e-1] (epsilon 0) found in 0 seconds ",
112,:,1737447944.000,0.000,0,106,0,0,"schlandals --timeout 1500 -i /data/schlandals/pwmc_benchmarks/instances/bayesian_networks/pcnf/pigs/112.cnf | tr '\n' ' '",/data/schlandals/pwmc_benchmarks/instances/bayesian_networks/pcnf/pigs/112.cnf,"Estimated probability 2.5000000e-1 with bounds [2.5000000e-1 2.5000000e-1] (epsilon 0) found in 0 seconds ",
113,:,1737447944.000,0.000,0,106,0,0,"schlandals --timeout 1500 -i /data/schlandals/pwmc_benchmarks/instances/bayesian_networks/pcnf/pigs/113.cnf | tr '\n' ' '",/data/schlandals/pwmc_benchmarks/instances/bayesian_networks/pcnf/pigs/113.cnf,"Estimated probability 5.0000000e-1 with bounds [5.0000000e-1 5.0000000e-1] (epsilon 0) found in 0 seconds ",
114,:,1737447944.000,0.000,0,106,0,0,"schlandals --timeout 1500 -i /data/schlandals/pwmc_benchmarks/instances/bayesian_networks/pcnf/pigs/114.cnf | tr '\n' ' '",/data/schlandals/pwmc_benchmarks/instances/bayesian_networks/pcnf/pigs/114.cnf,"Estimated probability 2.5000000e-1 with bounds [2.5000000e-1 2.5000000e-1] (epsilon 0) found in 0 seconds ",
127,:,1737447944.000,0.000,0,106,0,0,"schlandals --timeout 1500 -i /data/schlandals/pwmc_benchmarks/instances/bayesian_networks/pcnf/pigs/127.cnf | tr '\n' ' '",/data/schlandals/pwmc_benchmarks/instances/bayesian_networks/pcnf/pigs/127.cnf,"Estimated probability 2.5000000e-1 with bounds [2.5000000e-1 2.5000000e-1] (epsilon 0) found in 0 seconds ",
128,:,1737447944.000,0.000,0,106,0,0,"schlandals --timeout 1500 -i /data/schlandals/pwmc_benchmarks/instances/bayesian_networks/pcnf/pigs/128.cnf | tr '\n' ' '",/data/schlandals/pwmc_benchmarks/instances/bayesian_networks/pcnf/pigs/128.cnf,"Estimated probability 5.0000000e-1 with bounds [5.0000000e-1 5.0000000e-1] (epsilon 0) found in 0 seconds ",
129,:,1737447944.000,0.000,0,106,0,0,"schlandals --timeout 1500 -i /data/schlandals/pwmc_benchmarks/instances/bayesian_networks/pcnf/pigs/129.cnf | tr '\n' ' '",/data/schlandals/pwmc_benchmarks/instances/bayesian_networks/pcnf/pigs/129.cnf,"Estimated probability 2.5000000e-1 with bounds [2.5000000e-1 2.5000000e-1] (epsilon 0) found in 0 seconds ",
130,:,1737447944.000,0.000,0,106,0,0,"schlandals --timeout 1500 -i /data/schlandals/pwmc_benchmarks/instances/bayesian_networks/pcnf/pigs/130.cnf | tr '\n' ' '",/data/schlandals/pwmc_benchmarks/instances/bayesian_networks/pcnf/pigs/130.cnf,"Estimated probability 2.5000000e-1 with bounds [2.5000000e-1 2.5000000e-1] (epsilon 0) found in 0 seconds ",
131,:,1737447944.000,0.000,0,106,0,0,"schlandals --timeout 1500 -i /data/schlandals/pwmc_benchmarks/instances/bayesian_networks/pcnf/pigs/131.cnf | tr '\n' ' '",/data/schlandals/pwmc_benchmarks/instances/bayesian_networks/pcnf/pigs/131.cnf,"Estimated probability 5.0000000e-1 with bounds [5.0000000e-1 5.0000000e-1] (epsilon 0) found in 0 seconds ",
132,:,1737447944.000,0.000,0,106,0,0,"schlandals --timeout 1500 -i /data/schlandals/pwmc_benchmarks/instances/bayesian_networks/pcnf/pigs/132.cnf | tr '\n' ' '",/data/schlandals/pwmc_benchmarks/instances/bayesian_networks/pcnf/pigs/132.cnf,"Estimated probability 2.5000000e-1 with bounds [2.5000000e-1 2.5000000e-1] (epsilon 0) found in 0 seconds ",
133,:,1737447944.000,0.000,0,106,0,0,"schlandals --timeout 1500 -i /data/schlandals/pwmc_benchmarks/instances/bayesian_networks/pcnf/pigs/133.cnf | tr '\n' ' '",/data/schlandals/pwmc_benchmarks/instances/bayesian_networks/pcnf/pigs/133.cnf,"Estimated probability 2.5000000e-1 with bounds [2.5000000e-1 2.5000000e-1] (epsilon 0) found in 0 seconds ",
134,:,1737447944.000,0.000,0,106,0,0,"schlandals --timeout 1500 -i /data/schlandals/pwmc_benchmarks/instances/bayesian_networks/pcnf/pigs/134.cnf | tr '\n' ' '",/data/schlandals/pwmc_benchmarks/instances/bayesian_networks/pcnf/pigs/134.cnf,"Estimated probability 5.0000000e-1 with bounds [5.0000000e-1 5.0000000e-1] (epsilon 0) found in 0 seconds ",
135,:,1737447944.000,0.000,0,106,0,0,"schlandals --timeout 1500 -i /data/schlandals/pwmc_benchmarks/instances/bayesian_networks/pcnf/pigs/135.cnf | tr '\n' ' '",/data/schlandals/pwmc_benchmarks/instances/bayesian_networks/pcnf/pigs/135.cnf,"Estimated probability 2.5000000e-1 with bounds [2.5000000e-1 2.5000000e-1] (epsilon 0) found in 0 seconds ",
136,:,1737447944.000,0.000,0,106,0,0,"schlandals --timeout 1500 -i /data/schlandals/pwmc_benchmarks/instances/bayesian_networks/pcnf/pigs/136.cnf | tr '\n' ' '",/data/schlandals/pwmc_benchmarks/instances/bayesian_networks/pcnf/pigs/136.cnf,"Estimated probability 2.5000000e-1 with bounds [2.5000000e-1 2.5000000e-1] (epsilon 0) found in 0 seconds ",
137,:,1737447944.000,0.000,0,106,0,0,"schlandals --timeout 1500 -i /data/schlandals/pwmc_benchmarks/instances/bayesian_networks/pcnf/pigs/137.cnf | tr '\n' ' '",/data/schlandals/pwmc_benchmarks/instances/bayesian_networks/pcnf/pigs/137.cnf,"Estimated probability 5.0000000e-1 with bounds [5.0000000e-1 5.0000000e-1] (epsilon 0) found in 0 seconds ",
138,:,1737447944.000,0.000,0,106,0,0,"schlandals --timeout 1500 -i /data/schlandals/pwmc_benchmarks/instances/bayesian_networks/pcnf/pigs/138.cnf | tr '\n' ' '",/data/schlandals/pwmc_benchmarks/instances/bayesian_networks/pcnf/pigs/138.cnf,"Estimated probability 2.5000000e-1 with bounds [2.5000000e-1 2.5000000e-1] (epsilon 0) found in 0 seconds ",
139,:,1737447944.000,0.000,0,106,0,0,"schlandals --timeout 1500 -i /data/schlandals/pwmc_benchmarks/instances/bayesian_networks/pcnf/pigs/139.cnf | tr '\n' ' '",/data/schlandals/pwmc_benchmarks/instances/bayesian_networks/pcnf/pigs/139.cnf,"Estimated probability 2.5000000e-1 with bounds [2.5000000e-1 2.5000000e-1] (epsilon 0) found in 0 seconds ",
140,:,1737447944.000,0.000,0,106,0,0,"schlandals --timeout 1500 -i /data/schlandals/pwmc_benchmarks/instances/bayesian_networks/pcnf/pigs/140.cnf | tr '\n' ' '",/data/schlandals/pwmc_benchmarks/instances/bayesian_networks/pcnf/pigs/140.cnf,"Estimated probability 5.0000000e-1 with bounds [5.0000000e-1 5.0000000e-1] (epsilon 0) found in 0 seconds ",
141,:,1737447944.000,0.000,0,106,0,0,"schlandals --timeout 1500 -i /data/schlandals/pwmc_benchmarks/instances/bayesian_networks/pcnf/pigs/141.cnf | tr '\n' ' '",/data/schlandals/pwmc_benchmarks/instances/bayesian_networks/pcnf/pigs/141.cnf,"Estimated probability 2.5000000e-1 with bounds [2.5000000e-1 2.5000000e-1] (epsilon 0) found in 0 seconds ",
148,:,1737447944.000,0.000,0,106,0,0,"schlandals --timeout 1500 -i /data/schlandals/pwmc_benchmarks/instances/bayesian_networks/pcnf/pigs/148.cnf | tr '\n' ' '",/data/schlandals/pwmc_benchmarks/instances/bayesian_networks/pcnf/pigs/148.cnf,"Estimated probability 2.5000000e-1 with bounds [2.5000000e-1 2.5000000e-1] (epsilon 0) found in 0 seconds ",
149,:,1737447944.000,0.000,0,106,0,0,"schlandals --timeout 1500 -i /data/schlandals/pwmc_benchmarks/instances/bayesian_networks/pcnf/pigs/149.cnf | tr '\n' ' '",/data/schlandals/pwmc_benchmarks/instances/bayesian_networks/pcnf/pigs/149.cnf,"Estimated probability 5.0000000e-1 with bounds [5.0000000e-1 5.0000000e-1] (epsilon 0) found in 0 seconds ",
150,:,1737447944.000,0.000,0,106,0,0,"schlandals --timeout 1500 -i /data/schlandals/pwmc_benchmarks/instances/bayesian_networks/pcnf/pigs/150.cnf | tr '\n' ' '",/data/schlandals/pwmc_benchmarks/instances/bayesian_networks/pcnf/pigs/150.cnf,"Estimated probability 2.5000000e-1 with bounds [2.5000000e-1 2.5000000e-1] (epsilon 0) found in 0 seconds ",
143,:,1737447944.000,0.000,0,106,0,0,"schlandals --timeout 1500 -i /data/schlandals/pwmc_benchmarks/instances/bayesian_networks/pcnf/pigs/143.cnf | tr '\n' ' '",/data/schlandals/pwmc_benchmarks/instances/bayesian_networks/pcnf/pigs/143.cnf,"Estimated probability 5.0000000e-1 with bounds [5.0000000e-1 5.0000000e-1] (epsilon 0) found in 0 seconds ",
144,:,1737447944.000,0.000,0,106,0,0,"schlandals --timeout 1500 -i /data/schlandals/pwmc_benchmarks/instances/bayesian_networks/pcnf/pigs/144.cnf | tr '\n' ' '",/data/schlandals/pwmc_benchmarks/instances/bayesian_networks/pcnf/pigs/144.cnf,"Estimated probability 2.5000000e-1 with bounds [2.5000000e-1 2.5000000e-1] (epsilon 0) found in 0 seconds ",
154,:,1737447944.000,1.000,0,106,0,0,"schlandals --timeout 1500 -i /data/schlandals/pwmc_benchmarks/instances/bayesian_networks/pcnf/pigs/154.cnf | tr '\n' ' '",/data/schlandals/pwmc_benchmarks/instances/bayesian_networks/pcnf/pigs/154.cnf,"Estimated probability 2.5000000e-1 with bounds [2.5000000e-1 2.5000000e-1] (epsilon 0) found in 0 seconds ",
142,:,1737447944.000,1.000,0,106,0,0,"schlandals --timeout 1500 -i /data/schlandals/pwmc_benchmarks/instances/bayesian_networks/pcnf/pigs/142.cnf | tr '\n' ' '",/data/schlandals/pwmc_benchmarks/instances/bayesian_networks/pcnf/pigs/142.cnf,"Estimated probability 2.5000000e-1 with bounds [2.5000000e-1 2.5000000e-1] (epsilon 0) found in 0 seconds ",
155,:,1737447944.000,1.000,0,106,0,0,"schlandals --timeout 1500 -i /data/schlandals/pwmc_benchmarks/instances/bayesian_networks/pcnf/pigs/155.cnf | tr '\n' ' '",/data/schlandals/pwmc_benchmarks/instances/bayesian_networks/pcnf/pigs/155.cnf,"Estimated probability 5.0000000e-1 with bounds [5.0000000e-1 5.0000000e-1] (epsilon 0) found in 0 seconds ",
156,:,1737447944.000,1.000,0,106,0,0,"schlandals --timeout 1500 -i /data/schlandals/pwmc_benchmarks/instances/bayesian_networks/pcnf/pigs/156.cnf | tr '\n' ' '",/data/schlandals/pwmc_benchmarks/instances/bayesian_networks/pcnf/pigs/156.cnf,"Estimated probability 2.5000000e-1 with bounds [2.5000000e-1 2.5000000e-1] (epsilon 0) found in 0 seconds ",
122,:,1737447944.000,1.000,0,106,0,0,"schlandals --timeout 1500 -i /data/schlandals/pwmc_benchmarks/instances/bayesian_networks/pcnf/pigs/122.cnf | tr '\n' ' '",/data/schlandals/pwmc_benchmarks/instances/bayesian_networks/pcnf/pigs/122.cnf,"Estimated probability 4.8437500e-1 with bounds [4.8437500e-1 4.8437500e-1] (epsilon 0) found in 0 seconds ",
123,:,1737447944.000,1.000,0,106,0,0,"schlandals --timeout 1500 -i /data/schlandals/pwmc_benchmarks/instances/bayesian_networks/pcnf/pigs/123.cnf | tr '\n' ' '",/data/schlandals/pwmc_benchmarks/instances/bayesian_networks/pcnf/pigs/123.cnf,"Estimated probability 2.5781250e-1 with bounds [2.5781250e-1 2.5781250e-1] (epsilon 0) found in 0 seconds ",
121,:,1737447944.000,1.000,0,106,0,0,"schlandals --timeout 1500 -i /data/schlandals/pwmc_benchmarks/instances/bayesian_networks/pcnf/pigs/121.cnf | tr '\n' ' '",/data/schlandals/pwmc_benchmarks/instances/bayesian_networks/pcnf/pigs/121.cnf,"Estimated probability 2.5781250e-1 with bounds [2.5781250e-1 2.5781250e-1] (epsilon 0) found in 0 seconds ",
125,:,1737447944.000,1.000,0,106,0,0,"schlandals --timeout 1500 -i /data/schlandals/pwmc_benchmarks/instances/bayesian_networks/pcnf/pigs/125.cnf | tr '\n' ' '",/data/schlandals/pwmc_benchmarks/instances/bayesian_networks/pcnf/pigs/125.cnf,"Estimated probability 4.8437500e-1 with bounds [4.8437500e-1 4.8437500e-1] (epsilon 0) found in 0 seconds ",
172,:,1737447945.000,0.000,0,106,0,0,"schlandals --timeout 1500 -i /data/schlandals/pwmc_benchmarks/instances/bayesian_networks/pcnf/pigs/172.cnf | tr '\n' ' '",/data/schlandals/pwmc_benchmarks/instances/bayesian_networks/pcnf/pigs/172.cnf,"Estimated probability 2.5000000e-1 with bounds [2.5000000e-1 2.5000000e-1] (epsilon 0) found in 0 seconds ",
124,:,1737447944.000,1.000,0,106,0,0,"schlandals --timeout 1500 -i /data/schlandals/pwmc_benchmarks/instances/bayesian_networks/pcnf/pigs/124.cnf | tr '\n' ' '",/data/schlandals/pwmc_benchmarks/instances/bayesian_networks/pcnf/pigs/124.cnf,"Estimated probability 2.5781250e-1 with bounds [2.5781250e-1 2.5781250e-1] (epsilon 0) found in 0 seconds ",
126,:,1737447944.000,1.000,0,106,0,0,"schlandals --timeout 1500 -i /data/schlandals/pwmc_benchmarks/instances/bayesian_networks/pcnf/pigs/126.cnf | tr '\n' ' '",/data/schlandals/pwmc_benchmarks/instances/bayesian_networks/pcnf/pigs/126.cnf,"Estimated probability 2.5781250e-1 with bounds [2.5781250e-1 2.5781250e-1] (epsilon 0) found in 0 seconds ",
175,:,1737447945.000,0.000,0,106,0,0,"schlandals --timeout 1500 -i /data/schlandals/pwmc_benchmarks/instances/bayesian_networks/pcnf/pigs/175.cnf | tr '\n' ' '",/data/schlandals/pwmc_benchmarks/instances/bayesian_networks/pcnf/pigs/175.cnf,"Estimated probability 2.5000000e-1 with bounds [2.5000000e-1 2.5000000e-1] (epsilon 0) found in 0 seconds ",
173,:,1737447945.000,0.000,0,106,0,0,"schlandals --timeout 1500 -i /data/schlandals/pwmc_benchmarks/instances/bayesian_networks/pcnf/pigs/173.cnf | tr '\n' ' '",/data/schlandals/pwmc_benchmarks/instances/bayesian_networks/pcnf/pigs/173.cnf,"Estimated probability 5.0000000e-1 with bounds [5.0000000e-1 5.0000000e-1] (epsilon 0) found in 0 seconds ",
176,:,1737447945.000,0.000,0,106,0,0,"schlandals --timeout 1500 -i /data/schlandals/pwmc_benchmarks/instances/bayesian_networks/pcnf/pigs/176.cnf | tr '\n' ' '",/data/schlandals/pwmc_benchmarks/instances/bayesian_networks/pcnf/pigs/176.cnf,"Estimated probability 5.0000000e-1 with bounds [5.0000000e-1 5.0000000e-1] (epsilon 0) found in 0 seconds ",
174,:,1737447945.000,0.000,0,106,0,0,"schlandals --timeout 1500 -i /data/schlandals/pwmc_benchmarks/instances/bayesian_networks/pcnf/pigs/174.cnf | tr '\n' ' '",/data/schlandals/pwmc_benchmarks/instances/bayesian_networks/pcnf/pigs/174.cnf,"Estimated probability 2.5000000e-1 with bounds [2.5000000e-1 2.5000000e-1] (epsilon 0) found in 0 seconds ",
178,:,1737447945.000,0.000,0,106,0,0,"schlandals --timeout 1500 -i /data/schlandals/pwmc_benchmarks/instances/bayesian_networks/pcnf/pigs/178.cnf | tr '\n' ' '",/data/schlandals/pwmc_benchmarks/instances/bayesian_networks/pcnf/pigs/178.cnf,"Estimated probability 2.5000000e-1 with bounds [2.5000000e-1 2.5000000e-1] (epsilon 0) found in 0 seconds ",
177,:,1737447945.000,0.000,0,106,0,0,"schlandals --timeout 1500 -i /data/schlandals/pwmc_benchmarks/instances/bayesian_networks/pcnf/pigs/177.cnf | tr '\n' ' '",/data/schlandals/pwmc_benchmarks/instances/bayesian_networks/pcnf/pigs/177.cnf,"Estimated probability 2.5000000e-1 with bounds [2.5000000e-1 2.5000000e-1] (epsilon 0) found in 0 seconds ",
179,:,1737447945.000,0.000,0,106,0,0,"schlandals --timeout 1500 -i /data/schlandals/pwmc_benchmarks/instances/bayesian_networks/pcnf/pigs/179.cnf | tr '\n' ' '",/data/schlandals/pwmc_benchmarks/instances/bayesian_networks/pcnf/pigs/179.cnf,"Estimated probability 5.0000000e-1 with bounds [5.0000000e-1 5.0000000e-1] (epsilon 0) found in 0 seconds ",
180,:,1737447945.000,0.000,0,106,0,0,"schlandals --timeout 1500 -i /data/schlandals/pwmc_benchmarks/instances/bayesian_networks/pcnf/pigs/180.cnf | tr '\n' ' '",/data/schlandals/pwmc_benchmarks/instances/bayesian_networks/pcnf/pigs/180.cnf,"Estimated probability 2.5000000e-1 with bounds [2.5000000e-1 2.5000000e-1] (epsilon 0) found in 0 seconds ",
187,:,1737447945.000,0.000,0,106,0,0,"schlandals --timeout 1500 -i /data/schlandals/pwmc_benchmarks/instances/bayesian_networks/pcnf/pigs/187.cnf | tr '\n' ' '",/data/schlandals/pwmc_benchmarks/instances/bayesian_networks/pcnf/pigs/187.cnf,"Estimated probability 2.5000000e-1 with bounds [2.5000000e-1 2.5000000e-1] (epsilon 0) found in 0 seconds ",
188,:,1737447945.000,0.000,0,106,0,0,"schlandals --timeout 1500 -i /data/schlandals/pwmc_benchmarks/instances/bayesian_networks/pcnf/pigs/188.cnf | tr '\n' ' '",/data/schlandals/pwmc_benchmarks/instances/bayesian_networks/pcnf/pigs/188.cnf,"Estimated probability 5.0000000e-1 with bounds [5.0000000e-1 5.0000000e-1] (epsilon 0) found in 0 seconds ",
189,:,1737447945.000,0.000,0,106,0,0,"schlandals --timeout 1500 -i /data/schlandals/pwmc_benchmarks/instances/bayesian_networks/pcnf/pigs/189.cnf | tr '\n' ' '",/data/schlandals/pwmc_benchmarks/instances/bayesian_networks/pcnf/pigs/189.cnf,"Estimated probability 2.5000000e-1 with bounds [2.5000000e-1 2.5000000e-1] (epsilon 0) found in 0 seconds ",
199,:,1737447945.000,0.000,0,106,0,0,"schlandals --timeout 1500 -i /data/schlandals/pwmc_benchmarks/instances/bayesian_networks/pcnf/pigs/199.cnf | tr '\n' ' '",/data/schlandals/pwmc_benchmarks/instances/bayesian_networks/pcnf/pigs/199.cnf,"Estimated probability 2.5000000e-1 with bounds [2.5000000e-1 2.5000000e-1] (epsilon 0) found in 0 seconds ",
200,:,1737447945.000,0.000,0,106,0,0,"schlandals --timeout 1500 -i /data/schlandals/pwmc_benchmarks/instances/bayesian_networks/pcnf/pigs/200.cnf | tr '\n' ' '",/data/schlandals/pwmc_benchmarks/instances/bayesian_networks/pcnf/pigs/200.cnf,"Estimated probability 5.0000000e-1 with bounds [5.0000000e-1 5.0000000e-1] (epsilon 0) found in 0 seconds ",
201,:,1737447945.000,0.000,0,106,0,0,"schlandals --timeout 1500 -i /data/schlandals/pwmc_benchmarks/instances/bayesian_networks/pcnf/pigs/201.cnf | tr '\n' ' '",/data/schlandals/pwmc_benchmarks/instances/bayesian_networks/pcnf/pigs/201.cnf,"Estimated probability 2.5000000e-1 with bounds [2.5000000e-1 2.5000000e-1] (epsilon 0) found in 0 seconds ",
164,:,1737447944.000,1.000,0,106,0,0,"schlandals --timeout 1500 -i /data/schlandals/pwmc_benchmarks/instances/bayesian_networks/pcnf/pigs/164.cnf | tr '\n' ' '",/data/schlandals/pwmc_benchmarks/instances/bayesian_networks/pcnf/pigs/164.cnf,"Estimated probability 4.8437500e-1 with bounds [4.8437500e-1 4.8437500e-1] (epsilon 0) found in 0 seconds ",
193,:,1737447945.000,0.000,0,106,0,0,"schlandals --timeout 1500 -i /data/schlandals/pwmc_benchmarks/instances/bayesian_networks/pcnf/pigs/193.cnf | tr '\n' ' '",/data/schlandals/pwmc_benchmarks/instances/bayesian_networks/pcnf/pigs/193.cnf,"Estimated probability 2.5000000e-1 with bounds [2.5000000e-1 2.5000000e-1] (epsilon 0) found in 0 seconds ",
194,:,1737447945.000,0.000,0,106,0,0,"schlandals --timeout 1500 -i /data/schlandals/pwmc_benchmarks/instances/bayesian_networks/pcnf/pigs/194.cnf | tr '\n' ' '",/data/schlandals/pwmc_benchmarks/instances/bayesian_networks/pcnf/pigs/194.cnf,"Estimated probability 5.0000000e-1 with bounds [5.0000000e-1 5.0000000e-1] (epsilon 0) found in 0 seconds ",
195,:,1737447945.000,0.000,0,106,0,0,"schlandals --timeout 1500 -i /data/schlandals/pwmc_benchmarks/instances/bayesian_networks/pcnf/pigs/195.cnf | tr '\n' ' '",/data/schlandals/pwmc_benchmarks/instances/bayesian_networks/pcnf/pigs/195.cnf,"Estimated probability 2.5000000e-1 with bounds [2.5000000e-1 2.5000000e-1] (epsilon 0) found in 0 seconds ",
217,:,1737447945.000,0.000,0,106,0,0,"schlandals --timeout 1500 -i /data/schlandals/pwmc_benchmarks/instances/bayesian_networks/pcnf/pigs/217.cnf | tr '\n' ' '",/data/schlandals/pwmc_benchmarks/instances/bayesian_networks/pcnf/pigs/217.cnf,"Estimated probability 2.5000000e-1 with bounds [2.5000000e-1 2.5000000e-1] (epsilon 0) found in 0 seconds ",
218,:,1737447945.000,0.000,0,106,0,0,"schlandals --timeout 1500 -i /data/schlandals/pwmc_benchmarks/instances/bayesian_networks/pcnf/pigs/218.cnf | tr '\n' ' '",/data/schlandals/pwmc_benchmarks/instances/bayesian_networks/pcnf/pigs/218.cnf,"Estimated probability 5.0000000e-1 with bounds [5.0000000e-1 5.0000000e-1] (epsilon 0) found in 0 seconds ",
219,:,1737447945.000,0.000,0,106,0,0,"schlandals --timeout 1500 -i /data/schlandals/pwmc_benchmarks/instances/bayesian_networks/pcnf/pigs/219.cnf | tr '\n' ' '",/data/schlandals/pwmc_benchmarks/instances/bayesian_networks/pcnf/pigs/219.cnf,"Estimated probability 2.5000000e-1 with bounds [2.5000000e-1 2.5000000e-1] (epsilon 0) found in 0 seconds ",
153,:,1737447944.000,1.000,0,106,0,0,"schlandals --timeout 1500 -i /data/schlandals/pwmc_benchmarks/instances/bayesian_networks/pcnf/pigs/153.cnf | tr '\n' ' '",/data/schlandals/pwmc_benchmarks/instances/bayesian_networks/pcnf/pigs/153.cnf,"Estimated probability 2.8125000e-1 with bounds [2.8125000e-1 2.8125000e-1] (epsilon 0) found in 0 seconds ",
152,:,1737447944.000,1.000,0,106,0,0,"schlandals --timeout 1500 -i /data/schlandals/pwmc_benchmarks/instances/bayesian_networks/pcnf/pigs/152.cnf | tr '\n' ' '",/data/schlandals/pwmc_benchmarks/instances/bayesian_networks/pcnf/pigs/152.cnf,"Estimated probability 4.3750000e-1 with bounds [4.3750000e-1 4.3750000e-1] (epsilon 0) found in 0 seconds ",
160,:,1737447944.000,1.000,0,106,0,0,"schlandals --timeout 1500 -i /data/schlandals/pwmc_benchmarks/instances/bayesian_networks/pcnf/pigs/160.cnf | tr '\n' ' '",/data/schlandals/pwmc_benchmarks/instances/bayesian_networks/pcnf/pigs/160.cnf,"Estimated probability 2.5781250e-1 with bounds [2.5781250e-1 2.5781250e-1] (epsilon 0) found in 0 seconds ",
167,:,1737447945.000,0.000,0,106,0,0,"schlandals --timeout 1500 -i /data/schlandals/pwmc_benchmarks/instances/bayesian_networks/pcnf/pigs/167.cnf | tr '\n' ' '",/data/schlandals/pwmc_benchmarks/instances/bayesian_networks/pcnf/pigs/167.cnf,"Estimated probability 4.8437500e-1 with bounds [4.8437500e-1 4.8437500e-1] (epsilon 0) found in 0 seconds ",
163,:,1737447944.000,1.000,0,106,0,0,"schlandals --timeout 1500 -i /data/schlandals/pwmc_benchmarks/instances/bayesian_networks/pcnf/pigs/163.cnf | tr '\n' ' '",/data/schlandals/pwmc_benchmarks/instances/bayesian_networks/pcnf/pigs/163.cnf,"Estimated probability 2.5781250e-1 with bounds [2.5781250e-1 2.5781250e-1] (epsilon 0) found in 0 seconds ",
166,:,1737447945.000,0.000,0,106,0,0,"schlandals --timeout 1500 -i /data/schlandals/pwmc_benchmarks/instances/bayesian_networks/pcnf/pigs/166.cnf | tr '\n' ' '",/data/schlandals/pwmc_benchmarks/instances/bayesian_networks/pcnf/pigs/166.cnf,"Estimated probability 2.5781250e-1 with bounds [2.5781250e-1 2.5781250e-1] (epsilon 0) found in 0 seconds ",
181,:,1737447945.000,0.000,0,106,0,0,"schlandals --timeout 1500 -i /data/schlandals/pwmc_benchmarks/instances/bayesian_networks/pcnf/pigs/181.cnf | tr '\n' ' '",/data/schlandals/pwmc_benchmarks/instances/bayesian_networks/pcnf/pigs/181.cnf,"Estimated probability 2.5000000e-1 with bounds [2.5000000e-1 2.5000000e-1] (epsilon 0) found in 0 seconds ",
65,:,1737447944.000,1.000,0,106,0,0,"schlandals --timeout 1500 -i /data/schlandals/pwmc_benchmarks/instances/bayesian_networks/pcnf/pigs/65.cnf | tr '\n' ' '",/data/schlandals/pwmc_benchmarks/instances/bayesian_networks/pcnf/pigs/65.cnf,"Estimated probability 4.8437500e-1 with bounds [4.8437500e-1 4.8437500e-1] (epsilon 0) found in 0 seconds ",
44,:,1737447944.000,1.000,0,106,0,0,"schlandals --timeout 1500 -i /data/schlandals/pwmc_benchmarks/instances/bayesian_networks/pcnf/pigs/44.cnf | tr '\n' ' '",/data/schlandals/pwmc_benchmarks/instances/bayesian_networks/pcnf/pigs/44.cnf,"Estimated probability 4.6875000e-1 with bounds [4.6875000e-1 4.6875000e-1] (epsilon 0) found in 0 seconds ",
183,:,1737447945.000,0.000,0,106,0,0,"schlandals --timeout 1500 -i /data/schlandals/pwmc_benchmarks/instances/bayesian_networks/pcnf/pigs/183.cnf | tr '\n' ' '",/data/schlandals/pwmc_benchmarks/instances/bayesian_networks/pcnf/pigs/183.cnf,"Estimated probability 2.5000000e-1 with bounds [2.5000000e-1 2.5000000e-1] (epsilon 0) found in 0 seconds ",
186,:,1737447945.000,0.000,0,106,0,0,"schlandals --timeout 1500 -i /data/schlandals/pwmc_benchmarks/instances/bayesian_networks/pcnf/pigs/186.cnf | tr '\n' ' '",/data/schlandals/pwmc_benchmarks/instances/bayesian_networks/pcnf/pigs/186.cnf,"Estimated probability 2.5000000e-1 with bounds [2.5000000e-1 2.5000000e-1] (epsilon 0) found in 0 seconds ",
45,:,1737447944.000,1.000,0,106,0,0,"schlandals --timeout 1500 -i /data/schlandals/pwmc_benchmarks/instances/bayesian_networks/pcnf/pigs/45.cnf | tr '\n' ' '",/data/schlandals/pwmc_benchmarks/instances/bayesian_networks/pcnf/pigs/45.cnf,"Estimated probability 2.6562500e-1 with bounds [2.6562500e-1 2.6562500e-1] (epsilon 0) found in 0 seconds ",
64,:,1737447944.000,1.000,0,106,0,0,"schlandals --timeout 1500 -i /data/schlandals/pwmc_benchmarks/instances/bayesian_networks/pcnf/pigs/64.cnf | tr '\n' ' '",/data/schlandals/pwmc_benchmarks/instances/bayesian_networks/pcnf/pigs/64.cnf,"Estimated probability 2.5781250e-1 with bounds [2.5781250e-1 2.5781250e-1] (epsilon 0) found in 0 seconds ",
182,:,1737447945.000,0.000,0,106,0,0,"schlandals --timeout 1500 -i /data/schlandals/pwmc_benchmarks/instances/bayesian_networks/pcnf/pigs/182.cnf | tr '\n' ' '",/data/schlandals/pwmc_benchmarks/instances/bayesian_networks/pcnf/pigs/182.cnf,"Estimated probability 5.0000000e-1 with bounds [5.0000000e-1 5.0000000e-1] (epsilon 0) found in 0 seconds ",
162,:,1737447944.000,1.000,0,106,0,0,"schlandals --timeout 1500 -i /data/schlandals/pwmc_benchmarks/instances/bayesian_networks/pcnf/pigs/162.cnf | tr '\n' ' '",/data/schlandals/pwmc_benchmarks/instances/bayesian_networks/pcnf/pigs/162.cnf,"Estimated probability 2.5781250e-1 with bounds [2.5781250e-1 2.5781250e-1] (epsilon 0) found in 0 seconds ",
47,:,1737447944.000,1.000,0,106,0,0,"schlandals --timeout 1500 -i /data/schlandals/pwmc_benchmarks/instances/bayesian_networks/pcnf/pigs/47.cnf | tr '\n' ' '",/data/schlandals/pwmc_benchmarks/instances/bayesian_networks/pcnf/pigs/47.cnf,"Estimated probability 4.6875000e-1 with bounds [4.6875000e-1 4.6875000e-1] (epsilon 0) found in 0 seconds ",
161,:,1737447944.000,1.000,0,106,0,0,"schlandals --timeout 1500 -i /data/schlandals/pwmc_benchmarks/instances/bayesian_networks/pcnf/pigs/161.cnf | tr '\n' ' '",/data/schlandals/pwmc_benchmarks/instances/bayesian_networks/pcnf/pigs/161.cnf,"Estimated probability 4.8437500e-1 with bounds [4.8437500e-1 4.8437500e-1] (epsilon 0) found in 0 seconds ",
211,:,1737447945.000,0.000,0,106,0,0,"schlandals --timeout 1500 -i /data/schlandals/pwmc_benchmarks/instances/bayesian_networks/pcnf/pigs/211.cnf | tr '\n' ' '",/data/schlandals/pwmc_benchmarks/instances/bayesian_networks/pcnf/pigs/211.cnf,"Estimated probability 2.5000000e-1 with bounds [2.5000000e-1 2.5000000e-1] (epsilon 0) found in 0 seconds ",
43,:,1737447944.000,1.000,0,106,0,0,"schlandals --timeout 1500 -i /data/schlandals/pwmc_benchmarks/instances/bayesian_networks/pcnf/pigs/43.cnf | tr '\n' ' '",/data/schlandals/pwmc_benchmarks/instances/bayesian_networks/pcnf/pigs/43.cnf,"Estimated probability 2.6562500e-1 with bounds [2.6562500e-1 2.6562500e-1] (epsilon 0) found in 0 seconds ",
212,:,1737447945.000,0.000,0,106,0,0,"schlandals --timeout 1500 -i /data/schlandals/pwmc_benchmarks/instances/bayesian_networks/pcnf/pigs/212.cnf | tr '\n' ' '",/data/schlandals/pwmc_benchmarks/instances/bayesian_networks/pcnf/pigs/212.cnf,"Estimated probability 5.0000000e-1 with bounds [5.0000000e-1 5.0000000e-1] (epsilon 0) found in 0 seconds ",
165,:,1737447944.000,1.000,0,106,0,0,"schlandals --timeout 1500 -i /data/schlandals/pwmc_benchmarks/instances/bayesian_networks/pcnf/pigs/165.cnf | tr '\n' ' '",/data/schlandals/pwmc_benchmarks/instances/bayesian_networks/pcnf/pigs/165.cnf,"Estimated probability 2.5781250e-1 with bounds [2.5781250e-1 2.5781250e-1] (epsilon 0) found in 0 seconds ",
190,:,1737447945.000,0.000,0,106,0,0,"schlandals --timeout 1500 -i /data/schlandals/pwmc_benchmarks/instances/bayesian_networks/pcnf/pigs/190.cnf | tr '\n' ' '",/data/schlandals/pwmc_benchmarks/instances/bayesian_networks/pcnf/pigs/190.cnf,"Estimated probability 2.5000000e-1 with bounds [2.5000000e-1 2.5000000e-1] (epsilon 0) found in 0 seconds ",
213,:,1737447945.000,0.000,0,106,0,0,"schlandals --timeout 1500 -i /data/schlandals/pwmc_benchmarks/instances/bayesian_networks/pcnf/pigs/213.cnf | tr '\n' ' '",/data/schlandals/pwmc_benchmarks/instances/bayesian_networks/pcnf/pigs/213.cnf,"Estimated probability 2.5000000e-1 with bounds [2.5000000e-1 2.5000000e-1] (epsilon 0) found in 0 seconds ",
168,:,1737447945.000,0.000,0,106,0,0,"schlandals --timeout 1500 -i /data/schlandals/pwmc_benchmarks/instances/bayesian_networks/pcnf/pigs/168.cnf | tr '\n' ' '",/data/schlandals/pwmc_benchmarks/instances/bayesian_networks/pcnf/pigs/168.cnf,"Estimated probability 2.5781250e-1 with bounds [2.5781250e-1 2.5781250e-1] (epsilon 0) found in 0 seconds ",
214,:,1737447945.000,0.000,0,106,0,0,"schlandals --timeout 1500 -i /data/schlandals/pwmc_benchmarks/instances/bayesian_networks/pcnf/pigs/214.cnf | tr '\n' ' '",/data/schlandals/pwmc_benchmarks/instances/bayesian_networks/pcnf/pigs/214.cnf,"Estimated probability 2.5000000e-1 with bounds [2.5000000e-1 2.5000000e-1] (epsilon 0) found in 0 seconds ",
215,:,1737447945.000,0.000,0,106,0,0,"schlandals --timeout 1500 -i /data/schlandals/pwmc_benchmarks/instances/bayesian_networks/pcnf/pigs/215.cnf | tr '\n' ' '",/data/schlandals/pwmc_benchmarks/instances/bayesian_networks/pcnf/pigs/215.cnf,"Estimated probability 5.0000000e-1 with bounds [5.0000000e-1 5.0000000e-1] (epsilon 0) found in 0 seconds ",
184,:,1737447945.000,0.000,0,106,0,0,"schlandals --timeout 1500 -i /data/schlandals/pwmc_benchmarks/instances/bayesian_networks/pcnf/pigs/184.cnf | tr '\n' ' '",/data/schlandals/pwmc_benchmarks/instances/bayesian_networks/pcnf/pigs/184.cnf,"Estimated probability 2.5000000e-1 with bounds [2.5000000e-1 2.5000000e-1] (epsilon 0) found in 0 seconds ",
151,:,1737447944.000,1.000,0,106,0,0,"schlandals --timeout 1500 -i /data/schlandals/pwmc_benchmarks/instances/bayesian_networks/pcnf/pigs/151.cnf | tr '\n' ' '",/data/schlandals/pwmc_benchmarks/instances/bayesian_networks/pcnf/pigs/151.cnf,"Estimated probability 2.8125000e-1 with bounds [2.8125000e-1 2.8125000e-1] (epsilon 0) found in 0 seconds ",
185,:,1737447945.000,0.000,0,106,0,0,"schlandals --timeout 1500 -i /data/schlandals/pwmc_benchmarks/instances/bayesian_networks/pcnf/pigs/185.cnf | tr '\n' ' '",/data/schlandals/pwmc_benchmarks/instances/bayesian_networks/pcnf/pigs/185.cnf,"Estimated probability 5.0000000e-1 with bounds [5.0000000e-1 5.0000000e-1] (epsilon 0) found in 0 seconds ",
46,:,1737447944.000,1.000,0,106,0,0,"schlandals --timeout 1500 -i /data/schlandals/pwmc_benchmarks/instances/bayesian_networks/pcnf/pigs/46.cnf | tr '\n' ' '",/data/schlandals/pwmc_benchmarks/instances/bayesian_networks/pcnf/pigs/46.cnf,"Estimated probability 2.6562500e-1 with bounds [2.6562500e-1 2.6562500e-1] (epsilon 0) found in 1 seconds ",
66,:,1737447944.000,1.000,0,106,0,0,"schlandals --timeout 1500 -i /data/schlandals/pwmc_benchmarks/instances/bayesian_networks/pcnf/pigs/66.cnf | tr '\n' ' '",/data/schlandals/pwmc_benchmarks/instances/bayesian_networks/pcnf/pigs/66.cnf,"Estimated probability 2.5781250e-1 with bounds [2.5781250e-1 2.5781250e-1] (epsilon 0) found in 0 seconds ",
191,:,1737447945.000,0.000,0,106,0,0,"schlandals --timeout 1500 -i /data/schlandals/pwmc_benchmarks/instances/bayesian_networks/pcnf/pigs/191.cnf | tr '\n' ' '",/data/schlandals/pwmc_benchmarks/instances/bayesian_networks/pcnf/pigs/191.cnf,"Estimated probability 5.0000000e-1 with bounds [5.0000000e-1 5.0000000e-1] (epsilon 0) found in 0 seconds ",
203,:,1737447945.000,0.000,0,106,0,0,"schlandals --timeout 1500 -i /data/schlandals/pwmc_benchmarks/instances/bayesian_networks/pcnf/pigs/203.cnf | tr '\n' ' '",/data/schlandals/pwmc_benchmarks/instances/bayesian_networks/pcnf/pigs/203.cnf,"Estimated probability 5.0000000e-1 with bounds [5.0000000e-1 5.0000000e-1] (epsilon 0) found in 0 seconds ",
209,:,1737447945.000,0.000,0,106,0,0,"schlandals --timeout 1500 -i /data/schlandals/pwmc_benchmarks/instances/bayesian_networks/pcnf/pigs/209.cnf | tr '\n' ' '",/data/schlandals/pwmc_benchmarks/instances/bayesian_networks/pcnf/pigs/209.cnf,"Estimated probability 5.0000000e-1 with bounds [5.0000000e-1 5.0000000e-1] (epsilon 0) found in 0 seconds ",
216,:,1737447945.000,0.000,0,106,0,0,"schlandals --timeout 1500 -i /data/schlandals/pwmc_benchmarks/instances/bayesian_networks/pcnf/pigs/216.cnf | tr '\n' ' '",/data/schlandals/pwmc_benchmarks/instances/bayesian_networks/pcnf/pigs/216.cnf,"Estimated probability 2.5000000e-1 with bounds [2.5000000e-1 2.5000000e-1] (epsilon 0) found in 0 seconds ",
192,:,1737447945.000,0.000,0,106,0,0,"schlandals --timeout 1500 -i /data/schlandals/pwmc_benchmarks/instances/bayesian_networks/pcnf/pigs/192.cnf | tr '\n' ' '",/data/schlandals/pwmc_benchmarks/instances/bayesian_networks/pcnf/pigs/192.cnf,"Estimated probability 2.5000000e-1 with bounds [2.5000000e-1 2.5000000e-1] (epsilon 0) found in 0 seconds ",
220,:,1737447945.000,0.000,0,106,0,0,"schlandals --timeout 1500 -i /data/schlandals/pwmc_benchmarks/instances/bayesian_networks/pcnf/pigs/220.cnf | tr '\n' ' '",/data/schlandals/pwmc_benchmarks/instances/bayesian_networks/pcnf/pigs/220.cnf,"Estimated probability 2.5000000e-1 with bounds [2.5000000e-1 2.5000000e-1] (epsilon 0) found in 0 seconds ",
206,:,1737447945.000,0.000,0,106,0,0,"schlandals --timeout 1500 -i /data/schlandals/pwmc_benchmarks/instances/bayesian_networks/pcnf/pigs/206.cnf | tr '\n' ' '",/data/schlandals/pwmc_benchmarks/instances/bayesian_networks/pcnf/pigs/206.cnf,"Estimated probability 5.0000000e-1 with bounds [5.0000000e-1 5.0000000e-1] (epsilon 0) found in 0 seconds ",
221,:,1737447945.000,0.000,0,106,0,0,"schlandals --timeout 1500 -i /data/schlandals/pwmc_benchmarks/instances/bayesian_networks/pcnf/pigs/221.cnf | tr '\n' ' '",/data/schlandals/pwmc_benchmarks/instances/bayesian_networks/pcnf/pigs/221.cnf,"Estimated probability 5.0000000e-1 with bounds [5.0000000e-1 5.0000000e-1] (epsilon 0) found in 0 seconds ",
208,:,1737447945.000,0.000,0,106,0,0,"schlandals --timeout 1500 -i /data/schlandals/pwmc_benchmarks/instances/bayesian_networks/pcnf/pigs/208.cnf | tr '\n' ' '",/data/schlandals/pwmc_benchmarks/instances/bayesian_networks/pcnf/pigs/208.cnf,"Estimated probability 2.5000000e-1 with bounds [2.5000000e-1 2.5000000e-1] (epsilon 0) found in 0 seconds ",
210,:,1737447945.000,0.000,0,106,0,0,"schlandals --timeout 1500 -i /data/schlandals/pwmc_benchmarks/instances/bayesian_networks/pcnf/pigs/210.cnf | tr '\n' ' '",/data/schlandals/pwmc_benchmarks/instances/bayesian_networks/pcnf/pigs/210.cnf,"Estimated probability 2.5000000e-1 with bounds [2.5000000e-1 2.5000000e-1] (epsilon 0) found in 0 seconds ",
48,:,1737447944.000,1.000,0,106,0,0,"schlandals --timeout 1500 -i /data/schlandals/pwmc_benchmarks/instances/bayesian_networks/pcnf/pigs/48.cnf | tr '\n' ' '",/data/schlandals/pwmc_benchmarks/instances/bayesian_networks/pcnf/pigs/48.cnf,"Estimated probability 2.6562500e-1 with bounds [2.6562500e-1 2.6562500e-1] (epsilon 0) found in 1 seconds ",
207,:,1737447945.000,0.000,0,106,0,0,"schlandals --timeout 1500 -i /data/schlandals/pwmc_benchmarks/instances/bayesian_networks/pcnf/pigs/207.cnf | tr '\n' ' '",/data/schlandals/pwmc_benchmarks/instances/bayesian_networks/pcnf/pigs/207.cnf,"Estimated probability 2.5000000e-1 with bounds [2.5000000e-1 2.5000000e-1] (epsilon 0) found in 0 seconds ",
222,:,1737447945.000,0.000,0,106,0,0,"schlandals --timeout 1500 -i /data/schlandals/pwmc_benchmarks/instances/bayesian_networks/pcnf/pigs/222.cnf | tr '\n' ' '",/data/schlandals/pwmc_benchmarks/instances/bayesian_networks/pcnf/pigs/222.cnf,"Estimated probability 2.5000000e-1 with bounds [2.5000000e-1 2.5000000e-1] (epsilon 0) found in 0 seconds ",
223,:,1737447945.000,0.000,0,106,0,0,"schlandals --timeout 1500 -i /data/schlandals/pwmc_benchmarks/instances/bayesian_networks/pcnf/pigs/223.cnf | tr '\n' ' '",/data/schlandals/pwmc_benchmarks/instances/bayesian_networks/pcnf/pigs/223.cnf,"Estimated probability 2.5000000e-1 with bounds [2.5000000e-1 2.5000000e-1] (epsilon 0) found in 0 seconds ",
224,:,1737447945.000,0.000,0,106,0,0,"schlandals --timeout 1500 -i /data/schlandals/pwmc_benchmarks/instances/bayesian_networks/pcnf/pigs/224.cnf | tr '\n' ' '",/data/schlandals/pwmc_benchmarks/instances/bayesian_networks/pcnf/pigs/224.cnf,"Estimated probability 5.0000000e-1 with bounds [5.0000000e-1 5.0000000e-1] (epsilon 0) found in 0 seconds ",
225,:,1737447945.000,0.000,0,106,0,0,"schlandals --timeout 1500 -i /data/schlandals/pwmc_benchmarks/instances/bayesian_networks/pcnf/pigs/225.cnf | tr '\n' ' '",/data/schlandals/pwmc_benchmarks/instances/bayesian_networks/pcnf/pigs/225.cnf,"Estimated probability 2.5000000e-1 with bounds [2.5000000e-1 2.5000000e-1] (epsilon 0) found in 0 seconds ",
205,:,1737447945.000,0.000,0,106,0,0,"schlandals --timeout 1500 -i /data/schlandals/pwmc_benchmarks/instances/bayesian_networks/pcnf/pigs/205.cnf | tr '\n' ' '",/data/schlandals/pwmc_benchmarks/instances/bayesian_networks/pcnf/pigs/205.cnf,"Estimated probability 2.5000000e-1 with bounds [2.5000000e-1 2.5000000e-1] (epsilon 0) found in 0 seconds ",
229,:,1737447945.000,0.000,0,106,0,0,"schlandals --timeout 1500 -i /data/schlandals/pwmc_benchmarks/instances/bayesian_networks/pcnf/pigs/229.cnf | tr '\n' ' '",/data/schlandals/pwmc_benchmarks/instances/bayesian_networks/pcnf/pigs/229.cnf,"Estimated probability 2.5000000e-1 with bounds [2.5000000e-1 2.5000000e-1] (epsilon 0) found in 0 seconds ",
202,:,1737447945.000,0.000,0,106,0,0,"schlandals --timeout 1500 -i /data/schlandals/pwmc_benchmarks/instances/bayesian_networks/pcnf/pigs/202.cnf | tr '\n' ' '",/data/schlandals/pwmc_benchmarks/instances/bayesian_networks/pcnf/pigs/202.cnf,"Estimated probability 2.5000000e-1 with bounds [2.5000000e-1 2.5000000e-1] (epsilon 0) found in 0 seconds ",
204,:,1737447945.000,0.000,0,106,0,0,"schlandals --timeout 1500 -i /data/schlandals/pwmc_benchmarks/instances/bayesian_networks/pcnf/pigs/204.cnf | tr '\n' ' '",/data/schlandals/pwmc_benchmarks/instances/bayesian_networks/pcnf/pigs/204.cnf,"Estimated probability 2.5000000e-1 with bounds [2.5000000e-1 2.5000000e-1] (epsilon 0) found in 0 seconds ",
230,:,1737447945.000,0.000,0,106,0,0,"schlandals --timeout 1500 -i /data/schlandals/pwmc_benchmarks/instances/bayesian_networks/pcnf/pigs/230.cnf | tr '\n' ' '",/data/schlandals/pwmc_benchmarks/instances/bayesian_networks/pcnf/pigs/230.cnf,"Estimated probability 5.0000000e-1 with bounds [5.0000000e-1 5.0000000e-1] (epsilon 0) found in 0 seconds ",
231,:,1737447945.000,0.000,0,106,0,0,"schlandals --timeout 1500 -i /data/schlandals/pwmc_benchmarks/instances/bayesian_networks/pcnf/pigs/231.cnf | tr '\n' ' '",/data/schlandals/pwmc_benchmarks/instances/bayesian_networks/pcnf/pigs/231.cnf,"Estimated probability 2.5000000e-1 with bounds [2.5000000e-1 2.5000000e-1] (epsilon 0) found in 0 seconds ",
244,:,1737447945.000,0.000,0,106,0,0,"schlandals --timeout 1500 -i /data/schlandals/pwmc_benchmarks/instances/bayesian_networks/pcnf/pigs/244.cnf | tr '\n' ' '",/data/schlandals/pwmc_benchmarks/instances/bayesian_networks/pcnf/pigs/244.cnf,"Estimated probability 2.5000000e-1 with bounds [2.5000000e-1 2.5000000e-1] (epsilon 0) found in 0 seconds ",
245,:,1737447945.000,0.000,0,106,0,0,"schlandals --timeout 1500 -i /data/schlandals/pwmc_benchmarks/instances/bayesian_networks/pcnf/pigs/245.cnf | tr '\n' ' '",/data/schlandals/pwmc_benchmarks/instances/bayesian_networks/pcnf/pigs/245.cnf,"Estimated probability 5.0000000e-1 with bounds [5.0000000e-1 5.0000000e-1] (epsilon 0) found in 0 seconds ",
246,:,1737447945.000,0.000,0,106,0,0,"schlandals --timeout 1500 -i /data/schlandals/pwmc_benchmarks/instances/bayesian_networks/pcnf/pigs/246.cnf | tr '\n' ' '",/data/schlandals/pwmc_benchmarks/instances/bayesian_networks/pcnf/pigs/246.cnf,"Estimated probability 2.5000000e-1 with bounds [2.5000000e-1 2.5000000e-1] (epsilon 0) found in 0 seconds ",
250,:,1737447945.000,0.000,0,106,0,0,"schlandals --timeout 1500 -i /data/schlandals/pwmc_benchmarks/instances/bayesian_networks/pcnf/pigs/250.cnf | tr '\n' ' '",/data/schlandals/pwmc_benchmarks/instances/bayesian_networks/pcnf/pigs/250.cnf,"Estimated probability 2.6562500e-1 with bounds [2.6562500e-1 2.6562500e-1] (epsilon 0) found in 0 seconds ",
251,:,1737447945.000,0.000,0,106,0,0,"schlandals --timeout 1500 -i /data/schlandals/pwmc_benchmarks/instances/bayesian_networks/pcnf/pigs/251.cnf | tr '\n' ' '",/data/schlandals/pwmc_benchmarks/instances/bayesian_networks/pcnf/pigs/251.cnf,"Estimated probability 4.6875000e-1 with bounds [4.6875000e-1 4.6875000e-1] (epsilon 0) found in 0 seconds ",
252,:,1737447945.000,0.000,0,106,0,0,"schlandals --timeout 1500 -i /data/schlandals/pwmc_benchmarks/instances/bayesian_networks/pcnf/pigs/252.cnf | tr '\n' ' '",/data/schlandals/pwmc_benchmarks/instances/bayesian_networks/pcnf/pigs/252.cnf,"Estimated probability 2.6562500e-1 with bounds [2.6562500e-1 2.6562500e-1] (epsilon 0) found in 0 seconds ",
253,:,1737447945.000,0.000,0,106,0,0,"schlandals --timeout 1500 -i /data/schlandals/pwmc_benchmarks/instances/bayesian_networks/pcnf/pigs/253.cnf | tr '\n' ' '",/data/schlandals/pwmc_benchmarks/instances/bayesian_networks/pcnf/pigs/253.cnf,"Estimated probability 2.5000000e-1 with bounds [2.5000000e-1 2.5000000e-1] (epsilon 0) found in 0 seconds ",
254,:,1737447945.000,0.000,0,106,0,0,"schlandals --timeout 1500 -i /data/schlandals/pwmc_benchmarks/instances/bayesian_networks/pcnf/pigs/254.cnf | tr '\n' ' '",/data/schlandals/pwmc_benchmarks/instances/bayesian_networks/pcnf/pigs/254.cnf,"Estimated probability 5.0000000e-1 with bounds [5.0000000e-1 5.0000000e-1] (epsilon 0) found in 0 seconds ",
255,:,1737447945.000,0.000,0,106,0,0,"schlandals --timeout 1500 -i /data/schlandals/pwmc_benchmarks/instances/bayesian_networks/pcnf/pigs/255.cnf | tr '\n' ' '",/data/schlandals/pwmc_benchmarks/instances/bayesian_networks/pcnf/pigs/255.cnf,"Estimated probability 2.5000000e-1 with bounds [2.5000000e-1 2.5000000e-1] (epsilon 0) found in 0 seconds ",
256,:,1737447945.000,0.000,0,106,0,0,"schlandals --timeout 1500 -i /data/schlandals/pwmc_benchmarks/instances/bayesian_networks/pcnf/pigs/256.cnf | tr '\n' ' '",/data/schlandals/pwmc_benchmarks/instances/bayesian_networks/pcnf/pigs/256.cnf,"Estimated probability 2.5000000e-1 with bounds [2.5000000e-1 2.5000000e-1] (epsilon 0) found in 0 seconds ",
257,:,1737447945.000,0.000,0,106,0,0,"schlandals --timeout 1500 -i /data/schlandals/pwmc_benchmarks/instances/bayesian_networks/pcnf/pigs/257.cnf | tr '\n' ' '",/data/schlandals/pwmc_benchmarks/instances/bayesian_networks/pcnf/pigs/257.cnf,"Estimated probability 5.0000000e-1 with bounds [5.0000000e-1 5.0000000e-1] (epsilon 0) found in 0 seconds ",
258,:,1737447945.000,0.000,0,106,0,0,"schlandals --timeout 1500 -i /data/schlandals/pwmc_benchmarks/instances/bayesian_networks/pcnf/pigs/258.cnf | tr '\n' ' '",/data/schlandals/pwmc_benchmarks/instances/bayesian_networks/pcnf/pigs/258.cnf,"Estimated probability 2.5000000e-1 with bounds [2.5000000e-1 2.5000000e-1] (epsilon 0) found in 0 seconds ",
262,:,1737447945.000,0.000,0,106,0,0,"schlandals --timeout 1500 -i /data/schlandals/pwmc_benchmarks/instances/bayesian_networks/pcnf/pigs/262.cnf | tr '\n' ' '",/data/schlandals/pwmc_benchmarks/instances/bayesian_networks/pcnf/pigs/262.cnf,"Estimated probability 2.5000000e-1 with bounds [2.5000000e-1 2.5000000e-1] (epsilon 0) found in 0 seconds ",
263,:,1737447945.000,0.000,0,106,0,0,"schlandals --timeout 1500 -i /data/schlandals/pwmc_benchmarks/instances/bayesian_networks/pcnf/pigs/263.cnf | tr '\n' ' '",/data/schlandals/pwmc_benchmarks/instances/bayesian_networks/pcnf/pigs/263.cnf,"Estimated probability 5.0000000e-1 with bounds [5.0000000e-1 5.0000000e-1] (epsilon 0) found in 0 seconds ",
264,:,1737447945.000,0.000,0,106,0,0,"schlandals --timeout 1500 -i /data/schlandals/pwmc_benchmarks/instances/bayesian_networks/pcnf/pigs/264.cnf | tr '\n' ' '",/data/schlandals/pwmc_benchmarks/instances/bayesian_networks/pcnf/pigs/264.cnf,"Estimated probability 2.5000000e-1 with bounds [2.5000000e-1 2.5000000e-1] (epsilon 0) found in 0 seconds ",
265,:,1737447945.000,0.000,0,106,0,0,"schlandals --timeout 1500 -i /data/schlandals/pwmc_benchmarks/instances/bayesian_networks/pcnf/pigs/265.cnf | tr '\n' ' '",/data/schlandals/pwmc_benchmarks/instances/bayesian_networks/pcnf/pigs/265.cnf,"Estimated probability 2.5000000e-1 with bounds [2.5000000e-1 2.5000000e-1] (epsilon 0) found in 0 seconds ",
266,:,1737447945.000,0.000,0,106,0,0,"schlandals --timeout 1500 -i /data/schlandals/pwmc_benchmarks/instances/bayesian_networks/pcnf/pigs/266.cnf | tr '\n' ' '",/data/schlandals/pwmc_benchmarks/instances/bayesian_networks/pcnf/pigs/266.cnf,"Estimated probability 5.0000000e-1 with bounds [5.0000000e-1 5.0000000e-1] (epsilon 0) found in 0 seconds ",
267,:,1737447945.000,0.000,0,106,0,0,"schlandals --timeout 1500 -i /data/schlandals/pwmc_benchmarks/instances/bayesian_networks/pcnf/pigs/267.cnf | tr '\n' ' '",/data/schlandals/pwmc_benchmarks/instances/bayesian_networks/pcnf/pigs/267.cnf,"Estimated probability 2.5000000e-1 with bounds [2.5000000e-1 2.5000000e-1] (epsilon 0) found in 0 seconds ",
268,:,1737447945.000,0.000,0,106,0,0,"schlandals --timeout 1500 -i /data/schlandals/pwmc_benchmarks/instances/bayesian_networks/pcnf/pigs/268.cnf | tr '\n' ' '",/data/schlandals/pwmc_benchmarks/instances/bayesian_networks/pcnf/pigs/268.cnf,"Estimated probability 2.5000000e-1 with bounds [2.5000000e-1 2.5000000e-1] (epsilon 0) found in 0 seconds ",
269,:,1737447945.000,0.000,0,106,0,0,"schlandals --timeout 1500 -i /data/schlandals/pwmc_benchmarks/instances/bayesian_networks/pcnf/pigs/269.cnf | tr '\n' ' '",/data/schlandals/pwmc_benchmarks/instances/bayesian_networks/pcnf/pigs/269.cnf,"Estimated probability 5.0000000e-1 with bounds [5.0000000e-1 5.0000000e-1] (epsilon 0) found in 0 seconds ",
270,:,1737447945.000,0.000,0,106,0,0,"schlandals --timeout 1500 -i /data/schlandals/pwmc_benchmarks/instances/bayesian_networks/pcnf/pigs/270.cnf | tr '\n' ' '",/data/schlandals/pwmc_benchmarks/instances/bayesian_networks/pcnf/pigs/270.cnf,"Estimated probability 2.5000000e-1 with bounds [2.5000000e-1 2.5000000e-1] (epsilon 0) found in 0 seconds ",
271,:,1737447945.000,0.000,0,106,0,0,"schlandals --timeout 1500 -i /data/schlandals/pwmc_benchmarks/instances/bayesian_networks/pcnf/pigs/271.cnf | tr '\n' ' '",/data/schlandals/pwmc_benchmarks/instances/bayesian_networks/pcnf/pigs/271.cnf,"Estimated probability 2.5000000e-1 with bounds [2.5000000e-1 2.5000000e-1] (epsilon 0) found in 0 seconds ",
272,:,1737447945.000,0.000,0,106,0,0,"schlandals --timeout 1500 -i /data/schlandals/pwmc_benchmarks/instances/bayesian_networks/pcnf/pigs/272.cnf | tr '\n' ' '",/data/schlandals/pwmc_benchmarks/instances/bayesian_networks/pcnf/pigs/272.cnf,"Estimated probability 5.0000000e-1 with bounds [5.0000000e-1 5.0000000e-1] (epsilon 0) found in 0 seconds ",
273,:,1737447945.000,0.000,0,106,0,0,"schlandals --timeout 1500 -i /data/schlandals/pwmc_benchmarks/instances/bayesian_networks/pcnf/pigs/273.cnf | tr '\n' ' '",/data/schlandals/pwmc_benchmarks/instances/bayesian_networks/pcnf/pigs/273.cnf,"Estimated probability 2.5000000e-1 with bounds [2.5000000e-1 2.5000000e-1] (epsilon 0) found in 0 seconds ",
274,:,1737447945.000,0.000,0,106,0,0,"schlandals --timeout 1500 -i /data/schlandals/pwmc_benchmarks/instances/bayesian_networks/pcnf/pigs/274.cnf | tr '\n' ' '",/data/schlandals/pwmc_benchmarks/instances/bayesian_networks/pcnf/pigs/274.cnf,"Estimated probability 2.5000000e-1 with bounds [2.5000000e-1 2.5000000e-1] (epsilon 0) found in 0 seconds ",
260,:,1737447945.000,0.000,0,106,0,0,"schlandals --timeout 1500 -i /data/schlandals/pwmc_benchmarks/instances/bayesian_networks/pcnf/pigs/260.cnf | tr '\n' ' '",/data/schlandals/pwmc_benchmarks/instances/bayesian_networks/pcnf/pigs/260.cnf,"Estimated probability 5.0000000e-1 with bounds [5.0000000e-1 5.0000000e-1] (epsilon 0) found in 0 seconds ",
275,:,1737447945.000,0.000,0,106,0,0,"schlandals --timeout 1500 -i /data/schlandals/pwmc_benchmarks/instances/bayesian_networks/pcnf/pigs/275.cnf | tr '\n' ' '",/data/schlandals/pwmc_benchmarks/instances/bayesian_networks/pcnf/pigs/275.cnf,"Estimated probability 5.0000000e-1 with bounds [5.0000000e-1 5.0000000e-1] (epsilon 0) found in 0 seconds ",
276,:,1737447945.000,0.000,0,106,0,0,"schlandals --timeout 1500 -i /data/schlandals/pwmc_benchmarks/instances/bayesian_networks/pcnf/pigs/276.cnf | tr '\n' ' '",/data/schlandals/pwmc_benchmarks/instances/bayesian_networks/pcnf/pigs/276.cnf,"Estimated probability 2.5000000e-1 with bounds [2.5000000e-1 2.5000000e-1] (epsilon 0) found in 0 seconds ",
277,:,1737447945.000,0.000,0,106,0,0,"schlandals --timeout 1500 -i /data/schlandals/pwmc_benchmarks/instances/bayesian_networks/pcnf/pigs/277.cnf | tr '\n' ' '",/data/schlandals/pwmc_benchmarks/instances/bayesian_networks/pcnf/pigs/277.cnf,"Estimated probability 2.5000000e-1 with bounds [2.5000000e-1 2.5000000e-1] (epsilon 0) found in 0 seconds ",
278,:,1737447945.000,0.000,0,106,0,0,"schlandals --timeout 1500 -i /data/schlandals/pwmc_benchmarks/instances/bayesian_networks/pcnf/pigs/278.cnf | tr '\n' ' '",/data/schlandals/pwmc_benchmarks/instances/bayesian_networks/pcnf/pigs/278.cnf,"Estimated probability 5.0000000e-1 with bounds [5.0000000e-1 5.0000000e-1] (epsilon 0) found in 0 seconds ",
279,:,1737447945.000,0.000,0,106,0,0,"schlandals --timeout 1500 -i /data/schlandals/pwmc_benchmarks/instances/bayesian_networks/pcnf/pigs/279.cnf | tr '\n' ' '",/data/schlandals/pwmc_benchmarks/instances/bayesian_networks/pcnf/pigs/279.cnf,"Estimated probability 2.5000000e-1 with bounds [2.5000000e-1 2.5000000e-1] (epsilon 0) found in 0 seconds ",
280,:,1737447945.000,0.000,0,106,0,0,"schlandals --timeout 1500 -i /data/schlandals/pwmc_benchmarks/instances/bayesian_networks/pcnf/pigs/280.cnf | tr '\n' ' '",/data/schlandals/pwmc_benchmarks/instances/bayesian_networks/pcnf/pigs/280.cnf,"Estimated probability 2.5000000e-1 with bounds [2.5000000e-1 2.5000000e-1] (epsilon 0) found in 0 seconds ",
248,:,1737447945.000,0.000,0,106,0,0,"schlandals --timeout 1500 -i /data/schlandals/pwmc_benchmarks/instances/bayesian_networks/pcnf/pigs/248.cnf | tr '\n' ' '",/data/schlandals/pwmc_benchmarks/instances/bayesian_networks/pcnf/pigs/248.cnf,"Estimated probability 5.0000000e-1 with bounds [5.0000000e-1 5.0000000e-1] (epsilon 0) found in 0 seconds ",
281,:,1737447945.000,0.000,0,106,0,0,"schlandals --timeout 1500 -i /data/schlandals/pwmc_benchmarks/instances/bayesian_networks/pcnf/pigs/281.cnf | tr '\n' ' '",/data/schlandals/pwmc_benchmarks/instances/bayesian_networks/pcnf/pigs/281.cnf,"Estimated probability 5.0000000e-1 with bounds [5.0000000e-1 5.0000000e-1] (epsilon 0) found in 0 seconds ",
247,:,1737447945.000,0.000,0,106,0,0,"schlandals --timeout 1500 -i /data/schlandals/pwmc_benchmarks/instances/bayesian_networks/pcnf/pigs/247.cnf | tr '\n' ' '",/data/schlandals/pwmc_benchmarks/instances/bayesian_networks/pcnf/pigs/247.cnf,"Estimated probability 2.5000000e-1 with bounds [2.5000000e-1 2.5000000e-1] (epsilon 0) found in 0 seconds ",
249,:,1737447945.000,0.000,0,106,0,0,"schlandals --timeout 1500 -i /data/schlandals/pwmc_benchmarks/instances/bayesian_networks/pcnf/pigs/249.cnf | tr '\n' ' '",/data/schlandals/pwmc_benchmarks/instances/bayesian_networks/pcnf/pigs/249.cnf,"Estimated probability 2.5000000e-1 with bounds [2.5000000e-1 2.5000000e-1] (epsilon 0) found in 0 seconds ",
282,:,1737447945.000,0.000,0,106,0,0,"schlandals --timeout 1500 -i /data/schlandals/pwmc_benchmarks/instances/bayesian_networks/pcnf/pigs/282.cnf | tr '\n' ' '",/data/schlandals/pwmc_benchmarks/instances/bayesian_networks/pcnf/pigs/282.cnf,"Estimated probability 2.5000000e-1 with bounds [2.5000000e-1 2.5000000e-1] (epsilon 0) found in 0 seconds ",
283,:,1737447945.000,0.000,0,106,0,0,"schlandals --timeout 1500 -i /data/schlandals/pwmc_benchmarks/instances/bayesian_networks/pcnf/pigs/283.cnf | tr '\n' ' '",/data/schlandals/pwmc_benchmarks/instances/bayesian_networks/pcnf/pigs/283.cnf,"Estimated probability 2.5000000e-1 with bounds [2.5000000e-1 2.5000000e-1] (epsilon 0) found in 0 seconds ",
261,:,1737447945.000,0.000,0,106,0,0,"schlandals --timeout 1500 -i /data/schlandals/pwmc_benchmarks/instances/bayesian_networks/pcnf/pigs/261.cnf | tr '\n' ' '",/data/schlandals/pwmc_benchmarks/instances/bayesian_networks/pcnf/pigs/261.cnf,"Estimated probability 2.5000000e-1 with bounds [2.5000000e-1 2.5000000e-1] (epsilon 0) found in 0 seconds ",
284,:,1737447945.000,0.000,0,106,0,0,"schlandals --timeout 1500 -i /data/schlandals/pwmc_benchmarks/instances/bayesian_networks/pcnf/pigs/284.cnf | tr '\n' ' '",/data/schlandals/pwmc_benchmarks/instances/bayesian_networks/pcnf/pigs/284.cnf,"Estimated probability 5.0000000e-1 with bounds [5.0000000e-1 5.0000000e-1] (epsilon 0) found in 0 seconds ",
285,:,1737447945.000,0.000,0,106,0,0,"schlandals --timeout 1500 -i /data/schlandals/pwmc_benchmarks/instances/bayesian_networks/pcnf/pigs/285.cnf | tr '\n' ' '",/data/schlandals/pwmc_benchmarks/instances/bayesian_networks/pcnf/pigs/285.cnf,"Estimated probability 2.5000000e-1 with bounds [2.5000000e-1 2.5000000e-1] (epsilon 0) found in 0 seconds ",
289,:,1737447945.000,0.000,0,106,0,0,"schlandals --timeout 1500 -i /data/schlandals/pwmc_benchmarks/instances/bayesian_networks/pcnf/pigs/289.cnf | tr '\n' ' '",/data/schlandals/pwmc_benchmarks/instances/bayesian_networks/pcnf/pigs/289.cnf,"Estimated probability 2.5000000e-1 with bounds [2.5000000e-1 2.5000000e-1] (epsilon 0) found in 0 seconds ",
290,:,1737447945.000,0.000,0,106,0,0,"schlandals --timeout 1500 -i /data/schlandals/pwmc_benchmarks/instances/bayesian_networks/pcnf/pigs/290.cnf | tr '\n' ' '",/data/schlandals/pwmc_benchmarks/instances/bayesian_networks/pcnf/pigs/290.cnf,"Estimated probability 5.0000000e-1 with bounds [5.0000000e-1 5.0000000e-1] (epsilon 0) found in 0 seconds ",
291,:,1737447945.000,0.000,0,106,0,0,"schlandals --timeout 1500 -i /data/schlandals/pwmc_benchmarks/instances/bayesian_networks/pcnf/pigs/291.cnf | tr '\n' ' '",/data/schlandals/pwmc_benchmarks/instances/bayesian_networks/pcnf/pigs/291.cnf,"Estimated probability 2.5000000e-1 with bounds [2.5000000e-1 2.5000000e-1] (epsilon 0) found in 0 seconds ",
292,:,1737447945.000,0.000,0,106,0,0,"schlandals --timeout 1500 -i /data/schlandals/pwmc_benchmarks/instances/bayesian_networks/pcnf/pigs/292.cnf | tr '\n' ' '",/data/schlandals/pwmc_benchmarks/instances/bayesian_networks/pcnf/pigs/292.cnf,"Estimated probability 2.5000000e-1 with bounds [2.5000000e-1 2.5000000e-1] (epsilon 0) found in 0 seconds ",
286,:,1737447945.000,0.000,0,106,0,0,"schlandals --timeout 1500 -i /data/schlandals/pwmc_benchmarks/instances/bayesian_networks/pcnf/pigs/286.cnf | tr '\n' ' '",/data/schlandals/pwmc_benchmarks/instances/bayesian_networks/pcnf/pigs/286.cnf,"Estimated probability 2.5000000e-1 with bounds [2.5000000e-1 2.5000000e-1] (epsilon 0) found in 0 seconds ",
293,:,1737447945.000,0.000,0,106,0,0,"schlandals --timeout 1500 -i /data/schlandals/pwmc_benchmarks/instances/bayesian_networks/pcnf/pigs/293.cnf | tr '\n' ' '",/data/schlandals/pwmc_benchmarks/instances/bayesian_networks/pcnf/pigs/293.cnf,"Estimated probability 5.0000000e-1 with bounds [5.0000000e-1 5.0000000e-1] (epsilon 0) found in 0 seconds ",
288,:,1737447945.000,0.000,0,106,0,0,"schlandals --timeout 1500 -i /data/schlandals/pwmc_benchmarks/instances/bayesian_networks/pcnf/pigs/288.cnf | tr '\n' ' '",/data/schlandals/pwmc_benchmarks/instances/bayesian_networks/pcnf/pigs/288.cnf,"Estimated probability 2.5000000e-1 with bounds [2.5000000e-1 2.5000000e-1] (epsilon 0) found in 0 seconds ",
294,:,1737447945.000,0.000,0,106,0,0,"schlandals --timeout 1500 -i /data/schlandals/pwmc_benchmarks/instances/bayesian_networks/pcnf/pigs/294.cnf | tr '\n' ' '",/data/schlandals/pwmc_benchmarks/instances/bayesian_networks/pcnf/pigs/294.cnf,"Estimated probability 2.5000000e-1 with bounds [2.5000000e-1 2.5000000e-1] (epsilon 0) found in 0 seconds ",
298,:,1737447945.000,0.000,0,106,0,0,"schlandals --timeout 1500 -i /data/schlandals/pwmc_benchmarks/instances/bayesian_networks/pcnf/pigs/298.cnf | tr '\n' ' '",/data/schlandals/pwmc_benchmarks/instances/bayesian_networks/pcnf/pigs/298.cnf,"Estimated probability 2.5000000e-1 with bounds [2.5000000e-1 2.5000000e-1] (epsilon 0) found in 0 seconds ",
299,:,1737447945.000,0.000,0,106,0,0,"schlandals --timeout 1500 -i /data/schlandals/pwmc_benchmarks/instances/bayesian_networks/pcnf/pigs/299.cnf | tr '\n' ' '",/data/schlandals/pwmc_benchmarks/instances/bayesian_networks/pcnf/pigs/299.cnf,"Estimated probability 5.0000000e-1 with bounds [5.0000000e-1 5.0000000e-1] (epsilon 0) found in 0 seconds ",
300,:,1737447945.000,0.000,0,106,0,0,"schlandals --timeout 1500 -i /data/schlandals/pwmc_benchmarks/instances/bayesian_networks/pcnf/pigs/300.cnf | tr '\n' ' '",/data/schlandals/pwmc_benchmarks/instances/bayesian_networks/pcnf/pigs/300.cnf,"Estimated probability 2.5000000e-1 with bounds [2.5000000e-1 2.5000000e-1] (epsilon 0) found in 0 seconds ",
301,:,1737447945.000,0.000,0,106,0,0,"schlandals --timeout 1500 -i /data/schlandals/pwmc_benchmarks/instances/bayesian_networks/pcnf/pigs/301.cnf | tr '\n' ' '",/data/schlandals/pwmc_benchmarks/instances/bayesian_networks/pcnf/pigs/301.cnf,"Estimated probability 2.5000000e-1 with bounds [2.5000000e-1 2.5000000e-1] (epsilon 0) found in 0 seconds ",
302,:,1737447945.000,0.000,0,106,0,0,"schlandals --timeout 1500 -i /data/schlandals/pwmc_benchmarks/instances/bayesian_networks/pcnf/pigs/302.cnf | tr '\n' ' '",/data/schlandals/pwmc_benchmarks/instances/bayesian_networks/pcnf/pigs/302.cnf,"Estimated probability 5.0000000e-1 with bounds [5.0000000e-1 5.0000000e-1] (epsilon 0) found in 0 seconds ",
303,:,1737447945.000,0.000,0,106,0,0,"schlandals --timeout 1500 -i /data/schlandals/pwmc_benchmarks/instances/bayesian_networks/pcnf/pigs/303.cnf | tr '\n' ' '",/data/schlandals/pwmc_benchmarks/instances/bayesian_networks/pcnf/pigs/303.cnf,"Estimated probability 2.5000000e-1 with bounds [2.5000000e-1 2.5000000e-1] (epsilon 0) found in 0 seconds ",
304,:,1737447945.000,0.000,0,106,0,0,"schlandals --timeout 1500 -i /data/schlandals/pwmc_benchmarks/instances/bayesian_networks/pcnf/pigs/304.cnf | tr '\n' ' '",/data/schlandals/pwmc_benchmarks/instances/bayesian_networks/pcnf/pigs/304.cnf,"Estimated probability 2.5000000e-1 with bounds [2.5000000e-1 2.5000000e-1] (epsilon 0) found in 0 seconds ",
305,:,1737447945.000,0.000,0,106,0,0,"schlandals --timeout 1500 -i /data/schlandals/pwmc_benchmarks/instances/bayesian_networks/pcnf/pigs/305.cnf | tr '\n' ' '",/data/schlandals/pwmc_benchmarks/instances/bayesian_networks/pcnf/pigs/305.cnf,"Estimated probability 5.0000000e-1 with bounds [5.0000000e-1 5.0000000e-1] (epsilon 0) found in 0 seconds ",
306,:,1737447945.000,0.000,0,106,0,0,"schlandals --timeout 1500 -i /data/schlandals/pwmc_benchmarks/instances/bayesian_networks/pcnf/pigs/306.cnf | tr '\n' ' '",/data/schlandals/pwmc_benchmarks/instances/bayesian_networks/pcnf/pigs/306.cnf,"Estimated probability 2.5000000e-1 with bounds [2.5000000e-1 2.5000000e-1] (epsilon 0) found in 0 seconds ",
313,:,1737447945.000,0.000,0,106,0,0,"schlandals --timeout 1500 -i /data/schlandals/pwmc_benchmarks/instances/bayesian_networks/pcnf/pigs/313.cnf | tr '\n' ' '",/data/schlandals/pwmc_benchmarks/instances/bayesian_networks/pcnf/pigs/313.cnf,"Estimated probability 2.5000000e-1 with bounds [2.5000000e-1 2.5000000e-1] (epsilon 0) found in 0 seconds ",
314,:,1737447945.000,0.000,0,106,0,0,"schlandals --timeout 1500 -i /data/schlandals/pwmc_benchmarks/instances/bayesian_networks/pcnf/pigs/314.cnf | tr '\n' ' '",/data/schlandals/pwmc_benchmarks/instances/bayesian_networks/pcnf/pigs/314.cnf,"Estimated probability 5.0000000e-1 with bounds [5.0000000e-1 5.0000000e-1] (epsilon 0) found in 0 seconds ",
315,:,1737447945.000,0.000,0,106,0,0,"schlandals --timeout 1500 -i /data/schlandals/pwmc_benchmarks/instances/bayesian_networks/pcnf/pigs/315.cnf | tr '\n' ' '",/data/schlandals/pwmc_benchmarks/instances/bayesian_networks/pcnf/pigs/315.cnf,"Estimated probability 2.5000000e-1 with bounds [2.5000000e-1 2.5000000e-1] (epsilon 0) found in 0 seconds ",
316,:,1737447945.000,0.000,0,106,0,0,"schlandals --timeout 1500 -i /data/schlandals/pwmc_benchmarks/instances/bayesian_networks/pcnf/pigs/316.cnf | tr '\n' ' '",/data/schlandals/pwmc_benchmarks/instances/bayesian_networks/pcnf/pigs/316.cnf,"Estimated probability 2.5000000e-1 with bounds [2.5000000e-1 2.5000000e-1] (epsilon 0) found in 0 seconds ",
317,:,1737447945.000,0.000,0,106,0,0,"schlandals --timeout 1500 -i /data/schlandals/pwmc_benchmarks/instances/bayesian_networks/pcnf/pigs/317.cnf | tr '\n' ' '",/data/schlandals/pwmc_benchmarks/instances/bayesian_networks/pcnf/pigs/317.cnf,"Estimated probability 5.0000000e-1 with bounds [5.0000000e-1 5.0000000e-1] (epsilon 0) found in 0 seconds ",
145,:,1737447944.000,1.000,0,106,0,0,"schlandals --timeout 1500 -i /data/schlandals/pwmc_benchmarks/instances/bayesian_networks/pcnf/pigs/145.cnf | tr '\n' ' '",/data/schlandals/pwmc_benchmarks/instances/bayesian_networks/pcnf/pigs/145.cnf,"Estimated probability 2.6562500e-1 with bounds [2.6562500e-1 2.6562500e-1] (epsilon 0) found in 0 seconds ",
287,:,1737447945.000,0.000,0,106,0,0,"schlandals --timeout 1500 -i /data/schlandals/pwmc_benchmarks/instances/bayesian_networks/pcnf/pigs/287.cnf | tr '\n' ' '",/data/schlandals/pwmc_benchmarks/instances/bayesian_networks/pcnf/pigs/287.cnf,"Estimated probability 5.0000000e-1 with bounds [5.0000000e-1 5.0000000e-1] (epsilon 0) found in 0 seconds ",
318,:,1737447945.000,0.000,0,106,0,0,"schlandals --timeout 1500 -i /data/schlandals/pwmc_benchmarks/instances/bayesian_networks/pcnf/pigs/318.cnf | tr '\n' ' '",/data/schlandals/pwmc_benchmarks/instances/bayesian_networks/pcnf/pigs/318.cnf,"Estimated probability 2.5000000e-1 with bounds [2.5000000e-1 2.5000000e-1] (epsilon 0) found in 0 seconds ",
259,:,1737447945.000,0.000,0,106,0,0,"schlandals --timeout 1500 -i /data/schlandals/pwmc_benchmarks/instances/bayesian_networks/pcnf/pigs/259.cnf | tr '\n' ' '",/data/schlandals/pwmc_benchmarks/instances/bayesian_networks/pcnf/pigs/259.cnf,"Estimated probability 2.5000000e-1 with bounds [2.5000000e-1 2.5000000e-1] (epsilon 0) found in 0 seconds ",
325,:,1737447945.000,0.000,0,106,0,0,"schlandals --timeout 1500 -i /data/schlandals/pwmc_benchmarks/instances/bayesian_networks/pcnf/pigs/325.cnf | tr '\n' ' '",/data/schlandals/pwmc_benchmarks/instances/bayesian_networks/pcnf/pigs/325.cnf,"Estimated probability 2.5000000e-1 with bounds [2.5000000e-1 2.5000000e-1] (epsilon 0) found in 0 seconds ",
326,:,1737447945.000,0.000,0,106,0,0,"schlandals --timeout 1500 -i /data/schlandals/pwmc_benchmarks/instances/bayesian_networks/pcnf/pigs/326.cnf | tr '\n' ' '",/data/schlandals/pwmc_benchmarks/instances/bayesian_networks/pcnf/pigs/326.cnf,"Estimated probability 5.0000000e-1 with bounds [5.0000000e-1 5.0000000e-1] (epsilon 0) found in 0 seconds ",
297,:,1737447945.000,0.000,0,106,0,0,"schlandals --timeout 1500 -i /data/schlandals/pwmc_benchmarks/instances/bayesian_networks/pcnf/pigs/297.cnf | tr '\n' ' '",/data/schlandals/pwmc_benchmarks/instances/bayesian_networks/pcnf/pigs/297.cnf,"Estimated probability 2.5000000e-1 with bounds [2.5000000e-1 2.5000000e-1] (epsilon 0) found in 0 seconds ",
327,:,1737447945.000,0.000,0,106,0,0,"schlandals --timeout 1500 -i /data/schlandals/pwmc_benchmarks/instances/bayesian_networks/pcnf/pigs/327.cnf | tr '\n' ' '",/data/schlandals/pwmc_benchmarks/instances/bayesian_networks/pcnf/pigs/327.cnf,"Estimated probability 2.5000000e-1 with bounds [2.5000000e-1 2.5000000e-1] (epsilon 0) found in 0 seconds ",
328,:,1737447945.000,0.000,0,106,0,0,"schlandals --timeout 1500 -i /data/schlandals/pwmc_benchmarks/instances/bayesian_networks/pcnf/pigs/328.cnf | tr '\n' ' '",/data/schlandals/pwmc_benchmarks/instances/bayesian_networks/pcnf/pigs/328.cnf,"Estimated probability 2.5000000e-1 with bounds [2.5000000e-1 2.5000000e-1] (epsilon 0) found in 0 seconds ",
329,:,1737447945.000,0.000,0,106,0,0,"schlandals --timeout 1500 -i /data/schlandals/pwmc_benchmarks/instances/bayesian_networks/pcnf/pigs/329.cnf | tr '\n' ' '",/data/schlandals/pwmc_benchmarks/instances/bayesian_networks/pcnf/pigs/329.cnf,"Estimated probability 5.0000000e-1 with bounds [5.0000000e-1 5.0000000e-1] (epsilon 0) found in 0 seconds ",
330,:,1737447945.000,0.000,0,106,0,0,"schlandals --timeout 1500 -i /data/schlandals/pwmc_benchmarks/instances/bayesian_networks/pcnf/pigs/330.cnf | tr '\n' ' '",/data/schlandals/pwmc_benchmarks/instances/bayesian_networks/pcnf/pigs/330.cnf,"Estimated probability 2.5000000e-1 with bounds [2.5000000e-1 2.5000000e-1] (epsilon 0) found in 0 seconds ",
331,:,1737447945.000,0.000,0,106,0,0,"schlandals --timeout 1500 -i /data/schlandals/pwmc_benchmarks/instances/bayesian_networks/pcnf/pigs/331.cnf | tr '\n' ' '",/data/schlandals/pwmc_benchmarks/instances/bayesian_networks/pcnf/pigs/331.cnf,"Estimated probability 2.5000000e-1 with bounds [2.5000000e-1 2.5000000e-1] (epsilon 0) found in 0 seconds ",
332,:,1737447945.000,0.000,0,106,0,0,"schlandals --timeout 1500 -i /data/schlandals/pwmc_benchmarks/instances/bayesian_networks/pcnf/pigs/332.cnf | tr '\n' ' '",/data/schlandals/pwmc_benchmarks/instances/bayesian_networks/pcnf/pigs/332.cnf,"Estimated probability 5.0000000e-1 with bounds [5.0000000e-1 5.0000000e-1] (epsilon 0) found in 0 seconds ",
333,:,1737447945.000,0.000,0,106,0,0,"schlandals --timeout 1500 -i /data/schlandals/pwmc_benchmarks/instances/bayesian_networks/pcnf/pigs/333.cnf | tr '\n' ' '",/data/schlandals/pwmc_benchmarks/instances/bayesian_networks/pcnf/pigs/333.cnf,"Estimated probability 2.5000000e-1 with bounds [2.5000000e-1 2.5000000e-1] (epsilon 0) found in 0 seconds ",
346,:,1737447945.000,0.000,0,106,0,0,"schlandals --timeout 1500 -i /data/schlandals/pwmc_benchmarks/instances/bayesian_networks/pcnf/pigs/346.cnf | tr '\n' ' '",/data/schlandals/pwmc_benchmarks/instances/bayesian_networks/pcnf/pigs/346.cnf,"Estimated probability 2.5000000e-1 with bounds [2.5000000e-1 2.5000000e-1] (epsilon 0) found in 0 seconds ",
347,:,1737447945.000,0.000,0,106,0,0,"schlandals --timeout 1500 -i /data/schlandals/pwmc_benchmarks/instances/bayesian_networks/pcnf/pigs/347.cnf | tr '\n' ' '",/data/schlandals/pwmc_benchmarks/instances/bayesian_networks/pcnf/pigs/347.cnf,"Estimated probability 5.0000000e-1 with bounds [5.0000000e-1 5.0000000e-1] (epsilon 0) found in 0 seconds ",
348,:,1737447945.000,0.000,0,106,0,0,"schlandals --timeout 1500 -i /data/schlandals/pwmc_benchmarks/instances/bayesian_networks/pcnf/pigs/348.cnf | tr '\n' ' '",/data/schlandals/pwmc_benchmarks/instances/bayesian_networks/pcnf/pigs/348.cnf,"Estimated probability 2.5000000e-1 with bounds [2.5000000e-1 2.5000000e-1] (epsilon 0) found in 0 seconds ",
307,:,1737447945.000,0.000,0,106,0,0,"schlandals --timeout 1500 -i /data/schlandals/pwmc_benchmarks/instances/bayesian_networks/pcnf/pigs/307.cnf | tr '\n' ' '",/data/schlandals/pwmc_benchmarks/instances/bayesian_networks/pcnf/pigs/307.cnf,"Estimated probability 2.5781250e-1 with bounds [2.5781250e-1 2.5781250e-1] (epsilon 0) found in 0 seconds ",
233,:,1737447945.000,0.000,0,106,0,0,"schlandals --timeout 1500 -i /data/schlandals/pwmc_benchmarks/instances/bayesian_networks/pcnf/pigs/233.cnf | tr '\n' ' '",/data/schlandals/pwmc_benchmarks/instances/bayesian_networks/pcnf/pigs/233.cnf,"Estimated probability 5.0000000e-1 with bounds [5.0000000e-1 5.0000000e-1] (epsilon 0) found in 0 seconds ",
296,:,1737447945.000,1.000,0,106,0,0,"schlandals --timeout 1500 -i /data/schlandals/pwmc_benchmarks/instances/bayesian_networks/pcnf/pigs/296.cnf | tr '\n' ' '",/data/schlandals/pwmc_benchmarks/instances/bayesian_networks/pcnf/pigs/296.cnf,"Estimated probability 5.0000000e-1 with bounds [5.0000000e-1 5.0000000e-1] (epsilon 0) found in 0 seconds ",
295,:,1737447945.000,1.000,0,106,0,0,"schlandals --timeout 1500 -i /data/schlandals/pwmc_benchmarks/instances/bayesian_networks/pcnf/pigs/295.cnf | tr '\n' ' '",/data/schlandals/pwmc_benchmarks/instances/bayesian_networks/pcnf/pigs/295.cnf,"Estimated probability 2.5000000e-1 with bounds [2.5000000e-1 2.5000000e-1] (epsilon 0) found in 0 seconds ",
308,:,1737447945.000,1.000,0,106,0,0,"schlandals --timeout 1500 -i /data/schlandals/pwmc_benchmarks/instances/bayesian_networks/pcnf/pigs/308.cnf | tr '\n' ' '",/data/schlandals/pwmc_benchmarks/instances/bayesian_networks/pcnf/pigs/308.cnf,"Estimated probability 4.8437500e-1 with bounds [4.8437500e-1 4.8437500e-1] (epsilon 0) found in 0 seconds ",
311,:,1737447945.000,1.000,0,106,0,0,"schlandals --timeout 1500 -i /data/schlandals/pwmc_benchmarks/instances/bayesian_networks/pcnf/pigs/311.cnf | tr '\n' ' '",/data/schlandals/pwmc_benchmarks/instances/bayesian_networks/pcnf/pigs/311.cnf,"Estimated probability 4.8437500e-1 with bounds [4.8437500e-1 4.8437500e-1] (epsilon 0) found in 0 seconds ",
320,:,1737447945.000,1.000,0,106,0,0,"schlandals --timeout 1500 -i /data/schlandals/pwmc_benchmarks/instances/bayesian_networks/pcnf/pigs/320.cnf | tr '\n' ' '",/data/schlandals/pwmc_benchmarks/instances/bayesian_networks/pcnf/pigs/320.cnf,"Estimated probability 5.0000000e-1 with bounds [5.0000000e-1 5.0000000e-1] (epsilon 0) found in 0 seconds ",
349,:,1737447945.000,1.000,0,106,0,0,"schlandals --timeout 1500 -i /data/schlandals/pwmc_benchmarks/instances/bayesian_networks/pcnf/pigs/349.cnf | tr '\n' ' '",/data/schlandals/pwmc_benchmarks/instances/bayesian_networks/pcnf/pigs/349.cnf,"Estimated probability 2.5000000e-1 with bounds [2.5000000e-1 2.5000000e-1] (epsilon 0) found in 0 seconds ",
350,:,1737447945.000,1.000,0,106,0,0,"schlandals --timeout 1500 -i /data/schlandals/pwmc_benchmarks/instances/bayesian_networks/pcnf/pigs/350.cnf | tr '\n' ' '",/data/schlandals/pwmc_benchmarks/instances/bayesian_networks/pcnf/pigs/350.cnf,"Estimated probability 5.0000000e-1 with bounds [5.0000000e-1 5.0000000e-1] (epsilon 0) found in 0 seconds ",
351,:,1737447945.000,1.000,0,106,0,0,"schlandals --timeout 1500 -i /data/schlandals/pwmc_benchmarks/instances/bayesian_networks/pcnf/pigs/351.cnf | tr '\n' ' '",/data/schlandals/pwmc_benchmarks/instances/bayesian_networks/pcnf/pigs/351.cnf,"Estimated probability 2.5000000e-1 with bounds [2.5000000e-1 2.5000000e-1] (epsilon 0) found in 0 seconds ",
355,:,1737447945.000,1.000,0,106,0,0,"schlandals --timeout 1500 -i /data/schlandals/pwmc_benchmarks/instances/bayesian_networks/pcnf/pigs/355.cnf | tr '\n' ' '",/data/schlandals/pwmc_benchmarks/instances/bayesian_networks/pcnf/pigs/355.cnf,"Estimated probability 2.5000000e-1 with bounds [2.5000000e-1 2.5000000e-1] (epsilon 0) found in 0 seconds ",
157,:,1737447944.000,2.000,0,106,0,0,"schlandals --timeout 1500 -i /data/schlandals/pwmc_benchmarks/instances/bayesian_networks/pcnf/pigs/157.cnf | tr '\n' ' '",/data/schlandals/pwmc_benchmarks/instances/bayesian_networks/pcnf/pigs/157.cnf,"Estimated probability 2.6562500e-1 with bounds [2.6562500e-1 2.6562500e-1] (epsilon 0) found in 1 seconds ",
356,:,1737447945.000,1.000,0,106,0,0,"schlandals --timeout 1500 -i /data/schlandals/pwmc_benchmarks/instances/bayesian_networks/pcnf/pigs/356.cnf | tr '\n' ' '",/data/schlandals/pwmc_benchmarks/instances/bayesian_networks/pcnf/pigs/356.cnf,"Estimated probability 5.0000000e-1 with bounds [5.0000000e-1 5.0000000e-1] (epsilon 0) found in 0 seconds ",
357,:,1737447945.000,1.000,0,106,0,0,"schlandals --timeout 1500 -i /data/schlandals/pwmc_benchmarks/instances/bayesian_networks/pcnf/pigs/357.cnf | tr '\n' ' '",/data/schlandals/pwmc_benchmarks/instances/bayesian_networks/pcnf/pigs/357.cnf,"Estimated probability 2.5000000e-1 with bounds [2.5000000e-1 2.5000000e-1] (epsilon 0) found in 0 seconds ",
364,:,1737447945.000,1.000,0,106,0,0,"schlandals --timeout 1500 -i /data/schlandals/pwmc_benchmarks/instances/bayesian_networks/pcnf/pigs/364.cnf | tr '\n' ' '",/data/schlandals/pwmc_benchmarks/instances/bayesian_networks/pcnf/pigs/364.cnf,"Estimated probability 2.5000000e-1 with bounds [2.5000000e-1 2.5000000e-1] (epsilon 0) found in 0 seconds ",
365,:,1737447945.000,1.000,0,106,0,0,"schlandals --timeout 1500 -i /data/schlandals/pwmc_benchmarks/instances/bayesian_networks/pcnf/pigs/365.cnf | tr '\n' ' '",/data/schlandals/pwmc_benchmarks/instances/bayesian_networks/pcnf/pigs/365.cnf,"Estimated probability 5.0000000e-1 with bounds [5.0000000e-1 5.0000000e-1] (epsilon 0) found in 0 seconds ",
366,:,1737447945.000,1.000,0,106,0,0,"schlandals --timeout 1500 -i /data/schlandals/pwmc_benchmarks/instances/bayesian_networks/pcnf/pigs/366.cnf | tr '\n' ' '",/data/schlandals/pwmc_benchmarks/instances/bayesian_networks/pcnf/pigs/366.cnf,"Estimated probability 2.5000000e-1 with bounds [2.5000000e-1 2.5000000e-1] (epsilon 0) found in 0 seconds ",
232,:,1737447945.000,1.000,0,106,0,0,"schlandals --timeout 1500 -i /data/schlandals/pwmc_benchmarks/instances/bayesian_networks/pcnf/pigs/232.cnf | tr '\n' ' '",/data/schlandals/pwmc_benchmarks/instances/bayesian_networks/pcnf/pigs/232.cnf,"Estimated probability 2.5000000e-1 with bounds [2.5000000e-1 2.5000000e-1] (epsilon 0) found in 0 seconds ",
312,:,1737447945.000,1.000,0,106,0,0,"schlandals --timeout 1500 -i /data/schlandals/pwmc_benchmarks/instances/bayesian_networks/pcnf/pigs/312.cnf | tr '\n' ' '",/data/schlandals/pwmc_benchmarks/instances/bayesian_networks/pcnf/pigs/312.cnf,"Estimated probability 2.5781250e-1 with bounds [2.5781250e-1 2.5781250e-1] (epsilon 0) found in 0 seconds ",
340,:,1737447945.000,1.000,0,106,0,0,"schlandals --timeout 1500 -i /data/schlandals/pwmc_benchmarks/instances/bayesian_networks/pcnf/pigs/340.cnf | tr '\n' ' '",/data/schlandals/pwmc_benchmarks/instances/bayesian_networks/pcnf/pigs/340.cnf,"Estimated probability 2.5000000e-1 with bounds [2.5000000e-1 2.5000000e-1] (epsilon 0) found in 0 seconds ",
146,:,1737447944.000,2.000,0,106,0,0,"schlandals --timeout 1500 -i /data/schlandals/pwmc_benchmarks/instances/bayesian_networks/pcnf/pigs/146.cnf | tr '\n' ' '",/data/schlandals/pwmc_benchmarks/instances/bayesian_networks/pcnf/pigs/146.cnf,"Estimated probability 4.6875000e-1 with bounds [4.6875000e-1 4.6875000e-1] (epsilon 0) found in 1 seconds ",
319,:,1737447945.000,1.000,0,106,0,0,"schlandals --timeout 1500 -i /data/schlandals/pwmc_benchmarks/instances/bayesian_networks/pcnf/pigs/319.cnf | tr '\n' ' '",/data/schlandals/pwmc_benchmarks/instances/bayesian_networks/pcnf/pigs/319.cnf,"Estimated probability 2.5000000e-1 with bounds [2.5000000e-1 2.5000000e-1] (epsilon 0) found in 0 seconds ",
309,:,1737447945.000,1.000,0,106,0,0,"schlandals --timeout 1500 -i /data/schlandals/pwmc_benchmarks/instances/bayesian_networks/pcnf/pigs/309.cnf | tr '\n' ' '",/data/schlandals/pwmc_benchmarks/instances/bayesian_networks/pcnf/pigs/309.cnf,"Estimated probability 2.5781250e-1 with bounds [2.5781250e-1 2.5781250e-1] (epsilon 0) found in 0 seconds ",
321,:,1737447945.000,1.000,0,106,0,0,"schlandals --timeout 1500 -i /data/schlandals/pwmc_benchmarks/instances/bayesian_networks/pcnf/pigs/321.cnf | tr '\n' ' '",/data/schlandals/pwmc_benchmarks/instances/bayesian_networks/pcnf/pigs/321.cnf,"Estimated probability 2.5000000e-1 with bounds [2.5000000e-1 2.5000000e-1] (epsilon 0) found in 0 seconds ",
341,:,1737447945.000,1.000,0,106,0,0,"schlandals --timeout 1500 -i /data/schlandals/pwmc_benchmarks/instances/bayesian_networks/pcnf/pigs/341.cnf | tr '\n' ' '",/data/schlandals/pwmc_benchmarks/instances/bayesian_networks/pcnf/pigs/341.cnf,"Estimated probability 5.0000000e-1 with bounds [5.0000000e-1 5.0000000e-1] (epsilon 0) found in 0 seconds ",
343,:,1737447945.000,1.000,0,106,0,0,"schlandals --timeout 1500 -i /data/schlandals/pwmc_benchmarks/instances/bayesian_networks/pcnf/pigs/343.cnf | tr '\n' ' '",/data/schlandals/pwmc_benchmarks/instances/bayesian_networks/pcnf/pigs/343.cnf,"Estimated probability 2.5000000e-1 with bounds [2.5000000e-1 2.5000000e-1] (epsilon 0) found in 0 seconds ",
367,:,1737447945.000,1.000,0,106,0,0,"schlandals --timeout 1500 -i /data/schlandals/pwmc_benchmarks/instances/bayesian_networks/pcnf/pigs/367.cnf | tr '\n' ' '",/data/schlandals/pwmc_benchmarks/instances/bayesian_networks/pcnf/pigs/367.cnf,"Estimated probability 2.5000000e-1 with bounds [2.5000000e-1 2.5000000e-1] (epsilon 0) found in 0 seconds ",
368,:,1737447946.000,0.000,0,106,0,0,"schlandals --timeout 1500 -i /data/schlandals/pwmc_benchmarks/instances/bayesian_networks/pcnf/pigs/368.cnf | tr '\n' ' '",/data/schlandals/pwmc_benchmarks/instances/bayesian_networks/pcnf/pigs/368.cnf,"Estimated probability 5.0000000e-1 with bounds [5.0000000e-1 5.0000000e-1] (epsilon 0) found in 0 seconds ",
369,:,1737447946.000,0.000,0,106,0,0,"schlandals --timeout 1500 -i /data/schlandals/pwmc_benchmarks/instances/bayesian_networks/pcnf/pigs/369.cnf | tr '\n' ' '",/data/schlandals/pwmc_benchmarks/instances/bayesian_networks/pcnf/pigs/369.cnf,"Estimated probability 2.5000000e-1 with bounds [2.5000000e-1 2.5000000e-1] (epsilon 0) found in 0 seconds ",
158,:,1737447944.000,2.000,0,106,0,0,"schlandals --timeout 1500 -i /data/schlandals/pwmc_benchmarks/instances/bayesian_networks/pcnf/pigs/158.cnf | tr '\n' ' '",/data/schlandals/pwmc_benchmarks/instances/bayesian_networks/pcnf/pigs/158.cnf,"Estimated probability 4.6875000e-1 with bounds [4.6875000e-1 4.6875000e-1] (epsilon 0) found in 1 seconds ",
159,:,1737447944.000,2.000,0,106,0,0,"schlandals --timeout 1500 -i /data/schlandals/pwmc_benchmarks/instances/bayesian_networks/pcnf/pigs/159.cnf | tr '\n' ' '",/data/schlandals/pwmc_benchmarks/instances/bayesian_networks/pcnf/pigs/159.cnf,"Estimated probability 2.6562500e-1 with bounds [2.6562500e-1 2.6562500e-1] (epsilon 0) found in 1 seconds ",
370,:,1737447946.000,0.000,0,106,0,0,"schlandals --timeout 1500 -i /data/schlandals/pwmc_benchmarks/instances/bayesian_networks/pcnf/pigs/370.cnf | tr '\n' ' '",/data/schlandals/pwmc_benchmarks/instances/bayesian_networks/pcnf/pigs/370.cnf,"Estimated probability 2.5000000e-1 with bounds [2.5000000e-1 2.5000000e-1] (epsilon 0) found in 0 seconds ",
371,:,1737447946.000,0.000,0,106,0,0,"schlandals --timeout 1500 -i /data/schlandals/pwmc_benchmarks/instances/bayesian_networks/pcnf/pigs/371.cnf | tr '\n' ' '",/data/schlandals/pwmc_benchmarks/instances/bayesian_networks/pcnf/pigs/371.cnf,"Estimated probability 5.0000000e-1 with bounds [5.0000000e-1 5.0000000e-1] (epsilon 0) found in 0 seconds ",
335,:,1737447945.000,1.000,0,106,0,0,"schlandals --timeout 1500 -i /data/schlandals/pwmc_benchmarks/instances/bayesian_networks/pcnf/pigs/335.cnf | tr '\n' ' '",/data/schlandals/pwmc_benchmarks/instances/bayesian_networks/pcnf/pigs/335.cnf,"Estimated probability 5.0000000e-1 with bounds [5.0000000e-1 5.0000000e-1] (epsilon 0) found in 0 seconds ",
344,:,1737447945.000,1.000,0,106,0,0,"schlandals --timeout 1500 -i /data/schlandals/pwmc_benchmarks/instances/bayesian_networks/pcnf/pigs/344.cnf | tr '\n' ' '",/data/schlandals/pwmc_benchmarks/instances/bayesian_networks/pcnf/pigs/344.cnf,"Estimated probability 5.0000000e-1 with bounds [5.0000000e-1 5.0000000e-1] (epsilon 0) found in 0 seconds ",
372,:,1737447946.000,0.000,0,106,0,0,"schlandals --timeout 1500 -i /data/schlandals/pwmc_benchmarks/instances/bayesian_networks/pcnf/pigs/372.cnf | tr '\n' ' '",/data/schlandals/pwmc_benchmarks/instances/bayesian_networks/pcnf/pigs/372.cnf,"Estimated probability 2.5000000e-1 with bounds [2.5000000e-1 2.5000000e-1] (epsilon 0) found in 0 seconds ",
373,:,1737447946.000,0.000,0,106,0,0,"schlandals --timeout 1500 -i /data/schlandals/pwmc_benchmarks/instances/bayesian_networks/pcnf/pigs/373.cnf | tr '\n' ' '",/data/schlandals/pwmc_benchmarks/instances/bayesian_networks/pcnf/pigs/373.cnf,"Estimated probability 2.5000000e-1 with bounds [2.5000000e-1 2.5000000e-1] (epsilon 0) found in 0 seconds ",
374,:,1737447946.000,0.000,0,106,0,0,"schlandals --timeout 1500 -i /data/schlandals/pwmc_benchmarks/instances/bayesian_networks/pcnf/pigs/374.cnf | tr '\n' ' '",/data/schlandals/pwmc_benchmarks/instances/bayesian_networks/pcnf/pigs/374.cnf,"Estimated probability 5.0000000e-1 with bounds [5.0000000e-1 5.0000000e-1] (epsilon 0) found in 0 seconds ",
334,:,1737447945.000,1.000,0,106,0,0,"schlandals --timeout 1500 -i /data/schlandals/pwmc_benchmarks/instances/bayesian_networks/pcnf/pigs/334.cnf | tr '\n' ' '",/data/schlandals/pwmc_benchmarks/instances/bayesian_networks/pcnf/pigs/334.cnf,"Estimated probability 2.5000000e-1 with bounds [2.5000000e-1 2.5000000e-1] (epsilon 0) found in 0 seconds ",
310,:,1737447945.000,1.000,0,106,0,0,"schlandals --timeout 1500 -i /data/schlandals/pwmc_benchmarks/instances/bayesian_networks/pcnf/pigs/310.cnf | tr '\n' ' '",/data/schlandals/pwmc_benchmarks/instances/bayesian_networks/pcnf/pigs/310.cnf,"Estimated probability 2.5781250e-1 with bounds [2.5781250e-1 2.5781250e-1] (epsilon 0) found in 0 seconds ",
336,:,1737447945.000,1.000,0,106,0,0,"schlandals --timeout 1500 -i /data/schlandals/pwmc_benchmarks/instances/bayesian_networks/pcnf/pigs/336.cnf | tr '\n' ' '",/data/schlandals/pwmc_benchmarks/instances/bayesian_networks/pcnf/pigs/336.cnf,"Estimated probability 2.5000000e-1 with bounds [2.5000000e-1 2.5000000e-1] (epsilon 0) found in 0 seconds ",
147,:,1737447944.000,2.000,0,106,0,0,"schlandals --timeout 1500 -i /data/schlandals/pwmc_benchmarks/instances/bayesian_networks/pcnf/pigs/147.cnf | tr '\n' ' '",/data/schlandals/pwmc_benchmarks/instances/bayesian_networks/pcnf/pigs/147.cnf,"Estimated probability 2.6562500e-1 with bounds [2.6562500e-1 2.6562500e-1] (epsilon 0) found in 1 seconds ",
342,:,1737447945.000,1.000,0,106,0,0,"schlandals --timeout 1500 -i /data/schlandals/pwmc_benchmarks/instances/bayesian_networks/pcnf/pigs/342.cnf | tr '\n' ' '",/data/schlandals/pwmc_benchmarks/instances/bayesian_networks/pcnf/pigs/342.cnf,"Estimated probability 2.5000000e-1 with bounds [2.5000000e-1 2.5000000e-1] (epsilon 0) found in 0 seconds ",
375,:,1737447946.000,0.000,0,106,0,0,"schlandals --timeout 1500 -i /data/schlandals/pwmc_benchmarks/instances/bayesian_networks/pcnf/pigs/375.cnf | tr '\n' ' '",/data/schlandals/pwmc_benchmarks/instances/bayesian_networks/pcnf/pigs/375.cnf,"Estimated probability 2.5000000e-1 with bounds [2.5000000e-1 2.5000000e-1] (epsilon 0) found in 0 seconds ",
376,:,1737447946.000,0.000,0,106,0,0,"schlandals --timeout 1500 -i /data/schlandals/pwmc_benchmarks/instances/bayesian_networks/pcnf/pigs/376.cnf | tr '\n' ' '",/data/schlandals/pwmc_benchmarks/instances/bayesian_networks/pcnf/pigs/376.cnf,"Estimated probability 2.5000000e-1 with bounds [2.5000000e-1 2.5000000e-1] (epsilon 0) found in 0 seconds ",
377,:,1737447946.000,0.000,0,106,0,0,"schlandals --timeout 1500 -i /data/schlandals/pwmc_benchmarks/instances/bayesian_networks/pcnf/pigs/377.cnf | tr '\n' ' '",/data/schlandals/pwmc_benchmarks/instances/bayesian_networks/pcnf/pigs/377.cnf,"Estimated probability 5.0000000e-1 with bounds [5.0000000e-1 5.0000000e-1] (epsilon 0) found in 0 seconds ",
234,:,1737447945.000,1.000,0,106,0,0,"schlandals --timeout 1500 -i /data/schlandals/pwmc_benchmarks/instances/bayesian_networks/pcnf/pigs/234.cnf | tr '\n' ' '",/data/schlandals/pwmc_benchmarks/instances/bayesian_networks/pcnf/pigs/234.cnf,"Estimated probability 2.5000000e-1 with bounds [2.5000000e-1 2.5000000e-1] (epsilon 0) found in 0 seconds ",
345,:,1737447945.000,1.000,0,106,0,0,"schlandals --timeout 1500 -i /data/schlandals/pwmc_benchmarks/instances/bayesian_networks/pcnf/pigs/345.cnf | tr '\n' ' '",/data/schlandals/pwmc_benchmarks/instances/bayesian_networks/pcnf/pigs/345.cnf,"Estimated probability 2.5000000e-1 with bounds [2.5000000e-1 2.5000000e-1] (epsilon 0) found in 0 seconds ",
378,:,1737447946.000,0.000,0,106,0,0,"schlandals --timeout 1500 -i /data/schlandals/pwmc_benchmarks/instances/bayesian_networks/pcnf/pigs/378.cnf | tr '\n' ' '",/data/schlandals/pwmc_benchmarks/instances/bayesian_networks/pcnf/pigs/378.cnf,"Estimated probability 2.5000000e-1 with bounds [2.5000000e-1 2.5000000e-1] (epsilon 0) found in 0 seconds ",
379,:,1737447946.000,0.000,0,106,0,0,"schlandals --timeout 1500 -i /data/schlandals/pwmc_benchmarks/instances/bayesian_networks/pcnf/pigs/379.cnf | tr '\n' ' '",/data/schlandals/pwmc_benchmarks/instances/bayesian_networks/pcnf/pigs/379.cnf,"Estimated probability 2.5000000e-1 with bounds [2.5000000e-1 2.5000000e-1] (epsilon 0) found in 0 seconds ",
380,:,1737447946.000,0.000,0,106,0,0,"schlandals --timeout 1500 -i /data/schlandals/pwmc_benchmarks/instances/bayesian_networks/pcnf/pigs/380.cnf | tr '\n' ' '",/data/schlandals/pwmc_benchmarks/instances/bayesian_networks/pcnf/pigs/380.cnf,"Estimated probability 5.0000000e-1 with bounds [5.0000000e-1 5.0000000e-1] (epsilon 0) found in 0 seconds ",
235,:,1737447945.000,1.000,0,106,0,0,"schlandals --timeout 1500 -i /data/schlandals/pwmc_benchmarks/instances/bayesian_networks/pcnf/pigs/235.cnf | tr '\n' ' '",/data/schlandals/pwmc_benchmarks/instances/bayesian_networks/pcnf/pigs/235.cnf,"Estimated probability 2.6562500e-1 with bounds [2.6562500e-1 2.6562500e-1] (epsilon 0) found in 0 seconds ",
381,:,1737447946.000,0.000,0,106,0,0,"schlandals --timeout 1500 -i /data/schlandals/pwmc_benchmarks/instances/bayesian_networks/pcnf/pigs/381.cnf | tr '\n' ' '",/data/schlandals/pwmc_benchmarks/instances/bayesian_networks/pcnf/pigs/381.cnf,"Estimated probability 2.5000000e-1 with bounds [2.5000000e-1 2.5000000e-1] (epsilon 0) found in 0 seconds ",
385,:,1737447946.000,0.000,0,106,0,0,"schlandals --timeout 1500 -i /data/schlandals/pwmc_benchmarks/instances/bayesian_networks/pcnf/pigs/385.cnf | tr '\n' ' '",/data/schlandals/pwmc_benchmarks/instances/bayesian_networks/pcnf/pigs/385.cnf,"Estimated probability 2.5000000e-1 with bounds [2.5000000e-1 2.5000000e-1] (epsilon 0) found in 0 seconds ",
386,:,1737447946.000,0.000,0,106,0,0,"schlandals --timeout 1500 -i /data/schlandals/pwmc_benchmarks/instances/bayesian_networks/pcnf/pigs/386.cnf | tr '\n' ' '",/data/schlandals/pwmc_benchmarks/instances/bayesian_networks/pcnf/pigs/386.cnf,"Estimated probability 5.0000000e-1 with bounds [5.0000000e-1 5.0000000e-1] (epsilon 0) found in 0 seconds ",
237,:,1737447945.000,1.000,0,106,0,0,"schlandals --timeout 1500 -i /data/schlandals/pwmc_benchmarks/instances/bayesian_networks/pcnf/pigs/237.cnf | tr '\n' ' '",/data/schlandals/pwmc_benchmarks/instances/bayesian_networks/pcnf/pigs/237.cnf,"Estimated probability 2.6562500e-1 with bounds [2.6562500e-1 2.6562500e-1] (epsilon 0) found in 0 seconds ",
387,:,1737447946.000,0.000,0,106,0,0,"schlandals --timeout 1500 -i /data/schlandals/pwmc_benchmarks/instances/bayesian_networks/pcnf/pigs/387.cnf | tr '\n' ' '",/data/schlandals/pwmc_benchmarks/instances/bayesian_networks/pcnf/pigs/387.cnf,"Estimated probability 2.5000000e-1 with bounds [2.5000000e-1 2.5000000e-1] (epsilon 0) found in 0 seconds ",
388,:,1737447946.000,0.000,0,106,0,0,"schlandals --timeout 1500 -i /data/schlandals/pwmc_benchmarks/instances/bayesian_networks/pcnf/pigs/388.cnf | tr '\n' ' '",/data/schlandals/pwmc_benchmarks/instances/bayesian_networks/pcnf/pigs/388.cnf,"Estimated probability 2.5000000e-1 with bounds [2.5000000e-1 2.5000000e-1] (epsilon 0) found in 0 seconds ",
389,:,1737447946.000,0.000,0,106,0,0,"schlandals --timeout 1500 -i /data/schlandals/pwmc_benchmarks/instances/bayesian_networks/pcnf/pigs/389.cnf | tr '\n' ' '",/data/schlandals/pwmc_benchmarks/instances/bayesian_networks/pcnf/pigs/389.cnf,"Estimated probability 5.0000000e-1 with bounds [5.0000000e-1 5.0000000e-1] (epsilon 0) found in 0 seconds ",
390,:,1737447946.000,0.000,0,106,0,0,"schlandals --timeout 1500 -i /data/schlandals/pwmc_benchmarks/instances/bayesian_networks/pcnf/pigs/390.cnf | tr '\n' ' '",/data/schlandals/pwmc_benchmarks/instances/bayesian_networks/pcnf/pigs/390.cnf,"Estimated probability 2.5000000e-1 with bounds [2.5000000e-1 2.5000000e-1] (epsilon 0) found in 0 seconds ",
391,:,1737447946.000,0.000,0,106,0,0,"schlandals --timeout 1500 -i /data/schlandals/pwmc_benchmarks/instances/bayesian_networks/pcnf/pigs/391.cnf | tr '\n' ' '",/data/schlandals/pwmc_benchmarks/instances/bayesian_networks/pcnf/pigs/391.cnf,"Estimated probability 2.5000000e-1 with bounds [2.5000000e-1 2.5000000e-1] (epsilon 0) found in 0 seconds ",
392,:,1737447946.000,0.000,0,106,0,0,"schlandals --timeout 1500 -i /data/schlandals/pwmc_benchmarks/instances/bayesian_networks/pcnf/pigs/392.cnf | tr '\n' ' '",/data/schlandals/pwmc_benchmarks/instances/bayesian_networks/pcnf/pigs/392.cnf,"Estimated probability 5.0000000e-1 with bounds [5.0000000e-1 5.0000000e-1] (epsilon 0) found in 0 seconds ",
393,:,1737447946.000,0.000,0,106,0,0,"schlandals --timeout 1500 -i /data/schlandals/pwmc_benchmarks/instances/bayesian_networks/pcnf/pigs/393.cnf | tr '\n' ' '",/data/schlandals/pwmc_benchmarks/instances/bayesian_networks/pcnf/pigs/393.cnf,"Estimated probability 2.5000000e-1 with bounds [2.5000000e-1 2.5000000e-1] (epsilon 0) found in 0 seconds ",
394,:,1737447946.000,0.000,0,106,0,0,"schlandals --timeout 1500 -i /data/schlandals/pwmc_benchmarks/instances/bayesian_networks/pcnf/pigs/394.cnf | tr '\n' ' '",/data/schlandals/pwmc_benchmarks/instances/bayesian_networks/pcnf/pigs/394.cnf,"Estimated probability 2.5000000e-1 with bounds [2.5000000e-1 2.5000000e-1] (epsilon 0) found in 0 seconds ",
395,:,1737447946.000,0.000,0,106,0,0,"schlandals --timeout 1500 -i /data/schlandals/pwmc_benchmarks/instances/bayesian_networks/pcnf/pigs/395.cnf | tr '\n' ' '",/data/schlandals/pwmc_benchmarks/instances/bayesian_networks/pcnf/pigs/395.cnf,"Estimated probability 5.0000000e-1 with bounds [5.0000000e-1 5.0000000e-1] (epsilon 0) found in 0 seconds ",
396,:,1737447946.000,0.000,0,106,0,0,"schlandals --timeout 1500 -i /data/schlandals/pwmc_benchmarks/instances/bayesian_networks/pcnf/pigs/396.cnf | tr '\n' ' '",/data/schlandals/pwmc_benchmarks/instances/bayesian_networks/pcnf/pigs/396.cnf,"Estimated probability 2.5000000e-1 with bounds [2.5000000e-1 2.5000000e-1] (epsilon 0) found in 0 seconds ",
397,:,1737447946.000,0.000,0,106,0,0,"schlandals --timeout 1500 -i /data/schlandals/pwmc_benchmarks/instances/bayesian_networks/pcnf/pigs/397.cnf | tr '\n' ' '",/data/schlandals/pwmc_benchmarks/instances/bayesian_networks/pcnf/pigs/397.cnf,"Estimated probability 2.5000000e-1 with bounds [2.5000000e-1 2.5000000e-1] (epsilon 0) found in 0 seconds ",
398,:,1737447946.000,0.000,0,106,0,0,"schlandals --timeout 1500 -i /data/schlandals/pwmc_benchmarks/instances/bayesian_networks/pcnf/pigs/398.cnf | tr '\n' ' '",/data/schlandals/pwmc_benchmarks/instances/bayesian_networks/pcnf/pigs/398.cnf,"Estimated probability 5.0000000e-1 with bounds [5.0000000e-1 5.0000000e-1] (epsilon 0) found in 0 seconds ",
399,:,1737447946.000,0.000,0,106,0,0,"schlandals --timeout 1500 -i /data/schlandals/pwmc_benchmarks/instances/bayesian_networks/pcnf/pigs/399.cnf | tr '\n' ' '",/data/schlandals/pwmc_benchmarks/instances/bayesian_networks/pcnf/pigs/399.cnf,"Estimated probability 2.5000000e-1 with bounds [2.5000000e-1 2.5000000e-1] (epsilon 0) found in 0 seconds ",
406,:,1737447946.000,0.000,0,106,0,0,"schlandals --timeout 1500 -i /data/schlandals/pwmc_benchmarks/instances/bayesian_networks/pcnf/pigs/406.cnf | tr '\n' ' '",/data/schlandals/pwmc_benchmarks/instances/bayesian_networks/pcnf/pigs/406.cnf,"Estimated probability 2.5000000e-1 with bounds [2.5000000e-1 2.5000000e-1] (epsilon 0) found in 0 seconds ",
407,:,1737447946.000,0.000,0,106,0,0,"schlandals --timeout 1500 -i /data/schlandals/pwmc_benchmarks/instances/bayesian_networks/pcnf/pigs/407.cnf | tr '\n' ' '",/data/schlandals/pwmc_benchmarks/instances/bayesian_networks/pcnf/pigs/407.cnf,"Estimated probability 5.0000000e-1 with bounds [5.0000000e-1 5.0000000e-1] (epsilon 0) found in 0 seconds ",
408,:,1737447946.000,0.000,0,106,0,0,"schlandals --timeout 1500 -i /data/schlandals/pwmc_benchmarks/instances/bayesian_networks/pcnf/pigs/408.cnf | tr '\n' ' '",/data/schlandals/pwmc_benchmarks/instances/bayesian_networks/pcnf/pigs/408.cnf,"Estimated probability 2.5000000e-1 with bounds [2.5000000e-1 2.5000000e-1] (epsilon 0) found in 0 seconds ",
409,:,1737447946.000,0.000,0,106,0,0,"schlandals --timeout 1500 -i /data/schlandals/pwmc_benchmarks/instances/bayesian_networks/pcnf/pigs/409.cnf | tr '\n' ' '",/data/schlandals/pwmc_benchmarks/instances/bayesian_networks/pcnf/pigs/409.cnf,"Estimated probability 2.5000000e-1 with bounds [2.5000000e-1 2.5000000e-1] (epsilon 0) found in 0 seconds ",
418,:,1737447946.000,0.000,0,106,0,0,"schlandals --timeout 1500 -i /data/schlandals/pwmc_benchmarks/instances/bayesian_networks/pcnf/pigs/418.cnf | tr '\n' ' '",/data/schlandals/pwmc_benchmarks/instances/bayesian_networks/pcnf/pigs/418.cnf,"Estimated probability 2.5000000e-1 with bounds [2.5000000e-1 2.5000000e-1] (epsilon 0) found in 0 seconds ",
410,:,1737447946.000,0.000,0,106,0,0,"schlandals --timeout 1500 -i /data/schlandals/pwmc_benchmarks/instances/bayesian_networks/pcnf/pigs/410.cnf | tr '\n' ' '",/data/schlandals/pwmc_benchmarks/instances/bayesian_networks/pcnf/pigs/410.cnf,"Estimated probability 5.0000000e-1 with bounds [5.0000000e-1 5.0000000e-1] (epsilon 0) found in 0 seconds ",
383,:,1737447946.000,0.000,0,106,0,0,"schlandals --timeout 1500 -i /data/schlandals/pwmc_benchmarks/instances/bayesian_networks/pcnf/pigs/383.cnf | tr '\n' ' '",/data/schlandals/pwmc_benchmarks/instances/bayesian_networks/pcnf/pigs/383.cnf,"Estimated probability 5.0000000e-1 with bounds [5.0000000e-1 5.0000000e-1] (epsilon 0) found in 0 seconds ",
422,:,1737447946.000,0.000,0,106,0,0,"schlandals --timeout 1500 -i /data/schlandals/pwmc_benchmarks/instances/bayesian_networks/pcnf/pigs/422.cnf | tr '\n' ' '",/data/schlandals/pwmc_benchmarks/instances/bayesian_networks/pcnf/pigs/422.cnf,"Estimated probability 5.0000000e-1 with bounds [5.0000000e-1 5.0000000e-1] (epsilon 0) found in 0 seconds ",
423,:,1737447946.000,0.000,0,106,0,0,"schlandals --timeout 1500 -i /data/schlandals/pwmc_benchmarks/instances/bayesian_networks/pcnf/pigs/423.cnf | tr '\n' ' '",/data/schlandals/pwmc_benchmarks/instances/bayesian_networks/pcnf/pigs/423.cnf,"Estimated probability 2.5000000e-1 with bounds [2.5000000e-1 2.5000000e-1] (epsilon 0) found in 0 seconds ",
420,:,1737447946.000,0.000,0,106,0,0,"schlandals --timeout 1500 -i /data/schlandals/pwmc_benchmarks/instances/bayesian_networks/pcnf/pigs/420.cnf | tr '\n' ' '",/data/schlandals/pwmc_benchmarks/instances/bayesian_networks/pcnf/pigs/420.cnf,"Estimated probability 2.5000000e-1 with bounds [2.5000000e-1 2.5000000e-1] (epsilon 0) found in 0 seconds ",
421,:,1737447946.000,0.000,0,106,0,0,"schlandals --timeout 1500 -i /data/schlandals/pwmc_benchmarks/instances/bayesian_networks/pcnf/pigs/421.cnf | tr '\n' ' '",/data/schlandals/pwmc_benchmarks/instances/bayesian_networks/pcnf/pigs/421.cnf,"Estimated probability 2.5000000e-1 with bounds [2.5000000e-1 2.5000000e-1] (epsilon 0) found in 0 seconds ",
382,:,1737447946.000,0.000,0,106,0,0,"schlandals --timeout 1500 -i /data/schlandals/pwmc_benchmarks/instances/bayesian_networks/pcnf/pigs/382.cnf | tr '\n' ' '",/data/schlandals/pwmc_benchmarks/instances/bayesian_networks/pcnf/pigs/382.cnf,"Estimated probability 2.5000000e-1 with bounds [2.5000000e-1 2.5000000e-1] (epsilon 0) found in 0 seconds ",
414,:,1737447946.000,0.000,0,106,0,0,"schlandals --timeout 1500 -i /data/schlandals/pwmc_benchmarks/instances/bayesian_networks/pcnf/pigs/414.cnf | tr '\n' ' '",/data/schlandals/pwmc_benchmarks/instances/bayesian_networks/pcnf/pigs/414.cnf,"Estimated probability 2.5000000e-1 with bounds [2.5000000e-1 2.5000000e-1] (epsilon 0) found in 0 seconds ",
419,:,1737447946.000,0.000,0,106,0,0,"schlandals --timeout 1500 -i /data/schlandals/pwmc_benchmarks/instances/bayesian_networks/pcnf/pigs/419.cnf | tr '\n' ' '",/data/schlandals/pwmc_benchmarks/instances/bayesian_networks/pcnf/pigs/419.cnf,"Estimated probability 5.0000000e-1 with bounds [5.0000000e-1 5.0000000e-1] (epsilon 0) found in 0 seconds ",
384,:,1737447946.000,0.000,0,106,0,0,"schlandals --timeout 1500 -i /data/schlandals/pwmc_benchmarks/instances/bayesian_networks/pcnf/pigs/384.cnf | tr '\n' ' '",/data/schlandals/pwmc_benchmarks/instances/bayesian_networks/pcnf/pigs/384.cnf,"Estimated probability 2.5000000e-1 with bounds [2.5000000e-1 2.5000000e-1] (epsilon 0) found in 0 seconds ",
411,:,1737447946.000,0.000,0,106,0,0,"schlandals --timeout 1500 -i /data/schlandals/pwmc_benchmarks/instances/bayesian_networks/pcnf/pigs/411.cnf | tr '\n' ' '",/data/schlandals/pwmc_benchmarks/instances/bayesian_networks/pcnf/pigs/411.cnf,"Estimated probability 2.5000000e-1 with bounds [2.5000000e-1 2.5000000e-1] (epsilon 0) found in 0 seconds ",
412,:,1737447946.000,0.000,0,106,0,0,"schlandals --timeout 1500 -i /data/schlandals/pwmc_benchmarks/instances/bayesian_networks/pcnf/pigs/412.cnf | tr '\n' ' '",/data/schlandals/pwmc_benchmarks/instances/bayesian_networks/pcnf/pigs/412.cnf,"Estimated probability 2.5000000e-1 with bounds [2.5000000e-1 2.5000000e-1] (epsilon 0) found in 0 seconds ",
413,:,1737447946.000,0.000,0,106,0,0,"schlandals --timeout 1500 -i /data/schlandals/pwmc_benchmarks/instances/bayesian_networks/pcnf/pigs/413.cnf | tr '\n' ' '",/data/schlandals/pwmc_benchmarks/instances/bayesian_networks/pcnf/pigs/413.cnf,"Estimated probability 5.0000000e-1 with bounds [5.0000000e-1 5.0000000e-1] (epsilon 0) found in 0 seconds ",
415,:,1737447946.000,0.000,0,106,0,0,"schlandals --timeout 1500 -i /data/schlandals/pwmc_benchmarks/instances/bayesian_networks/pcnf/pigs/415.cnf | tr '\n' ' '",/data/schlandals/pwmc_benchmarks/instances/bayesian_networks/pcnf/pigs/415.cnf,"Estimated probability 2.5000000e-1 with bounds [2.5000000e-1 2.5000000e-1] (epsilon 0) found in 0 seconds ",
416,:,1737447946.000,0.000,0,106,0,0,"schlandals --timeout 1500 -i /data/schlandals/pwmc_benchmarks/instances/bayesian_networks/pcnf/pigs/416.cnf | tr '\n' ' '",/data/schlandals/pwmc_benchmarks/instances/bayesian_networks/pcnf/pigs/416.cnf,"Estimated probability 5.0000000e-1 with bounds [5.0000000e-1 5.0000000e-1] (epsilon 0) found in 0 seconds ",
417,:,1737447946.000,0.000,0,106,0,0,"schlandals --timeout 1500 -i /data/schlandals/pwmc_benchmarks/instances/bayesian_networks/pcnf/pigs/417.cnf | tr '\n' ' '",/data/schlandals/pwmc_benchmarks/instances/bayesian_networks/pcnf/pigs/417.cnf,"Estimated probability 2.5000000e-1 with bounds [2.5000000e-1 2.5000000e-1] (epsilon 0) found in 0 seconds ",
236,:,1737447945.000,1.000,0,106,0,0,"schlandals --timeout 1500 -i /data/schlandals/pwmc_benchmarks/instances/bayesian_networks/pcnf/pigs/236.cnf | tr '\n' ' '",/data/schlandals/pwmc_benchmarks/instances/bayesian_networks/pcnf/pigs/236.cnf,"Estimated probability 4.6875000e-1 with bounds [4.6875000e-1 4.6875000e-1] (epsilon 0) found in 1 seconds ",
353,:,1737447945.000,1.000,0,106,0,0,"schlandals --timeout 1500 -i /data/schlandals/pwmc_benchmarks/instances/bayesian_networks/pcnf/pigs/353.cnf | tr '\n' ' '",/data/schlandals/pwmc_benchmarks/instances/bayesian_networks/pcnf/pigs/353.cnf,"Estimated probability 5.0000000e-1 with bounds [5.0000000e-1 5.0000000e-1] (epsilon 0) found in 0 seconds ",
354,:,1737447945.000,1.000,0,106,0,0,"schlandals --timeout 1500 -i /data/schlandals/pwmc_benchmarks/instances/bayesian_networks/pcnf/pigs/354.cnf | tr '\n' ' '",/data/schlandals/pwmc_benchmarks/instances/bayesian_networks/pcnf/pigs/354.cnf,"Estimated probability 2.5000000e-1 with bounds [2.5000000e-1 2.5000000e-1] (epsilon 0) found in 0 seconds ",
352,:,1737447945.000,1.000,0,106,0,0,"schlandals --timeout 1500 -i /data/schlandals/pwmc_benchmarks/instances/bayesian_networks/pcnf/pigs/352.cnf | tr '\n' ' '",/data/schlandals/pwmc_benchmarks/instances/bayesian_networks/pcnf/pigs/352.cnf,"Estimated probability 2.5000000e-1 with bounds [2.5000000e-1 2.5000000e-1] (epsilon 0) found in 0 seconds ",
401,:,1737447946.000,0.000,0,106,0,0,"schlandals --timeout 1500 -i /data/schlandals/pwmc_benchmarks/instances/bayesian_networks/pcnf/pigs/401.cnf | tr '\n' ' '",/data/schlandals/pwmc_benchmarks/instances/bayesian_networks/pcnf/pigs/401.cnf,"Estimated probability 5.0000000e-1 with bounds [5.0000000e-1 5.0000000e-1] (epsilon 0) found in 0 seconds ",
402,:,1737447946.000,0.000,0,106,0,0,"schlandals --timeout 1500 -i /data/schlandals/pwmc_benchmarks/instances/bayesian_networks/pcnf/pigs/402.cnf | tr '\n' ' '",/data/schlandals/pwmc_benchmarks/instances/bayesian_networks/pcnf/pigs/402.cnf,"Estimated probability 2.5000000e-1 with bounds [2.5000000e-1 2.5000000e-1] (epsilon 0) found in 0 seconds ",
400,:,1737447946.000,0.000,0,106,0,0,"schlandals --timeout 1500 -i /data/schlandals/pwmc_benchmarks/instances/bayesian_networks/pcnf/pigs/400.cnf | tr '\n' ' '",/data/schlandals/pwmc_benchmarks/instances/bayesian_networks/pcnf/pigs/400.cnf,"Estimated probability 2.5000000e-1 with bounds [2.5000000e-1 2.5000000e-1] (epsilon 0) found in 0 seconds ",
404,:,1737447946.000,1.000,0,106,0,0,"schlandals --timeout 1500 -i /data/schlandals/pwmc_benchmarks/instances/bayesian_networks/pcnf/pigs/404.cnf | tr '\n' ' '",/data/schlandals/pwmc_benchmarks/instances/bayesian_networks/pcnf/pigs/404.cnf,"Estimated probability 4.6875000e-1 with bounds [4.6875000e-1 4.6875000e-1] (epsilon 0) found in 0 seconds ",
403,:,1737447946.000,1.000,0,106,0,0,"schlandals --timeout 1500 -i /data/schlandals/pwmc_benchmarks/instances/bayesian_networks/pcnf/pigs/403.cnf | tr '\n' ' '",/data/schlandals/pwmc_benchmarks/instances/bayesian_networks/pcnf/pigs/403.cnf,"Estimated probability 2.6562500e-1 with bounds [2.6562500e-1 2.6562500e-1] (epsilon 0) found in 0 seconds ",
405,:,1737447946.000,1.000,0,106,0,0,"schlandals --timeout 1500 -i /data/schlandals/pwmc_benchmarks/instances/bayesian_networks/pcnf/pigs/405.cnf | tr '\n' ' '",/data/schlandals/pwmc_benchmarks/instances/bayesian_networks/pcnf/pigs/405.cnf,"Estimated probability 2.6562500e-1 with bounds [2.6562500e-1 2.6562500e-1] (epsilon 0) found in 1 seconds ",
88,:,1737447944.000,3.000,0,106,0,0,"schlandals --timeout 1500 -i /data/schlandals/pwmc_benchmarks/instances/bayesian_networks/pcnf/pigs/88.cnf | tr '\n' ' '",/data/schlandals/pwmc_benchmarks/instances/bayesian_networks/pcnf/pigs/88.cnf,"Estimated probability 2.6562500e-1 with bounds [2.6562500e-1 2.6562500e-1] (epsilon 0) found in 2 seconds ",
90,:,1737447944.000,3.000,0,106,0,0,"schlandals --timeout 1500 -i /data/schlandals/pwmc_benchmarks/instances/bayesian_networks/pcnf/pigs/90.cnf | tr '\n' ' '",/data/schlandals/pwmc_benchmarks/instances/bayesian_networks/pcnf/pigs/90.cnf,"Estimated probability 2.6562500e-1 with bounds [2.6562500e-1 2.6562500e-1] (epsilon 0) found in 2 seconds ",
89,:,1737447944.000,3.000,0,106,0,0,"schlandals --timeout 1500 -i /data/schlandals/pwmc_benchmarks/instances/bayesian_networks/pcnf/pigs/89.cnf | tr '\n' ' '",/data/schlandals/pwmc_benchmarks/instances/bayesian_networks/pcnf/pigs/89.cnf,"Estimated probability 4.6875000e-1 with bounds [4.6875000e-1 4.6875000e-1] (epsilon 0) found in 2 seconds ",
197,:,1737447945.000,2.000,0,106,0,0,"schlandals --timeout 1500 -i /data/schlandals/pwmc_benchmarks/instances/bayesian_networks/pcnf/pigs/197.cnf | tr '\n' ' '",/data/schlandals/pwmc_benchmarks/instances/bayesian_networks/pcnf/pigs/197.cnf,"Estimated probability 4.9218750e-1 with bounds [4.9218750e-1 4.9218750e-1] (epsilon 0) found in 2 seconds ",
198,:,1737447945.000,3.000,0,106,0,0,"schlandals --timeout 1500 -i /data/schlandals/pwmc_benchmarks/instances/bayesian_networks/pcnf/pigs/198.cnf | tr '\n' ' '",/data/schlandals/pwmc_benchmarks/instances/bayesian_networks/pcnf/pigs/198.cnf,"Estimated probability 2.5390625e-1 with bounds [2.5390625e-1 2.5390625e-1] (epsilon 0) found in 2 seconds ",
323,:,1737447945.000,3.000,0,106,0,0,"schlandals --timeout 1500 -i /data/schlandals/pwmc_benchmarks/instances/bayesian_networks/pcnf/pigs/323.cnf | tr '\n' ' '",/data/schlandals/pwmc_benchmarks/instances/bayesian_networks/pcnf/pigs/323.cnf,"Estimated probability 5.0000000e-1 with bounds [5.0000000e-1 5.0000000e-1] (epsilon 0) found in 2 seconds ",
120,:,1737447944.000,4.000,0,106,0,0,"schlandals --timeout 1500 -i /data/schlandals/pwmc_benchmarks/instances/bayesian_networks/pcnf/pigs/120.cnf | tr '\n' ' '",/data/schlandals/pwmc_benchmarks/instances/bayesian_networks/pcnf/pigs/120.cnf,"Estimated probability 2.6953125e-1 with bounds [2.6953125e-1 2.6953125e-1] (epsilon 0) found in 3 seconds ",
196,:,1737447945.000,3.000,0,106,0,0,"schlandals --timeout 1500 -i /data/schlandals/pwmc_benchmarks/instances/bayesian_networks/pcnf/pigs/196.cnf | tr '\n' ' '",/data/schlandals/pwmc_benchmarks/instances/bayesian_networks/pcnf/pigs/196.cnf,"Estimated probability 2.5390625e-1 with bounds [2.5390625e-1 2.5390625e-1] (epsilon 0) found in 3 seconds ",
324,:,1737447945.000,3.000,0,106,0,0,"schlandals --timeout 1500 -i /data/schlandals/pwmc_benchmarks/instances/bayesian_networks/pcnf/pigs/324.cnf | tr '\n' ' '",/data/schlandals/pwmc_benchmarks/instances/bayesian_networks/pcnf/pigs/324.cnf,"Estimated probability 2.5000000e-1 with bounds [2.5000000e-1 2.5000000e-1] (epsilon 0) found in 2 seconds ",
118,:,1737447944.000,4.000,0,106,0,0,"schlandals --timeout 1500 -i /data/schlandals/pwmc_benchmarks/instances/bayesian_networks/pcnf/pigs/118.cnf | tr '\n' ' '",/data/schlandals/pwmc_benchmarks/instances/bayesian_networks/pcnf/pigs/118.cnf,"Estimated probability 2.6953125e-1 with bounds [2.6953125e-1 2.6953125e-1] (epsilon 0) found in 3 seconds ",
239,:,1737447945.000,3.000,0,106,0,0,"schlandals --timeout 1500 -i /data/schlandals/pwmc_benchmarks/instances/bayesian_networks/pcnf/pigs/239.cnf | tr '\n' ' '",/data/schlandals/pwmc_benchmarks/instances/bayesian_networks/pcnf/pigs/239.cnf,"Estimated probability 4.8437500e-1 with bounds [4.8437500e-1 4.8437500e-1] (epsilon 0) found in 3 seconds ",
119,:,1737447944.000,4.000,0,106,0,0,"schlandals --timeout 1500 -i /data/schlandals/pwmc_benchmarks/instances/bayesian_networks/pcnf/pigs/119.cnf | tr '\n' ' '",/data/schlandals/pwmc_benchmarks/instances/bayesian_networks/pcnf/pigs/119.cnf,"Estimated probability 4.6093750e-1 with bounds [4.6093750e-1 4.6093750e-1] (epsilon 0) found in 3 seconds ",
322,:,1737447945.000,3.000,0,106,0,0,"schlandals --timeout 1500 -i /data/schlandals/pwmc_benchmarks/instances/bayesian_networks/pcnf/pigs/322.cnf | tr '\n' ' '",/data/schlandals/pwmc_benchmarks/instances/bayesian_networks/pcnf/pigs/322.cnf,"Estimated probability 2.5000000e-1 with bounds [2.5000000e-1 2.5000000e-1] (epsilon 0) found in 2 seconds ",
240,:,1737447945.000,3.000,0,106,0,0,"schlandals --timeout 1500 -i /data/schlandals/pwmc_benchmarks/instances/bayesian_networks/pcnf/pigs/240.cnf | tr '\n' ' '",/data/schlandals/pwmc_benchmarks/instances/bayesian_networks/pcnf/pigs/240.cnf,"Estimated probability 2.5781250e-1 with bounds [2.5781250e-1 2.5781250e-1] (epsilon 0) found in 3 seconds ",
243,:,1737447945.000,3.000,0,106,0,0,"schlandals --timeout 1500 -i /data/schlandals/pwmc_benchmarks/instances/bayesian_networks/pcnf/pigs/243.cnf | tr '\n' ' '",/data/schlandals/pwmc_benchmarks/instances/bayesian_networks/pcnf/pigs/243.cnf,"Estimated probability 2.5781250e-1 with bounds [2.5781250e-1 2.5781250e-1] (epsilon 0) found in 3 seconds ",
242,:,1737447945.000,3.000,0,106,0,0,"schlandals --timeout 1500 -i /data/schlandals/pwmc_benchmarks/instances/bayesian_networks/pcnf/pigs/242.cnf | tr '\n' ' '",/data/schlandals/pwmc_benchmarks/instances/bayesian_networks/pcnf/pigs/242.cnf,"Estimated probability 4.8437500e-1 with bounds [4.8437500e-1 4.8437500e-1] (epsilon 0) found in 3 seconds ",
241,:,1737447945.000,3.000,0,106,0,0,"schlandals --timeout 1500 -i /data/schlandals/pwmc_benchmarks/instances/bayesian_networks/pcnf/pigs/241.cnf | tr '\n' ' '",/data/schlandals/pwmc_benchmarks/instances/bayesian_networks/pcnf/pigs/241.cnf,"Estimated probability 2.5781250e-1 with bounds [2.5781250e-1 2.5781250e-1] (epsilon 0) found in 3 seconds ",
238,:,1737447945.000,3.000,0,106,0,0,"schlandals --timeout 1500 -i /data/schlandals/pwmc_benchmarks/instances/bayesian_networks/pcnf/pigs/238.cnf | tr '\n' ' '",/data/schlandals/pwmc_benchmarks/instances/bayesian_networks/pcnf/pigs/238.cnf,"Estimated probability 2.5781250e-1 with bounds [2.5781250e-1 2.5781250e-1] (epsilon 0) found in 3 seconds ",
362,:,1737447945.000,4.000,0,106,0,0,"schlandals --timeout 1500 -i /data/schlandals/pwmc_benchmarks/instances/bayesian_networks/pcnf/pigs/362.cnf | tr '\n' ' '",/data/schlandals/pwmc_benchmarks/instances/bayesian_networks/pcnf/pigs/362.cnf,"Estimated probability 4.6093750e-1 with bounds [4.6093750e-1 4.6093750e-1] (epsilon 0) found in 3 seconds ",
361,:,1737447945.000,4.000,0,106,0,0,"schlandals --timeout 1500 -i /data/schlandals/pwmc_benchmarks/instances/bayesian_networks/pcnf/pigs/361.cnf | tr '\n' ' '",/data/schlandals/pwmc_benchmarks/instances/bayesian_networks/pcnf/pigs/361.cnf,"Estimated probability 2.6953125e-1 with bounds [2.6953125e-1 2.6953125e-1] (epsilon 0) found in 3 seconds ",
363,:,1737447945.000,4.000,0,106,0,0,"schlandals --timeout 1500 -i /data/schlandals/pwmc_benchmarks/instances/bayesian_networks/pcnf/pigs/363.cnf | tr '\n' ' '",/data/schlandals/pwmc_benchmarks/instances/bayesian_networks/pcnf/pigs/363.cnf,"Estimated probability 2.6953125e-1 with bounds [2.6953125e-1 2.6953125e-1] (epsilon 0) found in 3 seconds ",
227,:,1737447945.000,6.000,0,106,0,0,"schlandals --timeout 1500 -i /data/schlandals/pwmc_benchmarks/instances/bayesian_networks/pcnf/pigs/227.cnf | tr '\n' ' '",/data/schlandals/pwmc_benchmarks/instances/bayesian_networks/pcnf/pigs/227.cnf,"Estimated probability 5.0000000e-1 with bounds [5.0000000e-1 5.0000000e-1] (epsilon 0) found in 5 seconds ",
226,:,1737447945.000,6.000,0,106,0,0,"schlandals --timeout 1500 -i /data/schlandals/pwmc_benchmarks/instances/bayesian_networks/pcnf/pigs/226.cnf | tr '\n' ' '",/data/schlandals/pwmc_benchmarks/instances/bayesian_networks/pcnf/pigs/226.cnf,"Estimated probability 2.5000000e-1 with bounds [2.5000000e-1 2.5000000e-1] (epsilon 0) found in 5 seconds ",
228,:,1737447945.000,6.000,0,106,0,0,"schlandals --timeout 1500 -i /data/schlandals/pwmc_benchmarks/instances/bayesian_networks/pcnf/pigs/228.cnf | tr '\n' ' '",/data/schlandals/pwmc_benchmarks/instances/bayesian_networks/pcnf/pigs/228.cnf,"Estimated probability 2.5000000e-1 with bounds [2.5000000e-1 2.5000000e-1] (epsilon 0) found in 5 seconds ",
169,:,1737447945.000,9.000,0,106,0,0,"schlandals --timeout 1500 -i /data/schlandals/pwmc_benchmarks/instances/bayesian_networks/pcnf/pigs/169.cnf | tr '\n' ' '",/data/schlandals/pwmc_benchmarks/instances/bayesian_networks/pcnf/pigs/169.cnf,"Estimated probability 2.5976562e-1 with bounds [2.5976562e-1 2.5976562e-1] (epsilon 0) found in 9 seconds ",
171,:,1737447945.000,10.000,0,106,0,0,"schlandals --timeout 1500 -i /data/schlandals/pwmc_benchmarks/instances/bayesian_networks/pcnf/pigs/171.cnf | tr '\n' ' '",/data/schlandals/pwmc_benchmarks/instances/bayesian_networks/pcnf/pigs/171.cnf,"Estimated probability 2.5976562e-1 with bounds [2.5976562e-1 2.5976562e-1] (epsilon 0) found in 9 seconds ",
170,:,1737447945.000,10.000,0,107,0,0,"schlandals --timeout 1500 -i /data/schlandals/pwmc_benchmarks/instances/bayesian_networks/pcnf/pigs/170.cnf | tr '\n' ' '",/data/schlandals/pwmc_benchmarks/instances/bayesian_networks/pcnf/pigs/170.cnf,"Estimated probability 4.8046875e-1 with bounds [4.8046875e-1 4.8046875e-1] (epsilon 0) found in 10 seconds ",
338,:,1737447945.000,22.000,0,107,0,0,"schlandals --timeout 1500 -i /data/schlandals/pwmc_benchmarks/instances/bayesian_networks/pcnf/pigs/338.cnf | tr '\n' ' '",/data/schlandals/pwmc_benchmarks/instances/bayesian_networks/pcnf/pigs/338.cnf,"Estimated probability 4.9218750e-1 with bounds [4.9218750e-1 4.9218750e-1] (epsilon 0) found in 21 seconds ",
359,:,1737447945.000,23.000,0,107,0,0,"schlandals --timeout 1500 -i /data/schlandals/pwmc_benchmarks/instances/bayesian_networks/pcnf/pigs/359.cnf | tr '\n' ' '",/data/schlandals/pwmc_benchmarks/instances/bayesian_networks/pcnf/pigs/359.cnf,"Estimated probability 4.9218750e-1 with bounds [4.9218750e-1 4.9218750e-1] (epsilon 0) found in 21 seconds ",
360,:,1737447945.000,23.000,0,107,0,0,"schlandals --timeout 1500 -i /data/schlandals/pwmc_benchmarks/instances/bayesian_networks/pcnf/pigs/360.cnf | tr '\n' ' '",/data/schlandals/pwmc_benchmarks/instances/bayesian_networks/pcnf/pigs/360.cnf,"Estimated probability 2.5390625e-1 with bounds [2.5390625e-1 2.5390625e-1] (epsilon 0) found in 22 seconds ",
339,:,1737447945.000,23.000,0,107,0,0,"schlandals --timeout 1500 -i /data/schlandals/pwmc_benchmarks/instances/bayesian_networks/pcnf/pigs/339.cnf | tr '\n' ' '",/data/schlandals/pwmc_benchmarks/instances/bayesian_networks/pcnf/pigs/339.cnf,"Estimated probability 2.5390625e-1 with bounds [2.5390625e-1 2.5390625e-1] (epsilon 0) found in 22 seconds ",
337,:,1737447945.000,24.000,0,107,0,0,"schlandals --timeout 1500 -i /data/schlandals/pwmc_benchmarks/instances/bayesian_networks/pcnf/pigs/337.cnf | tr '\n' ' '",/data/schlandals/pwmc_benchmarks/instances/bayesian_networks/pcnf/pigs/337.cnf,"Estimated probability 2.5390625e-1 with bounds [2.5390625e-1 2.5390625e-1] (epsilon 0) found in 22 seconds ",
358,:,1737447945.000,24.000,0,107,0,0,"schlandals --timeout 1500 -i /data/schlandals/pwmc_benchmarks/instances/bayesian_networks/pcnf/pigs/358.cnf | tr '\n' ' '",/data/schlandals/pwmc_benchmarks/instances/bayesian_networks/pcnf/pigs/358.cnf,"Estimated probability 2.5390625e-1 with bounds [2.5390625e-1 2.5390625e-1] (epsilon 0) found in 23 seconds ",
116,:,1737447944.000,206.000,0,108,0,0,"schlandals --timeout 1500 -i /data/schlandals/pwmc_benchmarks/instances/bayesian_networks/pcnf/pigs/116.cnf | tr '\n' ' '",/data/schlandals/pwmc_benchmarks/instances/bayesian_networks/pcnf/pigs/116.cnf,"Estimated probability 5.0000000e-1 with bounds [5.0000000e-1 5.0000000e-1] (epsilon 0) found in 202 seconds ",
117,:,1737447944.000,230.000,0,108,0,0,"schlandals --timeout 1500 -i /data/schlandals/pwmc_benchmarks/instances/bayesian_networks/pcnf/pigs/117.cnf | tr '\n' ' '",/data/schlandals/pwmc_benchmarks/instances/bayesian_networks/pcnf/pigs/117.cnf,"Estimated probability 2.5000000e-1 with bounds [2.5000000e-1 2.5000000e-1] (epsilon 0) found in 226 seconds ",
115,:,1737447944.000,236.000,0,108,0,0,"schlandals --timeout 1500 -i /data/schlandals/pwmc_benchmarks/instances/bayesian_networks/pcnf/pigs/115.cnf | tr '\n' ' '",/data/schlandals/pwmc_benchmarks/instances/bayesian_networks/pcnf/pigs/115.cnf,"Estimated probability 2.5000000e-1 with bounds [2.5000000e-1 2.5000000e-1] (epsilon 0) found in 231 seconds ",
