Seq,Host,Starttime,JobRuntime,Send,Receive,Exitval,Signal,Command,V1,Stdout,Stderr
1,:,1737463787.000,0.000,0,182,0,0,"schlandals --timeout 1500 -i /data/schlandals/pwmc_benchmarks/instances/bayesian_networks/pcnf/pigs/1.cnf compile | tr '\n' ' '",/data/schlandals/pwmc_benchmarks/instances/bayesian_networks/pcnf/pigs/1.cnf,"lower 2.50000000000000000000000000000000000e-1 upper 7.50000000000000000000000000000000000e-1 Final circuit size: 108 Estimated probability 0.25000000 (epsilon 0) found in 0 seconds ",
2,:,1737463787.000,0.000,0,182,0,0,"schlandals --timeout 1500 -i /data/schlandals/pwmc_benchmarks/instances/bayesian_networks/pcnf/pigs/2.cnf compile | tr '\n' ' '",/data/schlandals/pwmc_benchmarks/instances/bayesian_networks/pcnf/pigs/2.cnf,"lower 5.00000000000000000000000000000000000e-1 upper 5.00000000000000000000000000000000000e-1 Final circuit size: 162 Estimated probability 0.50000000 (epsilon 0) found in 0 seconds ",
3,:,1737463787.000,0.000,0,182,0,0,"schlandals --timeout 1500 -i /data/schlandals/pwmc_benchmarks/instances/bayesian_networks/pcnf/pigs/3.cnf compile | tr '\n' ' '",/data/schlandals/pwmc_benchmarks/instances/bayesian_networks/pcnf/pigs/3.cnf,"lower 2.50000000000000000000000000000000000e-1 upper 7.50000000000000000000000000000000000e-1 Final circuit size: 108 Estimated probability 0.25000000 (epsilon 0) found in 0 seconds ",
4,:,1737463787.000,0.000,0,181,0,0,"schlandals --timeout 1500 -i /data/schlandals/pwmc_benchmarks/instances/bayesian_networks/pcnf/pigs/4.cnf compile | tr '\n' ' '",/data/schlandals/pwmc_benchmarks/instances/bayesian_networks/pcnf/pigs/4.cnf,"lower 2.50000000000000000000000000000000000e-1 upper 7.50000000000000000000000000000000000e-1 Final circuit size: 22 Estimated probability 0.25000000 (epsilon 0) found in 0 seconds ",
5,:,1737463787.000,0.000,0,181,0,0,"schlandals --timeout 1500 -i /data/schlandals/pwmc_benchmarks/instances/bayesian_networks/pcnf/pigs/5.cnf compile | tr '\n' ' '",/data/schlandals/pwmc_benchmarks/instances/bayesian_networks/pcnf/pigs/5.cnf,"lower 5.00000000000000000000000000000000000e-1 upper 5.00000000000000000000000000000000000e-1 Final circuit size: 34 Estimated probability 0.50000000 (epsilon 0) found in 0 seconds ",
6,:,1737463787.000,0.000,0,181,0,0,"schlandals --timeout 1500 -i /data/schlandals/pwmc_benchmarks/instances/bayesian_networks/pcnf/pigs/6.cnf compile | tr '\n' ' '",/data/schlandals/pwmc_benchmarks/instances/bayesian_networks/pcnf/pigs/6.cnf,"lower 2.50000000000000000000000000000000000e-1 upper 7.50000000000000000000000000000000000e-1 Final circuit size: 22 Estimated probability 0.25000000 (epsilon 0) found in 0 seconds ",
7,:,1737463787.000,0.000,0,181,0,0,"schlandals --timeout 1500 -i /data/schlandals/pwmc_benchmarks/instances/bayesian_networks/pcnf/pigs/7.cnf compile | tr '\n' ' '",/data/schlandals/pwmc_benchmarks/instances/bayesian_networks/pcnf/pigs/7.cnf,"lower 2.50000000000000000000000000000000000e-1 upper 7.50000000000000000000000000000000000e-1 Final circuit size: 22 Estimated probability 0.25000000 (epsilon 0) found in 0 seconds ",
8,:,1737463787.000,0.000,0,181,0,0,"schlandals --timeout 1500 -i /data/schlandals/pwmc_benchmarks/instances/bayesian_networks/pcnf/pigs/8.cnf compile | tr '\n' ' '",/data/schlandals/pwmc_benchmarks/instances/bayesian_networks/pcnf/pigs/8.cnf,"lower 5.00000000000000000000000000000000000e-1 upper 5.00000000000000000000000000000000000e-1 Final circuit size: 34 Estimated probability 0.50000000 (epsilon 0) found in 0 seconds ",
9,:,1737463787.000,0.000,0,181,0,0,"schlandals --timeout 1500 -i /data/schlandals/pwmc_benchmarks/instances/bayesian_networks/pcnf/pigs/9.cnf compile | tr '\n' ' '",/data/schlandals/pwmc_benchmarks/instances/bayesian_networks/pcnf/pigs/9.cnf,"lower 2.50000000000000000000000000000000000e-1 upper 7.50000000000000000000000000000000000e-1 Final circuit size: 22 Estimated probability 0.25000000 (epsilon 0) found in 0 seconds ",
10,:,1737463787.000,0.000,0,183,0,0,"schlandals --timeout 1500 -i /data/schlandals/pwmc_benchmarks/instances/bayesian_networks/pcnf/pigs/10.cnf compile | tr '\n' ' '",/data/schlandals/pwmc_benchmarks/instances/bayesian_networks/pcnf/pigs/10.cnf,"lower 2.50000000000000000000000000000000000e-1 upper 7.50000000000000000000000000000000000e-1 Final circuit size: 4102 Estimated probability 0.25000000 (epsilon 0) found in 0 seconds ",
11,:,1737463787.000,0.000,0,183,0,0,"schlandals --timeout 1500 -i /data/schlandals/pwmc_benchmarks/instances/bayesian_networks/pcnf/pigs/11.cnf compile | tr '\n' ' '",/data/schlandals/pwmc_benchmarks/instances/bayesian_networks/pcnf/pigs/11.cnf,"lower 5.00000000000000000000000000000000000e-1 upper 5.00000000000000000000000000000000000e-1 Final circuit size: 5115 Estimated probability 0.50000000 (epsilon 0) found in 0 seconds ",
12,:,1737463787.000,0.000,0,183,0,0,"schlandals --timeout 1500 -i /data/schlandals/pwmc_benchmarks/instances/bayesian_networks/pcnf/pigs/12.cnf compile | tr '\n' ' '",/data/schlandals/pwmc_benchmarks/instances/bayesian_networks/pcnf/pigs/12.cnf,"lower 2.50000000000000000000000000000000000e-1 upper 7.50000000000000000000000000000000000e-1 Final circuit size: 4128 Estimated probability 0.25000000 (epsilon 0) found in 0 seconds ",
13,:,1737463787.000,0.000,0,183,0,0,"schlandals --timeout 1500 -i /data/schlandals/pwmc_benchmarks/instances/bayesian_networks/pcnf/pigs/13.cnf compile | tr '\n' ' '",/data/schlandals/pwmc_benchmarks/instances/bayesian_networks/pcnf/pigs/13.cnf,"lower 2.50000000000000000000000000000000000e-1 upper 7.50000000000000000000000000000000000e-1 Final circuit size: 4128 Estimated probability 0.25000000 (epsilon 0) found in 0 seconds ",
22,:,1737463787.000,0.000,0,183,0,0,"schlandals --timeout 1500 -i /data/schlandals/pwmc_benchmarks/instances/bayesian_networks/pcnf/pigs/22.cnf compile | tr '\n' ' '",/data/schlandals/pwmc_benchmarks/instances/bayesian_networks/pcnf/pigs/22.cnf,"lower 2.50000000000000000000000000000000000e-1 upper 7.50000000000000000000000000000000000e-1 Final circuit size: 1243 Estimated probability 0.25000000 (epsilon 0) found in 0 seconds ",
14,:,1737463787.000,0.000,0,183,0,0,"schlandals --timeout 1500 -i /data/schlandals/pwmc_benchmarks/instances/bayesian_networks/pcnf/pigs/14.cnf compile | tr '\n' ' '",/data/schlandals/pwmc_benchmarks/instances/bayesian_networks/pcnf/pigs/14.cnf,"lower 5.00000000000000000000000000000000000e-1 upper 5.00000000000000000000000000000000000e-1 Final circuit size: 5111 Estimated probability 0.50000000 (epsilon 0) found in 0 seconds ",
15,:,1737463787.000,0.000,0,183,0,0,"schlandals --timeout 1500 -i /data/schlandals/pwmc_benchmarks/instances/bayesian_networks/pcnf/pigs/15.cnf compile | tr '\n' ' '",/data/schlandals/pwmc_benchmarks/instances/bayesian_networks/pcnf/pigs/15.cnf,"lower 2.50000000000000000000000000000000000e-1 upper 7.50000000000000000000000000000000000e-1 Final circuit size: 4092 Estimated probability 0.25000000 (epsilon 0) found in 0 seconds ",
16,:,1737463787.000,0.000,0,183,0,0,"schlandals --timeout 1500 -i /data/schlandals/pwmc_benchmarks/instances/bayesian_networks/pcnf/pigs/16.cnf compile | tr '\n' ' '",/data/schlandals/pwmc_benchmarks/instances/bayesian_networks/pcnf/pigs/16.cnf,"lower 2.50000000000000000000000000000000000e-1 upper 7.50000000000000000000000000000000000e-1 Final circuit size: 4062 Estimated probability 0.25000000 (epsilon 0) found in 0 seconds ",
17,:,1737463787.000,0.000,0,183,0,0,"schlandals --timeout 1500 -i /data/schlandals/pwmc_benchmarks/instances/bayesian_networks/pcnf/pigs/17.cnf compile | tr '\n' ' '",/data/schlandals/pwmc_benchmarks/instances/bayesian_networks/pcnf/pigs/17.cnf,"lower 5.00000000000000000000000000000000000e-1 upper 5.00000000000000000000000000000000000e-1 Final circuit size: 5115 Estimated probability 0.50000000 (epsilon 0) found in 0 seconds ",
23,:,1737463787.000,0.000,0,183,0,0,"schlandals --timeout 1500 -i /data/schlandals/pwmc_benchmarks/instances/bayesian_networks/pcnf/pigs/23.cnf compile | tr '\n' ' '",/data/schlandals/pwmc_benchmarks/instances/bayesian_networks/pcnf/pigs/23.cnf,"lower 5.00000000000000000000000000000000000e-1 upper 5.00000000000000000000000000000000000e-1 Final circuit size: 1858 Estimated probability 0.50000000 (epsilon 0) found in 0 seconds ",
18,:,1737463787.000,0.000,0,183,0,0,"schlandals --timeout 1500 -i /data/schlandals/pwmc_benchmarks/instances/bayesian_networks/pcnf/pigs/18.cnf compile | tr '\n' ' '",/data/schlandals/pwmc_benchmarks/instances/bayesian_networks/pcnf/pigs/18.cnf,"lower 2.50000000000000000000000000000000000e-1 upper 7.50000000000000000000000000000000000e-1 Final circuit size: 4118 Estimated probability 0.25000000 (epsilon 0) found in 0 seconds ",
19,:,1737463787.000,0.000,0,183,0,0,"schlandals --timeout 1500 -i /data/schlandals/pwmc_benchmarks/instances/bayesian_networks/pcnf/pigs/19.cnf compile | tr '\n' ' '",/data/schlandals/pwmc_benchmarks/instances/bayesian_networks/pcnf/pigs/19.cnf,"lower 2.50000000000000000000000000000000000e-1 upper 7.50000000000000000000000000000000000e-1 Final circuit size: 4126 Estimated probability 0.25000000 (epsilon 0) found in 0 seconds ",
20,:,1737463787.000,0.000,0,183,0,0,"schlandals --timeout 1500 -i /data/schlandals/pwmc_benchmarks/instances/bayesian_networks/pcnf/pigs/20.cnf compile | tr '\n' ' '",/data/schlandals/pwmc_benchmarks/instances/bayesian_networks/pcnf/pigs/20.cnf,"lower 5.00000000000000000000000000000000000e-1 upper 5.00000000000000000000000000000000000e-1 Final circuit size: 5111 Estimated probability 0.50000000 (epsilon 0) found in 0 seconds ",
21,:,1737463787.000,0.000,0,183,0,0,"schlandals --timeout 1500 -i /data/schlandals/pwmc_benchmarks/instances/bayesian_networks/pcnf/pigs/21.cnf compile | tr '\n' ' '",/data/schlandals/pwmc_benchmarks/instances/bayesian_networks/pcnf/pigs/21.cnf,"lower 2.50000000000000000000000000000000000e-1 upper 7.50000000000000000000000000000000000e-1 Final circuit size: 4086 Estimated probability 0.25000000 (epsilon 0) found in 0 seconds ",
24,:,1737463787.000,0.000,0,183,0,0,"schlandals --timeout 1500 -i /data/schlandals/pwmc_benchmarks/instances/bayesian_networks/pcnf/pigs/24.cnf compile | tr '\n' ' '",/data/schlandals/pwmc_benchmarks/instances/bayesian_networks/pcnf/pigs/24.cnf,"lower 2.50000000000000000000000000000000000e-1 upper 7.50000000000000000000000000000000000e-1 Final circuit size: 1243 Estimated probability 0.25000000 (epsilon 0) found in 0 seconds ",
25,:,1737463787.000,0.000,0,183,0,0,"schlandals --timeout 1500 -i /data/schlandals/pwmc_benchmarks/instances/bayesian_networks/pcnf/pigs/25.cnf compile | tr '\n' ' '",/data/schlandals/pwmc_benchmarks/instances/bayesian_networks/pcnf/pigs/25.cnf,"lower 2.50000000000000000000000000000000000e-1 upper 7.50000000000000000000000000000000000e-1 Final circuit size: 1243 Estimated probability 0.25000000 (epsilon 0) found in 0 seconds ",
26,:,1737463787.000,0.000,0,183,0,0,"schlandals --timeout 1500 -i /data/schlandals/pwmc_benchmarks/instances/bayesian_networks/pcnf/pigs/26.cnf compile | tr '\n' ' '",/data/schlandals/pwmc_benchmarks/instances/bayesian_networks/pcnf/pigs/26.cnf,"lower 5.00000000000000000000000000000000000e-1 upper 5.00000000000000000000000000000000000e-1 Final circuit size: 1858 Estimated probability 0.50000000 (epsilon 0) found in 0 seconds ",
27,:,1737463787.000,0.000,0,183,0,0,"schlandals --timeout 1500 -i /data/schlandals/pwmc_benchmarks/instances/bayesian_networks/pcnf/pigs/27.cnf compile | tr '\n' ' '",/data/schlandals/pwmc_benchmarks/instances/bayesian_networks/pcnf/pigs/27.cnf,"lower 2.50000000000000000000000000000000000e-1 upper 7.50000000000000000000000000000000000e-1 Final circuit size: 1243 Estimated probability 0.25000000 (epsilon 0) found in 0 seconds ",
28,:,1737463787.000,0.000,0,183,0,0,"schlandals --timeout 1500 -i /data/schlandals/pwmc_benchmarks/instances/bayesian_networks/pcnf/pigs/28.cnf compile | tr '\n' ' '",/data/schlandals/pwmc_benchmarks/instances/bayesian_networks/pcnf/pigs/28.cnf,"lower 2.50000000000000000000000000000000000e-1 upper 7.50000000000000000000000000000000000e-1 Final circuit size: 1240 Estimated probability 0.25000000 (epsilon 0) found in 0 seconds ",
29,:,1737463787.000,0.000,0,183,0,0,"schlandals --timeout 1500 -i /data/schlandals/pwmc_benchmarks/instances/bayesian_networks/pcnf/pigs/29.cnf compile | tr '\n' ' '",/data/schlandals/pwmc_benchmarks/instances/bayesian_networks/pcnf/pigs/29.cnf,"lower 5.00000000000000000000000000000000000e-1 upper 5.00000000000000000000000000000000000e-1 Final circuit size: 1858 Estimated probability 0.50000000 (epsilon 0) found in 0 seconds ",
30,:,1737463787.000,0.000,0,183,0,0,"schlandals --timeout 1500 -i /data/schlandals/pwmc_benchmarks/instances/bayesian_networks/pcnf/pigs/30.cnf compile | tr '\n' ' '",/data/schlandals/pwmc_benchmarks/instances/bayesian_networks/pcnf/pigs/30.cnf,"lower 2.50000000000000000000000000000000000e-1 upper 7.50000000000000000000000000000000000e-1 Final circuit size: 1240 Estimated probability 0.25000000 (epsilon 0) found in 0 seconds ",
31,:,1737463787.000,0.000,0,182,0,0,"schlandals --timeout 1500 -i /data/schlandals/pwmc_benchmarks/instances/bayesian_networks/pcnf/pigs/31.cnf compile | tr '\n' ' '",/data/schlandals/pwmc_benchmarks/instances/bayesian_networks/pcnf/pigs/31.cnf,"lower 2.50000000000000000000000000000000000e-1 upper 7.50000000000000000000000000000000000e-1 Final circuit size: 386 Estimated probability 0.25000000 (epsilon 0) found in 0 seconds ",
32,:,1737463787.000,0.000,0,182,0,0,"schlandals --timeout 1500 -i /data/schlandals/pwmc_benchmarks/instances/bayesian_networks/pcnf/pigs/32.cnf compile | tr '\n' ' '",/data/schlandals/pwmc_benchmarks/instances/bayesian_networks/pcnf/pigs/32.cnf,"lower 5.00000000000000000000000000000000000e-1 upper 5.00000000000000000000000000000000000e-1 Final circuit size: 578 Estimated probability 0.50000000 (epsilon 0) found in 0 seconds ",
33,:,1737463787.000,0.000,0,182,0,0,"schlandals --timeout 1500 -i /data/schlandals/pwmc_benchmarks/instances/bayesian_networks/pcnf/pigs/33.cnf compile | tr '\n' ' '",/data/schlandals/pwmc_benchmarks/instances/bayesian_networks/pcnf/pigs/33.cnf,"lower 2.50000000000000000000000000000000000e-1 upper 7.50000000000000000000000000000000000e-1 Final circuit size: 386 Estimated probability 0.25000000 (epsilon 0) found in 0 seconds ",
34,:,1737463787.000,0.000,0,181,0,0,"schlandals --timeout 1500 -i /data/schlandals/pwmc_benchmarks/instances/bayesian_networks/pcnf/pigs/34.cnf compile | tr '\n' ' '",/data/schlandals/pwmc_benchmarks/instances/bayesian_networks/pcnf/pigs/34.cnf,"lower 2.50000000000000000000000000000000000e-1 upper 7.50000000000000000000000000000000000e-1 Final circuit size: 22 Estimated probability 0.25000000 (epsilon 0) found in 0 seconds ",
35,:,1737463787.000,0.000,0,181,0,0,"schlandals --timeout 1500 -i /data/schlandals/pwmc_benchmarks/instances/bayesian_networks/pcnf/pigs/35.cnf compile | tr '\n' ' '",/data/schlandals/pwmc_benchmarks/instances/bayesian_networks/pcnf/pigs/35.cnf,"lower 5.00000000000000000000000000000000000e-1 upper 5.00000000000000000000000000000000000e-1 Final circuit size: 34 Estimated probability 0.50000000 (epsilon 0) found in 0 seconds ",
36,:,1737463787.000,0.000,0,181,0,0,"schlandals --timeout 1500 -i /data/schlandals/pwmc_benchmarks/instances/bayesian_networks/pcnf/pigs/36.cnf compile | tr '\n' ' '",/data/schlandals/pwmc_benchmarks/instances/bayesian_networks/pcnf/pigs/36.cnf,"lower 2.50000000000000000000000000000000000e-1 upper 7.50000000000000000000000000000000000e-1 Final circuit size: 22 Estimated probability 0.25000000 (epsilon 0) found in 0 seconds ",
37,:,1737463787.000,0.000,0,181,0,0,"schlandals --timeout 1500 -i /data/schlandals/pwmc_benchmarks/instances/bayesian_networks/pcnf/pigs/37.cnf compile | tr '\n' ' '",/data/schlandals/pwmc_benchmarks/instances/bayesian_networks/pcnf/pigs/37.cnf,"lower 2.50000000000000000000000000000000000e-1 upper 7.50000000000000000000000000000000000e-1 Final circuit size: 22 Estimated probability 0.25000000 (epsilon 0) found in 0 seconds ",
38,:,1737463787.000,0.000,0,181,0,0,"schlandals --timeout 1500 -i /data/schlandals/pwmc_benchmarks/instances/bayesian_networks/pcnf/pigs/38.cnf compile | tr '\n' ' '",/data/schlandals/pwmc_benchmarks/instances/bayesian_networks/pcnf/pigs/38.cnf,"lower 5.00000000000000000000000000000000000e-1 upper 5.00000000000000000000000000000000000e-1 Final circuit size: 34 Estimated probability 0.50000000 (epsilon 0) found in 0 seconds ",
39,:,1737463787.000,0.000,0,181,0,0,"schlandals --timeout 1500 -i /data/schlandals/pwmc_benchmarks/instances/bayesian_networks/pcnf/pigs/39.cnf compile | tr '\n' ' '",/data/schlandals/pwmc_benchmarks/instances/bayesian_networks/pcnf/pigs/39.cnf,"lower 2.50000000000000000000000000000000000e-1 upper 7.50000000000000000000000000000000000e-1 Final circuit size: 22 Estimated probability 0.25000000 (epsilon 0) found in 0 seconds ",
40,:,1737463787.000,0.000,0,182,0,0,"schlandals --timeout 1500 -i /data/schlandals/pwmc_benchmarks/instances/bayesian_networks/pcnf/pigs/40.cnf compile | tr '\n' ' '",/data/schlandals/pwmc_benchmarks/instances/bayesian_networks/pcnf/pigs/40.cnf,"lower 2.50000000000000000000000000000000000e-1 upper 7.50000000000000000000000000000000000e-1 Final circuit size: 108 Estimated probability 0.25000000 (epsilon 0) found in 0 seconds ",
41,:,1737463787.000,0.000,0,182,0,0,"schlandals --timeout 1500 -i /data/schlandals/pwmc_benchmarks/instances/bayesian_networks/pcnf/pigs/41.cnf compile | tr '\n' ' '",/data/schlandals/pwmc_benchmarks/instances/bayesian_networks/pcnf/pigs/41.cnf,"lower 5.00000000000000000000000000000000000e-1 upper 5.00000000000000000000000000000000000e-1 Final circuit size: 162 Estimated probability 0.50000000 (epsilon 0) found in 0 seconds ",
42,:,1737463787.000,0.000,0,182,0,0,"schlandals --timeout 1500 -i /data/schlandals/pwmc_benchmarks/instances/bayesian_networks/pcnf/pigs/42.cnf compile | tr '\n' ' '",/data/schlandals/pwmc_benchmarks/instances/bayesian_networks/pcnf/pigs/42.cnf,"lower 2.50000000000000000000000000000000000e-1 upper 7.50000000000000000000000000000000000e-1 Final circuit size: 108 Estimated probability 0.25000000 (epsilon 0) found in 0 seconds ",
70,:,1737463787.000,0.000,0,182,0,0,"schlandals --timeout 1500 -i /data/schlandals/pwmc_benchmarks/instances/bayesian_networks/pcnf/pigs/70.cnf compile | tr '\n' ' '",/data/schlandals/pwmc_benchmarks/instances/bayesian_networks/pcnf/pigs/70.cnf,"lower 2.50000000000000000000000000000000000e-1 upper 7.50000000000000000000000000000000000e-1 Final circuit size: 386 Estimated probability 0.25000000 (epsilon 0) found in 0 seconds ",
55,:,1737463787.000,0.000,0,183,0,0,"schlandals --timeout 1500 -i /data/schlandals/pwmc_benchmarks/instances/bayesian_networks/pcnf/pigs/55.cnf compile | tr '\n' ' '",/data/schlandals/pwmc_benchmarks/instances/bayesian_networks/pcnf/pigs/55.cnf,"lower 2.50000000000000000000000000000000000e-1 upper 7.50000000000000000000000000000000000e-1 Final circuit size: 3454 Estimated probability 0.25000000 (epsilon 0) found in 0 seconds ",
56,:,1737463787.000,0.000,0,183,0,0,"schlandals --timeout 1500 -i /data/schlandals/pwmc_benchmarks/instances/bayesian_networks/pcnf/pigs/56.cnf compile | tr '\n' ' '",/data/schlandals/pwmc_benchmarks/instances/bayesian_networks/pcnf/pigs/56.cnf,"lower 5.00000000000000000000000000000000000e-1 upper 5.00000000000000000000000000000000000e-1 Final circuit size: 5091 Estimated probability 0.50000000 (epsilon 0) found in 0 seconds ",
57,:,1737463787.000,0.000,0,183,0,0,"schlandals --timeout 1500 -i /data/schlandals/pwmc_benchmarks/instances/bayesian_networks/pcnf/pigs/57.cnf compile | tr '\n' ' '",/data/schlandals/pwmc_benchmarks/instances/bayesian_networks/pcnf/pigs/57.cnf,"lower 2.50000000000000000000000000000000000e-1 upper 7.50000000000000000000000000000000000e-1 Final circuit size: 3406 Estimated probability 0.25000000 (epsilon 0) found in 0 seconds ",
71,:,1737463787.000,0.000,0,182,0,0,"schlandals --timeout 1500 -i /data/schlandals/pwmc_benchmarks/instances/bayesian_networks/pcnf/pigs/71.cnf compile | tr '\n' ' '",/data/schlandals/pwmc_benchmarks/instances/bayesian_networks/pcnf/pigs/71.cnf,"lower 5.00000000000000000000000000000000000e-1 upper 5.00000000000000000000000000000000000e-1 Final circuit size: 578 Estimated probability 0.50000000 (epsilon 0) found in 0 seconds ",
72,:,1737463787.000,0.000,0,182,0,0,"schlandals --timeout 1500 -i /data/schlandals/pwmc_benchmarks/instances/bayesian_networks/pcnf/pigs/72.cnf compile | tr '\n' ' '",/data/schlandals/pwmc_benchmarks/instances/bayesian_networks/pcnf/pigs/72.cnf,"lower 2.50000000000000000000000000000000000e-1 upper 7.50000000000000000000000000000000000e-1 Final circuit size: 386 Estimated probability 0.25000000 (epsilon 0) found in 0 seconds ",
73,:,1737463787.000,0.000,0,182,0,0,"schlandals --timeout 1500 -i /data/schlandals/pwmc_benchmarks/instances/bayesian_networks/pcnf/pigs/73.cnf compile | tr '\n' ' '",/data/schlandals/pwmc_benchmarks/instances/bayesian_networks/pcnf/pigs/73.cnf,"lower 2.50000000000000000000000000000000000e-1 upper 7.50000000000000000000000000000000000e-1 Final circuit size: 386 Estimated probability 0.25000000 (epsilon 0) found in 0 seconds ",
74,:,1737463787.000,0.000,0,182,0,0,"schlandals --timeout 1500 -i /data/schlandals/pwmc_benchmarks/instances/bayesian_networks/pcnf/pigs/74.cnf compile | tr '\n' ' '",/data/schlandals/pwmc_benchmarks/instances/bayesian_networks/pcnf/pigs/74.cnf,"lower 5.00000000000000000000000000000000000e-1 upper 5.00000000000000000000000000000000000e-1 Final circuit size: 578 Estimated probability 0.50000000 (epsilon 0) found in 0 seconds ",
75,:,1737463787.000,0.000,0,182,0,0,"schlandals --timeout 1500 -i /data/schlandals/pwmc_benchmarks/instances/bayesian_networks/pcnf/pigs/75.cnf compile | tr '\n' ' '",/data/schlandals/pwmc_benchmarks/instances/bayesian_networks/pcnf/pigs/75.cnf,"lower 2.50000000000000000000000000000000000e-1 upper 7.50000000000000000000000000000000000e-1 Final circuit size: 386 Estimated probability 0.25000000 (epsilon 0) found in 0 seconds ",
76,:,1737463787.000,0.000,0,182,0,0,"schlandals --timeout 1500 -i /data/schlandals/pwmc_benchmarks/instances/bayesian_networks/pcnf/pigs/76.cnf compile | tr '\n' ' '",/data/schlandals/pwmc_benchmarks/instances/bayesian_networks/pcnf/pigs/76.cnf,"lower 2.50000000000000000000000000000000000e-1 upper 7.50000000000000000000000000000000000e-1 Final circuit size: 386 Estimated probability 0.25000000 (epsilon 0) found in 0 seconds ",
77,:,1737463787.000,0.000,0,182,0,0,"schlandals --timeout 1500 -i /data/schlandals/pwmc_benchmarks/instances/bayesian_networks/pcnf/pigs/77.cnf compile | tr '\n' ' '",/data/schlandals/pwmc_benchmarks/instances/bayesian_networks/pcnf/pigs/77.cnf,"lower 5.00000000000000000000000000000000000e-1 upper 5.00000000000000000000000000000000000e-1 Final circuit size: 578 Estimated probability 0.50000000 (epsilon 0) found in 0 seconds ",
78,:,1737463787.000,0.000,0,182,0,0,"schlandals --timeout 1500 -i /data/schlandals/pwmc_benchmarks/instances/bayesian_networks/pcnf/pigs/78.cnf compile | tr '\n' ' '",/data/schlandals/pwmc_benchmarks/instances/bayesian_networks/pcnf/pigs/78.cnf,"lower 2.50000000000000000000000000000000000e-1 upper 7.50000000000000000000000000000000000e-1 Final circuit size: 386 Estimated probability 0.25000000 (epsilon 0) found in 0 seconds ",
79,:,1737463787.000,0.000,0,181,0,0,"schlandals --timeout 1500 -i /data/schlandals/pwmc_benchmarks/instances/bayesian_networks/pcnf/pigs/79.cnf compile | tr '\n' ' '",/data/schlandals/pwmc_benchmarks/instances/bayesian_networks/pcnf/pigs/79.cnf,"lower 2.50000000000000000000000000000000000e-1 upper 7.50000000000000000000000000000000000e-1 Final circuit size: 22 Estimated probability 0.25000000 (epsilon 0) found in 0 seconds ",
67,:,1737463787.000,0.000,0,183,0,0,"schlandals --timeout 1500 -i /data/schlandals/pwmc_benchmarks/instances/bayesian_networks/pcnf/pigs/67.cnf compile | tr '\n' ' '",/data/schlandals/pwmc_benchmarks/instances/bayesian_networks/pcnf/pigs/67.cnf,"lower 2.50000000000000000000000000000000000e-1 upper 7.50000000000000000000000000000000000e-1 Final circuit size: 3333 Estimated probability 0.25000000 (epsilon 0) found in 0 seconds ",
69,:,1737463787.000,0.000,0,183,0,0,"schlandals --timeout 1500 -i /data/schlandals/pwmc_benchmarks/instances/bayesian_networks/pcnf/pigs/69.cnf compile | tr '\n' ' '",/data/schlandals/pwmc_benchmarks/instances/bayesian_networks/pcnf/pigs/69.cnf,"lower 2.50000000000000000000000000000000000e-1 upper 7.50000000000000000000000000000000000e-1 Final circuit size: 3362 Estimated probability 0.25000000 (epsilon 0) found in 0 seconds ",
68,:,1737463787.000,0.000,0,183,0,0,"schlandals --timeout 1500 -i /data/schlandals/pwmc_benchmarks/instances/bayesian_networks/pcnf/pigs/68.cnf compile | tr '\n' ' '",/data/schlandals/pwmc_benchmarks/instances/bayesian_networks/pcnf/pigs/68.cnf,"lower 5.00000000000000000000000000000000000e-1 upper 5.00000000000000000000000000000000000e-1 Final circuit size: 5069 Estimated probability 0.50000000 (epsilon 0) found in 0 seconds ",
80,:,1737463787.000,0.000,0,181,0,0,"schlandals --timeout 1500 -i /data/schlandals/pwmc_benchmarks/instances/bayesian_networks/pcnf/pigs/80.cnf compile | tr '\n' ' '",/data/schlandals/pwmc_benchmarks/instances/bayesian_networks/pcnf/pigs/80.cnf,"lower 5.00000000000000000000000000000000000e-1 upper 5.00000000000000000000000000000000000e-1 Final circuit size: 34 Estimated probability 0.50000000 (epsilon 0) found in 0 seconds ",
81,:,1737463787.000,0.000,0,181,0,0,"schlandals --timeout 1500 -i /data/schlandals/pwmc_benchmarks/instances/bayesian_networks/pcnf/pigs/81.cnf compile | tr '\n' ' '",/data/schlandals/pwmc_benchmarks/instances/bayesian_networks/pcnf/pigs/81.cnf,"lower 2.50000000000000000000000000000000000e-1 upper 7.50000000000000000000000000000000000e-1 Final circuit size: 22 Estimated probability 0.25000000 (epsilon 0) found in 0 seconds ",
82,:,1737463787.000,0.000,0,181,0,0,"schlandals --timeout 1500 -i /data/schlandals/pwmc_benchmarks/instances/bayesian_networks/pcnf/pigs/82.cnf compile | tr '\n' ' '",/data/schlandals/pwmc_benchmarks/instances/bayesian_networks/pcnf/pigs/82.cnf,"lower 2.50000000000000000000000000000000000e-1 upper 7.50000000000000000000000000000000000e-1 Final circuit size: 22 Estimated probability 0.25000000 (epsilon 0) found in 0 seconds ",
83,:,1737463787.000,0.000,0,181,0,0,"schlandals --timeout 1500 -i /data/schlandals/pwmc_benchmarks/instances/bayesian_networks/pcnf/pigs/83.cnf compile | tr '\n' ' '",/data/schlandals/pwmc_benchmarks/instances/bayesian_networks/pcnf/pigs/83.cnf,"lower 5.00000000000000000000000000000000000e-1 upper 5.00000000000000000000000000000000000e-1 Final circuit size: 34 Estimated probability 0.50000000 (epsilon 0) found in 0 seconds ",
84,:,1737463787.000,0.000,0,181,0,0,"schlandals --timeout 1500 -i /data/schlandals/pwmc_benchmarks/instances/bayesian_networks/pcnf/pigs/84.cnf compile | tr '\n' ' '",/data/schlandals/pwmc_benchmarks/instances/bayesian_networks/pcnf/pigs/84.cnf,"lower 2.50000000000000000000000000000000000e-1 upper 7.50000000000000000000000000000000000e-1 Final circuit size: 22 Estimated probability 0.25000000 (epsilon 0) found in 0 seconds ",
85,:,1737463787.000,0.000,0,182,0,0,"schlandals --timeout 1500 -i /data/schlandals/pwmc_benchmarks/instances/bayesian_networks/pcnf/pigs/85.cnf compile | tr '\n' ' '",/data/schlandals/pwmc_benchmarks/instances/bayesian_networks/pcnf/pigs/85.cnf,"lower 2.50000000000000000000000000000000000e-1 upper 7.50000000000000000000000000000000000e-1 Final circuit size: 111 Estimated probability 0.25000000 (epsilon 0) found in 0 seconds ",
86,:,1737463787.000,0.000,0,182,0,0,"schlandals --timeout 1500 -i /data/schlandals/pwmc_benchmarks/instances/bayesian_networks/pcnf/pigs/86.cnf compile | tr '\n' ' '",/data/schlandals/pwmc_benchmarks/instances/bayesian_networks/pcnf/pigs/86.cnf,"lower 5.00000000000000000000000000000000000e-1 upper 5.00000000000000000000000000000000000e-1 Final circuit size: 162 Estimated probability 0.50000000 (epsilon 0) found in 0 seconds ",
87,:,1737463787.000,0.000,0,182,0,0,"schlandals --timeout 1500 -i /data/schlandals/pwmc_benchmarks/instances/bayesian_networks/pcnf/pigs/87.cnf compile | tr '\n' ' '",/data/schlandals/pwmc_benchmarks/instances/bayesian_networks/pcnf/pigs/87.cnf,"lower 2.50000000000000000000000000000000000e-1 upper 7.50000000000000000000000000000000000e-1 Final circuit size: 111 Estimated probability 0.25000000 (epsilon 0) found in 0 seconds ",
91,:,1737463787.000,0.000,0,182,0,0,"schlandals --timeout 1500 -i /data/schlandals/pwmc_benchmarks/instances/bayesian_networks/pcnf/pigs/91.cnf compile | tr '\n' ' '",/data/schlandals/pwmc_benchmarks/instances/bayesian_networks/pcnf/pigs/91.cnf,"lower 2.50000000000000000000000000000000000e-1 upper 7.50000000000000000000000000000000000e-1 Final circuit size: 111 Estimated probability 0.25000000 (epsilon 0) found in 0 seconds ",
92,:,1737463787.000,0.000,0,182,0,0,"schlandals --timeout 1500 -i /data/schlandals/pwmc_benchmarks/instances/bayesian_networks/pcnf/pigs/92.cnf compile | tr '\n' ' '",/data/schlandals/pwmc_benchmarks/instances/bayesian_networks/pcnf/pigs/92.cnf,"lower 5.00000000000000000000000000000000000e-1 upper 5.00000000000000000000000000000000000e-1 Final circuit size: 162 Estimated probability 0.50000000 (epsilon 0) found in 0 seconds ",
93,:,1737463787.000,0.000,0,182,0,0,"schlandals --timeout 1500 -i /data/schlandals/pwmc_benchmarks/instances/bayesian_networks/pcnf/pigs/93.cnf compile | tr '\n' ' '",/data/schlandals/pwmc_benchmarks/instances/bayesian_networks/pcnf/pigs/93.cnf,"lower 2.50000000000000000000000000000000000e-1 upper 7.50000000000000000000000000000000000e-1 Final circuit size: 111 Estimated probability 0.25000000 (epsilon 0) found in 0 seconds ",
94,:,1737463787.000,0.000,0,182,0,0,"schlandals --timeout 1500 -i /data/schlandals/pwmc_benchmarks/instances/bayesian_networks/pcnf/pigs/94.cnf compile | tr '\n' ' '",/data/schlandals/pwmc_benchmarks/instances/bayesian_networks/pcnf/pigs/94.cnf,"lower 2.50000000000000000000000000000000000e-1 upper 7.50000000000000000000000000000000000e-1 Final circuit size: 112 Estimated probability 0.25000000 (epsilon 0) found in 0 seconds ",
95,:,1737463787.000,0.000,0,182,0,0,"schlandals --timeout 1500 -i /data/schlandals/pwmc_benchmarks/instances/bayesian_networks/pcnf/pigs/95.cnf compile | tr '\n' ' '",/data/schlandals/pwmc_benchmarks/instances/bayesian_networks/pcnf/pigs/95.cnf,"lower 5.00000000000000000000000000000000000e-1 upper 5.00000000000000000000000000000000000e-1 Final circuit size: 155 Estimated probability 0.50000000 (epsilon 0) found in 0 seconds ",
96,:,1737463787.000,0.000,0,182,0,0,"schlandals --timeout 1500 -i /data/schlandals/pwmc_benchmarks/instances/bayesian_networks/pcnf/pigs/96.cnf compile | tr '\n' ' '",/data/schlandals/pwmc_benchmarks/instances/bayesian_networks/pcnf/pigs/96.cnf,"lower 2.50000000000000000000000000000000000e-1 upper 7.50000000000000000000000000000000000e-1 Final circuit size: 112 Estimated probability 0.25000000 (epsilon 0) found in 0 seconds ",
97,:,1737463787.000,0.000,0,181,0,0,"schlandals --timeout 1500 -i /data/schlandals/pwmc_benchmarks/instances/bayesian_networks/pcnf/pigs/97.cnf compile | tr '\n' ' '",/data/schlandals/pwmc_benchmarks/instances/bayesian_networks/pcnf/pigs/97.cnf,"lower 2.50000000000000000000000000000000000e-1 upper 7.50000000000000000000000000000000000e-1 Final circuit size: 22 Estimated probability 0.25000000 (epsilon 0) found in 0 seconds ",
98,:,1737463787.000,0.000,0,181,0,0,"schlandals --timeout 1500 -i /data/schlandals/pwmc_benchmarks/instances/bayesian_networks/pcnf/pigs/98.cnf compile | tr '\n' ' '",/data/schlandals/pwmc_benchmarks/instances/bayesian_networks/pcnf/pigs/98.cnf,"lower 5.00000000000000000000000000000000000e-1 upper 5.00000000000000000000000000000000000e-1 Final circuit size: 34 Estimated probability 0.50000000 (epsilon 0) found in 0 seconds ",
99,:,1737463787.000,0.000,0,181,0,0,"schlandals --timeout 1500 -i /data/schlandals/pwmc_benchmarks/instances/bayesian_networks/pcnf/pigs/99.cnf compile | tr '\n' ' '",/data/schlandals/pwmc_benchmarks/instances/bayesian_networks/pcnf/pigs/99.cnf,"lower 2.50000000000000000000000000000000000e-1 upper 7.50000000000000000000000000000000000e-1 Final circuit size: 22 Estimated probability 0.25000000 (epsilon 0) found in 0 seconds ",
49,:,1737463787.000,0.000,0,184,0,0,"schlandals --timeout 1500 -i /data/schlandals/pwmc_benchmarks/instances/bayesian_networks/pcnf/pigs/49.cnf compile | tr '\n' ' '",/data/schlandals/pwmc_benchmarks/instances/bayesian_networks/pcnf/pigs/49.cnf,"lower 2.50000000000000000000000000000000000e-1 upper 7.50000000000000000000000000000000000e-1 Final circuit size: 13322 Estimated probability 0.25000000 (epsilon 0) found in 0 seconds ",
50,:,1737463787.000,0.000,0,184,0,0,"schlandals --timeout 1500 -i /data/schlandals/pwmc_benchmarks/instances/bayesian_networks/pcnf/pigs/50.cnf compile | tr '\n' ' '",/data/schlandals/pwmc_benchmarks/instances/bayesian_networks/pcnf/pigs/50.cnf,"lower 5.00000000000000000000000000000000000e-1 upper 5.00000000000000000000000000000000000e-1 Final circuit size: 14558 Estimated probability 0.50000000 (epsilon 0) found in 0 seconds ",
51,:,1737463787.000,0.000,0,184,0,0,"schlandals --timeout 1500 -i /data/schlandals/pwmc_benchmarks/instances/bayesian_networks/pcnf/pigs/51.cnf compile | tr '\n' ' '",/data/schlandals/pwmc_benchmarks/instances/bayesian_networks/pcnf/pigs/51.cnf,"lower 2.50000000000000000000000000000000000e-1 upper 7.50000000000000000000000000000000000e-1 Final circuit size: 13374 Estimated probability 0.25000000 (epsilon 0) found in 0 seconds ",
52,:,1737463787.000,0.000,0,184,0,0,"schlandals --timeout 1500 -i /data/schlandals/pwmc_benchmarks/instances/bayesian_networks/pcnf/pigs/52.cnf compile | tr '\n' ' '",/data/schlandals/pwmc_benchmarks/instances/bayesian_networks/pcnf/pigs/52.cnf,"lower 2.50000000000000000000000000000000000e-1 upper 7.50000000000000000000000000000000000e-1 Final circuit size: 13417 Estimated probability 0.25000000 (epsilon 0) found in 0 seconds ",
53,:,1737463787.000,0.000,0,184,0,0,"schlandals --timeout 1500 -i /data/schlandals/pwmc_benchmarks/instances/bayesian_networks/pcnf/pigs/53.cnf compile | tr '\n' ' '",/data/schlandals/pwmc_benchmarks/instances/bayesian_networks/pcnf/pigs/53.cnf,"lower 5.00000000000000000000000000000000000e-1 upper 5.00000000000000000000000000000000000e-1 Final circuit size: 14129 Estimated probability 0.50000000 (epsilon 0) found in 0 seconds ",
54,:,1737463787.000,0.000,0,184,0,0,"schlandals --timeout 1500 -i /data/schlandals/pwmc_benchmarks/instances/bayesian_networks/pcnf/pigs/54.cnf compile | tr '\n' ' '",/data/schlandals/pwmc_benchmarks/instances/bayesian_networks/pcnf/pigs/54.cnf,"lower 2.50000000000000000000000000000000000e-1 upper 7.50000000000000000000000000000000000e-1 Final circuit size: 13415 Estimated probability 0.25000000 (epsilon 0) found in 0 seconds ",
58,:,1737463787.000,0.000,0,184,0,0,"schlandals --timeout 1500 -i /data/schlandals/pwmc_benchmarks/instances/bayesian_networks/pcnf/pigs/58.cnf compile | tr '\n' ' '",/data/schlandals/pwmc_benchmarks/instances/bayesian_networks/pcnf/pigs/58.cnf,"lower 2.50000000000000000000000000000000000e-1 upper 7.50000000000000000000000000000000000e-1 Final circuit size: 10826 Estimated probability 0.25000000 (epsilon 0) found in 0 seconds ",
59,:,1737463787.000,0.000,0,184,0,0,"schlandals --timeout 1500 -i /data/schlandals/pwmc_benchmarks/instances/bayesian_networks/pcnf/pigs/59.cnf compile | tr '\n' ' '",/data/schlandals/pwmc_benchmarks/instances/bayesian_networks/pcnf/pigs/59.cnf,"lower 5.00000000000000000000000000000000000e-1 upper 5.00000000000000000000000000000000000e-1 Final circuit size: 13641 Estimated probability 0.50000000 (epsilon 0) found in 0 seconds ",
60,:,1737463787.000,0.000,0,184,0,0,"schlandals --timeout 1500 -i /data/schlandals/pwmc_benchmarks/instances/bayesian_networks/pcnf/pigs/60.cnf compile | tr '\n' ' '",/data/schlandals/pwmc_benchmarks/instances/bayesian_networks/pcnf/pigs/60.cnf,"lower 2.50000000000000000000000000000000000e-1 upper 7.50000000000000000000000000000000000e-1 Final circuit size: 10736 Estimated probability 0.25000000 (epsilon 0) found in 0 seconds ",
61,:,1737463787.000,0.000,0,184,0,0,"schlandals --timeout 1500 -i /data/schlandals/pwmc_benchmarks/instances/bayesian_networks/pcnf/pigs/61.cnf compile | tr '\n' ' '",/data/schlandals/pwmc_benchmarks/instances/bayesian_networks/pcnf/pigs/61.cnf,"lower 2.50000000000000000000000000000000000e-1 upper 7.50000000000000000000000000000000000e-1 Final circuit size: 10814 Estimated probability 0.25000000 (epsilon 0) found in 0 seconds ",
62,:,1737463787.000,0.000,0,184,0,0,"schlandals --timeout 1500 -i /data/schlandals/pwmc_benchmarks/instances/bayesian_networks/pcnf/pigs/62.cnf compile | tr '\n' ' '",/data/schlandals/pwmc_benchmarks/instances/bayesian_networks/pcnf/pigs/62.cnf,"lower 5.00000000000000000000000000000000000e-1 upper 5.00000000000000000000000000000000000e-1 Final circuit size: 13645 Estimated probability 0.50000000 (epsilon 0) found in 0 seconds ",
63,:,1737463787.000,0.000,0,184,0,0,"schlandals --timeout 1500 -i /data/schlandals/pwmc_benchmarks/instances/bayesian_networks/pcnf/pigs/63.cnf compile | tr '\n' ' '",/data/schlandals/pwmc_benchmarks/instances/bayesian_networks/pcnf/pigs/63.cnf,"lower 2.50000000000000000000000000000000000e-1 upper 7.50000000000000000000000000000000000e-1 Final circuit size: 10833 Estimated probability 0.25000000 (epsilon 0) found in 0 seconds ",
100,:,1737463787.000,0.000,0,181,0,0,"schlandals --timeout 1500 -i /data/schlandals/pwmc_benchmarks/instances/bayesian_networks/pcnf/pigs/100.cnf compile | tr '\n' ' '",/data/schlandals/pwmc_benchmarks/instances/bayesian_networks/pcnf/pigs/100.cnf,"lower 2.50000000000000000000000000000000000e-1 upper 7.50000000000000000000000000000000000e-1 Final circuit size: 22 Estimated probability 0.25000000 (epsilon 0) found in 0 seconds ",
101,:,1737463787.000,0.000,0,181,0,0,"schlandals --timeout 1500 -i /data/schlandals/pwmc_benchmarks/instances/bayesian_networks/pcnf/pigs/101.cnf compile | tr '\n' ' '",/data/schlandals/pwmc_benchmarks/instances/bayesian_networks/pcnf/pigs/101.cnf,"lower 5.00000000000000000000000000000000000e-1 upper 5.00000000000000000000000000000000000e-1 Final circuit size: 34 Estimated probability 0.50000000 (epsilon 0) found in 0 seconds ",
102,:,1737463787.000,0.000,0,181,0,0,"schlandals --timeout 1500 -i /data/schlandals/pwmc_benchmarks/instances/bayesian_networks/pcnf/pigs/102.cnf compile | tr '\n' ' '",/data/schlandals/pwmc_benchmarks/instances/bayesian_networks/pcnf/pigs/102.cnf,"lower 2.50000000000000000000000000000000000e-1 upper 7.50000000000000000000000000000000000e-1 Final circuit size: 22 Estimated probability 0.25000000 (epsilon 0) found in 0 seconds ",
103,:,1737463787.000,0.000,0,182,0,0,"schlandals --timeout 1500 -i /data/schlandals/pwmc_benchmarks/instances/bayesian_networks/pcnf/pigs/103.cnf compile | tr '\n' ' '",/data/schlandals/pwmc_benchmarks/instances/bayesian_networks/pcnf/pigs/103.cnf,"lower 2.50000000000000000000000000000000000e-1 upper 7.50000000000000000000000000000000000e-1 Final circuit size: 111 Estimated probability 0.25000000 (epsilon 0) found in 0 seconds ",
104,:,1737463787.000,0.000,0,182,0,0,"schlandals --timeout 1500 -i /data/schlandals/pwmc_benchmarks/instances/bayesian_networks/pcnf/pigs/104.cnf compile | tr '\n' ' '",/data/schlandals/pwmc_benchmarks/instances/bayesian_networks/pcnf/pigs/104.cnf,"lower 5.00000000000000000000000000000000000e-1 upper 5.00000000000000000000000000000000000e-1 Final circuit size: 162 Estimated probability 0.50000000 (epsilon 0) found in 0 seconds ",
105,:,1737463787.000,0.000,0,182,0,0,"schlandals --timeout 1500 -i /data/schlandals/pwmc_benchmarks/instances/bayesian_networks/pcnf/pigs/105.cnf compile | tr '\n' ' '",/data/schlandals/pwmc_benchmarks/instances/bayesian_networks/pcnf/pigs/105.cnf,"lower 2.50000000000000000000000000000000000e-1 upper 7.50000000000000000000000000000000000e-1 Final circuit size: 111 Estimated probability 0.25000000 (epsilon 0) found in 0 seconds ",
106,:,1737463787.000,0.000,0,182,0,0,"schlandals --timeout 1500 -i /data/schlandals/pwmc_benchmarks/instances/bayesian_networks/pcnf/pigs/106.cnf compile | tr '\n' ' '",/data/schlandals/pwmc_benchmarks/instances/bayesian_networks/pcnf/pigs/106.cnf,"lower 2.50000000000000000000000000000000000e-1 upper 7.50000000000000000000000000000000000e-1 Final circuit size: 112 Estimated probability 0.25000000 (epsilon 0) found in 0 seconds ",
107,:,1737463787.000,0.000,0,182,0,0,"schlandals --timeout 1500 -i /data/schlandals/pwmc_benchmarks/instances/bayesian_networks/pcnf/pigs/107.cnf compile | tr '\n' ' '",/data/schlandals/pwmc_benchmarks/instances/bayesian_networks/pcnf/pigs/107.cnf,"lower 5.00000000000000000000000000000000000e-1 upper 5.00000000000000000000000000000000000e-1 Final circuit size: 155 Estimated probability 0.50000000 (epsilon 0) found in 0 seconds ",
108,:,1737463787.000,0.000,0,182,0,0,"schlandals --timeout 1500 -i /data/schlandals/pwmc_benchmarks/instances/bayesian_networks/pcnf/pigs/108.cnf compile | tr '\n' ' '",/data/schlandals/pwmc_benchmarks/instances/bayesian_networks/pcnf/pigs/108.cnf,"lower 2.50000000000000000000000000000000000e-1 upper 7.50000000000000000000000000000000000e-1 Final circuit size: 112 Estimated probability 0.25000000 (epsilon 0) found in 0 seconds ",
109,:,1737463787.000,0.000,0,182,0,0,"schlandals --timeout 1500 -i /data/schlandals/pwmc_benchmarks/instances/bayesian_networks/pcnf/pigs/109.cnf compile | tr '\n' ' '",/data/schlandals/pwmc_benchmarks/instances/bayesian_networks/pcnf/pigs/109.cnf,"lower 2.50000000000000000000000000000000000e-1 upper 7.50000000000000000000000000000000000e-1 Final circuit size: 111 Estimated probability 0.25000000 (epsilon 0) found in 0 seconds ",
110,:,1737463787.000,0.000,0,182,0,0,"schlandals --timeout 1500 -i /data/schlandals/pwmc_benchmarks/instances/bayesian_networks/pcnf/pigs/110.cnf compile | tr '\n' ' '",/data/schlandals/pwmc_benchmarks/instances/bayesian_networks/pcnf/pigs/110.cnf,"lower 5.00000000000000000000000000000000000e-1 upper 5.00000000000000000000000000000000000e-1 Final circuit size: 162 Estimated probability 0.50000000 (epsilon 0) found in 0 seconds ",
111,:,1737463787.000,0.000,0,182,0,0,"schlandals --timeout 1500 -i /data/schlandals/pwmc_benchmarks/instances/bayesian_networks/pcnf/pigs/111.cnf compile | tr '\n' ' '",/data/schlandals/pwmc_benchmarks/instances/bayesian_networks/pcnf/pigs/111.cnf,"lower 2.50000000000000000000000000000000000e-1 upper 7.50000000000000000000000000000000000e-1 Final circuit size: 111 Estimated probability 0.25000000 (epsilon 0) found in 0 seconds ",
112,:,1737463787.000,0.000,0,182,0,0,"schlandals --timeout 1500 -i /data/schlandals/pwmc_benchmarks/instances/bayesian_networks/pcnf/pigs/112.cnf compile | tr '\n' ' '",/data/schlandals/pwmc_benchmarks/instances/bayesian_networks/pcnf/pigs/112.cnf,"lower 2.50000000000000000000000000000000000e-1 upper 7.50000000000000000000000000000000000e-1 Final circuit size: 111 Estimated probability 0.25000000 (epsilon 0) found in 0 seconds ",
113,:,1737463787.000,0.000,0,182,0,0,"schlandals --timeout 1500 -i /data/schlandals/pwmc_benchmarks/instances/bayesian_networks/pcnf/pigs/113.cnf compile | tr '\n' ' '",/data/schlandals/pwmc_benchmarks/instances/bayesian_networks/pcnf/pigs/113.cnf,"lower 5.00000000000000000000000000000000000e-1 upper 5.00000000000000000000000000000000000e-1 Final circuit size: 162 Estimated probability 0.50000000 (epsilon 0) found in 0 seconds ",
114,:,1737463787.000,0.000,0,182,0,0,"schlandals --timeout 1500 -i /data/schlandals/pwmc_benchmarks/instances/bayesian_networks/pcnf/pigs/114.cnf compile | tr '\n' ' '",/data/schlandals/pwmc_benchmarks/instances/bayesian_networks/pcnf/pigs/114.cnf,"lower 2.50000000000000000000000000000000000e-1 upper 7.50000000000000000000000000000000000e-1 Final circuit size: 111 Estimated probability 0.25000000 (epsilon 0) found in 0 seconds ",
127,:,1737463787.000,1.000,0,183,0,0,"schlandals --timeout 1500 -i /data/schlandals/pwmc_benchmarks/instances/bayesian_networks/pcnf/pigs/127.cnf compile | tr '\n' ' '",/data/schlandals/pwmc_benchmarks/instances/bayesian_networks/pcnf/pigs/127.cnf,"lower 2.50000000000000000000000000000000000e-1 upper 7.50000000000000000000000000000000000e-1 Final circuit size: 3783 Estimated probability 0.25000000 (epsilon 0) found in 0 seconds ",
128,:,1737463787.000,1.000,0,183,0,0,"schlandals --timeout 1500 -i /data/schlandals/pwmc_benchmarks/instances/bayesian_networks/pcnf/pigs/128.cnf compile | tr '\n' ' '",/data/schlandals/pwmc_benchmarks/instances/bayesian_networks/pcnf/pigs/128.cnf,"lower 5.00000000000000000000000000000000000e-1 upper 5.00000000000000000000000000000000000e-1 Final circuit size: 4687 Estimated probability 0.50000000 (epsilon 0) found in 0 seconds ",
129,:,1737463787.000,1.000,0,183,0,0,"schlandals --timeout 1500 -i /data/schlandals/pwmc_benchmarks/instances/bayesian_networks/pcnf/pigs/129.cnf compile | tr '\n' ' '",/data/schlandals/pwmc_benchmarks/instances/bayesian_networks/pcnf/pigs/129.cnf,"lower 2.50000000000000000000000000000000000e-1 upper 7.50000000000000000000000000000000000e-1 Final circuit size: 3739 Estimated probability 0.25000000 (epsilon 0) found in 0 seconds ",
130,:,1737463787.000,1.000,0,183,0,0,"schlandals --timeout 1500 -i /data/schlandals/pwmc_benchmarks/instances/bayesian_networks/pcnf/pigs/130.cnf compile | tr '\n' ' '",/data/schlandals/pwmc_benchmarks/instances/bayesian_networks/pcnf/pigs/130.cnf,"lower 2.50000000000000000000000000000000000e-1 upper 7.50000000000000000000000000000000000e-1 Final circuit size: 3789 Estimated probability 0.25000000 (epsilon 0) found in 0 seconds ",
131,:,1737463787.000,1.000,0,183,0,0,"schlandals --timeout 1500 -i /data/schlandals/pwmc_benchmarks/instances/bayesian_networks/pcnf/pigs/131.cnf compile | tr '\n' ' '",/data/schlandals/pwmc_benchmarks/instances/bayesian_networks/pcnf/pigs/131.cnf,"lower 5.00000000000000000000000000000000000e-1 upper 5.00000000000000000000000000000000000e-1 Final circuit size: 4687 Estimated probability 0.50000000 (epsilon 0) found in 0 seconds ",
132,:,1737463787.000,1.000,0,183,0,0,"schlandals --timeout 1500 -i /data/schlandals/pwmc_benchmarks/instances/bayesian_networks/pcnf/pigs/132.cnf compile | tr '\n' ' '",/data/schlandals/pwmc_benchmarks/instances/bayesian_networks/pcnf/pigs/132.cnf,"lower 2.50000000000000000000000000000000000e-1 upper 7.50000000000000000000000000000000000e-1 Final circuit size: 3749 Estimated probability 0.25000000 (epsilon 0) found in 0 seconds ",
133,:,1737463787.000,1.000,0,183,0,0,"schlandals --timeout 1500 -i /data/schlandals/pwmc_benchmarks/instances/bayesian_networks/pcnf/pigs/133.cnf compile | tr '\n' ' '",/data/schlandals/pwmc_benchmarks/instances/bayesian_networks/pcnf/pigs/133.cnf,"lower 2.50000000000000000000000000000000000e-1 upper 7.50000000000000000000000000000000000e-1 Final circuit size: 3795 Estimated probability 0.25000000 (epsilon 0) found in 0 seconds ",
134,:,1737463787.000,1.000,0,183,0,0,"schlandals --timeout 1500 -i /data/schlandals/pwmc_benchmarks/instances/bayesian_networks/pcnf/pigs/134.cnf compile | tr '\n' ' '",/data/schlandals/pwmc_benchmarks/instances/bayesian_networks/pcnf/pigs/134.cnf,"lower 5.00000000000000000000000000000000000e-1 upper 5.00000000000000000000000000000000000e-1 Final circuit size: 4687 Estimated probability 0.50000000 (epsilon 0) found in 0 seconds ",
135,:,1737463787.000,1.000,0,183,0,0,"schlandals --timeout 1500 -i /data/schlandals/pwmc_benchmarks/instances/bayesian_networks/pcnf/pigs/135.cnf compile | tr '\n' ' '",/data/schlandals/pwmc_benchmarks/instances/bayesian_networks/pcnf/pigs/135.cnf,"lower 2.50000000000000000000000000000000000e-1 upper 7.50000000000000000000000000000000000e-1 Final circuit size: 3741 Estimated probability 0.25000000 (epsilon 0) found in 0 seconds ",
137,:,1737463787.000,1.000,0,183,0,0,"schlandals --timeout 1500 -i /data/schlandals/pwmc_benchmarks/instances/bayesian_networks/pcnf/pigs/137.cnf compile | tr '\n' ' '",/data/schlandals/pwmc_benchmarks/instances/bayesian_networks/pcnf/pigs/137.cnf,"lower 5.00000000000000000000000000000000000e-1 upper 5.00000000000000000000000000000000000e-1 Final circuit size: 4687 Estimated probability 0.50000000 (epsilon 0) found in 0 seconds ",
139,:,1737463787.000,1.000,0,183,0,0,"schlandals --timeout 1500 -i /data/schlandals/pwmc_benchmarks/instances/bayesian_networks/pcnf/pigs/139.cnf compile | tr '\n' ' '",/data/schlandals/pwmc_benchmarks/instances/bayesian_networks/pcnf/pigs/139.cnf,"lower 2.50000000000000000000000000000000000e-1 upper 7.50000000000000000000000000000000000e-1 Final circuit size: 3789 Estimated probability 0.25000000 (epsilon 0) found in 0 seconds ",
138,:,1737463787.000,1.000,0,183,0,0,"schlandals --timeout 1500 -i /data/schlandals/pwmc_benchmarks/instances/bayesian_networks/pcnf/pigs/138.cnf compile | tr '\n' ' '",/data/schlandals/pwmc_benchmarks/instances/bayesian_networks/pcnf/pigs/138.cnf,"lower 2.50000000000000000000000000000000000e-1 upper 7.50000000000000000000000000000000000e-1 Final circuit size: 3749 Estimated probability 0.25000000 (epsilon 0) found in 0 seconds ",
148,:,1737463788.000,0.000,0,183,0,0,"schlandals --timeout 1500 -i /data/schlandals/pwmc_benchmarks/instances/bayesian_networks/pcnf/pigs/148.cnf compile | tr '\n' ' '",/data/schlandals/pwmc_benchmarks/instances/bayesian_networks/pcnf/pigs/148.cnf,"lower 2.50000000000000000000000000000000000e-1 upper 7.50000000000000000000000000000000000e-1 Final circuit size: 1321 Estimated probability 0.25000000 (epsilon 0) found in 0 seconds ",
140,:,1737463787.000,1.000,0,183,0,0,"schlandals --timeout 1500 -i /data/schlandals/pwmc_benchmarks/instances/bayesian_networks/pcnf/pigs/140.cnf compile | tr '\n' ' '",/data/schlandals/pwmc_benchmarks/instances/bayesian_networks/pcnf/pigs/140.cnf,"lower 5.00000000000000000000000000000000000e-1 upper 5.00000000000000000000000000000000000e-1 Final circuit size: 4687 Estimated probability 0.50000000 (epsilon 0) found in 0 seconds ",
141,:,1737463787.000,1.000,0,183,0,0,"schlandals --timeout 1500 -i /data/schlandals/pwmc_benchmarks/instances/bayesian_networks/pcnf/pigs/141.cnf compile | tr '\n' ' '",/data/schlandals/pwmc_benchmarks/instances/bayesian_networks/pcnf/pigs/141.cnf,"lower 2.50000000000000000000000000000000000e-1 upper 7.50000000000000000000000000000000000e-1 Final circuit size: 3741 Estimated probability 0.25000000 (epsilon 0) found in 0 seconds ",
136,:,1737463787.000,1.000,0,183,0,0,"schlandals --timeout 1500 -i /data/schlandals/pwmc_benchmarks/instances/bayesian_networks/pcnf/pigs/136.cnf compile | tr '\n' ' '",/data/schlandals/pwmc_benchmarks/instances/bayesian_networks/pcnf/pigs/136.cnf,"lower 2.50000000000000000000000000000000000e-1 upper 7.50000000000000000000000000000000000e-1 Final circuit size: 3797 Estimated probability 0.25000000 (epsilon 0) found in 0 seconds ",
142,:,1737463787.000,1.000,0,183,0,0,"schlandals --timeout 1500 -i /data/schlandals/pwmc_benchmarks/instances/bayesian_networks/pcnf/pigs/142.cnf compile | tr '\n' ' '",/data/schlandals/pwmc_benchmarks/instances/bayesian_networks/pcnf/pigs/142.cnf,"lower 2.50000000000000000000000000000000000e-1 upper 7.50000000000000000000000000000000000e-1 Final circuit size: 3841 Estimated probability 0.25000000 (epsilon 0) found in 0 seconds ",
143,:,1737463788.000,0.000,0,183,0,0,"schlandals --timeout 1500 -i /data/schlandals/pwmc_benchmarks/instances/bayesian_networks/pcnf/pigs/143.cnf compile | tr '\n' ' '",/data/schlandals/pwmc_benchmarks/instances/bayesian_networks/pcnf/pigs/143.cnf,"lower 5.00000000000000000000000000000000000e-1 upper 5.00000000000000000000000000000000000e-1 Final circuit size: 4631 Estimated probability 0.50000000 (epsilon 0) found in 0 seconds ",
144,:,1737463788.000,0.000,0,183,0,0,"schlandals --timeout 1500 -i /data/schlandals/pwmc_benchmarks/instances/bayesian_networks/pcnf/pigs/144.cnf compile | tr '\n' ' '",/data/schlandals/pwmc_benchmarks/instances/bayesian_networks/pcnf/pigs/144.cnf,"lower 2.50000000000000000000000000000000000e-1 upper 7.50000000000000000000000000000000000e-1 Final circuit size: 3841 Estimated probability 0.25000000 (epsilon 0) found in 0 seconds ",
149,:,1737463788.000,0.000,0,183,0,0,"schlandals --timeout 1500 -i /data/schlandals/pwmc_benchmarks/instances/bayesian_networks/pcnf/pigs/149.cnf compile | tr '\n' ' '",/data/schlandals/pwmc_benchmarks/instances/bayesian_networks/pcnf/pigs/149.cnf,"lower 5.00000000000000000000000000000000000e-1 upper 5.00000000000000000000000000000000000e-1 Final circuit size: 1626 Estimated probability 0.50000000 (epsilon 0) found in 0 seconds ",
150,:,1737463788.000,0.000,0,183,0,0,"schlandals --timeout 1500 -i /data/schlandals/pwmc_benchmarks/instances/bayesian_networks/pcnf/pigs/150.cnf compile | tr '\n' ' '",/data/schlandals/pwmc_benchmarks/instances/bayesian_networks/pcnf/pigs/150.cnf,"lower 2.50000000000000000000000000000000000e-1 upper 7.50000000000000000000000000000000000e-1 Final circuit size: 1317 Estimated probability 0.25000000 (epsilon 0) found in 0 seconds ",
154,:,1737463788.000,0.000,0,183,0,0,"schlandals --timeout 1500 -i /data/schlandals/pwmc_benchmarks/instances/bayesian_networks/pcnf/pigs/154.cnf compile | tr '\n' ' '",/data/schlandals/pwmc_benchmarks/instances/bayesian_networks/pcnf/pigs/154.cnf,"lower 2.50000000000000000000000000000000000e-1 upper 7.50000000000000000000000000000000000e-1 Final circuit size: 1327 Estimated probability 0.25000000 (epsilon 0) found in 0 seconds ",
155,:,1737463788.000,0.000,0,183,0,0,"schlandals --timeout 1500 -i /data/schlandals/pwmc_benchmarks/instances/bayesian_networks/pcnf/pigs/155.cnf compile | tr '\n' ' '",/data/schlandals/pwmc_benchmarks/instances/bayesian_networks/pcnf/pigs/155.cnf,"lower 5.00000000000000000000000000000000000e-1 upper 5.00000000000000000000000000000000000e-1 Final circuit size: 1624 Estimated probability 0.50000000 (epsilon 0) found in 0 seconds ",
156,:,1737463788.000,0.000,0,183,0,0,"schlandals --timeout 1500 -i /data/schlandals/pwmc_benchmarks/instances/bayesian_networks/pcnf/pigs/156.cnf compile | tr '\n' ' '",/data/schlandals/pwmc_benchmarks/instances/bayesian_networks/pcnf/pigs/156.cnf,"lower 2.50000000000000000000000000000000000e-1 upper 7.50000000000000000000000000000000000e-1 Final circuit size: 1341 Estimated probability 0.25000000 (epsilon 0) found in 0 seconds ",
172,:,1737463788.000,0.000,0,183,0,0,"schlandals --timeout 1500 -i /data/schlandals/pwmc_benchmarks/instances/bayesian_networks/pcnf/pigs/172.cnf compile | tr '\n' ' '",/data/schlandals/pwmc_benchmarks/instances/bayesian_networks/pcnf/pigs/172.cnf,"lower 2.50000000000000000000000000000000000e-1 upper 7.50000000000000000000000000000000000e-1 Final circuit size: 1332 Estimated probability 0.25000000 (epsilon 0) found in 0 seconds ",
173,:,1737463788.000,0.000,0,183,0,0,"schlandals --timeout 1500 -i /data/schlandals/pwmc_benchmarks/instances/bayesian_networks/pcnf/pigs/173.cnf compile | tr '\n' ' '",/data/schlandals/pwmc_benchmarks/instances/bayesian_networks/pcnf/pigs/173.cnf,"lower 5.00000000000000000000000000000000000e-1 upper 5.00000000000000000000000000000000000e-1 Final circuit size: 1672 Estimated probability 0.50000000 (epsilon 0) found in 0 seconds ",
174,:,1737463788.000,0.000,0,183,0,0,"schlandals --timeout 1500 -i /data/schlandals/pwmc_benchmarks/instances/bayesian_networks/pcnf/pigs/174.cnf compile | tr '\n' ' '",/data/schlandals/pwmc_benchmarks/instances/bayesian_networks/pcnf/pigs/174.cnf,"lower 2.50000000000000000000000000000000000e-1 upper 7.50000000000000000000000000000000000e-1 Final circuit size: 1326 Estimated probability 0.25000000 (epsilon 0) found in 0 seconds ",
175,:,1737463788.000,0.000,0,183,0,0,"schlandals --timeout 1500 -i /data/schlandals/pwmc_benchmarks/instances/bayesian_networks/pcnf/pigs/175.cnf compile | tr '\n' ' '",/data/schlandals/pwmc_benchmarks/instances/bayesian_networks/pcnf/pigs/175.cnf,"lower 2.50000000000000000000000000000000000e-1 upper 7.50000000000000000000000000000000000e-1 Final circuit size: 1332 Estimated probability 0.25000000 (epsilon 0) found in 0 seconds ",
176,:,1737463788.000,0.000,0,183,0,0,"schlandals --timeout 1500 -i /data/schlandals/pwmc_benchmarks/instances/bayesian_networks/pcnf/pigs/176.cnf compile | tr '\n' ' '",/data/schlandals/pwmc_benchmarks/instances/bayesian_networks/pcnf/pigs/176.cnf,"lower 5.00000000000000000000000000000000000e-1 upper 5.00000000000000000000000000000000000e-1 Final circuit size: 1669 Estimated probability 0.50000000 (epsilon 0) found in 0 seconds ",
177,:,1737463788.000,0.000,0,183,0,0,"schlandals --timeout 1500 -i /data/schlandals/pwmc_benchmarks/instances/bayesian_networks/pcnf/pigs/177.cnf compile | tr '\n' ' '",/data/schlandals/pwmc_benchmarks/instances/bayesian_networks/pcnf/pigs/177.cnf,"lower 2.50000000000000000000000000000000000e-1 upper 7.50000000000000000000000000000000000e-1 Final circuit size: 1320 Estimated probability 0.25000000 (epsilon 0) found in 0 seconds ",
178,:,1737463788.000,0.000,0,183,0,0,"schlandals --timeout 1500 -i /data/schlandals/pwmc_benchmarks/instances/bayesian_networks/pcnf/pigs/178.cnf compile | tr '\n' ' '",/data/schlandals/pwmc_benchmarks/instances/bayesian_networks/pcnf/pigs/178.cnf,"lower 2.50000000000000000000000000000000000e-1 upper 7.50000000000000000000000000000000000e-1 Final circuit size: 1330 Estimated probability 0.25000000 (epsilon 0) found in 0 seconds ",
179,:,1737463788.000,0.000,0,183,0,0,"schlandals --timeout 1500 -i /data/schlandals/pwmc_benchmarks/instances/bayesian_networks/pcnf/pigs/179.cnf compile | tr '\n' ' '",/data/schlandals/pwmc_benchmarks/instances/bayesian_networks/pcnf/pigs/179.cnf,"lower 5.00000000000000000000000000000000000e-1 upper 5.00000000000000000000000000000000000e-1 Final circuit size: 1667 Estimated probability 0.50000000 (epsilon 0) found in 0 seconds ",
180,:,1737463788.000,0.000,0,183,0,0,"schlandals --timeout 1500 -i /data/schlandals/pwmc_benchmarks/instances/bayesian_networks/pcnf/pigs/180.cnf compile | tr '\n' ' '",/data/schlandals/pwmc_benchmarks/instances/bayesian_networks/pcnf/pigs/180.cnf,"lower 2.50000000000000000000000000000000000e-1 upper 7.50000000000000000000000000000000000e-1 Final circuit size: 1320 Estimated probability 0.25000000 (epsilon 0) found in 0 seconds ",
187,:,1737463788.000,0.000,0,182,0,0,"schlandals --timeout 1500 -i /data/schlandals/pwmc_benchmarks/instances/bayesian_networks/pcnf/pigs/187.cnf compile | tr '\n' ' '",/data/schlandals/pwmc_benchmarks/instances/bayesian_networks/pcnf/pigs/187.cnf,"lower 2.50000000000000000000000000000000000e-1 upper 7.50000000000000000000000000000000000e-1 Final circuit size: 108 Estimated probability 0.25000000 (epsilon 0) found in 0 seconds ",
188,:,1737463788.000,0.000,0,182,0,0,"schlandals --timeout 1500 -i /data/schlandals/pwmc_benchmarks/instances/bayesian_networks/pcnf/pigs/188.cnf compile | tr '\n' ' '",/data/schlandals/pwmc_benchmarks/instances/bayesian_networks/pcnf/pigs/188.cnf,"lower 5.00000000000000000000000000000000000e-1 upper 5.00000000000000000000000000000000000e-1 Final circuit size: 162 Estimated probability 0.50000000 (epsilon 0) found in 0 seconds ",
189,:,1737463788.000,0.000,0,182,0,0,"schlandals --timeout 1500 -i /data/schlandals/pwmc_benchmarks/instances/bayesian_networks/pcnf/pigs/189.cnf compile | tr '\n' ' '",/data/schlandals/pwmc_benchmarks/instances/bayesian_networks/pcnf/pigs/189.cnf,"lower 2.50000000000000000000000000000000000e-1 upper 7.50000000000000000000000000000000000e-1 Final circuit size: 108 Estimated probability 0.25000000 (epsilon 0) found in 0 seconds ",
121,:,1737463787.000,1.000,0,184,0,0,"schlandals --timeout 1500 -i /data/schlandals/pwmc_benchmarks/instances/bayesian_networks/pcnf/pigs/121.cnf compile | tr '\n' ' '",/data/schlandals/pwmc_benchmarks/instances/bayesian_networks/pcnf/pigs/121.cnf,"lower 2.57812500000000000000000000000000000e-1 upper 7.42187500000000000000000000000000000e-1 Final circuit size: 17086 Estimated probability 0.25781250 (epsilon 0) found in 0 seconds ",
122,:,1737463787.000,1.000,0,184,0,0,"schlandals --timeout 1500 -i /data/schlandals/pwmc_benchmarks/instances/bayesian_networks/pcnf/pigs/122.cnf compile | tr '\n' ' '",/data/schlandals/pwmc_benchmarks/instances/bayesian_networks/pcnf/pigs/122.cnf,"lower 4.84375000000000000000000000000000000e-1 upper 5.15625000000000000000000000000000000e-1 Final circuit size: 17865 Estimated probability 0.48437500 (epsilon 0) found in 0 seconds ",
199,:,1737463788.000,0.000,0,182,0,0,"schlandals --timeout 1500 -i /data/schlandals/pwmc_benchmarks/instances/bayesian_networks/pcnf/pigs/199.cnf compile | tr '\n' ' '",/data/schlandals/pwmc_benchmarks/instances/bayesian_networks/pcnf/pigs/199.cnf,"lower 2.50000000000000000000000000000000000e-1 upper 7.50000000000000000000000000000000000e-1 Final circuit size: 108 Estimated probability 0.25000000 (epsilon 0) found in 0 seconds ",
200,:,1737463788.000,0.000,0,182,0,0,"schlandals --timeout 1500 -i /data/schlandals/pwmc_benchmarks/instances/bayesian_networks/pcnf/pigs/200.cnf compile | tr '\n' ' '",/data/schlandals/pwmc_benchmarks/instances/bayesian_networks/pcnf/pigs/200.cnf,"lower 5.00000000000000000000000000000000000e-1 upper 5.00000000000000000000000000000000000e-1 Final circuit size: 162 Estimated probability 0.50000000 (epsilon 0) found in 0 seconds ",
201,:,1737463788.000,0.000,0,182,0,0,"schlandals --timeout 1500 -i /data/schlandals/pwmc_benchmarks/instances/bayesian_networks/pcnf/pigs/201.cnf compile | tr '\n' ' '",/data/schlandals/pwmc_benchmarks/instances/bayesian_networks/pcnf/pigs/201.cnf,"lower 2.50000000000000000000000000000000000e-1 upper 7.50000000000000000000000000000000000e-1 Final circuit size: 108 Estimated probability 0.25000000 (epsilon 0) found in 0 seconds ",
126,:,1737463787.000,1.000,0,184,0,0,"schlandals --timeout 1500 -i /data/schlandals/pwmc_benchmarks/instances/bayesian_networks/pcnf/pigs/126.cnf compile | tr '\n' ' '",/data/schlandals/pwmc_benchmarks/instances/bayesian_networks/pcnf/pigs/126.cnf,"lower 2.57812500000000000000000000000000000e-1 upper 7.42187500000000000000000000000000000e-1 Final circuit size: 17178 Estimated probability 0.25781250 (epsilon 0) found in 0 seconds ",
125,:,1737463787.000,1.000,0,184,0,0,"schlandals --timeout 1500 -i /data/schlandals/pwmc_benchmarks/instances/bayesian_networks/pcnf/pigs/125.cnf compile | tr '\n' ' '",/data/schlandals/pwmc_benchmarks/instances/bayesian_networks/pcnf/pigs/125.cnf,"lower 4.84375000000000000000000000000000000e-1 upper 5.15625000000000000000000000000000000e-1 Final circuit size: 17561 Estimated probability 0.48437500 (epsilon 0) found in 0 seconds ",
124,:,1737463787.000,1.000,0,184,0,0,"schlandals --timeout 1500 -i /data/schlandals/pwmc_benchmarks/instances/bayesian_networks/pcnf/pigs/124.cnf compile | tr '\n' ' '",/data/schlandals/pwmc_benchmarks/instances/bayesian_networks/pcnf/pigs/124.cnf,"lower 2.57812500000000000000000000000000000e-1 upper 7.42187500000000000000000000000000000e-1 Final circuit size: 17204 Estimated probability 0.25781250 (epsilon 0) found in 0 seconds ",
217,:,1737463788.000,0.000,0,182,0,0,"schlandals --timeout 1500 -i /data/schlandals/pwmc_benchmarks/instances/bayesian_networks/pcnf/pigs/217.cnf compile | tr '\n' ' '",/data/schlandals/pwmc_benchmarks/instances/bayesian_networks/pcnf/pigs/217.cnf,"lower 2.50000000000000000000000000000000000e-1 upper 7.50000000000000000000000000000000000e-1 Final circuit size: 389 Estimated probability 0.25000000 (epsilon 0) found in 0 seconds ",
195,:,1737463788.000,0.000,0,183,0,0,"schlandals --timeout 1500 -i /data/schlandals/pwmc_benchmarks/instances/bayesian_networks/pcnf/pigs/195.cnf compile | tr '\n' ' '",/data/schlandals/pwmc_benchmarks/instances/bayesian_networks/pcnf/pigs/195.cnf,"lower 2.50000000000000000000000000000000000e-1 upper 7.50000000000000000000000000000000000e-1 Final circuit size: 3968 Estimated probability 0.25000000 (epsilon 0) found in 0 seconds ",
218,:,1737463788.000,0.000,0,182,0,0,"schlandals --timeout 1500 -i /data/schlandals/pwmc_benchmarks/instances/bayesian_networks/pcnf/pigs/218.cnf compile | tr '\n' ' '",/data/schlandals/pwmc_benchmarks/instances/bayesian_networks/pcnf/pigs/218.cnf,"lower 5.00000000000000000000000000000000000e-1 upper 5.00000000000000000000000000000000000e-1 Final circuit size: 578 Estimated probability 0.50000000 (epsilon 0) found in 0 seconds ",
219,:,1737463788.000,0.000,0,182,0,0,"schlandals --timeout 1500 -i /data/schlandals/pwmc_benchmarks/instances/bayesian_networks/pcnf/pigs/219.cnf compile | tr '\n' ' '",/data/schlandals/pwmc_benchmarks/instances/bayesian_networks/pcnf/pigs/219.cnf,"lower 2.50000000000000000000000000000000000e-1 upper 7.50000000000000000000000000000000000e-1 Final circuit size: 389 Estimated probability 0.25000000 (epsilon 0) found in 0 seconds ",
193,:,1737463788.000,0.000,0,183,0,0,"schlandals --timeout 1500 -i /data/schlandals/pwmc_benchmarks/instances/bayesian_networks/pcnf/pigs/193.cnf compile | tr '\n' ' '",/data/schlandals/pwmc_benchmarks/instances/bayesian_networks/pcnf/pigs/193.cnf,"lower 2.50000000000000000000000000000000000e-1 upper 7.50000000000000000000000000000000000e-1 Final circuit size: 3958 Estimated probability 0.25000000 (epsilon 0) found in 0 seconds ",
194,:,1737463788.000,0.000,0,183,0,0,"schlandals --timeout 1500 -i /data/schlandals/pwmc_benchmarks/instances/bayesian_networks/pcnf/pigs/194.cnf compile | tr '\n' ' '",/data/schlandals/pwmc_benchmarks/instances/bayesian_networks/pcnf/pigs/194.cnf,"lower 5.00000000000000000000000000000000000e-1 upper 5.00000000000000000000000000000000000e-1 Final circuit size: 4889 Estimated probability 0.50000000 (epsilon 0) found in 0 seconds ",
220,:,1737463788.000,0.000,0,182,0,0,"schlandals --timeout 1500 -i /data/schlandals/pwmc_benchmarks/instances/bayesian_networks/pcnf/pigs/220.cnf compile | tr '\n' ' '",/data/schlandals/pwmc_benchmarks/instances/bayesian_networks/pcnf/pigs/220.cnf,"lower 2.50000000000000000000000000000000000e-1 upper 7.50000000000000000000000000000000000e-1 Final circuit size: 389 Estimated probability 0.25000000 (epsilon 0) found in 0 seconds ",
221,:,1737463788.000,0.000,0,182,0,0,"schlandals --timeout 1500 -i /data/schlandals/pwmc_benchmarks/instances/bayesian_networks/pcnf/pigs/221.cnf compile | tr '\n' ' '",/data/schlandals/pwmc_benchmarks/instances/bayesian_networks/pcnf/pigs/221.cnf,"lower 5.00000000000000000000000000000000000e-1 upper 5.00000000000000000000000000000000000e-1 Final circuit size: 578 Estimated probability 0.50000000 (epsilon 0) found in 0 seconds ",
222,:,1737463788.000,0.000,0,182,0,0,"schlandals --timeout 1500 -i /data/schlandals/pwmc_benchmarks/instances/bayesian_networks/pcnf/pigs/222.cnf compile | tr '\n' ' '",/data/schlandals/pwmc_benchmarks/instances/bayesian_networks/pcnf/pigs/222.cnf,"lower 2.50000000000000000000000000000000000e-1 upper 7.50000000000000000000000000000000000e-1 Final circuit size: 389 Estimated probability 0.25000000 (epsilon 0) found in 0 seconds ",
223,:,1737463788.000,0.000,0,182,0,0,"schlandals --timeout 1500 -i /data/schlandals/pwmc_benchmarks/instances/bayesian_networks/pcnf/pigs/223.cnf compile | tr '\n' ' '",/data/schlandals/pwmc_benchmarks/instances/bayesian_networks/pcnf/pigs/223.cnf,"lower 2.50000000000000000000000000000000000e-1 upper 7.50000000000000000000000000000000000e-1 Final circuit size: 396 Estimated probability 0.25000000 (epsilon 0) found in 0 seconds ",
224,:,1737463788.000,0.000,0,182,0,0,"schlandals --timeout 1500 -i /data/schlandals/pwmc_benchmarks/instances/bayesian_networks/pcnf/pigs/224.cnf compile | tr '\n' ' '",/data/schlandals/pwmc_benchmarks/instances/bayesian_networks/pcnf/pigs/224.cnf,"lower 5.00000000000000000000000000000000000e-1 upper 5.00000000000000000000000000000000000e-1 Final circuit size: 534 Estimated probability 0.50000000 (epsilon 0) found in 0 seconds ",
225,:,1737463788.000,0.000,0,182,0,0,"schlandals --timeout 1500 -i /data/schlandals/pwmc_benchmarks/instances/bayesian_networks/pcnf/pigs/225.cnf compile | tr '\n' ' '",/data/schlandals/pwmc_benchmarks/instances/bayesian_networks/pcnf/pigs/225.cnf,"lower 2.50000000000000000000000000000000000e-1 upper 7.50000000000000000000000000000000000e-1 Final circuit size: 410 Estimated probability 0.25000000 (epsilon 0) found in 0 seconds ",
229,:,1737463788.000,0.000,0,182,0,0,"schlandals --timeout 1500 -i /data/schlandals/pwmc_benchmarks/instances/bayesian_networks/pcnf/pigs/229.cnf compile | tr '\n' ' '",/data/schlandals/pwmc_benchmarks/instances/bayesian_networks/pcnf/pigs/229.cnf,"lower 2.50000000000000000000000000000000000e-1 upper 7.50000000000000000000000000000000000e-1 Final circuit size: 400 Estimated probability 0.25000000 (epsilon 0) found in 0 seconds ",
230,:,1737463788.000,0.000,0,182,0,0,"schlandals --timeout 1500 -i /data/schlandals/pwmc_benchmarks/instances/bayesian_networks/pcnf/pigs/230.cnf compile | tr '\n' ' '",/data/schlandals/pwmc_benchmarks/instances/bayesian_networks/pcnf/pigs/230.cnf,"lower 5.00000000000000000000000000000000000e-1 upper 5.00000000000000000000000000000000000e-1 Final circuit size: 523 Estimated probability 0.50000000 (epsilon 0) found in 0 seconds ",
214,:,1737463788.000,0.000,0,183,0,0,"schlandals --timeout 1500 -i /data/schlandals/pwmc_benchmarks/instances/bayesian_networks/pcnf/pigs/214.cnf compile | tr '\n' ' '",/data/schlandals/pwmc_benchmarks/instances/bayesian_networks/pcnf/pigs/214.cnf,"lower 2.50000000000000000000000000000000000e-1 upper 7.50000000000000000000000000000000000e-1 Final circuit size: 3988 Estimated probability 0.25000000 (epsilon 0) found in 0 seconds ",
231,:,1737463788.000,0.000,0,182,0,0,"schlandals --timeout 1500 -i /data/schlandals/pwmc_benchmarks/instances/bayesian_networks/pcnf/pigs/231.cnf compile | tr '\n' ' '",/data/schlandals/pwmc_benchmarks/instances/bayesian_networks/pcnf/pigs/231.cnf,"lower 2.50000000000000000000000000000000000e-1 upper 7.50000000000000000000000000000000000e-1 Final circuit size: 406 Estimated probability 0.25000000 (epsilon 0) found in 0 seconds ",
152,:,1737463788.000,0.000,0,184,0,0,"schlandals --timeout 1500 -i /data/schlandals/pwmc_benchmarks/instances/bayesian_networks/pcnf/pigs/152.cnf compile | tr '\n' ' '",/data/schlandals/pwmc_benchmarks/instances/bayesian_networks/pcnf/pigs/152.cnf,"lower 4.37500000000000000000000000000000000e-1 upper 5.62500000000000000000000000000000000e-1 Final circuit size: 13758 Estimated probability 0.43750000 (epsilon 0) found in 0 seconds ",
164,:,1737463788.000,0.000,0,184,0,0,"schlandals --timeout 1500 -i /data/schlandals/pwmc_benchmarks/instances/bayesian_networks/pcnf/pigs/164.cnf compile | tr '\n' ' '",/data/schlandals/pwmc_benchmarks/instances/bayesian_networks/pcnf/pigs/164.cnf,"lower 4.84375000000000000000000000000000000e-1 upper 5.15625000000000000000000000000000000e-1 Final circuit size: 17652 Estimated probability 0.48437500 (epsilon 0) found in 0 seconds ",
211,:,1737463788.000,0.000,0,183,0,0,"schlandals --timeout 1500 -i /data/schlandals/pwmc_benchmarks/instances/bayesian_networks/pcnf/pigs/211.cnf compile | tr '\n' ' '",/data/schlandals/pwmc_benchmarks/instances/bayesian_networks/pcnf/pigs/211.cnf,"lower 2.50000000000000000000000000000000000e-1 upper 7.50000000000000000000000000000000000e-1 Final circuit size: 3998 Estimated probability 0.25000000 (epsilon 0) found in 0 seconds ",
212,:,1737463788.000,0.000,0,183,0,0,"schlandals --timeout 1500 -i /data/schlandals/pwmc_benchmarks/instances/bayesian_networks/pcnf/pigs/212.cnf compile | tr '\n' ' '",/data/schlandals/pwmc_benchmarks/instances/bayesian_networks/pcnf/pigs/212.cnf,"lower 5.00000000000000000000000000000000000e-1 upper 5.00000000000000000000000000000000000e-1 Final circuit size: 4910 Estimated probability 0.50000000 (epsilon 0) found in 0 seconds ",
213,:,1737463788.000,0.000,0,183,0,0,"schlandals --timeout 1500 -i /data/schlandals/pwmc_benchmarks/instances/bayesian_networks/pcnf/pigs/213.cnf compile | tr '\n' ' '",/data/schlandals/pwmc_benchmarks/instances/bayesian_networks/pcnf/pigs/213.cnf,"lower 2.50000000000000000000000000000000000e-1 upper 7.50000000000000000000000000000000000e-1 Final circuit size: 3948 Estimated probability 0.25000000 (epsilon 0) found in 0 seconds ",
215,:,1737463788.000,0.000,0,183,0,0,"schlandals --timeout 1500 -i /data/schlandals/pwmc_benchmarks/instances/bayesian_networks/pcnf/pigs/215.cnf compile | tr '\n' ' '",/data/schlandals/pwmc_benchmarks/instances/bayesian_networks/pcnf/pigs/215.cnf,"lower 5.00000000000000000000000000000000000e-1 upper 5.00000000000000000000000000000000000e-1 Final circuit size: 4910 Estimated probability 0.50000000 (epsilon 0) found in 0 seconds ",
216,:,1737463788.000,0.000,0,183,0,0,"schlandals --timeout 1500 -i /data/schlandals/pwmc_benchmarks/instances/bayesian_networks/pcnf/pigs/216.cnf compile | tr '\n' ' '",/data/schlandals/pwmc_benchmarks/instances/bayesian_networks/pcnf/pigs/216.cnf,"lower 2.50000000000000000000000000000000000e-1 upper 7.50000000000000000000000000000000000e-1 Final circuit size: 3918 Estimated probability 0.25000000 (epsilon 0) found in 0 seconds ",
123,:,1737463787.000,1.000,0,184,0,0,"schlandals --timeout 1500 -i /data/schlandals/pwmc_benchmarks/instances/bayesian_networks/pcnf/pigs/123.cnf compile | tr '\n' ' '",/data/schlandals/pwmc_benchmarks/instances/bayesian_networks/pcnf/pigs/123.cnf,"lower 2.57812500000000000000000000000000000e-1 upper 7.42187500000000000000000000000000000e-1 Final circuit size: 17093 Estimated probability 0.25781250 (epsilon 0) found in 0 seconds ",
160,:,1737463788.000,0.000,0,184,0,0,"schlandals --timeout 1500 -i /data/schlandals/pwmc_benchmarks/instances/bayesian_networks/pcnf/pigs/160.cnf compile | tr '\n' ' '",/data/schlandals/pwmc_benchmarks/instances/bayesian_networks/pcnf/pigs/160.cnf,"lower 2.57812500000000000000000000000000000e-1 upper 7.42187500000000000000000000000000000e-1 Final circuit size: 17148 Estimated probability 0.25781250 (epsilon 0) found in 0 seconds ",
163,:,1737463788.000,0.000,0,184,0,0,"schlandals --timeout 1500 -i /data/schlandals/pwmc_benchmarks/instances/bayesian_networks/pcnf/pigs/163.cnf compile | tr '\n' ' '",/data/schlandals/pwmc_benchmarks/instances/bayesian_networks/pcnf/pigs/163.cnf,"lower 2.57812500000000000000000000000000000e-1 upper 7.42187500000000000000000000000000000e-1 Final circuit size: 17071 Estimated probability 0.25781250 (epsilon 0) found in 0 seconds ",
244,:,1737463788.000,0.000,0,181,0,0,"schlandals --timeout 1500 -i /data/schlandals/pwmc_benchmarks/instances/bayesian_networks/pcnf/pigs/244.cnf compile | tr '\n' ' '",/data/schlandals/pwmc_benchmarks/instances/bayesian_networks/pcnf/pigs/244.cnf,"lower 2.50000000000000000000000000000000000e-1 upper 7.50000000000000000000000000000000000e-1 Final circuit size: 22 Estimated probability 0.25000000 (epsilon 0) found in 0 seconds ",
165,:,1737463788.000,0.000,0,184,0,0,"schlandals --timeout 1500 -i /data/schlandals/pwmc_benchmarks/instances/bayesian_networks/pcnf/pigs/165.cnf compile | tr '\n' ' '",/data/schlandals/pwmc_benchmarks/instances/bayesian_networks/pcnf/pigs/165.cnf,"lower 2.57812500000000000000000000000000000e-1 upper 7.42187500000000000000000000000000000e-1 Final circuit size: 17095 Estimated probability 0.25781250 (epsilon 0) found in 0 seconds ",
245,:,1737463788.000,0.000,0,181,0,0,"schlandals --timeout 1500 -i /data/schlandals/pwmc_benchmarks/instances/bayesian_networks/pcnf/pigs/245.cnf compile | tr '\n' ' '",/data/schlandals/pwmc_benchmarks/instances/bayesian_networks/pcnf/pigs/245.cnf,"lower 5.00000000000000000000000000000000000e-1 upper 5.00000000000000000000000000000000000e-1 Final circuit size: 34 Estimated probability 0.50000000 (epsilon 0) found in 0 seconds ",
246,:,1737463788.000,0.000,0,181,0,0,"schlandals --timeout 1500 -i /data/schlandals/pwmc_benchmarks/instances/bayesian_networks/pcnf/pigs/246.cnf compile | tr '\n' ' '",/data/schlandals/pwmc_benchmarks/instances/bayesian_networks/pcnf/pigs/246.cnf,"lower 2.50000000000000000000000000000000000e-1 upper 7.50000000000000000000000000000000000e-1 Final circuit size: 22 Estimated probability 0.25000000 (epsilon 0) found in 0 seconds ",
168,:,1737463788.000,0.000,0,184,0,0,"schlandals --timeout 1500 -i /data/schlandals/pwmc_benchmarks/instances/bayesian_networks/pcnf/pigs/168.cnf compile | tr '\n' ' '",/data/schlandals/pwmc_benchmarks/instances/bayesian_networks/pcnf/pigs/168.cnf,"lower 2.57812500000000000000000000000000000e-1 upper 7.42187500000000000000000000000000000e-1 Final circuit size: 17289 Estimated probability 0.25781250 (epsilon 0) found in 0 seconds ",
161,:,1737463788.000,0.000,0,184,0,0,"schlandals --timeout 1500 -i /data/schlandals/pwmc_benchmarks/instances/bayesian_networks/pcnf/pigs/161.cnf compile | tr '\n' ' '",/data/schlandals/pwmc_benchmarks/instances/bayesian_networks/pcnf/pigs/161.cnf,"lower 4.84375000000000000000000000000000000e-1 upper 5.15625000000000000000000000000000000e-1 Final circuit size: 17865 Estimated probability 0.48437500 (epsilon 0) found in 0 seconds ",
162,:,1737463788.000,0.000,0,184,0,0,"schlandals --timeout 1500 -i /data/schlandals/pwmc_benchmarks/instances/bayesian_networks/pcnf/pigs/162.cnf compile | tr '\n' ' '",/data/schlandals/pwmc_benchmarks/instances/bayesian_networks/pcnf/pigs/162.cnf,"lower 2.57812500000000000000000000000000000e-1 upper 7.42187500000000000000000000000000000e-1 Final circuit size: 17252 Estimated probability 0.25781250 (epsilon 0) found in 0 seconds ",
186,:,1737463788.000,0.000,0,184,0,0,"schlandals --timeout 1500 -i /data/schlandals/pwmc_benchmarks/instances/bayesian_networks/pcnf/pigs/186.cnf compile | tr '\n' ' '",/data/schlandals/pwmc_benchmarks/instances/bayesian_networks/pcnf/pigs/186.cnf,"lower 2.50000000000000000000000000000000000e-1 upper 7.50000000000000000000000000000000000e-1 Final circuit size: 10756 Estimated probability 0.25000000 (epsilon 0) found in 0 seconds ",
253,:,1737463788.000,0.000,0,182,0,0,"schlandals --timeout 1500 -i /data/schlandals/pwmc_benchmarks/instances/bayesian_networks/pcnf/pigs/253.cnf compile | tr '\n' ' '",/data/schlandals/pwmc_benchmarks/instances/bayesian_networks/pcnf/pigs/253.cnf,"lower 2.50000000000000000000000000000000000e-1 upper 7.50000000000000000000000000000000000e-1 Final circuit size: 372 Estimated probability 0.25000000 (epsilon 0) found in 0 seconds ",
254,:,1737463788.000,0.000,0,182,0,0,"schlandals --timeout 1500 -i /data/schlandals/pwmc_benchmarks/instances/bayesian_networks/pcnf/pigs/254.cnf compile | tr '\n' ' '",/data/schlandals/pwmc_benchmarks/instances/bayesian_networks/pcnf/pigs/254.cnf,"lower 5.00000000000000000000000000000000000e-1 upper 5.00000000000000000000000000000000000e-1 Final circuit size: 557 Estimated probability 0.50000000 (epsilon 0) found in 0 seconds ",
181,:,1737463788.000,0.000,0,184,0,0,"schlandals --timeout 1500 -i /data/schlandals/pwmc_benchmarks/instances/bayesian_networks/pcnf/pigs/181.cnf compile | tr '\n' ' '",/data/schlandals/pwmc_benchmarks/instances/bayesian_networks/pcnf/pigs/181.cnf,"lower 2.50000000000000000000000000000000000e-1 upper 7.50000000000000000000000000000000000e-1 Final circuit size: 10800 Estimated probability 0.25000000 (epsilon 0) found in 0 seconds ",
182,:,1737463788.000,0.000,0,184,0,0,"schlandals --timeout 1500 -i /data/schlandals/pwmc_benchmarks/instances/bayesian_networks/pcnf/pigs/182.cnf compile | tr '\n' ' '",/data/schlandals/pwmc_benchmarks/instances/bayesian_networks/pcnf/pigs/182.cnf,"lower 5.00000000000000000000000000000000000e-1 upper 5.00000000000000000000000000000000000e-1 Final circuit size: 13569 Estimated probability 0.50000000 (epsilon 0) found in 0 seconds ",
257,:,1737463788.000,0.000,0,182,0,0,"schlandals --timeout 1500 -i /data/schlandals/pwmc_benchmarks/instances/bayesian_networks/pcnf/pigs/257.cnf compile | tr '\n' ' '",/data/schlandals/pwmc_benchmarks/instances/bayesian_networks/pcnf/pigs/257.cnf,"lower 5.00000000000000000000000000000000000e-1 upper 5.00000000000000000000000000000000000e-1 Final circuit size: 557 Estimated probability 0.50000000 (epsilon 0) found in 0 seconds ",
184,:,1737463788.000,0.000,0,184,0,0,"schlandals --timeout 1500 -i /data/schlandals/pwmc_benchmarks/instances/bayesian_networks/pcnf/pigs/184.cnf compile | tr '\n' ' '",/data/schlandals/pwmc_benchmarks/instances/bayesian_networks/pcnf/pigs/184.cnf,"lower 2.50000000000000000000000000000000000e-1 upper 7.50000000000000000000000000000000000e-1 Final circuit size: 10762 Estimated probability 0.25000000 (epsilon 0) found in 0 seconds ",
255,:,1737463788.000,0.000,0,182,0,0,"schlandals --timeout 1500 -i /data/schlandals/pwmc_benchmarks/instances/bayesian_networks/pcnf/pigs/255.cnf compile | tr '\n' ' '",/data/schlandals/pwmc_benchmarks/instances/bayesian_networks/pcnf/pigs/255.cnf,"lower 2.50000000000000000000000000000000000e-1 upper 7.50000000000000000000000000000000000e-1 Final circuit size: 372 Estimated probability 0.25000000 (epsilon 0) found in 0 seconds ",
256,:,1737463788.000,0.000,0,182,0,0,"schlandals --timeout 1500 -i /data/schlandals/pwmc_benchmarks/instances/bayesian_networks/pcnf/pigs/256.cnf compile | tr '\n' ' '",/data/schlandals/pwmc_benchmarks/instances/bayesian_networks/pcnf/pigs/256.cnf,"lower 2.50000000000000000000000000000000000e-1 upper 7.50000000000000000000000000000000000e-1 Final circuit size: 372 Estimated probability 0.25000000 (epsilon 0) found in 0 seconds ",
183,:,1737463788.000,0.000,0,184,0,0,"schlandals --timeout 1500 -i /data/schlandals/pwmc_benchmarks/instances/bayesian_networks/pcnf/pigs/183.cnf compile | tr '\n' ' '",/data/schlandals/pwmc_benchmarks/instances/bayesian_networks/pcnf/pigs/183.cnf,"lower 2.50000000000000000000000000000000000e-1 upper 7.50000000000000000000000000000000000e-1 Final circuit size: 10871 Estimated probability 0.25000000 (epsilon 0) found in 0 seconds ",
166,:,1737463788.000,0.000,0,184,0,0,"schlandals --timeout 1500 -i /data/schlandals/pwmc_benchmarks/instances/bayesian_networks/pcnf/pigs/166.cnf compile | tr '\n' ' '",/data/schlandals/pwmc_benchmarks/instances/bayesian_networks/pcnf/pigs/166.cnf,"lower 2.57812500000000000000000000000000000e-1 upper 7.42187500000000000000000000000000000e-1 Final circuit size: 17221 Estimated probability 0.25781250 (epsilon 0) found in 0 seconds ",
185,:,1737463788.000,0.000,0,184,0,0,"schlandals --timeout 1500 -i /data/schlandals/pwmc_benchmarks/instances/bayesian_networks/pcnf/pigs/185.cnf compile | tr '\n' ' '",/data/schlandals/pwmc_benchmarks/instances/bayesian_networks/pcnf/pigs/185.cnf,"lower 5.00000000000000000000000000000000000e-1 upper 5.00000000000000000000000000000000000e-1 Final circuit size: 13667 Estimated probability 0.50000000 (epsilon 0) found in 0 seconds ",
151,:,1737463788.000,0.000,0,184,0,0,"schlandals --timeout 1500 -i /data/schlandals/pwmc_benchmarks/instances/bayesian_networks/pcnf/pigs/151.cnf compile | tr '\n' ' '",/data/schlandals/pwmc_benchmarks/instances/bayesian_networks/pcnf/pigs/151.cnf,"lower 2.81250000000000000000000000000000000e-1 upper 7.18750000000000000000000000000000000e-1 Final circuit size: 13652 Estimated probability 0.28125000 (epsilon 0) found in 0 seconds ",
208,:,1737463788.000,0.000,0,184,0,0,"schlandals --timeout 1500 -i /data/schlandals/pwmc_benchmarks/instances/bayesian_networks/pcnf/pigs/208.cnf compile | tr '\n' ' '",/data/schlandals/pwmc_benchmarks/instances/bayesian_networks/pcnf/pigs/208.cnf,"lower 2.50000000000000000000000000000000000e-1 upper 7.50000000000000000000000000000000000e-1 Final circuit size: 11115 Estimated probability 0.25000000 (epsilon 0) found in 0 seconds ",
258,:,1737463788.000,0.000,0,182,0,0,"schlandals --timeout 1500 -i /data/schlandals/pwmc_benchmarks/instances/bayesian_networks/pcnf/pigs/258.cnf compile | tr '\n' ' '",/data/schlandals/pwmc_benchmarks/instances/bayesian_networks/pcnf/pigs/258.cnf,"lower 2.50000000000000000000000000000000000e-1 upper 7.50000000000000000000000000000000000e-1 Final circuit size: 372 Estimated probability 0.25000000 (epsilon 0) found in 0 seconds ",
192,:,1737463788.000,0.000,0,184,0,0,"schlandals --timeout 1500 -i /data/schlandals/pwmc_benchmarks/instances/bayesian_networks/pcnf/pigs/192.cnf compile | tr '\n' ' '",/data/schlandals/pwmc_benchmarks/instances/bayesian_networks/pcnf/pigs/192.cnf,"lower 2.50000000000000000000000000000000000e-1 upper 7.50000000000000000000000000000000000e-1 Final circuit size: 13121 Estimated probability 0.25000000 (epsilon 0) found in 0 seconds ",
191,:,1737463788.000,0.000,0,184,0,0,"schlandals --timeout 1500 -i /data/schlandals/pwmc_benchmarks/instances/bayesian_networks/pcnf/pigs/191.cnf compile | tr '\n' ' '",/data/schlandals/pwmc_benchmarks/instances/bayesian_networks/pcnf/pigs/191.cnf,"lower 5.00000000000000000000000000000000000e-1 upper 5.00000000000000000000000000000000000e-1 Final circuit size: 13613 Estimated probability 0.50000000 (epsilon 0) found in 0 seconds ",
153,:,1737463788.000,0.000,0,184,0,0,"schlandals --timeout 1500 -i /data/schlandals/pwmc_benchmarks/instances/bayesian_networks/pcnf/pigs/153.cnf compile | tr '\n' ' '",/data/schlandals/pwmc_benchmarks/instances/bayesian_networks/pcnf/pigs/153.cnf,"lower 2.81250000000000000000000000000000000e-1 upper 7.18750000000000000000000000000000000e-1 Final circuit size: 13734 Estimated probability 0.28125000 (epsilon 0) found in 0 seconds ",
190,:,1737463788.000,0.000,0,184,0,0,"schlandals --timeout 1500 -i /data/schlandals/pwmc_benchmarks/instances/bayesian_networks/pcnf/pigs/190.cnf compile | tr '\n' ' '",/data/schlandals/pwmc_benchmarks/instances/bayesian_networks/pcnf/pigs/190.cnf,"lower 2.50000000000000000000000000000000000e-1 upper 7.50000000000000000000000000000000000e-1 Final circuit size: 12702 Estimated probability 0.25000000 (epsilon 0) found in 0 seconds ",
203,:,1737463788.000,0.000,0,184,0,0,"schlandals --timeout 1500 -i /data/schlandals/pwmc_benchmarks/instances/bayesian_networks/pcnf/pigs/203.cnf compile | tr '\n' ' '",/data/schlandals/pwmc_benchmarks/instances/bayesian_networks/pcnf/pigs/203.cnf,"lower 5.00000000000000000000000000000000000e-1 upper 5.00000000000000000000000000000000000e-1 Final circuit size: 13456 Estimated probability 0.50000000 (epsilon 0) found in 0 seconds ",
207,:,1737463788.000,0.000,0,184,0,0,"schlandals --timeout 1500 -i /data/schlandals/pwmc_benchmarks/instances/bayesian_networks/pcnf/pigs/207.cnf compile | tr '\n' ' '",/data/schlandals/pwmc_benchmarks/instances/bayesian_networks/pcnf/pigs/207.cnf,"lower 2.50000000000000000000000000000000000e-1 upper 7.50000000000000000000000000000000000e-1 Final circuit size: 11032 Estimated probability 0.25000000 (epsilon 0) found in 0 seconds ",
167,:,1737463788.000,0.000,0,184,0,0,"schlandals --timeout 1500 -i /data/schlandals/pwmc_benchmarks/instances/bayesian_networks/pcnf/pigs/167.cnf compile | tr '\n' ' '",/data/schlandals/pwmc_benchmarks/instances/bayesian_networks/pcnf/pigs/167.cnf,"lower 4.84375000000000000000000000000000000e-1 upper 5.15625000000000000000000000000000000e-1 Final circuit size: 17697 Estimated probability 0.48437500 (epsilon 0) found in 0 seconds ",
262,:,1737463788.000,0.000,0,182,0,0,"schlandals --timeout 1500 -i /data/schlandals/pwmc_benchmarks/instances/bayesian_networks/pcnf/pigs/262.cnf compile | tr '\n' ' '",/data/schlandals/pwmc_benchmarks/instances/bayesian_networks/pcnf/pigs/262.cnf,"lower 2.50000000000000000000000000000000000e-1 upper 7.50000000000000000000000000000000000e-1 Final circuit size: 108 Estimated probability 0.25000000 (epsilon 0) found in 0 seconds ",
250,:,1737463788.000,0.000,0,183,0,0,"schlandals --timeout 1500 -i /data/schlandals/pwmc_benchmarks/instances/bayesian_networks/pcnf/pigs/250.cnf compile | tr '\n' ' '",/data/schlandals/pwmc_benchmarks/instances/bayesian_networks/pcnf/pigs/250.cnf,"lower 2.65625000000000000000000000000000000e-1 upper 7.34375000000000000000000000000000000e-1 Final circuit size: 3502 Estimated probability 0.26562500 (epsilon 0) found in 0 seconds ",
251,:,1737463788.000,0.000,0,183,0,0,"schlandals --timeout 1500 -i /data/schlandals/pwmc_benchmarks/instances/bayesian_networks/pcnf/pigs/251.cnf compile | tr '\n' ' '",/data/schlandals/pwmc_benchmarks/instances/bayesian_networks/pcnf/pigs/251.cnf,"lower 4.68750000000000000000000000000000000e-1 upper 5.31250000000000000000000000000000000e-1 Final circuit size: 3653 Estimated probability 0.46875000 (epsilon 0) found in 0 seconds ",
202,:,1737463788.000,0.000,0,184,0,0,"schlandals --timeout 1500 -i /data/schlandals/pwmc_benchmarks/instances/bayesian_networks/pcnf/pigs/202.cnf compile | tr '\n' ' '",/data/schlandals/pwmc_benchmarks/instances/bayesian_networks/pcnf/pigs/202.cnf,"lower 2.50000000000000000000000000000000000e-1 upper 7.50000000000000000000000000000000000e-1 Final circuit size: 11067 Estimated probability 0.25000000 (epsilon 0) found in 0 seconds ",
263,:,1737463788.000,0.000,0,182,0,0,"schlandals --timeout 1500 -i /data/schlandals/pwmc_benchmarks/instances/bayesian_networks/pcnf/pigs/263.cnf compile | tr '\n' ' '",/data/schlandals/pwmc_benchmarks/instances/bayesian_networks/pcnf/pigs/263.cnf,"lower 5.00000000000000000000000000000000000e-1 upper 5.00000000000000000000000000000000000e-1 Final circuit size: 162 Estimated probability 0.50000000 (epsilon 0) found in 0 seconds ",
252,:,1737463788.000,0.000,0,183,0,0,"schlandals --timeout 1500 -i /data/schlandals/pwmc_benchmarks/instances/bayesian_networks/pcnf/pigs/252.cnf compile | tr '\n' ' '",/data/schlandals/pwmc_benchmarks/instances/bayesian_networks/pcnf/pigs/252.cnf,"lower 2.65625000000000000000000000000000000e-1 upper 7.34375000000000000000000000000000000e-1 Final circuit size: 3400 Estimated probability 0.26562500 (epsilon 0) found in 0 seconds ",
264,:,1737463788.000,0.000,0,182,0,0,"schlandals --timeout 1500 -i /data/schlandals/pwmc_benchmarks/instances/bayesian_networks/pcnf/pigs/264.cnf compile | tr '\n' ' '",/data/schlandals/pwmc_benchmarks/instances/bayesian_networks/pcnf/pigs/264.cnf,"lower 2.50000000000000000000000000000000000e-1 upper 7.50000000000000000000000000000000000e-1 Final circuit size: 108 Estimated probability 0.25000000 (epsilon 0) found in 0 seconds ",
265,:,1737463788.000,0.000,0,181,0,0,"schlandals --timeout 1500 -i /data/schlandals/pwmc_benchmarks/instances/bayesian_networks/pcnf/pigs/265.cnf compile | tr '\n' ' '",/data/schlandals/pwmc_benchmarks/instances/bayesian_networks/pcnf/pigs/265.cnf,"lower 2.50000000000000000000000000000000000e-1 upper 7.50000000000000000000000000000000000e-1 Final circuit size: 22 Estimated probability 0.25000000 (epsilon 0) found in 0 seconds ",
266,:,1737463788.000,0.000,0,181,0,0,"schlandals --timeout 1500 -i /data/schlandals/pwmc_benchmarks/instances/bayesian_networks/pcnf/pigs/266.cnf compile | tr '\n' ' '",/data/schlandals/pwmc_benchmarks/instances/bayesian_networks/pcnf/pigs/266.cnf,"lower 5.00000000000000000000000000000000000e-1 upper 5.00000000000000000000000000000000000e-1 Final circuit size: 34 Estimated probability 0.50000000 (epsilon 0) found in 0 seconds ",
267,:,1737463788.000,0.000,0,181,0,0,"schlandals --timeout 1500 -i /data/schlandals/pwmc_benchmarks/instances/bayesian_networks/pcnf/pigs/267.cnf compile | tr '\n' ' '",/data/schlandals/pwmc_benchmarks/instances/bayesian_networks/pcnf/pigs/267.cnf,"lower 2.50000000000000000000000000000000000e-1 upper 7.50000000000000000000000000000000000e-1 Final circuit size: 22 Estimated probability 0.25000000 (epsilon 0) found in 0 seconds ",
268,:,1737463788.000,0.000,0,182,0,0,"schlandals --timeout 1500 -i /data/schlandals/pwmc_benchmarks/instances/bayesian_networks/pcnf/pigs/268.cnf compile | tr '\n' ' '",/data/schlandals/pwmc_benchmarks/instances/bayesian_networks/pcnf/pigs/268.cnf,"lower 2.50000000000000000000000000000000000e-1 upper 7.50000000000000000000000000000000000e-1 Final circuit size: 111 Estimated probability 0.25000000 (epsilon 0) found in 0 seconds ",
209,:,1737463788.000,0.000,0,184,0,0,"schlandals --timeout 1500 -i /data/schlandals/pwmc_benchmarks/instances/bayesian_networks/pcnf/pigs/209.cnf compile | tr '\n' ' '",/data/schlandals/pwmc_benchmarks/instances/bayesian_networks/pcnf/pigs/209.cnf,"lower 5.00000000000000000000000000000000000e-1 upper 5.00000000000000000000000000000000000e-1 Final circuit size: 13397 Estimated probability 0.50000000 (epsilon 0) found in 0 seconds ",
269,:,1737463788.000,0.000,0,182,0,0,"schlandals --timeout 1500 -i /data/schlandals/pwmc_benchmarks/instances/bayesian_networks/pcnf/pigs/269.cnf compile | tr '\n' ' '",/data/schlandals/pwmc_benchmarks/instances/bayesian_networks/pcnf/pigs/269.cnf,"lower 5.00000000000000000000000000000000000e-1 upper 5.00000000000000000000000000000000000e-1 Final circuit size: 162 Estimated probability 0.50000000 (epsilon 0) found in 0 seconds ",
272,:,1737463788.000,0.000,0,182,0,0,"schlandals --timeout 1500 -i /data/schlandals/pwmc_benchmarks/instances/bayesian_networks/pcnf/pigs/272.cnf compile | tr '\n' ' '",/data/schlandals/pwmc_benchmarks/instances/bayesian_networks/pcnf/pigs/272.cnf,"lower 5.00000000000000000000000000000000000e-1 upper 5.00000000000000000000000000000000000e-1 Final circuit size: 162 Estimated probability 0.50000000 (epsilon 0) found in 0 seconds ",
270,:,1737463788.000,0.000,0,182,0,0,"schlandals --timeout 1500 -i /data/schlandals/pwmc_benchmarks/instances/bayesian_networks/pcnf/pigs/270.cnf compile | tr '\n' ' '",/data/schlandals/pwmc_benchmarks/instances/bayesian_networks/pcnf/pigs/270.cnf,"lower 2.50000000000000000000000000000000000e-1 upper 7.50000000000000000000000000000000000e-1 Final circuit size: 111 Estimated probability 0.25000000 (epsilon 0) found in 0 seconds ",
273,:,1737463788.000,0.000,0,182,0,0,"schlandals --timeout 1500 -i /data/schlandals/pwmc_benchmarks/instances/bayesian_networks/pcnf/pigs/273.cnf compile | tr '\n' ' '",/data/schlandals/pwmc_benchmarks/instances/bayesian_networks/pcnf/pigs/273.cnf,"lower 2.50000000000000000000000000000000000e-1 upper 7.50000000000000000000000000000000000e-1 Final circuit size: 108 Estimated probability 0.25000000 (epsilon 0) found in 0 seconds ",
206,:,1737463788.000,0.000,0,184,0,0,"schlandals --timeout 1500 -i /data/schlandals/pwmc_benchmarks/instances/bayesian_networks/pcnf/pigs/206.cnf compile | tr '\n' ' '",/data/schlandals/pwmc_benchmarks/instances/bayesian_networks/pcnf/pigs/206.cnf,"lower 5.00000000000000000000000000000000000e-1 upper 5.00000000000000000000000000000000000e-1 Final circuit size: 13456 Estimated probability 0.50000000 (epsilon 0) found in 0 seconds ",
271,:,1737463788.000,0.000,0,182,0,0,"schlandals --timeout 1500 -i /data/schlandals/pwmc_benchmarks/instances/bayesian_networks/pcnf/pigs/271.cnf compile | tr '\n' ' '",/data/schlandals/pwmc_benchmarks/instances/bayesian_networks/pcnf/pigs/271.cnf,"lower 2.50000000000000000000000000000000000e-1 upper 7.50000000000000000000000000000000000e-1 Final circuit size: 108 Estimated probability 0.25000000 (epsilon 0) found in 0 seconds ",
205,:,1737463788.000,0.000,0,184,0,0,"schlandals --timeout 1500 -i /data/schlandals/pwmc_benchmarks/instances/bayesian_networks/pcnf/pigs/205.cnf compile | tr '\n' ' '",/data/schlandals/pwmc_benchmarks/instances/bayesian_networks/pcnf/pigs/205.cnf,"lower 2.50000000000000000000000000000000000e-1 upper 7.50000000000000000000000000000000000e-1 Final circuit size: 10900 Estimated probability 0.25000000 (epsilon 0) found in 0 seconds ",
204,:,1737463788.000,0.000,0,184,0,0,"schlandals --timeout 1500 -i /data/schlandals/pwmc_benchmarks/instances/bayesian_networks/pcnf/pigs/204.cnf compile | tr '\n' ' '",/data/schlandals/pwmc_benchmarks/instances/bayesian_networks/pcnf/pigs/204.cnf,"lower 2.50000000000000000000000000000000000e-1 upper 7.50000000000000000000000000000000000e-1 Final circuit size: 11032 Estimated probability 0.25000000 (epsilon 0) found in 0 seconds ",
278,:,1737463788.000,0.000,0,183,0,0,"schlandals --timeout 1500 -i /data/schlandals/pwmc_benchmarks/instances/bayesian_networks/pcnf/pigs/278.cnf compile | tr '\n' ' '",/data/schlandals/pwmc_benchmarks/instances/bayesian_networks/pcnf/pigs/278.cnf,"lower 5.00000000000000000000000000000000000e-1 upper 5.00000000000000000000000000000000000e-1 Final circuit size: 1653 Estimated probability 0.50000000 (epsilon 0) found in 0 seconds ",
210,:,1737463788.000,0.000,0,184,0,0,"schlandals --timeout 1500 -i /data/schlandals/pwmc_benchmarks/instances/bayesian_networks/pcnf/pigs/210.cnf compile | tr '\n' ' '",/data/schlandals/pwmc_benchmarks/instances/bayesian_networks/pcnf/pigs/210.cnf,"lower 2.50000000000000000000000000000000000e-1 upper 7.50000000000000000000000000000000000e-1 Final circuit size: 11066 Estimated probability 0.25000000 (epsilon 0) found in 0 seconds ",
277,:,1737463788.000,0.000,0,183,0,0,"schlandals --timeout 1500 -i /data/schlandals/pwmc_benchmarks/instances/bayesian_networks/pcnf/pigs/277.cnf compile | tr '\n' ' '",/data/schlandals/pwmc_benchmarks/instances/bayesian_networks/pcnf/pigs/277.cnf,"lower 2.50000000000000000000000000000000000e-1 upper 7.50000000000000000000000000000000000e-1 Final circuit size: 1301 Estimated probability 0.25000000 (epsilon 0) found in 0 seconds ",
279,:,1737463788.000,0.000,0,183,0,0,"schlandals --timeout 1500 -i /data/schlandals/pwmc_benchmarks/instances/bayesian_networks/pcnf/pigs/279.cnf compile | tr '\n' ' '",/data/schlandals/pwmc_benchmarks/instances/bayesian_networks/pcnf/pigs/279.cnf,"lower 2.50000000000000000000000000000000000e-1 upper 7.50000000000000000000000000000000000e-1 Final circuit size: 1352 Estimated probability 0.25000000 (epsilon 0) found in 0 seconds ",
274,:,1737463788.000,0.000,0,183,0,0,"schlandals --timeout 1500 -i /data/schlandals/pwmc_benchmarks/instances/bayesian_networks/pcnf/pigs/274.cnf compile | tr '\n' ' '",/data/schlandals/pwmc_benchmarks/instances/bayesian_networks/pcnf/pigs/274.cnf,"lower 2.50000000000000000000000000000000000e-1 upper 7.50000000000000000000000000000000000e-1 Final circuit size: 3918 Estimated probability 0.25000000 (epsilon 0) found in 0 seconds ",
275,:,1737463788.000,0.000,0,183,0,0,"schlandals --timeout 1500 -i /data/schlandals/pwmc_benchmarks/instances/bayesian_networks/pcnf/pigs/275.cnf compile | tr '\n' ' '",/data/schlandals/pwmc_benchmarks/instances/bayesian_networks/pcnf/pigs/275.cnf,"lower 5.00000000000000000000000000000000000e-1 upper 5.00000000000000000000000000000000000e-1 Final circuit size: 4896 Estimated probability 0.50000000 (epsilon 0) found in 0 seconds ",
249,:,1737463788.000,0.000,0,184,0,0,"schlandals --timeout 1500 -i /data/schlandals/pwmc_benchmarks/instances/bayesian_networks/pcnf/pigs/249.cnf compile | tr '\n' ' '",/data/schlandals/pwmc_benchmarks/instances/bayesian_networks/pcnf/pigs/249.cnf,"lower 2.50000000000000000000000000000000000e-1 upper 7.50000000000000000000000000000000000e-1 Final circuit size: 10736 Estimated probability 0.25000000 (epsilon 0) found in 0 seconds ",
289,:,1737463788.000,0.000,0,183,0,0,"schlandals --timeout 1500 -i /data/schlandals/pwmc_benchmarks/instances/bayesian_networks/pcnf/pigs/289.cnf compile | tr '\n' ' '",/data/schlandals/pwmc_benchmarks/instances/bayesian_networks/pcnf/pigs/289.cnf,"lower 2.50000000000000000000000000000000000e-1 upper 7.50000000000000000000000000000000000e-1 Final circuit size: 1265 Estimated probability 0.25000000 (epsilon 0) found in 0 seconds ",
281,:,1737463788.000,0.000,0,183,0,0,"schlandals --timeout 1500 -i /data/schlandals/pwmc_benchmarks/instances/bayesian_networks/pcnf/pigs/281.cnf compile | tr '\n' ' '",/data/schlandals/pwmc_benchmarks/instances/bayesian_networks/pcnf/pigs/281.cnf,"lower 5.00000000000000000000000000000000000e-1 upper 5.00000000000000000000000000000000000e-1 Final circuit size: 5182 Estimated probability 0.50000000 (epsilon 0) found in 0 seconds ",
290,:,1737463788.000,0.000,0,183,0,0,"schlandals --timeout 1500 -i /data/schlandals/pwmc_benchmarks/instances/bayesian_networks/pcnf/pigs/290.cnf compile | tr '\n' ' '",/data/schlandals/pwmc_benchmarks/instances/bayesian_networks/pcnf/pigs/290.cnf,"lower 5.00000000000000000000000000000000000e-1 upper 5.00000000000000000000000000000000000e-1 Final circuit size: 1642 Estimated probability 0.50000000 (epsilon 0) found in 0 seconds ",
291,:,1737463788.000,0.000,0,183,0,0,"schlandals --timeout 1500 -i /data/schlandals/pwmc_benchmarks/instances/bayesian_networks/pcnf/pigs/291.cnf compile | tr '\n' ' '",/data/schlandals/pwmc_benchmarks/instances/bayesian_networks/pcnf/pigs/291.cnf,"lower 2.50000000000000000000000000000000000e-1 upper 7.50000000000000000000000000000000000e-1 Final circuit size: 1267 Estimated probability 0.25000000 (epsilon 0) found in 0 seconds ",
276,:,1737463788.000,0.000,0,183,0,0,"schlandals --timeout 1500 -i /data/schlandals/pwmc_benchmarks/instances/bayesian_networks/pcnf/pigs/276.cnf compile | tr '\n' ' '",/data/schlandals/pwmc_benchmarks/instances/bayesian_networks/pcnf/pigs/276.cnf,"lower 2.50000000000000000000000000000000000e-1 upper 7.50000000000000000000000000000000000e-1 Final circuit size: 3948 Estimated probability 0.25000000 (epsilon 0) found in 0 seconds ",
64,:,1737463787.000,1.000,0,184,0,0,"schlandals --timeout 1500 -i /data/schlandals/pwmc_benchmarks/instances/bayesian_networks/pcnf/pigs/64.cnf compile | tr '\n' ' '",/data/schlandals/pwmc_benchmarks/instances/bayesian_networks/pcnf/pigs/64.cnf,"lower 2.57812500000000000000000000000000000e-1 upper 7.42187500000000000000000000000000000e-1 Final circuit size: 47139 Estimated probability 0.25781250 (epsilon 0) found in 1 seconds ",
292,:,1737463788.000,0.000,0,183,0,0,"schlandals --timeout 1500 -i /data/schlandals/pwmc_benchmarks/instances/bayesian_networks/pcnf/pigs/292.cnf compile | tr '\n' ' '",/data/schlandals/pwmc_benchmarks/instances/bayesian_networks/pcnf/pigs/292.cnf,"lower 2.50000000000000000000000000000000000e-1 upper 7.50000000000000000000000000000000000e-1 Final circuit size: 1289 Estimated probability 0.25000000 (epsilon 0) found in 0 seconds ",
284,:,1737463788.000,0.000,0,183,0,0,"schlandals --timeout 1500 -i /data/schlandals/pwmc_benchmarks/instances/bayesian_networks/pcnf/pigs/284.cnf compile | tr '\n' ' '",/data/schlandals/pwmc_benchmarks/instances/bayesian_networks/pcnf/pigs/284.cnf,"lower 5.00000000000000000000000000000000000e-1 upper 5.00000000000000000000000000000000000e-1 Final circuit size: 5176 Estimated probability 0.50000000 (epsilon 0) found in 0 seconds ",
293,:,1737463788.000,0.000,0,183,0,0,"schlandals --timeout 1500 -i /data/schlandals/pwmc_benchmarks/instances/bayesian_networks/pcnf/pigs/293.cnf compile | tr '\n' ' '",/data/schlandals/pwmc_benchmarks/instances/bayesian_networks/pcnf/pigs/293.cnf,"lower 5.00000000000000000000000000000000000e-1 upper 5.00000000000000000000000000000000000e-1 Final circuit size: 1585 Estimated probability 0.50000000 (epsilon 0) found in 0 seconds ",
294,:,1737463788.000,0.000,0,183,0,0,"schlandals --timeout 1500 -i /data/schlandals/pwmc_benchmarks/instances/bayesian_networks/pcnf/pigs/294.cnf compile | tr '\n' ' '",/data/schlandals/pwmc_benchmarks/instances/bayesian_networks/pcnf/pigs/294.cnf,"lower 2.50000000000000000000000000000000000e-1 upper 7.50000000000000000000000000000000000e-1 Final circuit size: 1265 Estimated probability 0.25000000 (epsilon 0) found in 0 seconds ",
48,:,1737463787.000,1.000,0,184,0,0,"schlandals --timeout 1500 -i /data/schlandals/pwmc_benchmarks/instances/bayesian_networks/pcnf/pigs/48.cnf compile | tr '\n' ' '",/data/schlandals/pwmc_benchmarks/instances/bayesian_networks/pcnf/pigs/48.cnf,"lower 2.65625000000000000000000000000000000e-1 upper 7.34375000000000000000000000000000000e-1 Final circuit size: 42606 Estimated probability 0.26562500 (epsilon 0) found in 1 seconds ",
298,:,1737463788.000,0.000,0,183,0,0,"schlandals --timeout 1500 -i /data/schlandals/pwmc_benchmarks/instances/bayesian_networks/pcnf/pigs/298.cnf compile | tr '\n' ' '",/data/schlandals/pwmc_benchmarks/instances/bayesian_networks/pcnf/pigs/298.cnf,"lower 2.50000000000000000000000000000000000e-1 upper 7.50000000000000000000000000000000000e-1 Final circuit size: 1289 Estimated probability 0.25000000 (epsilon 0) found in 0 seconds ",
301,:,1737463788.000,0.000,0,182,0,0,"schlandals --timeout 1500 -i /data/schlandals/pwmc_benchmarks/instances/bayesian_networks/pcnf/pigs/301.cnf compile | tr '\n' ' '",/data/schlandals/pwmc_benchmarks/instances/bayesian_networks/pcnf/pigs/301.cnf,"lower 2.50000000000000000000000000000000000e-1 upper 7.50000000000000000000000000000000000e-1 Final circuit size: 108 Estimated probability 0.25000000 (epsilon 0) found in 0 seconds ",
302,:,1737463788.000,0.000,0,182,0,0,"schlandals --timeout 1500 -i /data/schlandals/pwmc_benchmarks/instances/bayesian_networks/pcnf/pigs/302.cnf compile | tr '\n' ' '",/data/schlandals/pwmc_benchmarks/instances/bayesian_networks/pcnf/pigs/302.cnf,"lower 5.00000000000000000000000000000000000e-1 upper 5.00000000000000000000000000000000000e-1 Final circuit size: 162 Estimated probability 0.50000000 (epsilon 0) found in 0 seconds ",
65,:,1737463787.000,1.000,0,184,0,0,"schlandals --timeout 1500 -i /data/schlandals/pwmc_benchmarks/instances/bayesian_networks/pcnf/pigs/65.cnf compile | tr '\n' ' '",/data/schlandals/pwmc_benchmarks/instances/bayesian_networks/pcnf/pigs/65.cnf,"lower 4.84375000000000000000000000000000000e-1 upper 5.15625000000000000000000000000000000e-1 Final circuit size: 48818 Estimated probability 0.48437500 (epsilon 0) found in 0 seconds ",
303,:,1737463788.000,0.000,0,182,0,0,"schlandals --timeout 1500 -i /data/schlandals/pwmc_benchmarks/instances/bayesian_networks/pcnf/pigs/303.cnf compile | tr '\n' ' '",/data/schlandals/pwmc_benchmarks/instances/bayesian_networks/pcnf/pigs/303.cnf,"lower 2.50000000000000000000000000000000000e-1 upper 7.50000000000000000000000000000000000e-1 Final circuit size: 108 Estimated probability 0.25000000 (epsilon 0) found in 0 seconds ",
299,:,1737463788.000,0.000,0,183,0,0,"schlandals --timeout 1500 -i /data/schlandals/pwmc_benchmarks/instances/bayesian_networks/pcnf/pigs/299.cnf compile | tr '\n' ' '",/data/schlandals/pwmc_benchmarks/instances/bayesian_networks/pcnf/pigs/299.cnf,"lower 5.00000000000000000000000000000000000e-1 upper 5.00000000000000000000000000000000000e-1 Final circuit size: 1641 Estimated probability 0.50000000 (epsilon 0) found in 0 seconds ",
280,:,1737463788.000,0.000,0,183,0,0,"schlandals --timeout 1500 -i /data/schlandals/pwmc_benchmarks/instances/bayesian_networks/pcnf/pigs/280.cnf compile | tr '\n' ' '",/data/schlandals/pwmc_benchmarks/instances/bayesian_networks/pcnf/pigs/280.cnf,"lower 2.50000000000000000000000000000000000e-1 upper 7.50000000000000000000000000000000000e-1 Final circuit size: 3471 Estimated probability 0.25000000 (epsilon 0) found in 0 seconds ",
300,:,1737463788.000,0.000,0,183,0,0,"schlandals --timeout 1500 -i /data/schlandals/pwmc_benchmarks/instances/bayesian_networks/pcnf/pigs/300.cnf compile | tr '\n' ' '",/data/schlandals/pwmc_benchmarks/instances/bayesian_networks/pcnf/pigs/300.cnf,"lower 2.50000000000000000000000000000000000e-1 upper 7.50000000000000000000000000000000000e-1 Final circuit size: 1275 Estimated probability 0.25000000 (epsilon 0) found in 0 seconds ",
248,:,1737463788.000,0.000,0,184,0,0,"schlandals --timeout 1500 -i /data/schlandals/pwmc_benchmarks/instances/bayesian_networks/pcnf/pigs/248.cnf compile | tr '\n' ' '",/data/schlandals/pwmc_benchmarks/instances/bayesian_networks/pcnf/pigs/248.cnf,"lower 5.00000000000000000000000000000000000e-1 upper 5.00000000000000000000000000000000000e-1 Final circuit size: 13500 Estimated probability 0.50000000 (epsilon 0) found in 0 seconds ",
282,:,1737463788.000,0.000,0,183,0,0,"schlandals --timeout 1500 -i /data/schlandals/pwmc_benchmarks/instances/bayesian_networks/pcnf/pigs/282.cnf compile | tr '\n' ' '",/data/schlandals/pwmc_benchmarks/instances/bayesian_networks/pcnf/pigs/282.cnf,"lower 2.50000000000000000000000000000000000e-1 upper 7.50000000000000000000000000000000000e-1 Final circuit size: 3453 Estimated probability 0.25000000 (epsilon 0) found in 0 seconds ",
283,:,1737463788.000,0.000,0,183,0,0,"schlandals --timeout 1500 -i /data/schlandals/pwmc_benchmarks/instances/bayesian_networks/pcnf/pigs/283.cnf compile | tr '\n' ' '",/data/schlandals/pwmc_benchmarks/instances/bayesian_networks/pcnf/pigs/283.cnf,"lower 2.50000000000000000000000000000000000e-1 upper 7.50000000000000000000000000000000000e-1 Final circuit size: 3471 Estimated probability 0.25000000 (epsilon 0) found in 0 seconds ",
44,:,1737463787.000,2.000,0,184,0,0,"schlandals --timeout 1500 -i /data/schlandals/pwmc_benchmarks/instances/bayesian_networks/pcnf/pigs/44.cnf compile | tr '\n' ' '",/data/schlandals/pwmc_benchmarks/instances/bayesian_networks/pcnf/pigs/44.cnf,"lower 4.68750000000000000000000000000000000e-1 upper 5.31250000000000000000000000000000000e-1 Final circuit size: 55041 Estimated probability 0.46875000 (epsilon 0) found in 1 seconds ",
285,:,1737463788.000,1.000,0,183,0,0,"schlandals --timeout 1500 -i /data/schlandals/pwmc_benchmarks/instances/bayesian_networks/pcnf/pigs/285.cnf compile | tr '\n' ' '",/data/schlandals/pwmc_benchmarks/instances/bayesian_networks/pcnf/pigs/285.cnf,"lower 2.50000000000000000000000000000000000e-1 upper 7.50000000000000000000000000000000000e-1 Final circuit size: 3457 Estimated probability 0.25000000 (epsilon 0) found in 0 seconds ",
45,:,1737463787.000,2.000,0,184,0,0,"schlandals --timeout 1500 -i /data/schlandals/pwmc_benchmarks/instances/bayesian_networks/pcnf/pigs/45.cnf compile | tr '\n' ' '",/data/schlandals/pwmc_benchmarks/instances/bayesian_networks/pcnf/pigs/45.cnf,"lower 2.65625000000000000000000000000000000e-1 upper 7.34375000000000000000000000000000000e-1 Final circuit size: 42621 Estimated probability 0.26562500 (epsilon 0) found in 1 seconds ",
247,:,1737463788.000,1.000,0,184,0,0,"schlandals --timeout 1500 -i /data/schlandals/pwmc_benchmarks/instances/bayesian_networks/pcnf/pigs/247.cnf compile | tr '\n' ' '",/data/schlandals/pwmc_benchmarks/instances/bayesian_networks/pcnf/pigs/247.cnf,"lower 2.50000000000000000000000000000000000e-1 upper 7.50000000000000000000000000000000000e-1 Final circuit size: 10768 Estimated probability 0.25000000 (epsilon 0) found in 0 seconds ",
316,:,1737463788.000,1.000,0,181,0,0,"schlandals --timeout 1500 -i /data/schlandals/pwmc_benchmarks/instances/bayesian_networks/pcnf/pigs/316.cnf compile | tr '\n' ' '",/data/schlandals/pwmc_benchmarks/instances/bayesian_networks/pcnf/pigs/316.cnf,"lower 2.50000000000000000000000000000000000e-1 upper 7.50000000000000000000000000000000000e-1 Final circuit size: 22 Estimated probability 0.25000000 (epsilon 0) found in 0 seconds ",
318,:,1737463789.000,0.000,0,181,0,0,"schlandals --timeout 1500 -i /data/schlandals/pwmc_benchmarks/instances/bayesian_networks/pcnf/pigs/318.cnf compile | tr '\n' ' '",/data/schlandals/pwmc_benchmarks/instances/bayesian_networks/pcnf/pigs/318.cnf,"lower 2.50000000000000000000000000000000000e-1 upper 7.50000000000000000000000000000000000e-1 Final circuit size: 22 Estimated probability 0.25000000 (epsilon 0) found in 0 seconds ",
260,:,1737463788.000,1.000,0,184,0,0,"schlandals --timeout 1500 -i /data/schlandals/pwmc_benchmarks/instances/bayesian_networks/pcnf/pigs/260.cnf compile | tr '\n' ' '",/data/schlandals/pwmc_benchmarks/instances/bayesian_networks/pcnf/pigs/260.cnf,"lower 5.00000000000000000000000000000000000e-1 upper 5.00000000000000000000000000000000000e-1 Final circuit size: 14550 Estimated probability 0.50000000 (epsilon 0) found in 0 seconds ",
46,:,1737463787.000,2.000,0,184,0,0,"schlandals --timeout 1500 -i /data/schlandals/pwmc_benchmarks/instances/bayesian_networks/pcnf/pigs/46.cnf compile | tr '\n' ' '",/data/schlandals/pwmc_benchmarks/instances/bayesian_networks/pcnf/pigs/46.cnf,"lower 2.65625000000000000000000000000000000e-1 upper 7.34375000000000000000000000000000000e-1 Final circuit size: 42878 Estimated probability 0.26562500 (epsilon 0) found in 1 seconds ",
317,:,1737463788.000,1.000,0,181,0,0,"schlandals --timeout 1500 -i /data/schlandals/pwmc_benchmarks/instances/bayesian_networks/pcnf/pigs/317.cnf compile | tr '\n' ' '",/data/schlandals/pwmc_benchmarks/instances/bayesian_networks/pcnf/pigs/317.cnf,"lower 5.00000000000000000000000000000000000e-1 upper 5.00000000000000000000000000000000000e-1 Final circuit size: 34 Estimated probability 0.50000000 (epsilon 0) found in 0 seconds ",
47,:,1737463787.000,2.000,0,184,0,0,"schlandals --timeout 1500 -i /data/schlandals/pwmc_benchmarks/instances/bayesian_networks/pcnf/pigs/47.cnf compile | tr '\n' ' '",/data/schlandals/pwmc_benchmarks/instances/bayesian_networks/pcnf/pigs/47.cnf,"lower 4.68750000000000000000000000000000000e-1 upper 5.31250000000000000000000000000000000e-1 Final circuit size: 55490 Estimated probability 0.46875000 (epsilon 0) found in 1 seconds ",
66,:,1737463787.000,2.000,0,184,0,0,"schlandals --timeout 1500 -i /data/schlandals/pwmc_benchmarks/instances/bayesian_networks/pcnf/pigs/66.cnf compile | tr '\n' ' '",/data/schlandals/pwmc_benchmarks/instances/bayesian_networks/pcnf/pigs/66.cnf,"lower 2.57812500000000000000000000000000000e-1 upper 7.42187500000000000000000000000000000e-1 Final circuit size: 47815 Estimated probability 0.25781250 (epsilon 0) found in 1 seconds ",
43,:,1737463787.000,2.000,0,184,0,0,"schlandals --timeout 1500 -i /data/schlandals/pwmc_benchmarks/instances/bayesian_networks/pcnf/pigs/43.cnf compile | tr '\n' ' '",/data/schlandals/pwmc_benchmarks/instances/bayesian_networks/pcnf/pigs/43.cnf,"lower 2.65625000000000000000000000000000000e-1 upper 7.34375000000000000000000000000000000e-1 Final circuit size: 42837 Estimated probability 0.26562500 (epsilon 0) found in 1 seconds ",
314,:,1737463788.000,1.000,0,183,0,0,"schlandals --timeout 1500 -i /data/schlandals/pwmc_benchmarks/instances/bayesian_networks/pcnf/pigs/314.cnf compile | tr '\n' ' '",/data/schlandals/pwmc_benchmarks/instances/bayesian_networks/pcnf/pigs/314.cnf,"lower 5.00000000000000000000000000000000000e-1 upper 5.00000000000000000000000000000000000e-1 Final circuit size: 4896 Estimated probability 0.50000000 (epsilon 0) found in 0 seconds ",
304,:,1737463788.000,1.000,0,183,0,0,"schlandals --timeout 1500 -i /data/schlandals/pwmc_benchmarks/instances/bayesian_networks/pcnf/pigs/304.cnf compile | tr '\n' ' '",/data/schlandals/pwmc_benchmarks/instances/bayesian_networks/pcnf/pigs/304.cnf,"lower 2.50000000000000000000000000000000000e-1 upper 7.50000000000000000000000000000000000e-1 Final circuit size: 3918 Estimated probability 0.25000000 (epsilon 0) found in 0 seconds ",
315,:,1737463788.000,1.000,0,183,0,0,"schlandals --timeout 1500 -i /data/schlandals/pwmc_benchmarks/instances/bayesian_networks/pcnf/pigs/315.cnf compile | tr '\n' ' '",/data/schlandals/pwmc_benchmarks/instances/bayesian_networks/pcnf/pigs/315.cnf,"lower 2.50000000000000000000000000000000000e-1 upper 7.50000000000000000000000000000000000e-1 Final circuit size: 3928 Estimated probability 0.25000000 (epsilon 0) found in 0 seconds ",
305,:,1737463788.000,1.000,0,183,0,0,"schlandals --timeout 1500 -i /data/schlandals/pwmc_benchmarks/instances/bayesian_networks/pcnf/pigs/305.cnf compile | tr '\n' ' '",/data/schlandals/pwmc_benchmarks/instances/bayesian_networks/pcnf/pigs/305.cnf,"lower 5.00000000000000000000000000000000000e-1 upper 5.00000000000000000000000000000000000e-1 Final circuit size: 4896 Estimated probability 0.50000000 (epsilon 0) found in 0 seconds ",
306,:,1737463788.000,1.000,0,183,0,0,"schlandals --timeout 1500 -i /data/schlandals/pwmc_benchmarks/instances/bayesian_networks/pcnf/pigs/306.cnf compile | tr '\n' ' '",/data/schlandals/pwmc_benchmarks/instances/bayesian_networks/pcnf/pigs/306.cnf,"lower 2.50000000000000000000000000000000000e-1 upper 7.50000000000000000000000000000000000e-1 Final circuit size: 3948 Estimated probability 0.25000000 (epsilon 0) found in 0 seconds ",
259,:,1737463788.000,1.000,0,184,0,0,"schlandals --timeout 1500 -i /data/schlandals/pwmc_benchmarks/instances/bayesian_networks/pcnf/pigs/259.cnf compile | tr '\n' ' '",/data/schlandals/pwmc_benchmarks/instances/bayesian_networks/pcnf/pigs/259.cnf,"lower 2.50000000000000000000000000000000000e-1 upper 7.50000000000000000000000000000000000e-1 Final circuit size: 13841 Estimated probability 0.25000000 (epsilon 0) found in 0 seconds ",
313,:,1737463788.000,1.000,0,183,0,0,"schlandals --timeout 1500 -i /data/schlandals/pwmc_benchmarks/instances/bayesian_networks/pcnf/pigs/313.cnf compile | tr '\n' ' '",/data/schlandals/pwmc_benchmarks/instances/bayesian_networks/pcnf/pigs/313.cnf,"lower 2.50000000000000000000000000000000000e-1 upper 7.50000000000000000000000000000000000e-1 Final circuit size: 3928 Estimated probability 0.25000000 (epsilon 0) found in 0 seconds ",
328,:,1737463789.000,0.000,0,183,0,0,"schlandals --timeout 1500 -i /data/schlandals/pwmc_benchmarks/instances/bayesian_networks/pcnf/pigs/328.cnf compile | tr '\n' ' '",/data/schlandals/pwmc_benchmarks/instances/bayesian_networks/pcnf/pigs/328.cnf,"lower 2.50000000000000000000000000000000000e-1 upper 7.50000000000000000000000000000000000e-1 Final circuit size: 3938 Estimated probability 0.25000000 (epsilon 0) found in 0 seconds ",
329,:,1737463789.000,0.000,0,183,0,0,"schlandals --timeout 1500 -i /data/schlandals/pwmc_benchmarks/instances/bayesian_networks/pcnf/pigs/329.cnf compile | tr '\n' ' '",/data/schlandals/pwmc_benchmarks/instances/bayesian_networks/pcnf/pigs/329.cnf,"lower 5.00000000000000000000000000000000000e-1 upper 5.00000000000000000000000000000000000e-1 Final circuit size: 4964 Estimated probability 0.50000000 (epsilon 0) found in 0 seconds ",
326,:,1737463789.000,0.000,0,183,0,0,"schlandals --timeout 1500 -i /data/schlandals/pwmc_benchmarks/instances/bayesian_networks/pcnf/pigs/326.cnf compile | tr '\n' ' '",/data/schlandals/pwmc_benchmarks/instances/bayesian_networks/pcnf/pigs/326.cnf,"lower 5.00000000000000000000000000000000000e-1 upper 5.00000000000000000000000000000000000e-1 Final circuit size: 4687 Estimated probability 0.50000000 (epsilon 0) found in 0 seconds ",
325,:,1737463789.000,0.000,0,183,0,0,"schlandals --timeout 1500 -i /data/schlandals/pwmc_benchmarks/instances/bayesian_networks/pcnf/pigs/325.cnf compile | tr '\n' ' '",/data/schlandals/pwmc_benchmarks/instances/bayesian_networks/pcnf/pigs/325.cnf,"lower 2.50000000000000000000000000000000000e-1 upper 7.50000000000000000000000000000000000e-1 Final circuit size: 3783 Estimated probability 0.25000000 (epsilon 0) found in 0 seconds ",
287,:,1737463788.000,1.000,0,184,0,0,"schlandals --timeout 1500 -i /data/schlandals/pwmc_benchmarks/instances/bayesian_networks/pcnf/pigs/287.cnf compile | tr '\n' ' '",/data/schlandals/pwmc_benchmarks/instances/bayesian_networks/pcnf/pigs/287.cnf,"lower 5.00000000000000000000000000000000000e-1 upper 5.00000000000000000000000000000000000e-1 Final circuit size: 13638 Estimated probability 0.50000000 (epsilon 0) found in 0 seconds ",
346,:,1737463789.000,0.000,0,182,0,0,"schlandals --timeout 1500 -i /data/schlandals/pwmc_benchmarks/instances/bayesian_networks/pcnf/pigs/346.cnf compile | tr '\n' ' '",/data/schlandals/pwmc_benchmarks/instances/bayesian_networks/pcnf/pigs/346.cnf,"lower 2.50000000000000000000000000000000000e-1 upper 7.50000000000000000000000000000000000e-1 Final circuit size: 108 Estimated probability 0.25000000 (epsilon 0) found in 0 seconds ",
347,:,1737463789.000,0.000,0,182,0,0,"schlandals --timeout 1500 -i /data/schlandals/pwmc_benchmarks/instances/bayesian_networks/pcnf/pigs/347.cnf compile | tr '\n' ' '",/data/schlandals/pwmc_benchmarks/instances/bayesian_networks/pcnf/pigs/347.cnf,"lower 5.00000000000000000000000000000000000e-1 upper 5.00000000000000000000000000000000000e-1 Final circuit size: 162 Estimated probability 0.50000000 (epsilon 0) found in 0 seconds ",
327,:,1737463789.000,0.000,0,183,0,0,"schlandals --timeout 1500 -i /data/schlandals/pwmc_benchmarks/instances/bayesian_networks/pcnf/pigs/327.cnf compile | tr '\n' ' '",/data/schlandals/pwmc_benchmarks/instances/bayesian_networks/pcnf/pigs/327.cnf,"lower 2.50000000000000000000000000000000000e-1 upper 7.50000000000000000000000000000000000e-1 Final circuit size: 3739 Estimated probability 0.25000000 (epsilon 0) found in 0 seconds ",
348,:,1737463789.000,0.000,0,182,0,0,"schlandals --timeout 1500 -i /data/schlandals/pwmc_benchmarks/instances/bayesian_networks/pcnf/pigs/348.cnf compile | tr '\n' ' '",/data/schlandals/pwmc_benchmarks/instances/bayesian_networks/pcnf/pigs/348.cnf,"lower 2.50000000000000000000000000000000000e-1 upper 7.50000000000000000000000000000000000e-1 Final circuit size: 108 Estimated probability 0.25000000 (epsilon 0) found in 0 seconds ",
286,:,1737463788.000,1.000,0,184,0,0,"schlandals --timeout 1500 -i /data/schlandals/pwmc_benchmarks/instances/bayesian_networks/pcnf/pigs/286.cnf compile | tr '\n' ' '",/data/schlandals/pwmc_benchmarks/instances/bayesian_networks/pcnf/pigs/286.cnf,"lower 2.50000000000000000000000000000000000e-1 upper 7.50000000000000000000000000000000000e-1 Final circuit size: 11107 Estimated probability 0.25000000 (epsilon 0) found in 0 seconds ",
349,:,1737463789.000,0.000,0,182,0,0,"schlandals --timeout 1500 -i /data/schlandals/pwmc_benchmarks/instances/bayesian_networks/pcnf/pigs/349.cnf compile | tr '\n' ' '",/data/schlandals/pwmc_benchmarks/instances/bayesian_networks/pcnf/pigs/349.cnf,"lower 2.50000000000000000000000000000000000e-1 upper 7.50000000000000000000000000000000000e-1 Final circuit size: 108 Estimated probability 0.25000000 (epsilon 0) found in 0 seconds ",
331,:,1737463789.000,0.000,0,183,0,0,"schlandals --timeout 1500 -i /data/schlandals/pwmc_benchmarks/instances/bayesian_networks/pcnf/pigs/331.cnf compile | tr '\n' ' '",/data/schlandals/pwmc_benchmarks/instances/bayesian_networks/pcnf/pigs/331.cnf,"lower 2.50000000000000000000000000000000000e-1 upper 7.50000000000000000000000000000000000e-1 Final circuit size: 3791 Estimated probability 0.25000000 (epsilon 0) found in 0 seconds ",
350,:,1737463789.000,0.000,0,182,0,0,"schlandals --timeout 1500 -i /data/schlandals/pwmc_benchmarks/instances/bayesian_networks/pcnf/pigs/350.cnf compile | tr '\n' ' '",/data/schlandals/pwmc_benchmarks/instances/bayesian_networks/pcnf/pigs/350.cnf,"lower 5.00000000000000000000000000000000000e-1 upper 5.00000000000000000000000000000000000e-1 Final circuit size: 162 Estimated probability 0.50000000 (epsilon 0) found in 0 seconds ",
332,:,1737463789.000,0.000,0,183,0,0,"schlandals --timeout 1500 -i /data/schlandals/pwmc_benchmarks/instances/bayesian_networks/pcnf/pigs/332.cnf compile | tr '\n' ' '",/data/schlandals/pwmc_benchmarks/instances/bayesian_networks/pcnf/pigs/332.cnf,"lower 5.00000000000000000000000000000000000e-1 upper 5.00000000000000000000000000000000000e-1 Final circuit size: 4631 Estimated probability 0.50000000 (epsilon 0) found in 0 seconds ",
261,:,1737463788.000,1.000,0,184,0,0,"schlandals --timeout 1500 -i /data/schlandals/pwmc_benchmarks/instances/bayesian_networks/pcnf/pigs/261.cnf compile | tr '\n' ' '",/data/schlandals/pwmc_benchmarks/instances/bayesian_networks/pcnf/pigs/261.cnf,"lower 2.50000000000000000000000000000000000e-1 upper 7.50000000000000000000000000000000000e-1 Final circuit size: 13947 Estimated probability 0.25000000 (epsilon 0) found in 0 seconds ",
295,:,1737463788.000,1.000,0,184,0,0,"schlandals --timeout 1500 -i /data/schlandals/pwmc_benchmarks/instances/bayesian_networks/pcnf/pigs/295.cnf compile | tr '\n' ' '",/data/schlandals/pwmc_benchmarks/instances/bayesian_networks/pcnf/pigs/295.cnf,"lower 2.50000000000000000000000000000000000e-1 upper 7.50000000000000000000000000000000000e-1 Final circuit size: 11094 Estimated probability 0.25000000 (epsilon 0) found in 0 seconds ",
296,:,1737463788.000,1.000,0,184,0,0,"schlandals --timeout 1500 -i /data/schlandals/pwmc_benchmarks/instances/bayesian_networks/pcnf/pigs/296.cnf compile | tr '\n' ' '",/data/schlandals/pwmc_benchmarks/instances/bayesian_networks/pcnf/pigs/296.cnf,"lower 5.00000000000000000000000000000000000e-1 upper 5.00000000000000000000000000000000000e-1 Final circuit size: 13858 Estimated probability 0.50000000 (epsilon 0) found in 0 seconds ",
351,:,1737463789.000,0.000,0,182,0,0,"schlandals --timeout 1500 -i /data/schlandals/pwmc_benchmarks/instances/bayesian_networks/pcnf/pigs/351.cnf compile | tr '\n' ' '",/data/schlandals/pwmc_benchmarks/instances/bayesian_networks/pcnf/pigs/351.cnf,"lower 2.50000000000000000000000000000000000e-1 upper 7.50000000000000000000000000000000000e-1 Final circuit size: 108 Estimated probability 0.25000000 (epsilon 0) found in 0 seconds ",
333,:,1737463789.000,0.000,0,183,0,0,"schlandals --timeout 1500 -i /data/schlandals/pwmc_benchmarks/instances/bayesian_networks/pcnf/pigs/333.cnf compile | tr '\n' ' '",/data/schlandals/pwmc_benchmarks/instances/bayesian_networks/pcnf/pigs/333.cnf,"lower 2.50000000000000000000000000000000000e-1 upper 7.50000000000000000000000000000000000e-1 Final circuit size: 3773 Estimated probability 0.25000000 (epsilon 0) found in 0 seconds ",
330,:,1737463789.000,0.000,0,183,0,0,"schlandals --timeout 1500 -i /data/schlandals/pwmc_benchmarks/instances/bayesian_networks/pcnf/pigs/330.cnf compile | tr '\n' ' '",/data/schlandals/pwmc_benchmarks/instances/bayesian_networks/pcnf/pigs/330.cnf,"lower 2.50000000000000000000000000000000000e-1 upper 7.50000000000000000000000000000000000e-1 Final circuit size: 3968 Estimated probability 0.25000000 (epsilon 0) found in 0 seconds ",
355,:,1737463789.000,0.000,0,182,0,0,"schlandals --timeout 1500 -i /data/schlandals/pwmc_benchmarks/instances/bayesian_networks/pcnf/pigs/355.cnf compile | tr '\n' ' '",/data/schlandals/pwmc_benchmarks/instances/bayesian_networks/pcnf/pigs/355.cnf,"lower 2.50000000000000000000000000000000000e-1 upper 7.50000000000000000000000000000000000e-1 Final circuit size: 404 Estimated probability 0.25000000 (epsilon 0) found in 0 seconds ",
147,:,1737463788.000,1.000,0,184,0,0,"schlandals --timeout 1500 -i /data/schlandals/pwmc_benchmarks/instances/bayesian_networks/pcnf/pigs/147.cnf compile | tr '\n' ' '",/data/schlandals/pwmc_benchmarks/instances/bayesian_networks/pcnf/pigs/147.cnf,"lower 2.65625000000000000000000000000000000e-1 upper 7.34375000000000000000000000000000000e-1 Final circuit size: 40494 Estimated probability 0.26562500 (epsilon 0) found in 1 seconds ",
356,:,1737463789.000,0.000,0,182,0,0,"schlandals --timeout 1500 -i /data/schlandals/pwmc_benchmarks/instances/bayesian_networks/pcnf/pigs/356.cnf compile | tr '\n' ' '",/data/schlandals/pwmc_benchmarks/instances/bayesian_networks/pcnf/pigs/356.cnf,"lower 5.00000000000000000000000000000000000e-1 upper 5.00000000000000000000000000000000000e-1 Final circuit size: 536 Estimated probability 0.50000000 (epsilon 0) found in 0 seconds ",
357,:,1737463789.000,0.000,0,182,0,0,"schlandals --timeout 1500 -i /data/schlandals/pwmc_benchmarks/instances/bayesian_networks/pcnf/pigs/357.cnf compile | tr '\n' ' '",/data/schlandals/pwmc_benchmarks/instances/bayesian_networks/pcnf/pigs/357.cnf,"lower 2.50000000000000000000000000000000000e-1 upper 7.50000000000000000000000000000000000e-1 Final circuit size: 394 Estimated probability 0.25000000 (epsilon 0) found in 0 seconds ",
145,:,1737463788.000,1.000,0,184,0,0,"schlandals --timeout 1500 -i /data/schlandals/pwmc_benchmarks/instances/bayesian_networks/pcnf/pigs/145.cnf compile | tr '\n' ' '",/data/schlandals/pwmc_benchmarks/instances/bayesian_networks/pcnf/pigs/145.cnf,"lower 2.65625000000000000000000000000000000e-1 upper 7.34375000000000000000000000000000000e-1 Final circuit size: 40220 Estimated probability 0.26562500 (epsilon 0) found in 1 seconds ",
288,:,1737463788.000,1.000,0,184,0,0,"schlandals --timeout 1500 -i /data/schlandals/pwmc_benchmarks/instances/bayesian_networks/pcnf/pigs/288.cnf compile | tr '\n' ' '",/data/schlandals/pwmc_benchmarks/instances/bayesian_networks/pcnf/pigs/288.cnf,"lower 2.50000000000000000000000000000000000e-1 upper 7.50000000000000000000000000000000000e-1 Final circuit size: 10908 Estimated probability 0.25000000 (epsilon 0) found in 0 seconds ",
297,:,1737463788.000,1.000,0,184,0,0,"schlandals --timeout 1500 -i /data/schlandals/pwmc_benchmarks/instances/bayesian_networks/pcnf/pigs/297.cnf compile | tr '\n' ' '",/data/schlandals/pwmc_benchmarks/instances/bayesian_networks/pcnf/pigs/297.cnf,"lower 2.50000000000000000000000000000000000e-1 upper 7.50000000000000000000000000000000000e-1 Final circuit size: 11083 Estimated probability 0.25000000 (epsilon 0) found in 0 seconds ",
364,:,1737463789.000,0.000,0,182,0,0,"schlandals --timeout 1500 -i /data/schlandals/pwmc_benchmarks/instances/bayesian_networks/pcnf/pigs/364.cnf compile | tr '\n' ' '",/data/schlandals/pwmc_benchmarks/instances/bayesian_networks/pcnf/pigs/364.cnf,"lower 2.50000000000000000000000000000000000e-1 upper 7.50000000000000000000000000000000000e-1 Final circuit size: 112 Estimated probability 0.25000000 (epsilon 0) found in 0 seconds ",
365,:,1737463789.000,0.000,0,182,0,0,"schlandals --timeout 1500 -i /data/schlandals/pwmc_benchmarks/instances/bayesian_networks/pcnf/pigs/365.cnf compile | tr '\n' ' '",/data/schlandals/pwmc_benchmarks/instances/bayesian_networks/pcnf/pigs/365.cnf,"lower 5.00000000000000000000000000000000000e-1 upper 5.00000000000000000000000000000000000e-1 Final circuit size: 155 Estimated probability 0.50000000 (epsilon 0) found in 0 seconds ",
366,:,1737463789.000,0.000,0,182,0,0,"schlandals --timeout 1500 -i /data/schlandals/pwmc_benchmarks/instances/bayesian_networks/pcnf/pigs/366.cnf compile | tr '\n' ' '",/data/schlandals/pwmc_benchmarks/instances/bayesian_networks/pcnf/pigs/366.cnf,"lower 2.50000000000000000000000000000000000e-1 upper 7.50000000000000000000000000000000000e-1 Final circuit size: 112 Estimated probability 0.25000000 (epsilon 0) found in 0 seconds ",
367,:,1737463789.000,0.000,0,182,0,0,"schlandals --timeout 1500 -i /data/schlandals/pwmc_benchmarks/instances/bayesian_networks/pcnf/pigs/367.cnf compile | tr '\n' ' '",/data/schlandals/pwmc_benchmarks/instances/bayesian_networks/pcnf/pigs/367.cnf,"lower 2.50000000000000000000000000000000000e-1 upper 7.50000000000000000000000000000000000e-1 Final circuit size: 111 Estimated probability 0.25000000 (epsilon 0) found in 0 seconds ",
370,:,1737463789.000,0.000,0,182,0,0,"schlandals --timeout 1500 -i /data/schlandals/pwmc_benchmarks/instances/bayesian_networks/pcnf/pigs/370.cnf compile | tr '\n' ' '",/data/schlandals/pwmc_benchmarks/instances/bayesian_networks/pcnf/pigs/370.cnf,"lower 2.50000000000000000000000000000000000e-1 upper 7.50000000000000000000000000000000000e-1 Final circuit size: 111 Estimated probability 0.25000000 (epsilon 0) found in 0 seconds ",
371,:,1737463789.000,0.000,0,182,0,0,"schlandals --timeout 1500 -i /data/schlandals/pwmc_benchmarks/instances/bayesian_networks/pcnf/pigs/371.cnf compile | tr '\n' ' '",/data/schlandals/pwmc_benchmarks/instances/bayesian_networks/pcnf/pigs/371.cnf,"lower 5.00000000000000000000000000000000000e-1 upper 5.00000000000000000000000000000000000e-1 Final circuit size: 162 Estimated probability 0.50000000 (epsilon 0) found in 0 seconds ",
368,:,1737463789.000,0.000,0,182,0,0,"schlandals --timeout 1500 -i /data/schlandals/pwmc_benchmarks/instances/bayesian_networks/pcnf/pigs/368.cnf compile | tr '\n' ' '",/data/schlandals/pwmc_benchmarks/instances/bayesian_networks/pcnf/pigs/368.cnf,"lower 5.00000000000000000000000000000000000e-1 upper 5.00000000000000000000000000000000000e-1 Final circuit size: 162 Estimated probability 0.50000000 (epsilon 0) found in 0 seconds ",
309,:,1737463788.000,1.000,0,184,0,0,"schlandals --timeout 1500 -i /data/schlandals/pwmc_benchmarks/instances/bayesian_networks/pcnf/pigs/309.cnf compile | tr '\n' ' '",/data/schlandals/pwmc_benchmarks/instances/bayesian_networks/pcnf/pigs/309.cnf,"lower 2.57812500000000000000000000000000000e-1 upper 7.42187500000000000000000000000000000e-1 Final circuit size: 17273 Estimated probability 0.25781250 (epsilon 0) found in 0 seconds ",
369,:,1737463789.000,0.000,0,182,0,0,"schlandals --timeout 1500 -i /data/schlandals/pwmc_benchmarks/instances/bayesian_networks/pcnf/pigs/369.cnf compile | tr '\n' ' '",/data/schlandals/pwmc_benchmarks/instances/bayesian_networks/pcnf/pigs/369.cnf,"lower 2.50000000000000000000000000000000000e-1 upper 7.50000000000000000000000000000000000e-1 Final circuit size: 111 Estimated probability 0.25000000 (epsilon 0) found in 0 seconds ",
308,:,1737463788.000,1.000,0,184,0,0,"schlandals --timeout 1500 -i /data/schlandals/pwmc_benchmarks/instances/bayesian_networks/pcnf/pigs/308.cnf compile | tr '\n' ' '",/data/schlandals/pwmc_benchmarks/instances/bayesian_networks/pcnf/pigs/308.cnf,"lower 4.84375000000000000000000000000000000e-1 upper 5.15625000000000000000000000000000000e-1 Final circuit size: 17652 Estimated probability 0.48437500 (epsilon 0) found in 0 seconds ",
372,:,1737463789.000,0.000,0,182,0,0,"schlandals --timeout 1500 -i /data/schlandals/pwmc_benchmarks/instances/bayesian_networks/pcnf/pigs/372.cnf compile | tr '\n' ' '",/data/schlandals/pwmc_benchmarks/instances/bayesian_networks/pcnf/pigs/372.cnf,"lower 2.50000000000000000000000000000000000e-1 upper 7.50000000000000000000000000000000000e-1 Final circuit size: 111 Estimated probability 0.25000000 (epsilon 0) found in 0 seconds ",
373,:,1737463789.000,0.000,0,182,0,0,"schlandals --timeout 1500 -i /data/schlandals/pwmc_benchmarks/instances/bayesian_networks/pcnf/pigs/373.cnf compile | tr '\n' ' '",/data/schlandals/pwmc_benchmarks/instances/bayesian_networks/pcnf/pigs/373.cnf,"lower 2.50000000000000000000000000000000000e-1 upper 7.50000000000000000000000000000000000e-1 Final circuit size: 111 Estimated probability 0.25000000 (epsilon 0) found in 0 seconds ",
374,:,1737463789.000,0.000,0,182,0,0,"schlandals --timeout 1500 -i /data/schlandals/pwmc_benchmarks/instances/bayesian_networks/pcnf/pigs/374.cnf compile | tr '\n' ' '",/data/schlandals/pwmc_benchmarks/instances/bayesian_networks/pcnf/pigs/374.cnf,"lower 5.00000000000000000000000000000000000e-1 upper 5.00000000000000000000000000000000000e-1 Final circuit size: 162 Estimated probability 0.50000000 (epsilon 0) found in 0 seconds ",
376,:,1737463789.000,0.000,0,182,0,0,"schlandals --timeout 1500 -i /data/schlandals/pwmc_benchmarks/instances/bayesian_networks/pcnf/pigs/376.cnf compile | tr '\n' ' '",/data/schlandals/pwmc_benchmarks/instances/bayesian_networks/pcnf/pigs/376.cnf,"lower 2.50000000000000000000000000000000000e-1 upper 7.50000000000000000000000000000000000e-1 Final circuit size: 108 Estimated probability 0.25000000 (epsilon 0) found in 0 seconds ",
375,:,1737463789.000,0.000,0,182,0,0,"schlandals --timeout 1500 -i /data/schlandals/pwmc_benchmarks/instances/bayesian_networks/pcnf/pigs/375.cnf compile | tr '\n' ' '",/data/schlandals/pwmc_benchmarks/instances/bayesian_networks/pcnf/pigs/375.cnf,"lower 2.50000000000000000000000000000000000e-1 upper 7.50000000000000000000000000000000000e-1 Final circuit size: 111 Estimated probability 0.25000000 (epsilon 0) found in 0 seconds ",
378,:,1737463789.000,0.000,0,182,0,0,"schlandals --timeout 1500 -i /data/schlandals/pwmc_benchmarks/instances/bayesian_networks/pcnf/pigs/378.cnf compile | tr '\n' ' '",/data/schlandals/pwmc_benchmarks/instances/bayesian_networks/pcnf/pigs/378.cnf,"lower 2.50000000000000000000000000000000000e-1 upper 7.50000000000000000000000000000000000e-1 Final circuit size: 108 Estimated probability 0.25000000 (epsilon 0) found in 0 seconds ",
377,:,1737463789.000,0.000,0,182,0,0,"schlandals --timeout 1500 -i /data/schlandals/pwmc_benchmarks/instances/bayesian_networks/pcnf/pigs/377.cnf compile | tr '\n' ' '",/data/schlandals/pwmc_benchmarks/instances/bayesian_networks/pcnf/pigs/377.cnf,"lower 5.00000000000000000000000000000000000e-1 upper 5.00000000000000000000000000000000000e-1 Final circuit size: 162 Estimated probability 0.50000000 (epsilon 0) found in 0 seconds ",
334,:,1737463789.000,0.000,0,184,0,0,"schlandals --timeout 1500 -i /data/schlandals/pwmc_benchmarks/instances/bayesian_networks/pcnf/pigs/334.cnf compile | tr '\n' ' '",/data/schlandals/pwmc_benchmarks/instances/bayesian_networks/pcnf/pigs/334.cnf,"lower 2.50000000000000000000000000000000000e-1 upper 7.50000000000000000000000000000000000e-1 Final circuit size: 13121 Estimated probability 0.25000000 (epsilon 0) found in 0 seconds ",
307,:,1737463788.000,1.000,0,184,0,0,"schlandals --timeout 1500 -i /data/schlandals/pwmc_benchmarks/instances/bayesian_networks/pcnf/pigs/307.cnf compile | tr '\n' ' '",/data/schlandals/pwmc_benchmarks/instances/bayesian_networks/pcnf/pigs/307.cnf,"lower 2.57812500000000000000000000000000000e-1 upper 7.42187500000000000000000000000000000e-1 Final circuit size: 16869 Estimated probability 0.25781250 (epsilon 0) found in 0 seconds ",
158,:,1737463788.000,1.000,0,184,0,0,"schlandals --timeout 1500 -i /data/schlandals/pwmc_benchmarks/instances/bayesian_networks/pcnf/pigs/158.cnf compile | tr '\n' ' '",/data/schlandals/pwmc_benchmarks/instances/bayesian_networks/pcnf/pigs/158.cnf,"lower 4.68750000000000000000000000000000000e-1 upper 5.31250000000000000000000000000000000e-1 Final circuit size: 40812 Estimated probability 0.46875000 (epsilon 0) found in 1 seconds ",
320,:,1737463789.000,0.000,0,184,0,0,"schlandals --timeout 1500 -i /data/schlandals/pwmc_benchmarks/instances/bayesian_networks/pcnf/pigs/320.cnf compile | tr '\n' ' '",/data/schlandals/pwmc_benchmarks/instances/bayesian_networks/pcnf/pigs/320.cnf,"lower 5.00000000000000000000000000000000000e-1 upper 5.00000000000000000000000000000000000e-1 Final circuit size: 13719 Estimated probability 0.50000000 (epsilon 0) found in 0 seconds ",
385,:,1737463789.000,0.000,0,183,0,0,"schlandals --timeout 1500 -i /data/schlandals/pwmc_benchmarks/instances/bayesian_networks/pcnf/pigs/385.cnf compile | tr '\n' ' '",/data/schlandals/pwmc_benchmarks/instances/bayesian_networks/pcnf/pigs/385.cnf,"lower 2.50000000000000000000000000000000000e-1 upper 7.50000000000000000000000000000000000e-1 Final circuit size: 1327 Estimated probability 0.25000000 (epsilon 0) found in 0 seconds ",
311,:,1737463788.000,1.000,0,184,0,0,"schlandals --timeout 1500 -i /data/schlandals/pwmc_benchmarks/instances/bayesian_networks/pcnf/pigs/311.cnf compile | tr '\n' ' '",/data/schlandals/pwmc_benchmarks/instances/bayesian_networks/pcnf/pigs/311.cnf,"lower 4.84375000000000000000000000000000000e-1 upper 5.15625000000000000000000000000000000e-1 Final circuit size: 17697 Estimated probability 0.48437500 (epsilon 0) found in 0 seconds ",
392,:,1737463789.000,0.000,0,182,0,0,"schlandals --timeout 1500 -i /data/schlandals/pwmc_benchmarks/instances/bayesian_networks/pcnf/pigs/392.cnf compile | tr '\n' ' '",/data/schlandals/pwmc_benchmarks/instances/bayesian_networks/pcnf/pigs/392.cnf,"lower 5.00000000000000000000000000000000000e-1 upper 5.00000000000000000000000000000000000e-1 Final circuit size: 550 Estimated probability 0.50000000 (epsilon 0) found in 0 seconds ",
319,:,1737463789.000,0.000,0,184,0,0,"schlandals --timeout 1500 -i /data/schlandals/pwmc_benchmarks/instances/bayesian_networks/pcnf/pigs/319.cnf compile | tr '\n' ' '",/data/schlandals/pwmc_benchmarks/instances/bayesian_networks/pcnf/pigs/319.cnf,"lower 2.50000000000000000000000000000000000e-1 upper 7.50000000000000000000000000000000000e-1 Final circuit size: 13263 Estimated probability 0.25000000 (epsilon 0) found in 0 seconds ",
321,:,1737463789.000,0.000,0,184,0,0,"schlandals --timeout 1500 -i /data/schlandals/pwmc_benchmarks/instances/bayesian_networks/pcnf/pigs/321.cnf compile | tr '\n' ' '",/data/schlandals/pwmc_benchmarks/instances/bayesian_networks/pcnf/pigs/321.cnf,"lower 2.50000000000000000000000000000000000e-1 upper 7.50000000000000000000000000000000000e-1 Final circuit size: 12881 Estimated probability 0.25000000 (epsilon 0) found in 0 seconds ",
381,:,1737463789.000,0.000,0,183,0,0,"schlandals --timeout 1500 -i /data/schlandals/pwmc_benchmarks/instances/bayesian_networks/pcnf/pigs/381.cnf compile | tr '\n' ' '",/data/schlandals/pwmc_benchmarks/instances/bayesian_networks/pcnf/pigs/381.cnf,"lower 2.50000000000000000000000000000000000e-1 upper 7.50000000000000000000000000000000000e-1 Final circuit size: 3948 Estimated probability 0.25000000 (epsilon 0) found in 0 seconds ",
386,:,1737463789.000,0.000,0,183,0,0,"schlandals --timeout 1500 -i /data/schlandals/pwmc_benchmarks/instances/bayesian_networks/pcnf/pigs/386.cnf compile | tr '\n' ' '",/data/schlandals/pwmc_benchmarks/instances/bayesian_networks/pcnf/pigs/386.cnf,"lower 5.00000000000000000000000000000000000e-1 upper 5.00000000000000000000000000000000000e-1 Final circuit size: 1624 Estimated probability 0.50000000 (epsilon 0) found in 0 seconds ",
387,:,1737463789.000,0.000,0,183,0,0,"schlandals --timeout 1500 -i /data/schlandals/pwmc_benchmarks/instances/bayesian_networks/pcnf/pigs/387.cnf compile | tr '\n' ' '",/data/schlandals/pwmc_benchmarks/instances/bayesian_networks/pcnf/pigs/387.cnf,"lower 2.50000000000000000000000000000000000e-1 upper 7.50000000000000000000000000000000000e-1 Final circuit size: 1331 Estimated probability 0.25000000 (epsilon 0) found in 0 seconds ",
391,:,1737463789.000,0.000,0,182,0,0,"schlandals --timeout 1500 -i /data/schlandals/pwmc_benchmarks/instances/bayesian_networks/pcnf/pigs/391.cnf compile | tr '\n' ' '",/data/schlandals/pwmc_benchmarks/instances/bayesian_networks/pcnf/pigs/391.cnf,"lower 2.50000000000000000000000000000000000e-1 upper 7.50000000000000000000000000000000000e-1 Final circuit size: 379 Estimated probability 0.25000000 (epsilon 0) found in 0 seconds ",
388,:,1737463789.000,0.000,0,183,0,0,"schlandals --timeout 1500 -i /data/schlandals/pwmc_benchmarks/instances/bayesian_networks/pcnf/pigs/388.cnf compile | tr '\n' ' '",/data/schlandals/pwmc_benchmarks/instances/bayesian_networks/pcnf/pigs/388.cnf,"lower 2.50000000000000000000000000000000000e-1 upper 7.50000000000000000000000000000000000e-1 Final circuit size: 1319 Estimated probability 0.25000000 (epsilon 0) found in 0 seconds ",
393,:,1737463789.000,0.000,0,182,0,0,"schlandals --timeout 1500 -i /data/schlandals/pwmc_benchmarks/instances/bayesian_networks/pcnf/pigs/393.cnf compile | tr '\n' ' '",/data/schlandals/pwmc_benchmarks/instances/bayesian_networks/pcnf/pigs/393.cnf,"lower 2.50000000000000000000000000000000000e-1 upper 7.50000000000000000000000000000000000e-1 Final circuit size: 382 Estimated probability 0.25000000 (epsilon 0) found in 0 seconds ",
389,:,1737463789.000,0.000,0,183,0,0,"schlandals --timeout 1500 -i /data/schlandals/pwmc_benchmarks/instances/bayesian_networks/pcnf/pigs/389.cnf compile | tr '\n' ' '",/data/schlandals/pwmc_benchmarks/instances/bayesian_networks/pcnf/pigs/389.cnf,"lower 5.00000000000000000000000000000000000e-1 upper 5.00000000000000000000000000000000000e-1 Final circuit size: 1630 Estimated probability 0.50000000 (epsilon 0) found in 0 seconds ",
394,:,1737463789.000,0.000,0,182,0,0,"schlandals --timeout 1500 -i /data/schlandals/pwmc_benchmarks/instances/bayesian_networks/pcnf/pigs/394.cnf compile | tr '\n' ' '",/data/schlandals/pwmc_benchmarks/instances/bayesian_networks/pcnf/pigs/394.cnf,"lower 2.50000000000000000000000000000000000e-1 upper 7.50000000000000000000000000000000000e-1 Final circuit size: 379 Estimated probability 0.25000000 (epsilon 0) found in 0 seconds ",
390,:,1737463789.000,0.000,0,183,0,0,"schlandals --timeout 1500 -i /data/schlandals/pwmc_benchmarks/instances/bayesian_networks/pcnf/pigs/390.cnf compile | tr '\n' ' '",/data/schlandals/pwmc_benchmarks/instances/bayesian_networks/pcnf/pigs/390.cnf,"lower 2.50000000000000000000000000000000000e-1 upper 7.50000000000000000000000000000000000e-1 Final circuit size: 1341 Estimated probability 0.25000000 (epsilon 0) found in 0 seconds ",
380,:,1737463789.000,0.000,0,183,0,0,"schlandals --timeout 1500 -i /data/schlandals/pwmc_benchmarks/instances/bayesian_networks/pcnf/pigs/380.cnf compile | tr '\n' ' '",/data/schlandals/pwmc_benchmarks/instances/bayesian_networks/pcnf/pigs/380.cnf,"lower 5.00000000000000000000000000000000000e-1 upper 5.00000000000000000000000000000000000e-1 Final circuit size: 4910 Estimated probability 0.50000000 (epsilon 0) found in 0 seconds ",
395,:,1737463789.000,0.000,0,182,0,0,"schlandals --timeout 1500 -i /data/schlandals/pwmc_benchmarks/instances/bayesian_networks/pcnf/pigs/395.cnf compile | tr '\n' ' '",/data/schlandals/pwmc_benchmarks/instances/bayesian_networks/pcnf/pigs/395.cnf,"lower 5.00000000000000000000000000000000000e-1 upper 5.00000000000000000000000000000000000e-1 Final circuit size: 550 Estimated probability 0.50000000 (epsilon 0) found in 0 seconds ",
379,:,1737463789.000,0.000,0,183,0,0,"schlandals --timeout 1500 -i /data/schlandals/pwmc_benchmarks/instances/bayesian_networks/pcnf/pigs/379.cnf compile | tr '\n' ' '",/data/schlandals/pwmc_benchmarks/instances/bayesian_networks/pcnf/pigs/379.cnf,"lower 2.50000000000000000000000000000000000e-1 upper 7.50000000000000000000000000000000000e-1 Final circuit size: 3998 Estimated probability 0.25000000 (epsilon 0) found in 0 seconds ",
397,:,1737463789.000,0.000,0,182,0,0,"schlandals --timeout 1500 -i /data/schlandals/pwmc_benchmarks/instances/bayesian_networks/pcnf/pigs/397.cnf compile | tr '\n' ' '",/data/schlandals/pwmc_benchmarks/instances/bayesian_networks/pcnf/pigs/397.cnf,"lower 2.50000000000000000000000000000000000e-1 upper 7.50000000000000000000000000000000000e-1 Final circuit size: 111 Estimated probability 0.25000000 (epsilon 0) found in 0 seconds ",
396,:,1737463789.000,0.000,0,182,0,0,"schlandals --timeout 1500 -i /data/schlandals/pwmc_benchmarks/instances/bayesian_networks/pcnf/pigs/396.cnf compile | tr '\n' ' '",/data/schlandals/pwmc_benchmarks/instances/bayesian_networks/pcnf/pigs/396.cnf,"lower 2.50000000000000000000000000000000000e-1 upper 7.50000000000000000000000000000000000e-1 Final circuit size: 382 Estimated probability 0.25000000 (epsilon 0) found in 0 seconds ",
335,:,1737463789.000,0.000,0,184,0,0,"schlandals --timeout 1500 -i /data/schlandals/pwmc_benchmarks/instances/bayesian_networks/pcnf/pigs/335.cnf compile | tr '\n' ' '",/data/schlandals/pwmc_benchmarks/instances/bayesian_networks/pcnf/pigs/335.cnf,"lower 5.00000000000000000000000000000000000e-1 upper 5.00000000000000000000000000000000000e-1 Final circuit size: 13608 Estimated probability 0.50000000 (epsilon 0) found in 0 seconds ",
398,:,1737463789.000,0.000,0,182,0,0,"schlandals --timeout 1500 -i /data/schlandals/pwmc_benchmarks/instances/bayesian_networks/pcnf/pigs/398.cnf compile | tr '\n' ' '",/data/schlandals/pwmc_benchmarks/instances/bayesian_networks/pcnf/pigs/398.cnf,"lower 5.00000000000000000000000000000000000e-1 upper 5.00000000000000000000000000000000000e-1 Final circuit size: 162 Estimated probability 0.50000000 (epsilon 0) found in 0 seconds ",
399,:,1737463789.000,0.000,0,182,0,0,"schlandals --timeout 1500 -i /data/schlandals/pwmc_benchmarks/instances/bayesian_networks/pcnf/pigs/399.cnf compile | tr '\n' ' '",/data/schlandals/pwmc_benchmarks/instances/bayesian_networks/pcnf/pigs/399.cnf,"lower 2.50000000000000000000000000000000000e-1 upper 7.50000000000000000000000000000000000e-1 Final circuit size: 111 Estimated probability 0.25000000 (epsilon 0) found in 0 seconds ",
336,:,1737463789.000,0.000,0,184,0,0,"schlandals --timeout 1500 -i /data/schlandals/pwmc_benchmarks/instances/bayesian_networks/pcnf/pigs/336.cnf compile | tr '\n' ' '",/data/schlandals/pwmc_benchmarks/instances/bayesian_networks/pcnf/pigs/336.cnf,"lower 2.50000000000000000000000000000000000e-1 upper 7.50000000000000000000000000000000000e-1 Final circuit size: 12881 Estimated probability 0.25000000 (epsilon 0) found in 0 seconds ",
310,:,1737463788.000,1.000,0,184,0,0,"schlandals --timeout 1500 -i /data/schlandals/pwmc_benchmarks/instances/bayesian_networks/pcnf/pigs/310.cnf compile | tr '\n' ' '",/data/schlandals/pwmc_benchmarks/instances/bayesian_networks/pcnf/pigs/310.cnf,"lower 2.57812500000000000000000000000000000e-1 upper 7.42187500000000000000000000000000000e-1 Final circuit size: 16955 Estimated probability 0.25781250 (epsilon 0) found in 0 seconds ",
345,:,1737463789.000,0.000,0,184,0,0,"schlandals --timeout 1500 -i /data/schlandals/pwmc_benchmarks/instances/bayesian_networks/pcnf/pigs/345.cnf compile | tr '\n' ' '",/data/schlandals/pwmc_benchmarks/instances/bayesian_networks/pcnf/pigs/345.cnf,"lower 2.50000000000000000000000000000000000e-1 upper 7.50000000000000000000000000000000000e-1 Final circuit size: 10730 Estimated probability 0.25000000 (epsilon 0) found in 0 seconds ",
340,:,1737463789.000,0.000,0,184,0,0,"schlandals --timeout 1500 -i /data/schlandals/pwmc_benchmarks/instances/bayesian_networks/pcnf/pigs/340.cnf compile | tr '\n' ' '",/data/schlandals/pwmc_benchmarks/instances/bayesian_networks/pcnf/pigs/340.cnf,"lower 2.50000000000000000000000000000000000e-1 upper 7.50000000000000000000000000000000000e-1 Final circuit size: 10768 Estimated probability 0.25000000 (epsilon 0) found in 0 seconds ",
341,:,1737463789.000,0.000,0,184,0,0,"schlandals --timeout 1500 -i /data/schlandals/pwmc_benchmarks/instances/bayesian_networks/pcnf/pigs/341.cnf compile | tr '\n' ' '",/data/schlandals/pwmc_benchmarks/instances/bayesian_networks/pcnf/pigs/341.cnf,"lower 5.00000000000000000000000000000000000e-1 upper 5.00000000000000000000000000000000000e-1 Final circuit size: 13500 Estimated probability 0.50000000 (epsilon 0) found in 0 seconds ",
342,:,1737463789.000,0.000,0,184,0,0,"schlandals --timeout 1500 -i /data/schlandals/pwmc_benchmarks/instances/bayesian_networks/pcnf/pigs/342.cnf compile | tr '\n' ' '",/data/schlandals/pwmc_benchmarks/instances/bayesian_networks/pcnf/pigs/342.cnf,"lower 2.50000000000000000000000000000000000e-1 upper 7.50000000000000000000000000000000000e-1 Final circuit size: 10736 Estimated probability 0.25000000 (epsilon 0) found in 0 seconds ",
344,:,1737463789.000,0.000,0,184,0,0,"schlandals --timeout 1500 -i /data/schlandals/pwmc_benchmarks/instances/bayesian_networks/pcnf/pigs/344.cnf compile | tr '\n' ' '",/data/schlandals/pwmc_benchmarks/instances/bayesian_networks/pcnf/pigs/344.cnf,"lower 5.00000000000000000000000000000000000e-1 upper 5.00000000000000000000000000000000000e-1 Final circuit size: 13450 Estimated probability 0.50000000 (epsilon 0) found in 0 seconds ",
343,:,1737463789.000,0.000,0,184,0,0,"schlandals --timeout 1500 -i /data/schlandals/pwmc_benchmarks/instances/bayesian_networks/pcnf/pigs/343.cnf compile | tr '\n' ' '",/data/schlandals/pwmc_benchmarks/instances/bayesian_networks/pcnf/pigs/343.cnf,"lower 2.50000000000000000000000000000000000e-1 upper 7.50000000000000000000000000000000000e-1 Final circuit size: 10813 Estimated probability 0.25000000 (epsilon 0) found in 0 seconds ",
312,:,1737463788.000,1.000,0,184,0,0,"schlandals --timeout 1500 -i /data/schlandals/pwmc_benchmarks/instances/bayesian_networks/pcnf/pigs/312.cnf compile | tr '\n' ' '",/data/schlandals/pwmc_benchmarks/instances/bayesian_networks/pcnf/pigs/312.cnf,"lower 2.57812500000000000000000000000000000e-1 upper 7.42187500000000000000000000000000000e-1 Final circuit size: 17008 Estimated probability 0.25781250 (epsilon 0) found in 0 seconds ",
407,:,1737463789.000,0.000,0,183,0,0,"schlandals --timeout 1500 -i /data/schlandals/pwmc_benchmarks/instances/bayesian_networks/pcnf/pigs/407.cnf compile | tr '\n' ' '",/data/schlandals/pwmc_benchmarks/instances/bayesian_networks/pcnf/pigs/407.cnf,"lower 5.00000000000000000000000000000000000e-1 upper 5.00000000000000000000000000000000000e-1 Final circuit size: 4889 Estimated probability 0.50000000 (epsilon 0) found in 0 seconds ",
146,:,1737463788.000,1.000,0,184,0,0,"schlandals --timeout 1500 -i /data/schlandals/pwmc_benchmarks/instances/bayesian_networks/pcnf/pigs/146.cnf compile | tr '\n' ' '",/data/schlandals/pwmc_benchmarks/instances/bayesian_networks/pcnf/pigs/146.cnf,"lower 4.68750000000000000000000000000000000e-1 upper 5.31250000000000000000000000000000000e-1 Final circuit size: 40438 Estimated probability 0.46875000 (epsilon 0) found in 1 seconds ",
421,:,1737463789.000,0.000,0,181,0,0,"schlandals --timeout 1500 -i /data/schlandals/pwmc_benchmarks/instances/bayesian_networks/pcnf/pigs/421.cnf compile | tr '\n' ' '",/data/schlandals/pwmc_benchmarks/instances/bayesian_networks/pcnf/pigs/421.cnf,"lower 2.50000000000000000000000000000000000e-1 upper 7.50000000000000000000000000000000000e-1 Final circuit size: 22 Estimated probability 0.25000000 (epsilon 0) found in 0 seconds ",
422,:,1737463789.000,0.000,0,181,0,0,"schlandals --timeout 1500 -i /data/schlandals/pwmc_benchmarks/instances/bayesian_networks/pcnf/pigs/422.cnf compile | tr '\n' ' '",/data/schlandals/pwmc_benchmarks/instances/bayesian_networks/pcnf/pigs/422.cnf,"lower 5.00000000000000000000000000000000000e-1 upper 5.00000000000000000000000000000000000e-1 Final circuit size: 34 Estimated probability 0.50000000 (epsilon 0) found in 0 seconds ",
234,:,1737463788.000,1.000,0,184,0,0,"schlandals --timeout 1500 -i /data/schlandals/pwmc_benchmarks/instances/bayesian_networks/pcnf/pigs/234.cnf compile | tr '\n' ' '",/data/schlandals/pwmc_benchmarks/instances/bayesian_networks/pcnf/pigs/234.cnf,"lower 2.50000000000000000000000000000000000e-1 upper 7.50000000000000000000000000000000000e-1 Final circuit size: 36935 Estimated probability 0.25000000 (epsilon 0) found in 1 seconds ",
423,:,1737463789.000,0.000,0,181,0,0,"schlandals --timeout 1500 -i /data/schlandals/pwmc_benchmarks/instances/bayesian_networks/pcnf/pigs/423.cnf compile | tr '\n' ' '",/data/schlandals/pwmc_benchmarks/instances/bayesian_networks/pcnf/pigs/423.cnf,"lower 2.50000000000000000000000000000000000e-1 upper 7.50000000000000000000000000000000000e-1 Final circuit size: 22 Estimated probability 0.25000000 (epsilon 0) found in 0 seconds ",
411,:,1737463789.000,0.000,0,183,0,0,"schlandals --timeout 1500 -i /data/schlandals/pwmc_benchmarks/instances/bayesian_networks/pcnf/pigs/411.cnf compile | tr '\n' ' '",/data/schlandals/pwmc_benchmarks/instances/bayesian_networks/pcnf/pigs/411.cnf,"lower 2.50000000000000000000000000000000000e-1 upper 7.50000000000000000000000000000000000e-1 Final circuit size: 3968 Estimated probability 0.25000000 (epsilon 0) found in 0 seconds ",
418,:,1737463789.000,0.000,0,183,0,0,"schlandals --timeout 1500 -i /data/schlandals/pwmc_benchmarks/instances/bayesian_networks/pcnf/pigs/418.cnf compile | tr '\n' ' '",/data/schlandals/pwmc_benchmarks/instances/bayesian_networks/pcnf/pigs/418.cnf,"lower 2.50000000000000000000000000000000000e-1 upper 7.50000000000000000000000000000000000e-1 Final circuit size: 1301 Estimated probability 0.25000000 (epsilon 0) found in 0 seconds ",
419,:,1737463789.000,0.000,0,183,0,0,"schlandals --timeout 1500 -i /data/schlandals/pwmc_benchmarks/instances/bayesian_networks/pcnf/pigs/419.cnf compile | tr '\n' ' '",/data/schlandals/pwmc_benchmarks/instances/bayesian_networks/pcnf/pigs/419.cnf,"lower 5.00000000000000000000000000000000000e-1 upper 5.00000000000000000000000000000000000e-1 Final circuit size: 1623 Estimated probability 0.50000000 (epsilon 0) found in 0 seconds ",
420,:,1737463789.000,0.000,0,183,0,0,"schlandals --timeout 1500 -i /data/schlandals/pwmc_benchmarks/instances/bayesian_networks/pcnf/pigs/420.cnf compile | tr '\n' ' '",/data/schlandals/pwmc_benchmarks/instances/bayesian_networks/pcnf/pigs/420.cnf,"lower 2.50000000000000000000000000000000000e-1 upper 7.50000000000000000000000000000000000e-1 Final circuit size: 1301 Estimated probability 0.25000000 (epsilon 0) found in 0 seconds ",
406,:,1737463789.000,0.000,0,183,0,0,"schlandals --timeout 1500 -i /data/schlandals/pwmc_benchmarks/instances/bayesian_networks/pcnf/pigs/406.cnf compile | tr '\n' ' '",/data/schlandals/pwmc_benchmarks/instances/bayesian_networks/pcnf/pigs/406.cnf,"lower 2.50000000000000000000000000000000000e-1 upper 7.50000000000000000000000000000000000e-1 Final circuit size: 3958 Estimated probability 0.25000000 (epsilon 0) found in 0 seconds ",
232,:,1737463788.000,1.000,0,184,0,0,"schlandals --timeout 1500 -i /data/schlandals/pwmc_benchmarks/instances/bayesian_networks/pcnf/pigs/232.cnf compile | tr '\n' ' '",/data/schlandals/pwmc_benchmarks/instances/bayesian_networks/pcnf/pigs/232.cnf,"lower 2.50000000000000000000000000000000000e-1 upper 7.50000000000000000000000000000000000e-1 Final circuit size: 37496 Estimated probability 0.25000000 (epsilon 0) found in 1 seconds ",
409,:,1737463789.000,0.000,0,183,0,0,"schlandals --timeout 1500 -i /data/schlandals/pwmc_benchmarks/instances/bayesian_networks/pcnf/pigs/409.cnf compile | tr '\n' ' '",/data/schlandals/pwmc_benchmarks/instances/bayesian_networks/pcnf/pigs/409.cnf,"lower 2.50000000000000000000000000000000000e-1 upper 7.50000000000000000000000000000000000e-1 Final circuit size: 3958 Estimated probability 0.25000000 (epsilon 0) found in 0 seconds ",
159,:,1737463788.000,1.000,0,184,0,0,"schlandals --timeout 1500 -i /data/schlandals/pwmc_benchmarks/instances/bayesian_networks/pcnf/pigs/159.cnf compile | tr '\n' ' '",/data/schlandals/pwmc_benchmarks/instances/bayesian_networks/pcnf/pigs/159.cnf,"lower 2.65625000000000000000000000000000000e-1 upper 7.34375000000000000000000000000000000e-1 Final circuit size: 40395 Estimated probability 0.26562500 (epsilon 0) found in 1 seconds ",
408,:,1737463789.000,0.000,0,183,0,0,"schlandals --timeout 1500 -i /data/schlandals/pwmc_benchmarks/instances/bayesian_networks/pcnf/pigs/408.cnf compile | tr '\n' ' '",/data/schlandals/pwmc_benchmarks/instances/bayesian_networks/pcnf/pigs/408.cnf,"lower 2.50000000000000000000000000000000000e-1 upper 7.50000000000000000000000000000000000e-1 Final circuit size: 3968 Estimated probability 0.25000000 (epsilon 0) found in 0 seconds ",
410,:,1737463789.000,0.000,0,183,0,0,"schlandals --timeout 1500 -i /data/schlandals/pwmc_benchmarks/instances/bayesian_networks/pcnf/pigs/410.cnf compile | tr '\n' ' '",/data/schlandals/pwmc_benchmarks/instances/bayesian_networks/pcnf/pigs/410.cnf,"lower 5.00000000000000000000000000000000000e-1 upper 5.00000000000000000000000000000000000e-1 Final circuit size: 4896 Estimated probability 0.50000000 (epsilon 0) found in 0 seconds ",
412,:,1737463789.000,0.000,0,183,0,0,"schlandals --timeout 1500 -i /data/schlandals/pwmc_benchmarks/instances/bayesian_networks/pcnf/pigs/412.cnf compile | tr '\n' ' '",/data/schlandals/pwmc_benchmarks/instances/bayesian_networks/pcnf/pigs/412.cnf,"lower 2.50000000000000000000000000000000000e-1 upper 7.50000000000000000000000000000000000e-1 Final circuit size: 3944 Estimated probability 0.25000000 (epsilon 0) found in 0 seconds ",
157,:,1737463788.000,1.000,0,184,0,0,"schlandals --timeout 1500 -i /data/schlandals/pwmc_benchmarks/instances/bayesian_networks/pcnf/pigs/157.cnf compile | tr '\n' ' '",/data/schlandals/pwmc_benchmarks/instances/bayesian_networks/pcnf/pigs/157.cnf,"lower 2.65625000000000000000000000000000000e-1 upper 7.34375000000000000000000000000000000e-1 Final circuit size: 40082 Estimated probability 0.26562500 (epsilon 0) found in 1 seconds ",
413,:,1737463789.000,0.000,0,183,0,0,"schlandals --timeout 1500 -i /data/schlandals/pwmc_benchmarks/instances/bayesian_networks/pcnf/pigs/413.cnf compile | tr '\n' ' '",/data/schlandals/pwmc_benchmarks/instances/bayesian_networks/pcnf/pigs/413.cnf,"lower 5.00000000000000000000000000000000000e-1 upper 5.00000000000000000000000000000000000e-1 Final circuit size: 4889 Estimated probability 0.50000000 (epsilon 0) found in 0 seconds ",
414,:,1737463789.000,0.000,0,183,0,0,"schlandals --timeout 1500 -i /data/schlandals/pwmc_benchmarks/instances/bayesian_networks/pcnf/pigs/414.cnf compile | tr '\n' ' '",/data/schlandals/pwmc_benchmarks/instances/bayesian_networks/pcnf/pigs/414.cnf,"lower 2.50000000000000000000000000000000000e-1 upper 7.50000000000000000000000000000000000e-1 Final circuit size: 3928 Estimated probability 0.25000000 (epsilon 0) found in 0 seconds ",
384,:,1737463789.000,0.000,0,184,0,0,"schlandals --timeout 1500 -i /data/schlandals/pwmc_benchmarks/instances/bayesian_networks/pcnf/pigs/384.cnf compile | tr '\n' ' '",/data/schlandals/pwmc_benchmarks/instances/bayesian_networks/pcnf/pigs/384.cnf,"lower 2.50000000000000000000000000000000000e-1 upper 7.50000000000000000000000000000000000e-1 Final circuit size: 13474 Estimated probability 0.25000000 (epsilon 0) found in 0 seconds ",
415,:,1737463789.000,0.000,0,183,0,0,"schlandals --timeout 1500 -i /data/schlandals/pwmc_benchmarks/instances/bayesian_networks/pcnf/pigs/415.cnf compile | tr '\n' ' '",/data/schlandals/pwmc_benchmarks/instances/bayesian_networks/pcnf/pigs/415.cnf,"lower 2.50000000000000000000000000000000000e-1 upper 7.50000000000000000000000000000000000e-1 Final circuit size: 3958 Estimated probability 0.25000000 (epsilon 0) found in 0 seconds ",
416,:,1737463789.000,0.000,0,183,0,0,"schlandals --timeout 1500 -i /data/schlandals/pwmc_benchmarks/instances/bayesian_networks/pcnf/pigs/416.cnf compile | tr '\n' ' '",/data/schlandals/pwmc_benchmarks/instances/bayesian_networks/pcnf/pigs/416.cnf,"lower 5.00000000000000000000000000000000000e-1 upper 5.00000000000000000000000000000000000e-1 Final circuit size: 4889 Estimated probability 0.50000000 (epsilon 0) found in 0 seconds ",
417,:,1737463789.000,0.000,0,183,0,0,"schlandals --timeout 1500 -i /data/schlandals/pwmc_benchmarks/instances/bayesian_networks/pcnf/pigs/417.cnf compile | tr '\n' ' '",/data/schlandals/pwmc_benchmarks/instances/bayesian_networks/pcnf/pigs/417.cnf,"lower 2.50000000000000000000000000000000000e-1 upper 7.50000000000000000000000000000000000e-1 Final circuit size: 3928 Estimated probability 0.25000000 (epsilon 0) found in 0 seconds ",
382,:,1737463789.000,0.000,0,184,0,0,"schlandals --timeout 1500 -i /data/schlandals/pwmc_benchmarks/instances/bayesian_networks/pcnf/pigs/382.cnf compile | tr '\n' ' '",/data/schlandals/pwmc_benchmarks/instances/bayesian_networks/pcnf/pigs/382.cnf,"lower 2.50000000000000000000000000000000000e-1 upper 7.50000000000000000000000000000000000e-1 Final circuit size: 13559 Estimated probability 0.25000000 (epsilon 0) found in 0 seconds ",
236,:,1737463788.000,1.000,0,184,0,0,"schlandals --timeout 1500 -i /data/schlandals/pwmc_benchmarks/instances/bayesian_networks/pcnf/pigs/236.cnf compile | tr '\n' ' '",/data/schlandals/pwmc_benchmarks/instances/bayesian_networks/pcnf/pigs/236.cnf,"lower 4.68750000000000000000000000000000000e-1 upper 5.31250000000000000000000000000000000e-1 Final circuit size: 40866 Estimated probability 0.46875000 (epsilon 0) found in 1 seconds ",
233,:,1737463788.000,1.000,0,184,0,0,"schlandals --timeout 1500 -i /data/schlandals/pwmc_benchmarks/instances/bayesian_networks/pcnf/pigs/233.cnf compile | tr '\n' ' '",/data/schlandals/pwmc_benchmarks/instances/bayesian_networks/pcnf/pigs/233.cnf,"lower 5.00000000000000000000000000000000000e-1 upper 5.00000000000000000000000000000000000e-1 Final circuit size: 39281 Estimated probability 0.50000000 (epsilon 0) found in 1 seconds ",
383,:,1737463789.000,0.000,0,184,0,0,"schlandals --timeout 1500 -i /data/schlandals/pwmc_benchmarks/instances/bayesian_networks/pcnf/pigs/383.cnf compile | tr '\n' ' '",/data/schlandals/pwmc_benchmarks/instances/bayesian_networks/pcnf/pigs/383.cnf,"lower 5.00000000000000000000000000000000000e-1 upper 5.00000000000000000000000000000000000e-1 Final circuit size: 14593 Estimated probability 0.50000000 (epsilon 0) found in 0 seconds ",
237,:,1737463788.000,2.000,0,184,0,0,"schlandals --timeout 1500 -i /data/schlandals/pwmc_benchmarks/instances/bayesian_networks/pcnf/pigs/237.cnf compile | tr '\n' ' '",/data/schlandals/pwmc_benchmarks/instances/bayesian_networks/pcnf/pigs/237.cnf,"lower 2.65625000000000000000000000000000000e-1 upper 7.34375000000000000000000000000000000e-1 Final circuit size: 40084 Estimated probability 0.26562500 (epsilon 0) found in 1 seconds ",
235,:,1737463788.000,2.000,0,184,0,0,"schlandals --timeout 1500 -i /data/schlandals/pwmc_benchmarks/instances/bayesian_networks/pcnf/pigs/235.cnf compile | tr '\n' ' '",/data/schlandals/pwmc_benchmarks/instances/bayesian_networks/pcnf/pigs/235.cnf,"lower 2.65625000000000000000000000000000000e-1 upper 7.34375000000000000000000000000000000e-1 Final circuit size: 39931 Estimated probability 0.26562500 (epsilon 0) found in 1 seconds ",
353,:,1737463789.000,1.000,0,184,0,0,"schlandals --timeout 1500 -i /data/schlandals/pwmc_benchmarks/instances/bayesian_networks/pcnf/pigs/353.cnf compile | tr '\n' ' '",/data/schlandals/pwmc_benchmarks/instances/bayesian_networks/pcnf/pigs/353.cnf,"lower 5.00000000000000000000000000000000000e-1 upper 5.00000000000000000000000000000000000e-1 Final circuit size: 38834 Estimated probability 0.50000000 (epsilon 0) found in 0 seconds ",
352,:,1737463789.000,1.000,0,184,0,0,"schlandals --timeout 1500 -i /data/schlandals/pwmc_benchmarks/instances/bayesian_networks/pcnf/pigs/352.cnf compile | tr '\n' ' '",/data/schlandals/pwmc_benchmarks/instances/bayesian_networks/pcnf/pigs/352.cnf,"lower 2.50000000000000000000000000000000000e-1 upper 7.50000000000000000000000000000000000e-1 Final circuit size: 37005 Estimated probability 0.25000000 (epsilon 0) found in 0 seconds ",
402,:,1737463789.000,1.000,0,184,0,0,"schlandals --timeout 1500 -i /data/schlandals/pwmc_benchmarks/instances/bayesian_networks/pcnf/pigs/402.cnf compile | tr '\n' ' '",/data/schlandals/pwmc_benchmarks/instances/bayesian_networks/pcnf/pigs/402.cnf,"lower 2.50000000000000000000000000000000000e-1 upper 7.50000000000000000000000000000000000e-1 Final circuit size: 36458 Estimated probability 0.25000000 (epsilon 0) found in 0 seconds ",
400,:,1737463789.000,1.000,0,184,0,0,"schlandals --timeout 1500 -i /data/schlandals/pwmc_benchmarks/instances/bayesian_networks/pcnf/pigs/400.cnf compile | tr '\n' ' '",/data/schlandals/pwmc_benchmarks/instances/bayesian_networks/pcnf/pigs/400.cnf,"lower 2.50000000000000000000000000000000000e-1 upper 7.50000000000000000000000000000000000e-1 Final circuit size: 36939 Estimated probability 0.25000000 (epsilon 0) found in 0 seconds ",
354,:,1737463789.000,1.000,0,184,0,0,"schlandals --timeout 1500 -i /data/schlandals/pwmc_benchmarks/instances/bayesian_networks/pcnf/pigs/354.cnf compile | tr '\n' ' '",/data/schlandals/pwmc_benchmarks/instances/bayesian_networks/pcnf/pigs/354.cnf,"lower 2.50000000000000000000000000000000000e-1 upper 7.50000000000000000000000000000000000e-1 Final circuit size: 36666 Estimated probability 0.25000000 (epsilon 0) found in 1 seconds ",
401,:,1737463789.000,1.000,0,184,0,0,"schlandals --timeout 1500 -i /data/schlandals/pwmc_benchmarks/instances/bayesian_networks/pcnf/pigs/401.cnf compile | tr '\n' ' '",/data/schlandals/pwmc_benchmarks/instances/bayesian_networks/pcnf/pigs/401.cnf,"lower 5.00000000000000000000000000000000000e-1 upper 5.00000000000000000000000000000000000e-1 Final circuit size: 39325 Estimated probability 0.50000000 (epsilon 0) found in 1 seconds ",
405,:,1737463789.000,1.000,0,184,0,0,"schlandals --timeout 1500 -i /data/schlandals/pwmc_benchmarks/instances/bayesian_networks/pcnf/pigs/405.cnf compile | tr '\n' ' '",/data/schlandals/pwmc_benchmarks/instances/bayesian_networks/pcnf/pigs/405.cnf,"lower 2.65625000000000000000000000000000000e-1 upper 7.34375000000000000000000000000000000e-1 Final circuit size: 42678 Estimated probability 0.26562500 (epsilon 0) found in 1 seconds ",
404,:,1737463789.000,1.000,0,184,0,0,"schlandals --timeout 1500 -i /data/schlandals/pwmc_benchmarks/instances/bayesian_networks/pcnf/pigs/404.cnf compile | tr '\n' ' '",/data/schlandals/pwmc_benchmarks/instances/bayesian_networks/pcnf/pigs/404.cnf,"lower 4.68750000000000000000000000000000000e-1 upper 5.31250000000000000000000000000000000e-1 Final circuit size: 55125 Estimated probability 0.46875000 (epsilon 0) found in 1 seconds ",
90,:,1737463787.000,4.000,0,185,0,0,"schlandals --timeout 1500 -i /data/schlandals/pwmc_benchmarks/instances/bayesian_networks/pcnf/pigs/90.cnf compile | tr '\n' ' '",/data/schlandals/pwmc_benchmarks/instances/bayesian_networks/pcnf/pigs/90.cnf,"lower 2.65625000000000000000000000000000000e-1 upper 7.34375000000000000000000000000000000e-1 Final circuit size: 120905 Estimated probability 0.26562500 (epsilon 0) found in 3 seconds ",
403,:,1737463789.000,2.000,0,184,0,0,"schlandals --timeout 1500 -i /data/schlandals/pwmc_benchmarks/instances/bayesian_networks/pcnf/pigs/403.cnf compile | tr '\n' ' '",/data/schlandals/pwmc_benchmarks/instances/bayesian_networks/pcnf/pigs/403.cnf,"lower 2.65625000000000000000000000000000000e-1 upper 7.34375000000000000000000000000000000e-1 Final circuit size: 42604 Estimated probability 0.26562500 (epsilon 0) found in 1 seconds ",
88,:,1737463787.000,5.000,0,185,0,0,"schlandals --timeout 1500 -i /data/schlandals/pwmc_benchmarks/instances/bayesian_networks/pcnf/pigs/88.cnf compile | tr '\n' ' '",/data/schlandals/pwmc_benchmarks/instances/bayesian_networks/pcnf/pigs/88.cnf,"lower 2.65625000000000000000000000000000000e-1 upper 7.34375000000000000000000000000000000e-1 Final circuit size: 123939 Estimated probability 0.26562500 (epsilon 0) found in 3 seconds ",
89,:,1737463787.000,5.000,0,185,0,0,"schlandals --timeout 1500 -i /data/schlandals/pwmc_benchmarks/instances/bayesian_networks/pcnf/pigs/89.cnf compile | tr '\n' ' '",/data/schlandals/pwmc_benchmarks/instances/bayesian_networks/pcnf/pigs/89.cnf,"lower 4.68750000000000000000000000000000000e-1 upper 5.31250000000000000000000000000000000e-1 Final circuit size: 129836 Estimated probability 0.46875000 (epsilon 0) found in 3 seconds ",
198,:,1737463788.000,4.000,0,185,0,0,"schlandals --timeout 1500 -i /data/schlandals/pwmc_benchmarks/instances/bayesian_networks/pcnf/pigs/198.cnf compile | tr '\n' ' '",/data/schlandals/pwmc_benchmarks/instances/bayesian_networks/pcnf/pigs/198.cnf,"lower 2.53906250000000000000000000000000000e-1 upper 7.46093750000000000000000000000000000e-1 Final circuit size: 135977 Estimated probability 0.25390625 (epsilon 0) found in 3 seconds ",
196,:,1737463788.000,4.000,0,185,0,0,"schlandals --timeout 1500 -i /data/schlandals/pwmc_benchmarks/instances/bayesian_networks/pcnf/pigs/196.cnf compile | tr '\n' ' '",/data/schlandals/pwmc_benchmarks/instances/bayesian_networks/pcnf/pigs/196.cnf,"lower 2.53906250000000000000000000000000000e-1 upper 7.46093750000000000000000000000000000e-1 Final circuit size: 136766 Estimated probability 0.25390625 (epsilon 0) found in 3 seconds ",
119,:,1737463787.000,5.000,0,185,0,0,"schlandals --timeout 1500 -i /data/schlandals/pwmc_benchmarks/instances/bayesian_networks/pcnf/pigs/119.cnf compile | tr '\n' ' '",/data/schlandals/pwmc_benchmarks/instances/bayesian_networks/pcnf/pigs/119.cnf,"lower 4.60937500000000000000000000000000000e-1 upper 5.39062500000000000000000000000000000e-1 Final circuit size: 136146 Estimated probability 0.46093750 (epsilon 0) found in 4 seconds ",
322,:,1737463789.000,3.000,0,185,0,0,"schlandals --timeout 1500 -i /data/schlandals/pwmc_benchmarks/instances/bayesian_networks/pcnf/pigs/322.cnf compile | tr '\n' ' '",/data/schlandals/pwmc_benchmarks/instances/bayesian_networks/pcnf/pigs/322.cnf,"lower 2.50000000000000000000000000000000000e-1 upper 7.50000000000000000000000000000000000e-1 Final circuit size: 116371 Estimated probability 0.25000000 (epsilon 0) found in 3 seconds ",
243,:,1737463788.000,4.000,0,185,0,0,"schlandals --timeout 1500 -i /data/schlandals/pwmc_benchmarks/instances/bayesian_networks/pcnf/pigs/243.cnf compile | tr '\n' ' '",/data/schlandals/pwmc_benchmarks/instances/bayesian_networks/pcnf/pigs/243.cnf,"lower 2.57812500000000000000000000000000000e-1 upper 7.42187500000000000000000000000000000e-1 Final circuit size: 120160 Estimated probability 0.25781250 (epsilon 0) found in 3 seconds ",
323,:,1737463789.000,3.000,0,185,0,0,"schlandals --timeout 1500 -i /data/schlandals/pwmc_benchmarks/instances/bayesian_networks/pcnf/pigs/323.cnf compile | tr '\n' ' '",/data/schlandals/pwmc_benchmarks/instances/bayesian_networks/pcnf/pigs/323.cnf,"lower 5.00000000000000000000000000000000000e-1 upper 5.00000000000000000000000000000000000e-1 Final circuit size: 120981 Estimated probability 0.50000000 (epsilon 0) found in 3 seconds ",
324,:,1737463789.000,3.000,0,185,0,0,"schlandals --timeout 1500 -i /data/schlandals/pwmc_benchmarks/instances/bayesian_networks/pcnf/pigs/324.cnf compile | tr '\n' ' '",/data/schlandals/pwmc_benchmarks/instances/bayesian_networks/pcnf/pigs/324.cnf,"lower 2.50000000000000000000000000000000000e-1 upper 7.50000000000000000000000000000000000e-1 Final circuit size: 116953 Estimated probability 0.25000000 (epsilon 0) found in 3 seconds ",
242,:,1737463788.000,4.000,0,185,0,0,"schlandals --timeout 1500 -i /data/schlandals/pwmc_benchmarks/instances/bayesian_networks/pcnf/pigs/242.cnf compile | tr '\n' ' '",/data/schlandals/pwmc_benchmarks/instances/bayesian_networks/pcnf/pigs/242.cnf,"lower 4.84375000000000000000000000000000000e-1 upper 5.15625000000000000000000000000000000e-1 Final circuit size: 121138 Estimated probability 0.48437500 (epsilon 0) found in 3 seconds ",
197,:,1737463788.000,4.000,0,185,0,0,"schlandals --timeout 1500 -i /data/schlandals/pwmc_benchmarks/instances/bayesian_networks/pcnf/pigs/197.cnf compile | tr '\n' ' '",/data/schlandals/pwmc_benchmarks/instances/bayesian_networks/pcnf/pigs/197.cnf,"lower 4.92187500000000000000000000000000000e-1 upper 5.07812500000000000000000000000000000e-1 Final circuit size: 142050 Estimated probability 0.49218750 (epsilon 0) found in 3 seconds ",
120,:,1737463787.000,5.000,0,185,0,0,"schlandals --timeout 1500 -i /data/schlandals/pwmc_benchmarks/instances/bayesian_networks/pcnf/pigs/120.cnf compile | tr '\n' ' '",/data/schlandals/pwmc_benchmarks/instances/bayesian_networks/pcnf/pigs/120.cnf,"lower 2.69531250000000000000000000000000000e-1 upper 7.30468750000000000000000000000000000e-1 Final circuit size: 135050 Estimated probability 0.26953125 (epsilon 0) found in 4 seconds ",
118,:,1737463787.000,5.000,0,185,0,0,"schlandals --timeout 1500 -i /data/schlandals/pwmc_benchmarks/instances/bayesian_networks/pcnf/pigs/118.cnf compile | tr '\n' ' '",/data/schlandals/pwmc_benchmarks/instances/bayesian_networks/pcnf/pigs/118.cnf,"lower 2.69531250000000000000000000000000000e-1 upper 7.30468750000000000000000000000000000e-1 Final circuit size: 134042 Estimated probability 0.26953125 (epsilon 0) found in 4 seconds ",
240,:,1737463788.000,4.000,0,185,0,0,"schlandals --timeout 1500 -i /data/schlandals/pwmc_benchmarks/instances/bayesian_networks/pcnf/pigs/240.cnf compile | tr '\n' ' '",/data/schlandals/pwmc_benchmarks/instances/bayesian_networks/pcnf/pigs/240.cnf,"lower 2.57812500000000000000000000000000000e-1 upper 7.42187500000000000000000000000000000e-1 Final circuit size: 120377 Estimated probability 0.25781250 (epsilon 0) found in 3 seconds ",
238,:,1737463788.000,5.000,0,185,0,0,"schlandals --timeout 1500 -i /data/schlandals/pwmc_benchmarks/instances/bayesian_networks/pcnf/pigs/238.cnf compile | tr '\n' ' '",/data/schlandals/pwmc_benchmarks/instances/bayesian_networks/pcnf/pigs/238.cnf,"lower 2.57812500000000000000000000000000000e-1 upper 7.42187500000000000000000000000000000e-1 Final circuit size: 120838 Estimated probability 0.25781250 (epsilon 0) found in 4 seconds ",
239,:,1737463788.000,5.000,0,185,0,0,"schlandals --timeout 1500 -i /data/schlandals/pwmc_benchmarks/instances/bayesian_networks/pcnf/pigs/239.cnf compile | tr '\n' ' '",/data/schlandals/pwmc_benchmarks/instances/bayesian_networks/pcnf/pigs/239.cnf,"lower 4.84375000000000000000000000000000000e-1 upper 5.15625000000000000000000000000000000e-1 Final circuit size: 121568 Estimated probability 0.48437500 (epsilon 0) found in 4 seconds ",
241,:,1737463788.000,5.000,0,185,0,0,"schlandals --timeout 1500 -i /data/schlandals/pwmc_benchmarks/instances/bayesian_networks/pcnf/pigs/241.cnf compile | tr '\n' ' '",/data/schlandals/pwmc_benchmarks/instances/bayesian_networks/pcnf/pigs/241.cnf,"lower 2.57812500000000000000000000000000000e-1 upper 7.42187500000000000000000000000000000e-1 Final circuit size: 120653 Estimated probability 0.25781250 (epsilon 0) found in 4 seconds ",
363,:,1737463789.000,4.000,0,185,0,0,"schlandals --timeout 1500 -i /data/schlandals/pwmc_benchmarks/instances/bayesian_networks/pcnf/pigs/363.cnf compile | tr '\n' ' '",/data/schlandals/pwmc_benchmarks/instances/bayesian_networks/pcnf/pigs/363.cnf,"lower 2.69531250000000000000000000000000000e-1 upper 7.30468750000000000000000000000000000e-1 Final circuit size: 133252 Estimated probability 0.26953125 (epsilon 0) found in 3 seconds ",
361,:,1737463789.000,4.000,0,185,0,0,"schlandals --timeout 1500 -i /data/schlandals/pwmc_benchmarks/instances/bayesian_networks/pcnf/pigs/361.cnf compile | tr '\n' ' '",/data/schlandals/pwmc_benchmarks/instances/bayesian_networks/pcnf/pigs/361.cnf,"lower 2.69531250000000000000000000000000000e-1 upper 7.30468750000000000000000000000000000e-1 Final circuit size: 133412 Estimated probability 0.26953125 (epsilon 0) found in 4 seconds ",
362,:,1737463789.000,4.000,0,185,0,0,"schlandals --timeout 1500 -i /data/schlandals/pwmc_benchmarks/instances/bayesian_networks/pcnf/pigs/362.cnf compile | tr '\n' ' '",/data/schlandals/pwmc_benchmarks/instances/bayesian_networks/pcnf/pigs/362.cnf,"lower 4.60937500000000000000000000000000000e-1 upper 5.39062500000000000000000000000000000e-1 Final circuit size: 135420 Estimated probability 0.46093750 (epsilon 0) found in 4 seconds ",
228,:,1737463788.000,8.000,0,185,0,0,"schlandals --timeout 1500 -i /data/schlandals/pwmc_benchmarks/instances/bayesian_networks/pcnf/pigs/228.cnf compile | tr '\n' ' '",/data/schlandals/pwmc_benchmarks/instances/bayesian_networks/pcnf/pigs/228.cnf,"lower 2.50000000000000000000000000000000000e-1 upper 7.50000000000000000000000000000000000e-1 Final circuit size: 288530 Estimated probability 0.25000000 (epsilon 0) found in 7 seconds ",
227,:,1737463788.000,8.000,0,185,0,0,"schlandals --timeout 1500 -i /data/schlandals/pwmc_benchmarks/instances/bayesian_networks/pcnf/pigs/227.cnf compile | tr '\n' ' '",/data/schlandals/pwmc_benchmarks/instances/bayesian_networks/pcnf/pigs/227.cnf,"lower 5.00000000000000000000000000000000000e-1 upper 5.00000000000000000000000000000000000e-1 Final circuit size: 310093 Estimated probability 0.50000000 (epsilon 0) found in 7 seconds ",
226,:,1737463788.000,9.000,0,185,0,0,"schlandals --timeout 1500 -i /data/schlandals/pwmc_benchmarks/instances/bayesian_networks/pcnf/pigs/226.cnf compile | tr '\n' ' '",/data/schlandals/pwmc_benchmarks/instances/bayesian_networks/pcnf/pigs/226.cnf,"lower 2.50000000000000000000000000000000000e-1 upper 7.50000000000000000000000000000000000e-1 Final circuit size: 298597 Estimated probability 0.25000000 (epsilon 0) found in 7 seconds ",
169,:,1737463788.000,13.000,0,186,0,0,"schlandals --timeout 1500 -i /data/schlandals/pwmc_benchmarks/instances/bayesian_networks/pcnf/pigs/169.cnf compile | tr '\n' ' '",/data/schlandals/pwmc_benchmarks/instances/bayesian_networks/pcnf/pigs/169.cnf,"lower 2.59765625000000000000000000000000000e-1 upper 7.40234375000000000000000000000000000e-1 Final circuit size: 401661 Estimated probability 0.25976562 (epsilon 0) found in 11 seconds ",
171,:,1737463788.000,13.000,0,186,0,0,"schlandals --timeout 1500 -i /data/schlandals/pwmc_benchmarks/instances/bayesian_networks/pcnf/pigs/171.cnf compile | tr '\n' ' '",/data/schlandals/pwmc_benchmarks/instances/bayesian_networks/pcnf/pigs/171.cnf,"lower 2.59765625000000000000000000000000000e-1 upper 7.40234375000000000000000000000000000e-1 Final circuit size: 404854 Estimated probability 0.25976562 (epsilon 0) found in 11 seconds ",
170,:,1737463788.000,13.000,0,186,0,0,"schlandals --timeout 1500 -i /data/schlandals/pwmc_benchmarks/instances/bayesian_networks/pcnf/pigs/170.cnf compile | tr '\n' ' '",/data/schlandals/pwmc_benchmarks/instances/bayesian_networks/pcnf/pigs/170.cnf,"lower 4.80468750000000000000000000000000000e-1 upper 5.19531250000000000000000000000000000e-1 Final circuit size: 414258 Estimated probability 0.48046875 (epsilon 0) found in 11 seconds ",
338,:,1737463789.000,29.000,0,187,0,0,"schlandals --timeout 1500 -i /data/schlandals/pwmc_benchmarks/instances/bayesian_networks/pcnf/pigs/338.cnf compile | tr '\n' ' '",/data/schlandals/pwmc_benchmarks/instances/bayesian_networks/pcnf/pigs/338.cnf,"lower 4.92187500000000000000000000000000000e-1 upper 5.07812500000000000000000000000000000e-1 Final circuit size: 1140333 Estimated probability 0.49218750 (epsilon 0) found in 24 seconds ",
359,:,1737463789.000,29.000,0,187,0,0,"schlandals --timeout 1500 -i /data/schlandals/pwmc_benchmarks/instances/bayesian_networks/pcnf/pigs/359.cnf compile | tr '\n' ' '",/data/schlandals/pwmc_benchmarks/instances/bayesian_networks/pcnf/pigs/359.cnf,"lower 4.92187500000000000000000000000000000e-1 upper 5.07812500000000000000000000000000000e-1 Final circuit size: 1141735 Estimated probability 0.49218750 (epsilon 0) found in 24 seconds ",
360,:,1737463789.000,29.000,0,187,0,0,"schlandals --timeout 1500 -i /data/schlandals/pwmc_benchmarks/instances/bayesian_networks/pcnf/pigs/360.cnf compile | tr '\n' ' '",/data/schlandals/pwmc_benchmarks/instances/bayesian_networks/pcnf/pigs/360.cnf,"lower 2.53906250000000000000000000000000000e-1 upper 7.46093750000000000000000000000000000e-1 Final circuit size: 1100136 Estimated probability 0.25390625 (epsilon 0) found in 25 seconds ",
337,:,1737463789.000,32.000,0,187,0,0,"schlandals --timeout 1500 -i /data/schlandals/pwmc_benchmarks/instances/bayesian_networks/pcnf/pigs/337.cnf compile | tr '\n' ' '",/data/schlandals/pwmc_benchmarks/instances/bayesian_networks/pcnf/pigs/337.cnf,"lower 2.53906250000000000000000000000000000e-1 upper 7.46093750000000000000000000000000000e-1 Final circuit size: 1119060 Estimated probability 0.25390625 (epsilon 0) found in 27 seconds ",
358,:,1737463789.000,32.000,0,187,0,0,"schlandals --timeout 1500 -i /data/schlandals/pwmc_benchmarks/instances/bayesian_networks/pcnf/pigs/358.cnf compile | tr '\n' ' '",/data/schlandals/pwmc_benchmarks/instances/bayesian_networks/pcnf/pigs/358.cnf,"lower 2.53906250000000000000000000000000000e-1 upper 7.46093750000000000000000000000000000e-1 Final circuit size: 1122778 Estimated probability 0.25390625 (epsilon 0) found in 27 seconds ",
339,:,1737463789.000,32.000,0,187,0,0,"schlandals --timeout 1500 -i /data/schlandals/pwmc_benchmarks/instances/bayesian_networks/pcnf/pigs/339.cnf compile | tr '\n' ' '",/data/schlandals/pwmc_benchmarks/instances/bayesian_networks/pcnf/pigs/339.cnf,"lower 2.53906250000000000000000000000000000e-1 upper 7.46093750000000000000000000000000000e-1 Final circuit size: 1107521 Estimated probability 0.25390625 (epsilon 0) found in 28 seconds ",
116,:,1737463787.000,256.000,0,188,0,0,"schlandals --timeout 1500 -i /data/schlandals/pwmc_benchmarks/instances/bayesian_networks/pcnf/pigs/116.cnf compile | tr '\n' ' '",/data/schlandals/pwmc_benchmarks/instances/bayesian_networks/pcnf/pigs/116.cnf,"lower 5.00000000000000000000000000000000000e-1 upper 5.00000000000000000000000000000000000e-1 Final circuit size: 9102769 Estimated probability 0.50000000 (epsilon 0) found in 221 seconds ",
117,:,1737463787.000,274.000,0,188,0,0,"schlandals --timeout 1500 -i /data/schlandals/pwmc_benchmarks/instances/bayesian_networks/pcnf/pigs/117.cnf compile | tr '\n' ' '",/data/schlandals/pwmc_benchmarks/instances/bayesian_networks/pcnf/pigs/117.cnf,"lower 2.50000000000000000000000000000000000e-1 upper 7.50000000000000000000000000000000000e-1 Final circuit size: 9297195 Estimated probability 0.25000000 (epsilon 0) found in 236 seconds ",
115,:,1737463787.000,281.000,0,188,0,0,"schlandals --timeout 1500 -i /data/schlandals/pwmc_benchmarks/instances/bayesian_networks/pcnf/pigs/115.cnf compile | tr '\n' ' '",/data/schlandals/pwmc_benchmarks/instances/bayesian_networks/pcnf/pigs/115.cnf,"lower 2.50000000000000000000000000000000000e-1 upper 7.50000000000000000000000000000000000e-1 Final circuit size: 9508871 Estimated probability 0.25000000 (epsilon 0) found in 243 seconds ",
